file,line,value,func,context
src/composing/analysis/joint/jointadapter.cpp,36,1.0,<file-scope>,static const double kAlpha = 1.0;   // glt.ALPHA
src/composing/analysis/joint/jointadapter.cpp,40,0.0,safeLog,return (p > 0.0) ? std::log(p) : log0Floor();
src/composing/analysis/joint/jointadapter.cpp,59,0.0,distGet,"double distGet(const Dist& d, const std::string& k, double def = 0.0)"
src/composing/analysis/joint/jointadapter.cpp,126,0.0,anyCadenceWeight,if (cadenceWeight(f) != 0.0) {
src/composing/analysis/joint/jointadapter.cpp,214,0.0,apportion,double tot = 0.0;
src/composing/analysis/joint/jointadapter.cpp,222,0.0,apportion,"const std::pair<double, int> v = { tot > 0.0 ? tot : kAlpha, cnt };"
src/composing/analysis/joint/jointadapter.cpp,239,0.0,katzQuery,"const double mass = distGet(dist, *bucket, 0.0);"
src/composing/analysis/joint/jointadapter.cpp,240,0.0,katzQuery,if (mass <= 0.0) {
src/composing/analysis/joint/jointadapter.cpp,252,0.0,katzQuery,const double margCk = (mIt != marg.end()) ? mIt->second : 0.0;
src/composing/analysis/joint/jointadapter.cpp,253,0.0,katzQuery,return ap.first > 0.0 ? (mass * (margCk + kAlpha) / ap.first) : mass;
src/composing/analysis/joint/jointadapter.cpp,275,1.0,priorLogp,"static const Dist kFallback = { { ""BASE"", 1.0 } };"
src/composing/analysis/joint/jointadapter.cpp,280,1.0,priorLogp,"return safeLog(distGet(*dist, ""BASE"", 1.0 / 24.0));"
src/composing/analysis/joint/jointadapter.cpp,280,24.0,priorLogp,"return safeLog(distGet(*dist, ""BASE"", 1.0 / 24.0));"
src/composing/analysis/joint/jointadapter.cpp,294,0.0,priorLogp,"const double base = distGet(*dist, ""BASE"", 0.0);"
src/composing/analysis/joint/jointadapter.cpp,302,24,priorLogp,"const int residual = std::max(1, 24 - concrete);"
src/composing/analysis/joint/jointadapter.cpp,303,0.0,priorLogp,return safeLog(base > 0.0 ? base / residual : 1e-6);
src/composing/analysis/joint/jointadapter.cpp,303,1e-6,priorLogp,return safeLog(base > 0.0 ? base / residual : 1e-6);
src/composing/analysis/joint/jointadapter.cpp,328,1e-6,keyTransLogp,"return safeLog(distGet(t2, ""stay"", 1e-6));"
src/composing/analysis/joint/jointadapter.cpp,337,2,keyTransLogp,"const std::string band = (dist <= 2) ? (""cof"" + std::to_string(dist)) : ""cofFar"";"
src/composing/analysis/joint/jointadapter.cpp,350,1e-6,keyTransLogp,"return safeLog(distGet(t2, ""BASE"", 1e-6));"
src/composing/analysis/joint/jointadapter.cpp,412,0.0,emissionLogp,if (it == dist->end() || it->second <= 0.0) {
src/composing/analysis/joint/jointadapter.cpp,413,1.0,emissionLogp,return safeLog(!dist->empty() ? 1.0 / (distSum(*dist) + 3.0) : 1e-4);
src/composing/analysis/joint/jointadapter.cpp,413,3.0,emissionLogp,return safeLog(!dist->empty() ? 1.0 / (distSum(*dist) + 3.0) : 1e-4);
src/composing/analysis/joint/jointadapter.cpp,413,1e-4,emissionLogp,return safeLog(!dist->empty() ? 1.0 / (distSum(*dist) + 3.0) : 1e-4);
src/composing/analysis/joint/jointadapter.cpp,438,1e-4,spellingLogp,"return safeLog(distGet(dist, ""BASE"", 1e-4));"
src/composing/analysis/joint/jointadapter.cpp,447,0.02,bassLogp,return safeLog(0.02);              // a non-chord-factor bass — a floor
src/composing/analysis/joint/jointadapter.cpp,462,0.0,bassLogp,double p = 0.0;
src/composing/analysis/joint/jointadapter.cpp,464,0.0,bassLogp,"p += distGet(*dist, fig, 0.0);"
src/composing/analysis/joint/jointadapter.cpp,466,0.0,bassLogp,if (p <= 0.0) {
src/composing/analysis/joint/jointadapter.cpp,467,0.01,bassLogp,return safeLog(0.01);
src/composing/analysis/joint/jointadapter.cpp,477,0.05,factorAbsentLogp,return safeLog(0.05);
src/composing/analysis/joint/jointadapter.cpp,489,0.0,boundaryLogp,double p = 0.0;
src/composing/analysis/joint/jointadapter.cpp,502,0.0,boundaryLogp,return 0.0;
src/composing/analysis/joint/jointadapter.cpp,504,1e-6,boundaryLogp,"p = std::min(std::max(p, 1e-6), 1.0 - 1e-6);"
src/composing/analysis/joint/jointadapter.cpp,504,1.0,boundaryLogp,"p = std::min(std::max(p, 1e-6), 1.0 - 1e-6);"
src/composing/analysis/joint/jointadapter.cpp,504,1e-6,boundaryLogp,"p = std::min(std::max(p, 1e-6), 1.0 - 1e-6);"
src/composing/analysis/joint/jointadapter.cpp,505,1.0,boundaryLogp,return std::log(isBoundary ? p : (1.0 - p));
src/composing/analysis/joint/jointadapter.h,46,1e-9,log0Floor,inline double log0Floor() { return std::log(1e-9); }         // LOG0_FLOOR
src/composing/analysis/joint/jointdecoder.cpp,39,6,<file-scope>,constexpr int kKeyPruneTopK = 6;
src/composing/analysis/joint/jointdecoder.cpp,40,4,<file-scope>,constexpr int kCadenceApproachTicks = 4 * 480;   // ★R1: the four-beat approach window
src/composing/analysis/joint/jointdecoder.cpp,40,480,<file-scope>,constexpr int kCadenceApproachTicks = 4 * 480;   // ★R1: the four-beat approach window
src/composing/analysis/joint/jointdecoder.cpp,44,4,<file-scope>,"const std::array<std::string, 4> kMcName = { ""downbeat"", ""mid_strong"", ""other_tactus"", ""sub_tactus"" };"
src/composing/analysis/joint/jointdecoder.cpp,45,3,<file-scope>,"const std::array<std::string, 3> kMvName = { ""none"", ""step"", ""leap"" };"
src/composing/analysis/joint/jointdecoder.cpp,131,3,prepare,"[](const std::array<int, 3>& a, const std::array<int, 3>& b) { return a[0] < b[0]; });"
src/composing/analysis/joint/jointdecoder.cpp,131,3,prepare,"[](const std::array<int, 3>& a, const std::array<int, 3>& b) { return a[0] < b[0]; });"
src/composing/analysis/joint/jointdecoder.cpp,158,3,overlapPcs,"for (const std::array<int, 3>& ln : liveNotes) {"
src/composing/analysis/joint/jointdecoder.cpp,163,2,overlapPcs,m |= static_cast<PcMask>(1u << ln[2]);
src/composing/analysis/joint/jointdecoder.cpp,174,3,approachWindowPcs,"for (const std::array<int, 3>& ln : liveNotes) {"
src/composing/analysis/joint/jointdecoder.cpp,179,2,approachWindowPcs,m |= static_cast<PcMask>(1u << ln[2]);
src/composing/analysis/joint/jointdecoder.cpp,279,0.0,<file-scope>,"double emission = 0.0, spelling = 0.0, bass = 0.0, missing = 0.0, boundary = 0.0;"
src/composing/analysis/joint/jointdecoder.cpp,279,0.0,<file-scope>,"double emission = 0.0, spelling = 0.0, bass = 0.0, missing = 0.0, boundary = 0.0;"
src/composing/analysis/joint/jointdecoder.cpp,279,0.0,<file-scope>,"double emission = 0.0, spelling = 0.0, bass = 0.0, missing = 0.0, boundary = 0.0;"
src/composing/analysis/joint/jointdecoder.cpp,279,0.0,<file-scope>,"double emission = 0.0, spelling = 0.0, bass = 0.0, missing = 0.0, boundary = 0.0;"
src/composing/analysis/joint/jointdecoder.cpp,279,0.0,<file-scope>,"double emission = 0.0, spelling = 0.0, bass = 0.0, missing = 0.0, boundary = 0.0;"
src/composing/analysis/joint/jointdecoder.cpp,306,4,segmentFeatures,const bool seventh = info.fac.has_value() && info.fac->size() == 4;
src/composing/analysis/joint/jointdecoder.cpp,346,5,weightedContent,const double terms[5] = {
src/composing/analysis/joint/jointdecoder.cpp,350,5,weightedContent,"return neumaierSum(terms, 5);"
src/composing/analysis/joint/jointdecoder.cpp,356,4,cadenceFired,"std::array<bool, 4> cadenceFired(const Piece& piece, int i, int tonic, [[maybe_unused]] bool isMajor)"
src/composing/analysis/joint/jointdecoder.cpp,358,11,cadenceFired,const int lt = normalizePc(tonic + 11);
src/composing/analysis/joint/jointdecoder.cpp,359,5,cadenceFired,const int fourth = normalizePc(tonic + 5);
src/composing/analysis/joint/jointdecoder.cpp,360,7,cadenceFired,const int fifth = normalizePc(tonic + 7);
src/composing/analysis/joint/jointdecoder.cpp,382,2,cadenceFired,if (arrStrong && fermAt(i + 1) && (piece.events[i + 1].mc == 2 || piece.events[i + 1].mc == 3)) {
src/composing/analysis/joint/jointdecoder.cpp,382,3,cadenceFired,if (arrStrong && fermAt(i + 1) && (piece.events[i + 1].mc == 2 || piece.events[i + 1].mc == 3)) {
src/composing/analysis/joint/jointdecoder.cpp,389,4,cadenceFired,"std::array<bool, 4> fired{};   // leading_tone, tritone_pair, dominant_tonic_bass, fermata_location"
src/composing/analysis/joint/jointdecoder.cpp,392,2,cadenceFired,fired[2] = apBass.has_value() && arBass.has_value() && (*apBass == fifth) && (*arBass == one);
src/composing/analysis/joint/jointdecoder.cpp,393,3,cadenceFired,fired[3] = ferm;
src/composing/analysis/joint/jointdecoder.cpp,402,24,candidateKeys,scored.reserve(24);
src/composing/analysis/joint/jointdecoder.cpp,403,12,candidateKeys,for (int t = 0; t < 12; ++t) {
src/composing/analysis/joint/jointdecoder.cpp,445,2,candidateStates,"if (present < std::min(2, popcount(*info.mem))) {"
src/composing/analysis/joint/jointdecoder.cpp,494,12,computePosteriorSlice,for (int t = 0; t < 12; ++t) {
src/composing/analysis/joint/jointdecoder.cpp,553,12,decodePiece,for (int t = 0; t < 12 && !sigKey.has_value(); ++t) {
src/composing/analysis/joint/jointdecoder.cpp,563,0.0,decodePiece,double startScore = 0.0;
src/composing/analysis/joint/jointdecoder.cpp,569,0.0,decodePiece,V[0].startScore = 0.0;
src/composing/analysis/joint/jointdecoder.cpp,637,4,decodePiece,"std::unordered_map<std::string, std::array<bool, 4> > cadCache;"
src/composing/analysis/joint/jointdecoder.cpp,638,100000,decodePiece,"auto ijKey = [](int i, int j) { return static_cast<long long>(i) * 100000 + j; };"
src/composing/analysis/joint/jointdecoder.cpp,672,0.0,decodePiece,return 0.0;
src/composing/analysis/joint/jointdecoder.cpp,676,4,decodePiece,"const std::array<bool, 4>& fired = (it != cadCache.end())"
src/composing/analysis/joint/jointdecoder.cpp,678,4,decodePiece,"static const std::array<const char*, 4> names = { ""leading_tone"", ""tritone_pair"","
src/composing/analysis/joint/jointdecoder.cpp,683,4,decodePiece,double terms[4];
src/composing/analysis/joint/jointdecoder.cpp,685,4,decodePiece,for (int f = 0; f < 4; ++f) {
src/composing/analysis/joint/jointdecoder.cpp,698,0.0,decodePiece,double startScore = 0.0;
src/composing/analysis/joint/jointdecoder.cpp,771,2,decodePiece,const std::string& ckey = std::get<2>(c);
src/composing/analysis/joint/jointdecoder.cpp,925,2,loadPiecesFromNoteEvents,ev.measure = a.at(2).toInt();
src/composing/analysis/joint/jointdecoder.cpp,926,3,loadPiecesFromNoteEvents,ev.beat = a.at(3).toDouble();
src/composing/analysis/joint/jointdecoder.cpp,927,4,loadPiecesFromNoteEvents,ev.mc = a.at(4).toInt();
src/composing/analysis/joint/jointdecoder.cpp,928,5,loadPiecesFromNoteEvents,ev.ferm = a.size() > 5 ? a.at(5).toInt() : 0;
src/composing/analysis/joint/jointdecoder.cpp,928,5,loadPiecesFromNoteEvents,ev.ferm = a.size() > 5 ? a.at(5).toInt() : 0;
src/composing/analysis/joint/jointdecoder.cpp,937,2,loadPiecesFromNoteEvents,n.pc = a.at(2).toInt();
src/composing/analysis/joint/jointdecoder.cpp,938,3,loadPiecesFromNoteEvents,n.midi = a.at(3).toInt();
src/composing/analysis/joint/jointdecoder.cpp,939,4,loadPiecesFromNoteEvents,n.lof = a.at(4).toInt();
src/composing/analysis/joint/jointdecoder.cpp,940,5,loadPiecesFromNoteEvents,n.part = a.at(5).toInt();
src/composing/analysis/joint/jointdecoder.cpp,941,6,loadPiecesFromNoteEvents,n.measure = a.at(6).toInt();
src/composing/analysis/joint/jointdecoder.cpp,942,7,loadPiecesFromNoteEvents,n.beat = a.at(7).toDouble();
src/composing/analysis/joint/jointdecoder.cpp,943,8,loadPiecesFromNoteEvents,n.mc = a.at(8).toInt();
src/composing/analysis/joint/jointdecoder.cpp,944,9,loadPiecesFromNoteEvents,n.ap = a.at(9).toInt();
src/composing/analysis/joint/jointdecoder.cpp,945,10,loadPiecesFromNoteEvents,n.dp = a.at(10).toInt();
src/composing/analysis/joint/jointdecoder.cpp,946,11,loadPiecesFromNoteEvents,n.tied = a.at(11).toInt();
src/composing/analysis/joint/jointdecoder.cpp,947,12,loadPiecesFromNoteEvents,n.ferm = a.size() > 12 ? a.at(12).toInt() : 0;
src/composing/analysis/joint/jointdecoder.cpp,947,12,loadPiecesFromNoteEvents,n.ferm = a.size() > 12 ? a.at(12).toInt() : 0;
src/composing/analysis/joint/jointdecoder.h,50,0.0,<file-scope>,double beat = 0.0;
src/composing/analysis/joint/jointdecoder.h,56,0.0,<file-scope>,double beat = 0.0;
src/composing/analysis/joint/jointdecoder.h,71,3,<file-scope>,"std::vector<std::array<int, 3> > liveNotes;       // (onset, offset, pc) for non-anacrusis notes, by onset"
src/composing/analysis/joint/jointdecoder.h,122,0.0,<file-scope>,double totalScore = 0.0;
src/composing/analysis/joint/jointembeddedartifacts.h,67,5,<file-scope>,"extern const std::array<const EmbeddedBlob*, 5> kTableArtifacts;"
src/composing/analysis/joint/jointfactadapter.cpp,53,480,<file-scope>,constexpr int kTicksPerQuarter = 480;
src/composing/analysis/joint/jointfactadapter.cpp,56,2,<file-scope>,"enum { MC_DOWNBEAT = 0, MC_MID_STRONG = 1, MC_OTHER_TACTUS = 2, MC_SUB_TACTUS = 3 };"
src/composing/analysis/joint/jointfactadapter.cpp,56,3,<file-scope>,"enum { MC_DOWNBEAT = 0, MC_MID_STRONG = 1, MC_OTHER_TACTUS = 2, MC_SUB_TACTUS = 3 };"
src/composing/analysis/joint/jointfactadapter.cpp,58,2,<file-scope>,"enum { MV_NONE = 0, MV_STEP = 1, MV_LEAP = 2 };"
src/composing/analysis/joint/jointfactadapter.cpp,62,10000.0,round4,"return std::round(x * 10000.0) / 10000.0;   // == Python round(x, 4)"
src/composing/analysis/joint/jointfactadapter.cpp,62,10000.0,round4,"return std::round(x * 10000.0) / 10000.0;   // == Python round(x, 4)"
src/composing/analysis/joint/jointfactadapter.cpp,79,3,beatClass,if (ib == 3 && nQuarter == 4) {
src/composing/analysis/joint/jointfactadapter.cpp,79,4,beatClass,if (ib == 3 && nQuarter == 4) {
src/composing/analysis/joint/jointfactadapter.cpp,119,8,beatDurTicks,if (denominator == 8 && numerator > 3 && numerator % 3 == 0) {
src/composing/analysis/joint/jointfactadapter.cpp,119,3,beatDurTicks,if (denominator == 8 && numerator > 3 && numerator % 3 == 0) {
src/composing/analysis/joint/jointfactadapter.cpp,119,3,beatDurTicks,if (denominator == 8 && numerator > 3 && numerator % 3 == 0) {
src/composing/analysis/joint/jointfactadapter.cpp,120,3,beatDurTicks,return 3 * (4 * kTicksPerQuarter / 8);   // dotted quarter = 720
src/composing/analysis/joint/jointfactadapter.cpp,120,4,beatDurTicks,return 3 * (4 * kTicksPerQuarter / 8);   // dotted quarter = 720
src/composing/analysis/joint/jointfactadapter.cpp,120,8,beatDurTicks,return 3 * (4 * kTicksPerQuarter / 8);   // dotted quarter = 720
src/composing/analysis/joint/jointfactadapter.cpp,122,4,beatDurTicks,"return 4 * kTicksPerQuarter / denominator;   // 4/4->480, 3/2->960, 3/8->240"
src/composing/analysis/joint/jointfactadapter.cpp,176,1000000,buildGrid,for (int guard = 0; pos < scoreEnd && guard < 1000000; ++guard) {
src/composing/analysis/joint/jointfactadapter.cpp,195,2,gridIndexOf,const int mid = (lo + hi) / 2;
src/composing/analysis/joint/jointfactadapter.cpp,215,1.0,notePaddedBeat,return 1.0;
src/composing/analysis/joint/jointfactadapter.cpp,223,1.0,notePaddedBeat,return round4(offset / bd + 1.0);
src/composing/analysis/joint/jointfactadapter.cpp,259,1.0,eventMeasureBeat,"return { 0, 1.0 };"
src/composing/analysis/joint/jointfactadapter.cpp,263,2,eventMeasureBeat,const int mid = (lo + hi) / 2;
src/composing/analysis/joint/jointfactadapter.cpp,272,1.0,eventMeasureBeat,round4(static_cast<double>(tick - em.byStart[i].first) / kTicksPerQuarter + 1.0) };
src/composing/analysis/joint/jointfactadapter.cpp,283,2,melodic,const int curMidi = std::get<2>(pn[i]);
src/composing/analysis/joint/jointfactadapter.cpp,307,2,melodic,const int md = std::get<2>(nd);
src/composing/analysis/joint/jointfactadapter.cpp,319,2,melodic,return (std::abs(otherMidi - curMidi) <= 2) ? MV_STEP : MV_LEAP;
src/composing/analysis/joint/jointfactadapter.cpp,352,4,buildAdapterFacts,nQuarter = ts0.numerator() * 4 / ts0.denominator();
src/composing/analysis/joint/jointfactadapter.cpp,407,12,buildAdapterFacts,n.pc = ((nn.pitch % 12) + 12) % 12;
src/composing/analysis/joint/jointfactadapter.cpp,407,12,buildAdapterFacts,n.pc = ((nn.pitch % 12) + 12) % 12;
src/composing/analysis/joint/jointfactadapter.cpp,407,12,buildAdapterFacts,n.pc = ((nn.pitch % 12) + 12) % 12;
src/composing/analysis/joint/jointnotationproducer.cpp,57,4,produceNotationRecord,"const DecodeResult r = decodePiece(piece, adapter, vocab, cache, 4, sigFifths, declaredMode);"
src/composing/analysis/joint/jointnotationrecord.cpp,79,12,recordAugSixthSubType,const int t = ((tonicPc % 12) + 12) % 12;
src/composing/analysis/joint/jointnotationrecord.cpp,79,12,recordAugSixthSubType,const int t = ((tonicPc % 12) + 12) % 12;
src/composing/analysis/joint/jointnotationrecord.cpp,79,12,recordAugSixthSubType,const int t = ((tonicPc % 12) + 12) % 12;
src/composing/analysis/joint/jointnotationrecord.cpp,80,3,recordAugSixthSubType,const bool hasFlat3 = (sounding >> (((t + 3) % 12))) & 1u;
src/composing/analysis/joint/jointnotationrecord.cpp,80,12,recordAugSixthSubType,const bool hasFlat3 = (sounding >> (((t + 3) % 12))) & 1u;
src/composing/analysis/joint/jointnotationrecord.cpp,81,2,recordAugSixthSubType,const bool has2 = (sounding >> (((t + 2) % 12))) & 1u;
src/composing/analysis/joint/jointnotationrecord.cpp,81,12,recordAugSixthSubType,const bool has2 = (sounding >> (((t + 2) % 12))) & 1u;
src/composing/analysis/joint/jointnotationrecord.cpp,101,7,degreeFromLofDiff,"static const std::array<int, 7> kDegForResidue = { 1, 5, 2, 6, 3, 7, 4 };"
src/composing/analysis/joint/jointnotationrecord.cpp,101,5,degreeFromLofDiff,"static const std::array<int, 7> kDegForResidue = { 1, 5, 2, 6, 3, 7, 4 };"
src/composing/analysis/joint/jointnotationrecord.cpp,101,2,degreeFromLofDiff,"static const std::array<int, 7> kDegForResidue = { 1, 5, 2, 6, 3, 7, 4 };"
src/composing/analysis/joint/jointnotationrecord.cpp,101,6,degreeFromLofDiff,"static const std::array<int, 7> kDegForResidue = { 1, 5, 2, 6, 3, 7, 4 };"
src/composing/analysis/joint/jointnotationrecord.cpp,101,3,degreeFromLofDiff,"static const std::array<int, 7> kDegForResidue = { 1, 5, 2, 6, 3, 7, 4 };"
src/composing/analysis/joint/jointnotationrecord.cpp,101,7,degreeFromLofDiff,"static const std::array<int, 7> kDegForResidue = { 1, 5, 2, 6, 3, 7, 4 };"
src/composing/analysis/joint/jointnotationrecord.cpp,101,4,degreeFromLofDiff,"static const std::array<int, 7> kDegForResidue = { 1, 5, 2, 6, 3, 7, 4 };"
src/composing/analysis/joint/jointnotationrecord.cpp,102,7,degreeFromLofDiff,const int r = ((lofDiff % 7) + 7) % 7;
src/composing/analysis/joint/jointnotationrecord.cpp,102,7,degreeFromLofDiff,const int r = ((lofDiff % 7) + 7) % 7;
src/composing/analysis/joint/jointnotationrecord.cpp,102,7,degreeFromLofDiff,const int r = ((lofDiff % 7) + 7) % 7;
src/composing/analysis/joint/jointnotationrecord.cpp,127,3,computeModalReading,+ (run.isMajor ? 0 : 3);
src/composing/analysis/joint/jointnotationrecord.cpp,137,12,computeModalReading,const int pcOffset = (((n.pc - run.tonicPc) % 12) + 12) % 12;
src/composing/analysis/joint/jointnotationrecord.cpp,137,12,computeModalReading,const int pcOffset = (((n.pc - run.tonicPc) % 12) + 12) % 12;
src/composing/analysis/joint/jointnotationrecord.cpp,137,12,computeModalReading,const int pcOffset = (((n.pc - run.tonicPc) % 12) + 12) % 12;
src/composing/analysis/joint/jointnotationrecord.cpp,236,4,assembleNotationRecord,const bool hasSeventh = info.fac.has_value() && info.fac->size() == 4;
src/composing/analysis/joint/jointprimitives.cpp,50,2,degreeNum,"{ ""I"", 1 }, { ""II"", 2 }, { ""III"", 3 }, { ""IV"", 4 }, { ""V"", 5 }, { ""VI"", 6 }, { ""VII"", 7 }"
src/composing/analysis/joint/jointprimitives.cpp,50,3,degreeNum,"{ ""I"", 1 }, { ""II"", 2 }, { ""III"", 3 }, { ""IV"", 4 }, { ""V"", 5 }, { ""VI"", 6 }, { ""VII"", 7 }"
src/composing/analysis/joint/jointprimitives.cpp,50,4,degreeNum,"{ ""I"", 1 }, { ""II"", 2 }, { ""III"", 3 }, { ""IV"", 4 }, { ""V"", 5 }, { ""VI"", 6 }, { ""VII"", 7 }"
src/composing/analysis/joint/jointprimitives.cpp,50,5,degreeNum,"{ ""I"", 1 }, { ""II"", 2 }, { ""III"", 3 }, { ""IV"", 4 }, { ""V"", 5 }, { ""VI"", 6 }, { ""VII"", 7 }"
src/composing/analysis/joint/jointprimitives.cpp,50,6,degreeNum,"{ ""I"", 1 }, { ""II"", 2 }, { ""III"", 3 }, { ""IV"", 4 }, { ""V"", 5 }, { ""VI"", 6 }, { ""VII"", 7 }"
src/composing/analysis/joint/jointprimitives.cpp,50,7,degreeNum,"{ ""I"", 1 }, { ""II"", 2 }, { ""III"", 3 }, { ""IV"", 4 }, { ""V"", 5 }, { ""VI"", 6 }, { ""VII"", 7 }"
src/composing/analysis/joint/jointprimitives.cpp,57,7,<file-scope>,"const std::array<int, 7> kMajScale = { 0, 2, 4, 5, 7, 9, 11 };"
src/composing/analysis/joint/jointprimitives.cpp,57,2,<file-scope>,"const std::array<int, 7> kMajScale = { 0, 2, 4, 5, 7, 9, 11 };"
src/composing/analysis/joint/jointprimitives.cpp,57,4,<file-scope>,"const std::array<int, 7> kMajScale = { 0, 2, 4, 5, 7, 9, 11 };"
src/composing/analysis/joint/jointprimitives.cpp,57,5,<file-scope>,"const std::array<int, 7> kMajScale = { 0, 2, 4, 5, 7, 9, 11 };"
src/composing/analysis/joint/jointprimitives.cpp,57,7,<file-scope>,"const std::array<int, 7> kMajScale = { 0, 2, 4, 5, 7, 9, 11 };"
src/composing/analysis/joint/jointprimitives.cpp,57,9,<file-scope>,"const std::array<int, 7> kMajScale = { 0, 2, 4, 5, 7, 9, 11 };"
src/composing/analysis/joint/jointprimitives.cpp,57,11,<file-scope>,"const std::array<int, 7> kMajScale = { 0, 2, 4, 5, 7, 9, 11 };"
src/composing/analysis/joint/jointprimitives.cpp,58,7,<file-scope>,"const std::array<int, 7> kMinScale = { 0, 2, 3, 5, 7, 8, 10 };"
src/composing/analysis/joint/jointprimitives.cpp,58,2,<file-scope>,"const std::array<int, 7> kMinScale = { 0, 2, 3, 5, 7, 8, 10 };"
src/composing/analysis/joint/jointprimitives.cpp,58,3,<file-scope>,"const std::array<int, 7> kMinScale = { 0, 2, 3, 5, 7, 8, 10 };"
src/composing/analysis/joint/jointprimitives.cpp,58,5,<file-scope>,"const std::array<int, 7> kMinScale = { 0, 2, 3, 5, 7, 8, 10 };"
src/composing/analysis/joint/jointprimitives.cpp,58,7,<file-scope>,"const std::array<int, 7> kMinScale = { 0, 2, 3, 5, 7, 8, 10 };"
src/composing/analysis/joint/jointprimitives.cpp,58,8,<file-scope>,"const std::array<int, 7> kMinScale = { 0, 2, 3, 5, 7, 8, 10 };"
src/composing/analysis/joint/jointprimitives.cpp,58,10,<file-scope>,"const std::array<int, 7> kMinScale = { 0, 2, 3, 5, 7, 8, 10 };"
src/composing/analysis/joint/jointprimitives.cpp,64,4,qualTemplates,"{ ""Maj"", { 0, 4, 7 } }, { ""Min"", { 0, 3, 7 } }, { ""Dim"", { 0, 3, 6 } }, { ""Aug"", { 0, 4, 8 } },"
src/composing/analysis/joint/jointprimitives.cpp,64,7,qualTemplates,"{ ""Maj"", { 0, 4, 7 } }, { ""Min"", { 0, 3, 7 } }, { ""Dim"", { 0, 3, 6 } }, { ""Aug"", { 0, 4, 8 } },"
src/composing/analysis/joint/jointprimitives.cpp,64,3,qualTemplates,"{ ""Maj"", { 0, 4, 7 } }, { ""Min"", { 0, 3, 7 } }, { ""Dim"", { 0, 3, 6 } }, { ""Aug"", { 0, 4, 8 } },"
src/composing/analysis/joint/jointprimitives.cpp,64,7,qualTemplates,"{ ""Maj"", { 0, 4, 7 } }, { ""Min"", { 0, 3, 7 } }, { ""Dim"", { 0, 3, 6 } }, { ""Aug"", { 0, 4, 8 } },"
src/composing/analysis/joint/jointprimitives.cpp,64,3,qualTemplates,"{ ""Maj"", { 0, 4, 7 } }, { ""Min"", { 0, 3, 7 } }, { ""Dim"", { 0, 3, 6 } }, { ""Aug"", { 0, 4, 8 } },"
src/composing/analysis/joint/jointprimitives.cpp,64,6,qualTemplates,"{ ""Maj"", { 0, 4, 7 } }, { ""Min"", { 0, 3, 7 } }, { ""Dim"", { 0, 3, 6 } }, { ""Aug"", { 0, 4, 8 } },"
src/composing/analysis/joint/jointprimitives.cpp,64,4,qualTemplates,"{ ""Maj"", { 0, 4, 7 } }, { ""Min"", { 0, 3, 7 } }, { ""Dim"", { 0, 3, 6 } }, { ""Aug"", { 0, 4, 8 } },"
src/composing/analysis/joint/jointprimitives.cpp,64,8,qualTemplates,"{ ""Maj"", { 0, 4, 7 } }, { ""Min"", { 0, 3, 7 } }, { ""Dim"", { 0, 3, 6 } }, { ""Aug"", { 0, 4, 8 } },"
src/composing/analysis/joint/jointprimitives.cpp,65,4,qualTemplates,"{ ""Dom7"", { 0, 4, 7, 10 } }, { ""Maj7"", { 0, 4, 7, 11 } }, { ""Min7"", { 0, 3, 7, 10 } },"
src/composing/analysis/joint/jointprimitives.cpp,65,7,qualTemplates,"{ ""Dom7"", { 0, 4, 7, 10 } }, { ""Maj7"", { 0, 4, 7, 11 } }, { ""Min7"", { 0, 3, 7, 10 } },"
src/composing/analysis/joint/jointprimitives.cpp,65,10,qualTemplates,"{ ""Dom7"", { 0, 4, 7, 10 } }, { ""Maj7"", { 0, 4, 7, 11 } }, { ""Min7"", { 0, 3, 7, 10 } },"
src/composing/analysis/joint/jointprimitives.cpp,65,4,qualTemplates,"{ ""Dom7"", { 0, 4, 7, 10 } }, { ""Maj7"", { 0, 4, 7, 11 } }, { ""Min7"", { 0, 3, 7, 10 } },"
src/composing/analysis/joint/jointprimitives.cpp,65,7,qualTemplates,"{ ""Dom7"", { 0, 4, 7, 10 } }, { ""Maj7"", { 0, 4, 7, 11 } }, { ""Min7"", { 0, 3, 7, 10 } },"
src/composing/analysis/joint/jointprimitives.cpp,65,11,qualTemplates,"{ ""Dom7"", { 0, 4, 7, 10 } }, { ""Maj7"", { 0, 4, 7, 11 } }, { ""Min7"", { 0, 3, 7, 10 } },"
src/composing/analysis/joint/jointprimitives.cpp,65,3,qualTemplates,"{ ""Dom7"", { 0, 4, 7, 10 } }, { ""Maj7"", { 0, 4, 7, 11 } }, { ""Min7"", { 0, 3, 7, 10 } },"
src/composing/analysis/joint/jointprimitives.cpp,65,7,qualTemplates,"{ ""Dom7"", { 0, 4, 7, 10 } }, { ""Maj7"", { 0, 4, 7, 11 } }, { ""Min7"", { 0, 3, 7, 10 } },"
src/composing/analysis/joint/jointprimitives.cpp,65,10,qualTemplates,"{ ""Dom7"", { 0, 4, 7, 10 } }, { ""Maj7"", { 0, 4, 7, 11 } }, { ""Min7"", { 0, 3, 7, 10 } },"
src/composing/analysis/joint/jointprimitives.cpp,66,3,qualTemplates,"{ ""MinMaj7"", { 0, 3, 7, 11 } }, { ""Dim7"", { 0, 3, 6, 9 } }, { ""HalfDim7"", { 0, 3, 6, 10 } },"
src/composing/analysis/joint/jointprimitives.cpp,66,7,qualTemplates,"{ ""MinMaj7"", { 0, 3, 7, 11 } }, { ""Dim7"", { 0, 3, 6, 9 } }, { ""HalfDim7"", { 0, 3, 6, 10 } },"
src/composing/analysis/joint/jointprimitives.cpp,66,11,qualTemplates,"{ ""MinMaj7"", { 0, 3, 7, 11 } }, { ""Dim7"", { 0, 3, 6, 9 } }, { ""HalfDim7"", { 0, 3, 6, 10 } },"
src/composing/analysis/joint/jointprimitives.cpp,66,3,qualTemplates,"{ ""MinMaj7"", { 0, 3, 7, 11 } }, { ""Dim7"", { 0, 3, 6, 9 } }, { ""HalfDim7"", { 0, 3, 6, 10 } },"
src/composing/analysis/joint/jointprimitives.cpp,66,6,qualTemplates,"{ ""MinMaj7"", { 0, 3, 7, 11 } }, { ""Dim7"", { 0, 3, 6, 9 } }, { ""HalfDim7"", { 0, 3, 6, 10 } },"
src/composing/analysis/joint/jointprimitives.cpp,66,9,qualTemplates,"{ ""MinMaj7"", { 0, 3, 7, 11 } }, { ""Dim7"", { 0, 3, 6, 9 } }, { ""HalfDim7"", { 0, 3, 6, 10 } },"
src/composing/analysis/joint/jointprimitives.cpp,66,3,qualTemplates,"{ ""MinMaj7"", { 0, 3, 7, 11 } }, { ""Dim7"", { 0, 3, 6, 9 } }, { ""HalfDim7"", { 0, 3, 6, 10 } },"
src/composing/analysis/joint/jointprimitives.cpp,66,6,qualTemplates,"{ ""MinMaj7"", { 0, 3, 7, 11 } }, { ""Dim7"", { 0, 3, 6, 9 } }, { ""HalfDim7"", { 0, 3, 6, 10 } },"
src/composing/analysis/joint/jointprimitives.cpp,66,10,qualTemplates,"{ ""MinMaj7"", { 0, 3, 7, 11 } }, { ""Dim7"", { 0, 3, 6, 9 } }, { ""HalfDim7"", { 0, 3, 6, 10 } },"
src/composing/analysis/joint/jointprimitives.cpp,67,3,qualTemplates,"{ ""HalfDim"", { 0, 3, 6 } }, { ""Aug7"", { 0, 4, 8, 10 } }, { ""AugMaj7"", { 0, 4, 8, 11 } }"
src/composing/analysis/joint/jointprimitives.cpp,67,6,qualTemplates,"{ ""HalfDim"", { 0, 3, 6 } }, { ""Aug7"", { 0, 4, 8, 10 } }, { ""AugMaj7"", { 0, 4, 8, 11 } }"
src/composing/analysis/joint/jointprimitives.cpp,67,4,qualTemplates,"{ ""HalfDim"", { 0, 3, 6 } }, { ""Aug7"", { 0, 4, 8, 10 } }, { ""AugMaj7"", { 0, 4, 8, 11 } }"
src/composing/analysis/joint/jointprimitives.cpp,67,8,qualTemplates,"{ ""HalfDim"", { 0, 3, 6 } }, { ""Aug7"", { 0, 4, 8, 10 } }, { ""AugMaj7"", { 0, 4, 8, 11 } }"
src/composing/analysis/joint/jointprimitives.cpp,67,10,qualTemplates,"{ ""HalfDim"", { 0, 3, 6 } }, { ""Aug7"", { 0, 4, 8, 10 } }, { ""AugMaj7"", { 0, 4, 8, 11 } }"
src/composing/analysis/joint/jointprimitives.cpp,67,4,qualTemplates,"{ ""HalfDim"", { 0, 3, 6 } }, { ""Aug7"", { 0, 4, 8, 10 } }, { ""AugMaj7"", { 0, 4, 8, 11 } }"
src/composing/analysis/joint/jointprimitives.cpp,67,8,qualTemplates,"{ ""HalfDim"", { 0, 3, 6 } }, { ""Aug7"", { 0, 4, 8, 10 } }, { ""AugMaj7"", { 0, 4, 8, 11 } }"
src/composing/analysis/joint/jointprimitives.cpp,67,11,qualTemplates,"{ ""HalfDim"", { 0, 3, 6 } }, { ""Aug7"", { 0, 4, 8, 10 } }, { ""AugMaj7"", { 0, 4, 8, 11 } }"
src/composing/analysis/joint/jointprimitives.cpp,87,2,majRelColl,"PcMask majRelColl() { static const PcMask m = maskOf({ 0, 2, 4, 5, 7, 9, 11 }); return m; }"
src/composing/analysis/joint/jointprimitives.cpp,87,4,majRelColl,"PcMask majRelColl() { static const PcMask m = maskOf({ 0, 2, 4, 5, 7, 9, 11 }); return m; }"
src/composing/analysis/joint/jointprimitives.cpp,87,5,majRelColl,"PcMask majRelColl() { static const PcMask m = maskOf({ 0, 2, 4, 5, 7, 9, 11 }); return m; }"
src/composing/analysis/joint/jointprimitives.cpp,87,7,majRelColl,"PcMask majRelColl() { static const PcMask m = maskOf({ 0, 2, 4, 5, 7, 9, 11 }); return m; }"
src/composing/analysis/joint/jointprimitives.cpp,87,9,majRelColl,"PcMask majRelColl() { static const PcMask m = maskOf({ 0, 2, 4, 5, 7, 9, 11 }); return m; }"
src/composing/analysis/joint/jointprimitives.cpp,87,11,majRelColl,"PcMask majRelColl() { static const PcMask m = maskOf({ 0, 2, 4, 5, 7, 9, 11 }); return m; }"
src/composing/analysis/joint/jointprimitives.cpp,88,2,minRelColl,"PcMask minRelColl() { static const PcMask m = maskOf({ 0, 2, 3, 5, 7, 8, 10, 9, 11 }); return m; }"
src/composing/analysis/joint/jointprimitives.cpp,88,3,minRelColl,"PcMask minRelColl() { static const PcMask m = maskOf({ 0, 2, 3, 5, 7, 8, 10, 9, 11 }); return m; }"
src/composing/analysis/joint/jointprimitives.cpp,88,5,minRelColl,"PcMask minRelColl() { static const PcMask m = maskOf({ 0, 2, 3, 5, 7, 8, 10, 9, 11 }); return m; }"
src/composing/analysis/joint/jointprimitives.cpp,88,7,minRelColl,"PcMask minRelColl() { static const PcMask m = maskOf({ 0, 2, 3, 5, 7, 8, 10, 9, 11 }); return m; }"
src/composing/analysis/joint/jointprimitives.cpp,88,8,minRelColl,"PcMask minRelColl() { static const PcMask m = maskOf({ 0, 2, 3, 5, 7, 8, 10, 9, 11 }); return m; }"
src/composing/analysis/joint/jointprimitives.cpp,88,10,minRelColl,"PcMask minRelColl() { static const PcMask m = maskOf({ 0, 2, 3, 5, 7, 8, 10, 9, 11 }); return m; }"
src/composing/analysis/joint/jointprimitives.cpp,88,9,minRelColl,"PcMask minRelColl() { static const PcMask m = maskOf({ 0, 2, 3, 5, 7, 8, 10, 9, 11 }); return m; }"
src/composing/analysis/joint/jointprimitives.cpp,88,11,minRelColl,"PcMask minRelColl() { static const PcMask m = maskOf({ 0, 2, 3, 5, 7, 8, 10, 9, 11 }); return m; }"
src/composing/analysis/joint/jointprimitives.cpp,119,7,chordRoot,if (num == 7) {
src/composing/analysis/joint/jointprimitives.cpp,120,11,chordRoot,semi = 11;
src/composing/analysis/joint/jointprimitives.cpp,121,6,chordRoot,} else if (num == 6) {
src/composing/analysis/joint/jointprimitives.cpp,122,9,chordRoot,semi = 9;
src/composing/analysis/joint/jointprimitives.cpp,152,3,familyKeyOf,"const std::string tgt = parts.size() > 3 ? parts[3] : """";"
src/composing/analysis/joint/jointprimitives.cpp,152,3,familyKeyOf,"const std::string tgt = parts.size() > 3 ? parts[3] : """";"
src/composing/analysis/joint/jointprimitives.cpp,166,12,pcToFifths,"static const std::array<int, 12> f = { 0, -5, 2, -3, 4, -1, 6, 1, -4, 3, -2, 5 };"
src/composing/analysis/joint/jointprimitives.cpp,166,5,pcToFifths,"static const std::array<int, 12> f = { 0, -5, 2, -3, 4, -1, 6, 1, -4, 3, -2, 5 };"
src/composing/analysis/joint/jointprimitives.cpp,166,2,pcToFifths,"static const std::array<int, 12> f = { 0, -5, 2, -3, 4, -1, 6, 1, -4, 3, -2, 5 };"
src/composing/analysis/joint/jointprimitives.cpp,166,3,pcToFifths,"static const std::array<int, 12> f = { 0, -5, 2, -3, 4, -1, 6, 1, -4, 3, -2, 5 };"
src/composing/analysis/joint/jointprimitives.cpp,166,4,pcToFifths,"static const std::array<int, 12> f = { 0, -5, 2, -3, 4, -1, 6, 1, -4, 3, -2, 5 };"
src/composing/analysis/joint/jointprimitives.cpp,166,6,pcToFifths,"static const std::array<int, 12> f = { 0, -5, 2, -3, 4, -1, 6, 1, -4, 3, -2, 5 };"
src/composing/analysis/joint/jointprimitives.cpp,166,4,pcToFifths,"static const std::array<int, 12> f = { 0, -5, 2, -3, 4, -1, 6, 1, -4, 3, -2, 5 };"
src/composing/analysis/joint/jointprimitives.cpp,166,3,pcToFifths,"static const std::array<int, 12> f = { 0, -5, 2, -3, 4, -1, 6, 1, -4, 3, -2, 5 };"
src/composing/analysis/joint/jointprimitives.cpp,166,2,pcToFifths,"static const std::array<int, 12> f = { 0, -5, 2, -3, 4, -1, 6, 1, -4, 3, -2, 5 };"
src/composing/analysis/joint/jointprimitives.cpp,166,5,pcToFifths,"static const std::array<int, 12> f = { 0, -5, 2, -3, 4, -1, 6, 1, -4, 3, -2, 5 };"
src/composing/analysis/joint/jointprimitives.cpp,172,12,pcKeyName,"static const std::array<std::string, 12> kPcKeyName = { ""C"", ""Db"", ""D"", ""Eb"", ""E"", ""F"","
src/composing/analysis/joint/jointprimitives.cpp,246,8,memberPcs,"return maskOf({ f.fwTonic + 8, f.fwTonic + 0, f.fwTonic + 6 });"
src/composing/analysis/joint/jointprimitives.cpp,246,6,memberPcs,"return maskOf({ f.fwTonic + 8, f.fwTonic + 0, f.fwTonic + 6 });"
src/composing/analysis/joint/jointprimitives.cpp,249,5,memberPcs,"return maskOf({ f.fwTonic + 1, f.fwTonic + 5, f.fwTonic + 8 });"
src/composing/analysis/joint/jointprimitives.cpp,249,8,memberPcs,"return maskOf({ f.fwTonic + 1, f.fwTonic + 5, f.fwTonic + 8 });"
src/composing/analysis/joint/jointprimitives.cpp,257,2,memberPcs,"const int ninth = (inv.find(""b9"") != std::string::npos) ? 1 : 2;"
src/composing/analysis/joint/jointprimitives.cpp,269,4,chordFactorPcs,"static const std::array<const char*, 4> roles = { ""root"", ""third"", ""fifth"", ""seventh"" };"
src/composing/analysis/joint/jointprimitives.cpp,298,7,<file-scope>,"const std::array<int, 7> kMajorLof = { 0, 2, 4, -1, 1, 3, 5 };"
src/composing/analysis/joint/jointprimitives.cpp,298,2,<file-scope>,"const std::array<int, 7> kMajorLof = { 0, 2, 4, -1, 1, 3, 5 };"
src/composing/analysis/joint/jointprimitives.cpp,298,4,<file-scope>,"const std::array<int, 7> kMajorLof = { 0, 2, 4, -1, 1, 3, 5 };"
src/composing/analysis/joint/jointprimitives.cpp,298,3,<file-scope>,"const std::array<int, 7> kMajorLof = { 0, 2, 4, -1, 1, 3, 5 };"
src/composing/analysis/joint/jointprimitives.cpp,298,5,<file-scope>,"const std::array<int, 7> kMajorLof = { 0, 2, 4, -1, 1, 3, 5 };"
src/composing/analysis/joint/jointprimitives.cpp,299,7,<file-scope>,"const std::array<int, 7> kMinorLof = { 0, 2, -3, -1, 1, -4, -2 };"
src/composing/analysis/joint/jointprimitives.cpp,299,2,<file-scope>,"const std::array<int, 7> kMinorLof = { 0, 2, -3, -1, 1, -4, -2 };"
src/composing/analysis/joint/jointprimitives.cpp,299,3,<file-scope>,"const std::array<int, 7> kMinorLof = { 0, 2, -3, -1, 1, -4, -2 };"
src/composing/analysis/joint/jointprimitives.cpp,299,4,<file-scope>,"const std::array<int, 7> kMinorLof = { 0, 2, -3, -1, 1, -4, -2 };"
src/composing/analysis/joint/jointprimitives.cpp,299,2,<file-scope>,"const std::array<int, 7> kMinorLof = { 0, 2, -3, -1, 1, -4, -2 };"
src/composing/analysis/joint/jointprimitives.cpp,303,2,<file-scope>,"const std::array<std::array<int, 2>, 12> kSigOpts = { {"
src/composing/analysis/joint/jointprimitives.cpp,303,12,<file-scope>,"const std::array<std::array<int, 2>, 12> kSigOpts = { {"
src/composing/analysis/joint/jointprimitives.cpp,304,7,<file-scope>,"{ {  0,  0 } }, { {  7, -5 } }, { {  2,  2 } }, { { -3, -3 } }, { {  4,  4 } }, { { -1, -1 } },"
src/composing/analysis/joint/jointprimitives.cpp,304,5,<file-scope>,"{ {  0,  0 } }, { {  7, -5 } }, { {  2,  2 } }, { { -3, -3 } }, { {  4,  4 } }, { { -1, -1 } },"
src/composing/analysis/joint/jointprimitives.cpp,304,2,<file-scope>,"{ {  0,  0 } }, { {  7, -5 } }, { {  2,  2 } }, { { -3, -3 } }, { {  4,  4 } }, { { -1, -1 } },"
src/composing/analysis/joint/jointprimitives.cpp,304,2,<file-scope>,"{ {  0,  0 } }, { {  7, -5 } }, { {  2,  2 } }, { { -3, -3 } }, { {  4,  4 } }, { { -1, -1 } },"
src/composing/analysis/joint/jointprimitives.cpp,304,3,<file-scope>,"{ {  0,  0 } }, { {  7, -5 } }, { {  2,  2 } }, { { -3, -3 } }, { {  4,  4 } }, { { -1, -1 } },"
src/composing/analysis/joint/jointprimitives.cpp,304,3,<file-scope>,"{ {  0,  0 } }, { {  7, -5 } }, { {  2,  2 } }, { { -3, -3 } }, { {  4,  4 } }, { { -1, -1 } },"
src/composing/analysis/joint/jointprimitives.cpp,304,4,<file-scope>,"{ {  0,  0 } }, { {  7, -5 } }, { {  2,  2 } }, { { -3, -3 } }, { {  4,  4 } }, { { -1, -1 } },"
src/composing/analysis/joint/jointprimitives.cpp,304,4,<file-scope>,"{ {  0,  0 } }, { {  7, -5 } }, { {  2,  2 } }, { { -3, -3 } }, { {  4,  4 } }, { { -1, -1 } },"
src/composing/analysis/joint/jointprimitives.cpp,305,6,<file-scope>,"{ {  6, -6 } }, { {  1,  1 } }, { { -4, -4 } }, { {  3,  3 } }, { { -2, -2 } }, { {  5, -7 } },"
src/composing/analysis/joint/jointprimitives.cpp,305,6,<file-scope>,"{ {  6, -6 } }, { {  1,  1 } }, { { -4, -4 } }, { {  3,  3 } }, { { -2, -2 } }, { {  5, -7 } },"
src/composing/analysis/joint/jointprimitives.cpp,305,4,<file-scope>,"{ {  6, -6 } }, { {  1,  1 } }, { { -4, -4 } }, { {  3,  3 } }, { { -2, -2 } }, { {  5, -7 } },"
src/composing/analysis/joint/jointprimitives.cpp,305,4,<file-scope>,"{ {  6, -6 } }, { {  1,  1 } }, { { -4, -4 } }, { {  3,  3 } }, { { -2, -2 } }, { {  5, -7 } },"
src/composing/analysis/joint/jointprimitives.cpp,305,3,<file-scope>,"{ {  6, -6 } }, { {  1,  1 } }, { { -4, -4 } }, { {  3,  3 } }, { { -2, -2 } }, { {  5, -7 } },"
src/composing/analysis/joint/jointprimitives.cpp,305,3,<file-scope>,"{ {  6, -6 } }, { {  1,  1 } }, { { -4, -4 } }, { {  3,  3 } }, { { -2, -2 } }, { {  5, -7 } },"
src/composing/analysis/joint/jointprimitives.cpp,305,2,<file-scope>,"{ {  6, -6 } }, { {  1,  1 } }, { { -4, -4 } }, { {  3,  3 } }, { { -2, -2 } }, { {  5, -7 } },"
src/composing/analysis/joint/jointprimitives.cpp,305,2,<file-scope>,"{ {  6, -6 } }, { {  1,  1 } }, { { -4, -4 } }, { {  3,  3 } }, { { -2, -2 } }, { {  5, -7 } },"
src/composing/analysis/joint/jointprimitives.cpp,305,5,<file-scope>,"{ {  6, -6 } }, { {  1,  1 } }, { { -4, -4 } }, { {  3,  3 } }, { { -2, -2 } }, { {  5, -7 } },"
src/composing/analysis/joint/jointprimitives.cpp,305,7,<file-scope>,"{ {  6, -6 } }, { {  1,  1 } }, { { -4, -4 } }, { {  3,  3 } }, { { -2, -2 } }, { {  5, -7 } },"
src/composing/analysis/joint/jointprimitives.cpp,312,12,intervalLof,switch (((semis % 12) + 12) % 12) {
src/composing/analysis/joint/jointprimitives.cpp,312,12,intervalLof,switch (((semis % 12) + 12) % 12) {
src/composing/analysis/joint/jointprimitives.cpp,312,12,intervalLof,switch (((semis % 12) + 12) % 12) {
src/composing/analysis/joint/jointprimitives.cpp,314,3,intervalLof,case 3:  ok = true; return -3;
src/composing/analysis/joint/jointprimitives.cpp,314,3,intervalLof,case 3:  ok = true; return -3;
src/composing/analysis/joint/jointprimitives.cpp,315,4,intervalLof,case 4:  ok = true; return 4;
src/composing/analysis/joint/jointprimitives.cpp,315,4,intervalLof,case 4:  ok = true; return 4;
src/composing/analysis/joint/jointprimitives.cpp,316,6,intervalLof,case 6:  ok = true; return -6;
src/composing/analysis/joint/jointprimitives.cpp,316,6,intervalLof,case 6:  ok = true; return -6;
src/composing/analysis/joint/jointprimitives.cpp,317,7,intervalLof,case 7:  ok = true; return 1;
src/composing/analysis/joint/jointprimitives.cpp,318,8,intervalLof,case 8:  ok = true; return 8;
src/composing/analysis/joint/jointprimitives.cpp,318,8,intervalLof,case 8:  ok = true; return 8;
src/composing/analysis/joint/jointprimitives.cpp,319,9,intervalLof,case 9:  ok = true; return -9;
src/composing/analysis/joint/jointprimitives.cpp,319,9,intervalLof,case 9:  ok = true; return -9;
src/composing/analysis/joint/jointprimitives.cpp,320,10,intervalLof,case 10: ok = true; return -2;
src/composing/analysis/joint/jointprimitives.cpp,320,2,intervalLof,case 10: ok = true; return -2;
src/composing/analysis/joint/jointprimitives.cpp,321,11,intervalLof,case 11: ok = true; return 5;
src/composing/analysis/joint/jointprimitives.cpp,321,5,intervalLof,case 11: ok = true; return 5;
src/composing/analysis/joint/jointprimitives.cpp,334,7,degreeLofOffset,if (num == 7) {
src/composing/analysis/joint/jointprimitives.cpp,335,5,degreeLofOffset,base = 5;   // raised leading tone
src/composing/analysis/joint/jointprimitives.cpp,336,6,degreeLofOffset,} else if (num == 6) {
src/composing/analysis/joint/jointprimitives.cpp,337,3,degreeLofOffset,base = 3;   // raised submediant
src/composing/analysis/joint/jointprimitives.cpp,340,7,degreeLofOffset,return base + 7 * acc;
src/composing/analysis/joint/jointprimitives.cpp,348,3,frameworkTonicLof,"const int keyTonicLof = keySignatureFifths(tonicPc, isMajor, referenceFifths) + (isMajor ? 0 : 3);"
src/composing/analysis/joint/jointprimitives.cpp,382,3,keySignatureFifths,const int ionianPc = isMajor ? normalizePc(tonicPc) : normalizePc(tonicPc + 3);   // minor -> relative major
src/composing/analysis/joint/jointprimitives.cpp,383,2,keySignatureFifths,"const std::array<int, 2>& o = kSigOpts[static_cast<size_t>(ionianPc)];"
src/composing/analysis/joint/jointprimitives.cpp,397,5,rootSpellingLof,return fwLof - 5;                  // ♭2 spelling (Db in C)
src/composing/analysis/joint/jointprimitives.cpp,424,7,keyCollectionMask,"const std::array<int, 7>& scale = isMajor ? kMajScale : kMinScale;"
src/composing/analysis/joint/jointprimitives.cpp,435,9,keyCollectionMask,m |= static_cast<PcMask>(1u << normalizePc(tonic + 9));
src/composing/analysis/joint/jointprimitives.cpp,436,11,keyCollectionMask,m |= static_cast<PcMask>(1u << normalizePc(tonic + 11));
src/composing/analysis/joint/jointprimitives.cpp,444,5,spellingBin,if (rel >= -1 && rel <= 5) {
src/composing/analysis/joint/jointprimitives.cpp,449,4,spellingBin,if (rel >= -4 && rel <= 2) {
src/composing/analysis/joint/jointprimitives.cpp,449,2,spellingBin,if (rel >= -4 && rel <= 2) {
src/composing/analysis/joint/jointprimitives.cpp,452,3,spellingBin,if (rel == 3) {
src/composing/analysis/joint/jointprimitives.cpp,455,5,spellingBin,if (rel == 5) {
src/composing/analysis/joint/jointprimitives.cpp,458,4,spellingBin,"return rel < -4 ? ""chr_flat"" : ""chr_sharp"";"
src/composing/analysis/joint/jointprimitives.cpp,496,3,collectionFifths,const int base = isMajor ? tonic : normalizePc(tonic + 3);
src/composing/analysis/joint/jointprimitives.cpp,502,12,foldFifthsDiff,"d = pythonMod(d, 12);"
src/composing/analysis/joint/jointprimitives.cpp,503,6,foldFifthsDiff,return d > 6 ? d - 12 : d;
src/composing/analysis/joint/jointprimitives.cpp,503,12,foldFifthsDiff,return d > 6 ? d - 12 : d;
src/composing/analysis/joint/jointprimitives.cpp,508,7,cofDistance,"const int ca = pythonMod(a * 7, 12);"
src/composing/analysis/joint/jointprimitives.cpp,508,12,cofDistance,"const int ca = pythonMod(a * 7, 12);"
src/composing/analysis/joint/jointprimitives.cpp,509,7,cofDistance,"const int cb = pythonMod(b * 7, 12);"
src/composing/analysis/joint/jointprimitives.cpp,509,12,cofDistance,"const int cb = pythonMod(b * 7, 12);"
src/composing/analysis/joint/jointprimitives.cpp,511,12,cofDistance,"return std::min(d, 12 - d);"
src/composing/analysis/joint/jointprimitives.cpp,519,9,keyChangeKind,if (ma && !mb && tb == normalizePc(ta + 9)) {
src/composing/analysis/joint/jointprimitives.cpp,522,3,keyChangeKind,if (!ma && mb && tb == normalizePc(ta + 3)) {
src/composing/analysis/joint/jointprimitives.h,68,0.0,neumaierSum,"double s = 0.0, c = 0.0;"
src/composing/analysis/joint/jointprimitives.h,68,0.0,neumaierSum,"double s = 0.0, c = 0.0;"
src/composing/analysis/joint/jointtables.h,72,0.0,<file-scope>,double prob = 0.0;
src/composing/analysis/joint/jointweights.cpp,30,13,<file-scope>,"const std::array<std::string, 13> kWeightNames = {"
src/composing/analysis/joint/jointweights.cpp,36,9,<file-scope>,"const std::array<std::string, 9> kGenerativeWeightNames = {"
src/composing/analysis/joint/jointweights.cpp,44,0.0,get,return it != w.end() ? it->second : 0.0;
src/composing/analysis/joint/jointweights.cpp,51,1.0,identityWeights,wv.w[n] = 1.0;
src/composing/analysis/joint/jointweights.cpp,58,0.0,identityWeights,wv.w[n] = 0.0;
src/composing/analysis/joint/jointweights.h,43,13,<file-scope>,"extern const std::array<std::string, 13> kWeightNames;"
src/composing/analysis/joint/jointweights.h,45,9,<file-scope>,"extern const std::array<std::string, 9> kGenerativeWeightNames;"
src/composing/analysis/joint/labelclass.cpp,30,8,<file-scope>,"static const std::array<const char*, 8> kSeventhQualities = {"
src/composing/analysis/joint/labelclass.cpp,82,4,classFromKey,"std::array<std::string, 4> parts = { """", """", """", """" };"
src/composing/analysis/joint/labelclass.cpp,85,4,classFromKey,while (field < 4) {
src/composing/analysis/joint/labelclass.cpp,95,2,classFromKey,"return LabelClass(parts[0], parts[1], parts[2], parts[3]);"
src/composing/analysis/joint/labelclass.cpp,95,3,classFromKey,"return LabelClass(parts[0], parts[1], parts[2], parts[3]);"
src/composing/analysis/section/sectionrecordadapter.cpp,69,1.055757,<file-scope>,constexpr double kAssertiveKeyExposureGap = 1.055757;
src/composing/analysis/section/sectionrecordadapter.cpp,79,0.975911,<file-scope>,constexpr double kTentativeKeyExposureGap = 0.975911;
src/composing/analysis/section/sectionrecordadapter.cpp,94,7,recordFunctionDegree,"static const std::array<std::pair<const char*, int>, 7> kRoman = { {"
src/composing/analysis/section/sectionrecordadapter.cpp,95,2,recordFunctionDegree,"{ ""I"", 0 }, { ""II"", 1 }, { ""III"", 2 }, { ""IV"", 3 }, { ""V"", 4 }, { ""VI"", 5 }, { ""VII"", 6 }"
src/composing/analysis/section/sectionrecordadapter.cpp,95,3,recordFunctionDegree,"{ ""I"", 0 }, { ""II"", 1 }, { ""III"", 2 }, { ""IV"", 3 }, { ""V"", 4 }, { ""VI"", 5 }, { ""VII"", 6 }"
src/composing/analysis/section/sectionrecordadapter.cpp,95,4,recordFunctionDegree,"{ ""I"", 0 }, { ""II"", 1 }, { ""III"", 2 }, { ""IV"", 3 }, { ""V"", 4 }, { ""VI"", 5 }, { ""VII"", 6 }"
src/composing/analysis/section/sectionrecordadapter.cpp,95,5,recordFunctionDegree,"{ ""I"", 0 }, { ""II"", 1 }, { ""III"", 2 }, { ""IV"", 3 }, { ""V"", 4 }, { ""VI"", 5 }, { ""VII"", 6 }"
src/composing/analysis/section/sectionrecordadapter.cpp,95,6,recordFunctionDegree,"{ ""I"", 0 }, { ""II"", 1 }, { ""III"", 2 }, { ""IV"", 3 }, { ""V"", 4 }, { ""VI"", 5 }, { ""VII"", 6 }"
src/composing/analysis/section/sectionrecordadapter.cpp,164,2,keyAxisGap,if (ax.committed < 0 || ax.committed >= static_cast<int>(ax.scores.size()) || ax.scores.size() < 2) {
src/composing/analysis/section/sectionrecordadapter.cpp,278,0.0,regionFromRecordSegment,: 0.0;
src/composing/analysis/section/sectionrecordadapter.cpp,293,0.0,regionFromRecordSegment,kmr.normalizedConfidence = gap.value_or(0.0);
src/composing/analysis/section/sectionrecordadapter.cpp,301,2,regionFromRecordSegment,? (*gap >= kAssertiveKeyExposureGap ? 2 : (*gap >= kTentativeKeyExposureGap ? 1 : 0))
src/composing/analysis/section/sectionrecordadapter.h,76,0.0,<file-scope>,double committedContentScore = 0.0);
src/notation/internal/notationcomposingbridge.cpp,83,8,<file-scope>,static constexpr int kMaxRegionalExpansionSteps = 8;
src/notation/internal/notationcomposingbridge.cpp,93,12,applySparseChordKeyContext,const int tonicPc = (ionianTonicPc + keyModeTonicOffset(keyMode)) % 12;
src/notation/internal/notationcomposingbridge.cpp,103,12,applySparseChordKeyContext,const int pitchClass = tone.pitch % 12;
src/notation/internal/notationcomposingbridge.cpp,106,12,applySparseChordKeyContext,if ((tonicPc + interval) % 12 == pitchClass) {
src/notation/internal/notationcomposingbridge.cpp,142,12,inferSparseChordResult,bool seenPitchClasses[12] = {};
src/notation/internal/notationcomposingbridge.cpp,146,12,inferSparseChordResult,const int pitchClass = tone.pitch % 12;
src/notation/internal/notationcomposingbridge.cpp,158,12,inferSparseChordResult,inferred.identity.rootPc = bassTone->pitch % 12;
src/notation/internal/notationcomposingbridge.cpp,159,12,inferSparseChordResult,inferred.identity.bassPc = bassTone->pitch % 12;
src/notation/internal/notationcomposingbridge.cpp,161,0.0,inferSparseChordResult,inferred.identity.score = 0.0;
src/notation/internal/notationcomposingbridge.cpp,169,12,inferSparseChordResult,const int bassPitchClass = bassTone->pitch % 12;
src/notation/internal/notationcomposingbridge.cpp,175,12,inferSparseChordResult,const int intervalAboveBass = (pitchClass - bassPitchClass + 12) % 12;
src/notation/internal/notationcomposingbridge.cpp,175,12,inferSparseChordResult,const int intervalAboveBass = (pitchClass - bassPitchClass + 12) % 12;
src/notation/internal/notationcomposingbridge.cpp,176,3,inferSparseChordResult,if (intervalAboveBass == 3 || intervalAboveBass == 4) {
src/notation/internal/notationcomposingbridge.cpp,176,4,inferSparseChordResult,if (intervalAboveBass == 3 || intervalAboveBass == 4) {
src/notation/internal/notationcomposingbridge.cpp,177,3,inferSparseChordResult,inferred.identity.quality = (intervalAboveBass == 3) ? ChordQuality::Minor : ChordQuality::Major;
src/notation/internal/notationcomposingbridge.cpp,188,12,inferSparseChordResult,if ((pitchClass - bassPitchClass + 12) % 12 != 7) {
src/notation/internal/notationcomposingbridge.cpp,188,12,inferSparseChordResult,if ((pitchClass - bassPitchClass + 12) % 12 != 7) {
src/notation/internal/notationcomposingbridge.cpp,188,7,inferSparseChordResult,if ((pitchClass - bassPitchClass + 12) % 12 != 7) {
src/notation/internal/notationcomposingbridge.cpp,294,12,buildRegionalContextFromSection,const int tonicPc = (ionianPc + mu::composing::analysis::keyModeTonicOffset(outContext.keyMode)) % 12;
src/notation/internal/notationcomposingbridge.cpp,389,16,<file-scope>,static constexpr size_t kMaxWindowEntries = 16;
src/notation/internal/notationcomposingbridge.cpp,647,12,analyzeHarmonicContextLocallyAtTick,currentBassPc = lowestPitch % 12;
src/notation/internal/notationcomposingbridge.cpp,899,16,harmonicAnnotation,char scoreBuf[16];
src/notation/internal/notationcomposingbridge.cpp,1039,2,<file-scope>,"mu::engraving::Fraction minimumDisplayDurationBeats = mu::engraving::Fraction(1, 2);"
src/notation/internal/notationcomposingbridge.cpp,1248,12,emitHarmonicAnnotations,const int tonicPc  = (ionianPc + keyModeTonicOffset(romanKeyMode)) % 12;
src/notation/internal/notationcomposingbridge.cpp,1263,6,emitHarmonicAnnotations,&& annotationResult.function.degree <= 6) {
src/notation/internal/notationcomposingbridge.cpp,1471,0.5,addHarmonicAnnotationsToSelection,const double prefBeats = prefs ? prefs->minimumDisplayDurationBeats() : 0.5;
src/notation/internal/notationcomposingbridge.cpp,1472,1024,addHarmonicAnnotationsToSelection,constexpr int kFractionDenom = 1024;
src/notation/internal/notationcomposingbridge.cpp,1474,0.5,addHarmonicAnnotationsToSelection,"Fraction(static_cast<int>(prefBeats * kFractionDenom + 0.5), kFractionDenom);"
src/notation/internal/notationcomposingbridge.cpp,1482,4,addHarmonicAnnotationsToSelection,* 4 * Constants::DIVISION)  // ~8 measures of lookahead
src/notation/internal/notationcomposingbridge.h,63,0.0,<file-scope>,double keyConfidence = 0.0;
src/notation/internal/notationcomposingbridgehelpers.h,121,0.25,<file-scope>,double threshold = 0.25);
src/notation/internal/notationcomposingbridgehelpers.h,136,2,<file-scope>,int minGapTicks = 2 * mu::engraving::Constants::DIVISION);
src/notation/internal/notationimplodebridge.cpp,94,2,<file-scope>,constexpr int kSameChordReannotationGap = 2 * 480; // 2 × Constants::DIVISION
src/notation/internal/notationimplodebridge.cpp,94,480,<file-scope>,constexpr int kSameChordReannotationGap = 2 * 480; // 2 × Constants::DIVISION
src/notation/internal/notationimplodebridge.cpp,136,5,sanitizeChordTrackSymbolForHarmonyRenderer,"sanitized.replace(pos, 5, ""sus(add#5)"");"
src/notation/internal/notationimplodebridge.cpp,846,0.35,emitImplodedChordTrack,: 0.35;
src/notation/internal/notationimplodebridge.cpp,849,0.5,emitImplodedChordTrack,: 0.5;
src/notation/internal/notationimplodebridge.cpp,852,8.0,emitImplodedChordTrack,: 8.0;
src/notation/internal/notationimplodebridge.cpp,949,7,emitImplodedChordTrack,const int ionianPc = ((fifths * 7) % 12 + 12) % 12;
src/notation/internal/notationimplodebridge.cpp,949,12,emitImplodedChordTrack,const int ionianPc = ((fifths * 7) % 12 + 12) % 12;
src/notation/internal/notationimplodebridge.cpp,949,12,emitImplodedChordTrack,const int ionianPc = ((fifths * 7) % 12 + 12) % 12;
src/notation/internal/notationimplodebridge.cpp,949,12,emitImplodedChordTrack,const int ionianPc = ((fifths * 7) % 12 + 12) % 12;
src/notation/internal/notationimplodebridge.cpp,950,12,emitImplodedChordTrack,return (ionianPc + keyModeTonicOffset(mode)) % 12;
src/notation/internal/notationimplodebridge.cpp,1009,12,emitImplodedChordTrack,bool newScalePcs[12] = {};
src/notation/internal/notationimplodebridge.cpp,1010,12,emitImplodedChordTrack,const int newTonicPc = (newIonianPc + newTonicOffset) % 12;
src/notation/internal/notationimplodebridge.cpp,1012,12,emitImplodedChordTrack,newScalePcs[(newTonicPc + iv) % 12] = true;
src/notation/internal/notationimplodebridge.cpp,1097,12,emitImplodedChordTrack,treblePitches = { bassPitch + 12 };
src/notation/internal/notationimplodebridge.cpp,1207,6,emitImplodedChordTrack,if (fnText.empty() && chord.function.degree >= 0 && chord.function.degree <= 6) {
src/notation/internal/notationimplodebridge.cpp,1243,12,emitImplodedChordTrack,bool chordPcs[12] = {};
src/notation/internal/notationimplodebridge.cpp,1245,12,emitImplodedChordTrack,chordPcs[pc % 12] = true;
src/notation/internal/notationimplodebridge.cpp,1252,7,emitImplodedChordTrack,for (int candidateFifths = -7; candidateFifths <= 7; ++candidateFifths) {
src/notation/internal/notationimplodebridge.cpp,1252,7,emitImplodedChordTrack,for (int candidateFifths = -7; candidateFifths <= 7; ++candidateFifths) {
src/notation/internal/notationimplodebridge.cpp,1260,7,emitImplodedChordTrack,const int ionianPc = ((candidateFifths * 7) % 12 + 12) % 12;
src/notation/internal/notationimplodebridge.cpp,1260,12,emitImplodedChordTrack,const int ionianPc = ((candidateFifths * 7) % 12 + 12) % 12;
src/notation/internal/notationimplodebridge.cpp,1260,12,emitImplodedChordTrack,const int ionianPc = ((candidateFifths * 7) % 12 + 12) % 12;
src/notation/internal/notationimplodebridge.cpp,1260,12,emitImplodedChordTrack,const int ionianPc = ((candidateFifths * 7) % 12 + 12) % 12;
src/notation/internal/notationimplodebridge.cpp,1265,5,emitImplodedChordTrack,if (recordArm && mi != 0 && mi != 5) {
src/notation/internal/notationimplodebridge.cpp,1269,12,emitImplodedChordTrack,const int tonicPc = (ionianPc + keyModeTonicOffset(candidateMode)) % 12;
src/notation/internal/notationimplodebridge.cpp,1271,12,emitImplodedChordTrack,bool scalePcs[12] = {};
src/notation/internal/notationimplodebridge.cpp,1273,12,emitImplodedChordTrack,scalePcs[(tonicPc + iv) % 12] = true;
src/notation/internal/notationimplodebridge.cpp,1276,12,emitImplodedChordTrack,for (int pc = 0; pc < 12; ++pc) {
src/notation/internal/notationimplodebridge.cpp,1283,5,emitImplodedChordTrack,|| (dist == bestDist && (mi == 0 || mi == 5))) {
src/notation/internal/notationtuningbridge.cpp,184,0.0,computeTieChainOffset,outOffset = (tuningMode == TuningMode::FreeDrift) ? authorityNote->tuning() : 0.0;
src/notation/internal/notationtuningbridge.cpp,202,12,computeTieChainOffset,keyModeResult.tonicPc = (ionianPc + keyModeTonicOffset(keyMode)) % 12;
src/notation/internal/notationtuningbridge.cpp,205,12,computeTieChainOffset,"const int semitones = semitoneFromPitches(authorityNote->ppitch() % 12,"
src/notation/internal/notationtuningbridge.cpp,561,12,applyTuningAtNote,keyModeResult.tonicPc = (ionianPc + keyModeTonicOffset(keyMode)) % 12;
src/notation/internal/notationtuningbridge.cpp,569,0.5,applyTuningAtNote,static constexpr double kEpsilonCents = 0.5;
src/notation/internal/notationtuningbridge.cpp,572,12,applyTuningAtNote,"const int semitones = semitoneFromPitches(ppitch % 12, chordResult.identity.rootPc);"
src/notation/internal/notationtuningbridge.cpp,597,0.0,applyTuningAtNote,double meanShift = 0.0;
src/notation/internal/notationtuningbridge.cpp,599,0.0,applyTuningAtNote,double sum = 0.0;
src/notation/internal/notationtuningbridge.cpp,667,4,applyTuningAtNote,"const Fraction backLimit = tick - Fraction(4, 1);"
src/notation/internal/notationtuningbridge.cpp,812,0.5,applyRegionTuning,static constexpr double kEpsilonCents = 0.5;
src/notation/internal/notationtuningbridge.cpp,823,12,applyRegionTuning,"const int semitones = semitoneFromPitches(ppitch % 12, chord.identity.rootPc);"
src/notation/internal/notationtuningbridge.cpp,847,0.0,applyRegionTuning,double driftAdjustment = 0.0;
src/notation/internal/notationtuningbridge.cpp,883,4,applyRegionTuning,"const Fraction backLimit = rStart - Fraction(4, 1);"
src/notation/internal/notationtuningbridge.cpp,961,0.0,applyRegionTuning,double meanShift = 0.0;
src/notation/internal/notationtuningbridge.cpp,963,0.0,applyRegionTuning,double sum = 0.0;
src/notation/internal/notationtuningbridge.cpp,1070,0.0,applyRegionTuning,double tieOffset = 0.0;
src/notation/internal/notationtuningbridge.cpp,1146,0.0,applyRegionTuning,"n->undoChangeProperty(Pid::TUNING, 0.0);"
src/notation/internal/notationtuningbridge.cpp,1191,4,applyRegionTuning,"const Fraction backLimit = rStart - Fraction(4, 1);"
tools/joint_estimator/adoption_measure.py,69,4,<module-scope>,SEG_CAP = 4
tools/joint_estimator/adoption_measure.py,210,3,phase_decode,"""timing"": {""decode_mean_s"": round(sum(t for _s, t, _e in timings) / len(timings), 3),"
tools/joint_estimator/adoption_measure.py,211,3,phase_decode,"""decode_max_s"": round(max(t for _s, t, _e in timings), 3),"
tools/joint_estimator/adoption_measure.py,160,25,phase_decode,if verbose and idx % 25 == 0:
tools/joint_estimator/adoption_measure.py,214,8,phase_decode,"key=lambda x: -x[1])[:8]},"
tools/joint_estimator/adoption_measure.py,157,2,phase_decode,"theirs = [(x[0], x[1], x[2], x[3], x[4]) for x in oracle_sel[stem][""segments""]]"
tools/joint_estimator/adoption_measure.py,157,3,phase_decode,"theirs = [(x[0], x[1], x[2], x[3], x[4]) for x in oracle_sel[stem][""segments""]]"
tools/joint_estimator/adoption_measure.py,157,4,phase_decode,"theirs = [(x[0], x[1], x[2], x[3], x[4]) for x in oracle_sel[stem][""segments""]]"
tools/joint_estimator/adoption_measure.py,213,2,phase_decode,"""slowest"": sorted([(s, round(t, 2), e) for s, t, e in timings],"
tools/joint_estimator/adoption_measure_b.py,45,5.28,<module-scope>,GT_MOD_RATE = 5.28          # the committed ground-truth local-key change rate (search report §3)
tools/joint_estimator/adoption_measure_b.py,46,0.75,<module-scope>,"MOD_BAND = (0.75, 1.25)     # ★R (i-b): A's rate must sit within [0.75x, 1.25x] of the GT rate"
tools/joint_estimator/adoption_measure_b.py,46,1.25,<module-scope>,"MOD_BAND = (0.75, 1.25)     # ★R (i-b): A's rate must sit within [0.75x, 1.25x] of the GT rate"
tools/joint_estimator/adoption_measure_b.py,297,2,main,"band = (round(MOD_BAND[0] * gt_rate, 2), round(MOD_BAND[1] * gt_rate, 2))"
tools/joint_estimator/adoption_measure_b.py,297,2,main,"band = (round(MOD_BAND[0] * gt_rate, 2), round(MOD_BAND[1] * gt_rate, 2))"
tools/joint_estimator/adoption_measure_b.py,299,2,main,"""a_mean_key_changes_per_piece"": round(a_rate, 2),"
tools/joint_estimator/adoption_measure_b.py,300,2,main,"""gt_mean_key_changes_per_piece_measured"": round(gt_rate, 2),"
tools/joint_estimator/adoption_measure_b.py,81,2,parse_runs_spans,if i < 2 or not ln.strip():
tools/joint_estimator/adoption_measure_b.py,88,8,parse_runs_spans,"dur, orr, dr, cls = int(m.group(5)), int(m.group(6)), int(m.group(7)), m.group(8)"
tools/joint_estimator/adoption_measure_b.py,214,2,gt_self_agreement_ceiling,"""ceiling_home_pct"": round(100.0 * home_eq_local / scored, 2) if scored else None,"
tools/joint_estimator/adoption_measure_b.py,215,2,gt_self_agreement_ceiling,"""modulated_fraction_pct"": round(100.0 * home_ne_local / scored, 2) if scored else None,"
tools/joint_estimator/adoption_measure_b.py,240,2,paired_bootstrap,"out[axis] = {""mean"": round(float(d.mean()), 2), ""lo"": round(lo, 2), ""hi"": round(hi, 2),"
tools/joint_estimator/adoption_measure_b.py,240,2,paired_bootstrap,"out[axis] = {""mean"": round(float(d.mean()), 2), ""lo"": round(lo, 2), ""hi"": round(hi, 2),"
tools/joint_estimator/adoption_measure_b.py,240,2,paired_bootstrap,"out[axis] = {""mean"": round(float(d.mean()), 2), ""lo"": round(lo, 2), ""hi"": round(hi, 2),"
tools/joint_estimator/adoption_measure_b.py,319,2,main,"""pct_change"": round(100.0 * (cand_cb - ref_cb) / ref_cb, 2),"
tools/joint_estimator/adoption_measure_b.py,87,2,parse_runs_spans,"stem, start, end = m.group(1), int(m.group(2)), int(m.group(4))"
tools/joint_estimator/adoption_measure_b.py,87,4,parse_runs_spans,"stem, start, end = m.group(1), int(m.group(2)), int(m.group(4))"
tools/joint_estimator/adoption_measure_b.py,88,5,parse_runs_spans,"dur, orr, dr, cls = int(m.group(5)), int(m.group(6)), int(m.group(7)), m.group(8)"
tools/joint_estimator/adoption_measure_b.py,88,6,parse_runs_spans,"dur, orr, dr, cls = int(m.group(5)), int(m.group(6)), int(m.group(7)), m.group(8)"
tools/joint_estimator/adoption_measure_b.py,88,7,parse_runs_spans,"dur, orr, dr, cls = int(m.group(5)), int(m.group(6)), int(m.group(7)), m.group(8)"
tools/joint_estimator/adoption_measure_b.py,132,12,diagnose_setdiff,interval = (dr - orr) % 12 if (dr >= 0 and orr >= 0) else None
tools/joint_estimator/adoption_measure_b.py,236,100.0,paired_bootstrap,"draws[name][axis] = 100.0 * num / np.maximum(1.0, den)"
tools/joint_estimator/adoption_measure_b.py,239,2.5,paired_bootstrap,"lo, hi = float(np.percentile(d, 2.5)), float(np.percentile(d, 97.5))"
tools/joint_estimator/adoption_measure_b.py,239,97.5,paired_bootstrap,"lo, hi = float(np.percentile(d, 2.5)), float(np.percentile(d, 97.5))"
tools/joint_estimator/adoption_measure_b.py,551,40,write_summary,"print(""\n"".join(L[:40]))"
tools/joint_estimator/adoption_measure_b.py,143,7,diagnose_setdiff,"interval_class = {0: ""same-root(other-error)"", 7: ""fifth"", 5: ""fourth"", 3: ""minor-third"","
tools/joint_estimator/adoption_measure_b.py,143,5,diagnose_setdiff,"interval_class = {0: ""same-root(other-error)"", 7: ""fifth"", 5: ""fourth"", 3: ""minor-third"","
tools/joint_estimator/adoption_measure_b.py,143,3,diagnose_setdiff,"interval_class = {0: ""same-root(other-error)"", 7: ""fifth"", 5: ""fourth"", 3: ""minor-third"","
tools/joint_estimator/adoption_measure_b.py,144,9,diagnose_setdiff,"9: ""major-sixth"", 4: ""major-third"", 8: ""minor-sixth"", 2: ""whole-tone"","
tools/joint_estimator/adoption_measure_b.py,144,4,diagnose_setdiff,"9: ""major-sixth"", 4: ""major-third"", 8: ""minor-sixth"", 2: ""whole-tone"","
tools/joint_estimator/adoption_measure_b.py,144,8,diagnose_setdiff,"9: ""major-sixth"", 4: ""major-third"", 8: ""minor-sixth"", 2: ""whole-tone"","
tools/joint_estimator/adoption_measure_b.py,144,2,diagnose_setdiff,"9: ""major-sixth"", 4: ""major-third"", 8: ""minor-sixth"", 2: ""whole-tone"","
tools/joint_estimator/adoption_measure_b.py,145,10,diagnose_setdiff,"10: ""minor-seventh"", 1: ""semitone"", 11: ""leading-tone"", 6: ""tritone""}.get("
tools/joint_estimator/adoption_measure_b.py,145,11,diagnose_setdiff,"10: ""minor-seventh"", 1: ""semitone"", 11: ""leading-tone"", 6: ""tritone""}.get("
tools/joint_estimator/adoption_measure_b.py,145,6,diagnose_setdiff,"10: ""minor-seventh"", 1: ""semitone"", 11: ""leading-tone"", 6: ""tritone""}.get("
tools/joint_estimator/adoption_measure_b.py,214,100.0,gt_self_agreement_ceiling,"""ceiling_home_pct"": round(100.0 * home_eq_local / scored, 2) if scored else None,"
tools/joint_estimator/adoption_measure_b.py,215,100.0,gt_self_agreement_ceiling,"""modulated_fraction_pct"": round(100.0 * home_ne_local / scored, 2) if scored else None,"
tools/joint_estimator/adoption_measure_b.py,282,0.02,main,"and abs(pooled[""root_agree_pct""] - man[""root_agree_pct""]) < 0.02),"
tools/joint_estimator/adoption_measure_b.py,319,100.0,main,"""pct_change"": round(100.0 * (cand_cb - ref_cb) / ref_cb, 2),"
tools/joint_estimator/fit_run.py,51,2000,<module-scope>,BOOTSTRAP_B = 2000
tools/joint_estimator/fit_run.py,52,20260719,<module-scope>,BOOTSTRAP_SEED = 20260719
tools/joint_estimator/fit_run.py,56,74.43,<module-scope>,"STEP1_IDENTITY = {""key_local_agree_pct"": 74.43, ""key_home_agree_pct"": 53.67,"
tools/joint_estimator/fit_run.py,56,53.67,<module-scope>,"STEP1_IDENTITY = {""key_local_agree_pct"": 74.43, ""key_home_agree_pct"": 53.67,"
tools/joint_estimator/fit_run.py,57,72.97,<module-scope>,"""root_agree_pct"": 72.97, ""rn_agree_pct"": 59.50}"
tools/joint_estimator/fit_run.py,57,59.5,<module-scope>,"""root_agree_pct"": 72.97, ""rn_agree_pct"": 59.50}"
tools/joint_estimator/fit_run.py,59,77.0,<module-scope>,"PREDICTION_BANDS = {""key_local_agree_pct"": (77.0, 85.0), ""key_home_agree_pct"": (62.0, 75.0),"
tools/joint_estimator/fit_run.py,59,85.0,<module-scope>,"PREDICTION_BANDS = {""key_local_agree_pct"": (77.0, 85.0), ""key_home_agree_pct"": (62.0, 75.0),"
tools/joint_estimator/fit_run.py,59,62.0,<module-scope>,"PREDICTION_BANDS = {""key_local_agree_pct"": (77.0, 85.0), ""key_home_agree_pct"": (62.0, 75.0),"
tools/joint_estimator/fit_run.py,59,75.0,<module-scope>,"PREDICTION_BANDS = {""key_local_agree_pct"": (77.0, 85.0), ""key_home_agree_pct"": (62.0, 75.0),"
tools/joint_estimator/fit_run.py,60,72.0,<module-scope>,"""root_agree_pct"": (72.0, 78.0), ""rn_agree_pct"": (60.0, 68.0)}"
tools/joint_estimator/fit_run.py,60,78.0,<module-scope>,"""root_agree_pct"": (72.0, 78.0), ""rn_agree_pct"": (60.0, 68.0)}"
tools/joint_estimator/fit_run.py,60,60.0,<module-scope>,"""root_agree_pct"": (72.0, 78.0), ""rn_agree_pct"": (60.0, 68.0)}"
tools/joint_estimator/fit_run.py,60,68.0,<module-scope>,"""root_agree_pct"": (72.0, 78.0), ""rn_agree_pct"": (60.0, 68.0)}"
tools/joint_estimator/fit_run.py,178,2,prune_cost,"out[""loss_pp""] = {axis: round(out[""loose""][axis] - out[""tight""][axis], 2) for axis in AXES}"
tools/joint_estimator/fit_run.py,509,118,write_summary,"""-"" * 118]"
tools/joint_estimator/fit_run.py,536,96,write_summary,"L.append(""-"" * 96)"
tools/joint_estimator/fit_run.py,112,2,pooled,"out[axis] = round(100.0 * g[a] / tot, 2) if tot else None"
tools/joint_estimator/fit_run.py,159,4,prune_cost,"for name, (cap, topk) in ((""tight"", (4, 6)), (""loose"", (6, 12))):"
tools/joint_estimator/fit_run.py,159,6,prune_cost,"for name, (cap, topk) in ((""tight"", (4, 6)), (""loose"", (6, 12))):"
tools/joint_estimator/fit_run.py,159,6,prune_cost,"for name, (cap, topk) in ((""tight"", (4, 6)), (""loose"", (6, 12))):"
tools/joint_estimator/fit_run.py,159,12,prune_cost,"for name, (cap, topk) in ((""tight"", (4, 6)), (""loose"", (6, 12))):"
tools/joint_estimator/fit_run.py,320,4,deceptive_cadence_check,"case.drop_prefix), 4)"
tools/joint_estimator/fit_run.py,323,4,deceptive_cadence_check,"""margin"": round(order[0][1] - order[1][1], 4),"
tools/joint_estimator/fit_run.py,388,3,mechanism_report,"""relative_weights_vs_emission"": {k: round(v, 3) for k, v in rel.items()},"
tools/joint_estimator/fit_run.py,100,50,decode_and_grade,if verbose and idx % 50 == 0:
tools/joint_estimator/fit_run.py,139,100.0,bootstrap,"v = 100.0 * num / np.maximum(1.0, den)"
tools/joint_estimator/fit_run.py,141,2,bootstrap,"out[""arms""][name][axis] = {""lo"": round(float(np.percentile(v, 2.5)), 2),"
tools/joint_estimator/fit_run.py,142,2,bootstrap,"""hi"": round(float(np.percentile(v, 97.5)), 2)}"
tools/joint_estimator/fit_run.py,147,2,bootstrap,"""mean"": round(float(d.mean()), 2),"
tools/joint_estimator/fit_run.py,148,2,bootstrap,"""lo"": round(float(np.percentile(d, 2.5)), 2),"
tools/joint_estimator/fit_run.py,149,2,bootstrap,"""hi"": round(float(np.percentile(d, 97.5)), 2),"
tools/joint_estimator/fit_run.py,175,2,prune_cost,"cols[axis] = round(100.0 * g[a] / tot, 2) if tot else None"
tools/joint_estimator/fit_run.py,282,4,cadence_window_report,"""single_event"": {f: round(old[f] / max(1, old[""boundaries""]), 4)"
tools/joint_estimator/fit_run.py,284,4,cadence_window_report,"""four_beat"": {f: round(new[f] / max(1, new[""boundaries""]), 4)"
tools/joint_estimator/fit_run.py,369,3,mechanism_report,"/ max(1, sum(by_key.values())), 3)}"
tools/joint_estimator/fit_run.py,443,2,main,"""vs_step1_identity_pp"": (round(v - STEP1_IDENTITY[axis], 2)"
tools/joint_estimator/fit_run.py,478,3,main,"""timing"": {name: {""mean_s"": round(float(np.mean(a[""timings""])), 3),"
tools/joint_estimator/fit_run.py,479,3,main,"""max_s"": round(float(np.max(a[""timings""])), 3),"
tools/joint_estimator/fit_run.py,112,100.0,pooled,"out[axis] = round(100.0 * g[a] / tot, 2) if tot else None"
tools/joint_estimator/fit_run.py,391,100.0,mechanism_report,"""relative_change_pct"": round(100.0 * (tot[""fitted""] - tot[""identity""])"
tools/joint_estimator/fit_run.py,141,2.5,bootstrap,"out[""arms""][name][axis] = {""lo"": round(float(np.percentile(v, 2.5)), 2),"
tools/joint_estimator/fit_run.py,142,97.5,bootstrap,"""hi"": round(float(np.percentile(v, 97.5)), 2)}"
tools/joint_estimator/fit_run.py,148,2.5,bootstrap,"""lo"": round(float(np.percentile(d, 2.5)), 2),"
tools/joint_estimator/fit_run.py,149,97.5,bootstrap,"""hi"": round(float(np.percentile(d, 97.5)), 2),"
tools/joint_estimator/fit_run.py,175,100.0,prune_cost,"cols[axis] = round(100.0 * g[a] / tot, 2) if tot else None"
tools/joint_estimator/fit_run.py,212,1440,sensitive_cases,"""tick"": {""bwv352"": 1440, ""bwv10.7"": 36000, ""bwv88.7"": 0}.get(stem, 0),"
tools/joint_estimator/fit_run.py,212,36000,sensitive_cases,"""tick"": {""bwv352"": 1440, ""bwv10.7"": 36000, ""bwv88.7"": 0}.get(stem, 0),"
tools/joint_estimator/fit_run.py,235,300,cadence_window_report,"f""{blob.stderr[:300]}"")"
tools/joint_estimator/fit_run.py,593,40,write_summary,"f""monotone {ff['monotone_decrease']}  {ff['status'][:40]}"")"
tools/joint_estimator/fit_run.py,150,2.5,bootstrap,"""excludes_zero"": bool(np.percentile(d, 2.5) > 0 or np.percentile(d, 97.5) < 0)}"
tools/joint_estimator/fit_run.py,150,97.5,bootstrap,"""excludes_zero"": bool(np.percentile(d, 2.5) > 0 or np.percentile(d, 97.5) < 0)}"
tools/joint_estimator/fit_run.py,213,1440,sensitive_cases,"""fitted"": reading(r_f, {""bwv352"": 1440, ""bwv10.7"": 36000, ""bwv88.7"": 0}.get(stem, 0)),"
tools/joint_estimator/fit_run.py,213,36000,sensitive_cases,"""fitted"": reading(r_f, {""bwv352"": 1440, ""bwv10.7"": 36000, ""bwv88.7"": 0}.get(stem, 0)),"
tools/joint_estimator/fit_run.py,214,1440,sensitive_cases,"""identity"": reading(r_i, {""bwv352"": 1440, ""bwv10.7"": 36000, ""bwv88.7"": 0}.get(stem, 0)),"
tools/joint_estimator/fit_run.py,214,36000,sensitive_cases,"""identity"": reading(r_i, {""bwv352"": 1440, ""bwv10.7"": 36000, ""bwv88.7"": 0}.get(stem, 0)),"
tools/joint_estimator/fit_run.py,206,100.0,cols,"return {axis: (round(100.0 * g[a] / (g[a] + g[d]), 1) if (g[a] + g[d]) else None)"
tools/joint_estimator/fit_weights.py,80,4,<module-scope>,SEG_CAP = 4                          # the committed decode configuration (probe_run.SEG_CAP)
tools/joint_estimator/fit_weights.py,679,200,fit,"def fit(training: TrainingSet, lam, x0=None, maxiter=200, verbose=False):"
tools/joint_estimator/fit_weights.py,833,1e-05,establish_gradient,"def establish_gradient(training: TrainingSet, x=None, lam=0.0, eps=1e-5, verbose=True):"
tools/joint_estimator/fit_weights.py,859,6,establish_forward_backward,"def establish_forward_backward(units, ts: TableSet, x=None, k=6):"
tools/joint_estimator/fit_weights.py,884,0.01,<module-scope>,"LAMBDA_GRID = (1e-2, 3e-3, 1e-3, 3e-4)"
tools/joint_estimator/fit_weights.py,884,0.003,<module-scope>,"LAMBDA_GRID = (1e-2, 3e-3, 1e-3, 3e-4)"
tools/joint_estimator/fit_weights.py,884,0.001,<module-scope>,"LAMBDA_GRID = (1e-2, 3e-3, 1e-3, 3e-4)"
tools/joint_estimator/fit_weights.py,884,0.0003,<module-scope>,"LAMBDA_GRID = (1e-2, 3e-3, 1e-3, 3e-4)"
tools/joint_estimator/fit_weights.py,334,4,build_unit,"lat.cand_feat = np.asarray(cand_feat, dtype=np.float64).reshape(-1, 4)"
tools/joint_estimator/fit_weights.py,356,24,build_unit,"ps = np.zeros(24, dtype=np.float64)"
tools/joint_estimator/fit_weights.py,357,24,build_unit,"pinc = np.zeros(24, dtype=np.float64)"
tools/joint_estimator/fit_weights.py,455,24,unit_logZ_and_expect,"K, KC = 24, 24 * lat.C"
tools/joint_estimator/fit_weights.py,135,24,__init__,for ka in range(24):
tools/joint_estimator/fit_weights.py,149,12,kkey,"return (kidx % 12, kidx < 12)"
tools/joint_estimator/fit_weights.py,149,12,kkey,"return (kidx % 12, kidx < 12)"
tools/joint_estimator/fit_weights.py,153,12,kidx_of,return (tonic % 12) if is_major else (tonic % 12) + 12
tools/joint_estimator/fit_weights.py,153,12,kidx_of,return (tonic % 12) if is_major else (tonic % 12) + 12
tools/joint_estimator/fit_weights.py,227,2,gt_path_for_unit,si = labels[i][2]
tools/joint_estimator/fit_weights.py,345,24,build_unit,"cad = np.zeros((n, 24, 4), dtype=np.float64)"
tools/joint_estimator/fit_weights.py,345,4,build_unit,"cad = np.zeros((n, 24, 4), dtype=np.float64)"
tools/joint_estimator/fit_weights.py,347,24,build_unit,for k in range(24):
tools/joint_estimator/fit_weights.py,359,24,build_unit,for k in range(24):
tools/joint_estimator/fit_weights.py,455,24,unit_logZ_and_expect,"K, KC = 24, 24 * lat.C"
tools/joint_estimator/fit_weights.py,846,1e-09,establish_gradient,"rel = np.abs(g - num) / np.maximum(1e-9, np.abs(num))"
tools/joint_estimator/fit_weights.py,121,2,__init__,"self.Lchord = np.empty((2, C, C), dtype=np.float64)"
tools/joint_estimator/fit_weights.py,129,2,__init__,"self.Lentry = np.empty((2, C), dtype=np.float64)"
tools/joint_estimator/fit_weights.py,134,24,__init__,"self.Lkey = np.empty((24, 24), dtype=np.float64)"
tools/joint_estimator/fit_weights.py,134,24,__init__,"self.Lkey = np.empty((24, 24), dtype=np.float64)"
tools/joint_estimator/fit_weights.py,136,24,__init__,for kb in range(24):
tools/joint_estimator/fit_weights.py,153,12,kidx_of,return (tonic % 12) if is_major else (tonic % 12) + 12
tools/joint_estimator/fit_weights.py,602,2,unit_logZ_and_expect,"EF[[WI[x] for x in CAD_W]] = np.einsum(""bk,bkf->f"", mu.sum(axis=2), lat.cad)"
tools/joint_estimator/fit_weights.py,699,1e-11,fit,"options={""maxiter"": maxiter, ""ftol"": 1e-11, ""gtol"": 1e-6})"
tools/joint_estimator/fit_weights.py,699,1e-06,fit,"options={""maxiter"": maxiter, ""ftol"": 1e-11, ""gtol"": 1e-6})"
tools/joint_estimator/fit_weights.py,712,6,fit,"""objective_trace_head"": [round(v, 6) for v in trace[:5]],"
tools/joint_estimator/fit_weights.py,713,6,fit,"""objective_trace_tail"": [round(v, 6) for v in trace[-5:]],"
tools/joint_estimator/fit_weights.py,830,1e-06,establish_viterbi_parity,"return {""rows"": rows, ""max_abs_delta"": worst, ""pass"": bool(worst < 1e-6)}"
tools/joint_estimator/fit_weights.py,845,2,establish_gradient,num[i] = (fp - fm) / (2 * eps)
tools/joint_estimator/fit_weights.py,852,1e-06,establish_gradient,"""pass"": bool(np.max(np.abs(g - num)) < 1e-6)}"
tools/joint_estimator/fit_weights.py,142,12,__init__,"self.kmode = np.array([0] * 12 + [1] * 12, dtype=np.int64)"
tools/joint_estimator/fit_weights.py,142,12,__init__,"self.kmode = np.array([0] * 12 + [1] * 12, dtype=np.int64)"
tools/joint_estimator/fit_weights.py,229,2,gt_path_for_unit,while j + 1 < hi and labels[j + 1][2] == si:
tools/joint_estimator/fit_weights.py,631,12,unit_logZ_and_expect,"for mi, sl in ((0, slice(0, 12)), (1, slice(12, 24))):"
tools/joint_estimator/fit_weights.py,631,12,unit_logZ_and_expect,"for mi, sl in ((0, slice(0, 12)), (1, slice(12, 24))):"
tools/joint_estimator/fit_weights.py,631,24,unit_logZ_and_expect,"for mi, sl in ((0, slice(0, 12)), (1, slice(12, 24))):"
tools/joint_estimator/fit_weights.py,795,40,build_units,if verbose and idx % 40 == 0:
tools/joint_estimator/fit_weights.py,823,6,establish_viterbi_parity,"rows.append({""stem"": stem, ""decoder_score"": round(r.total_score, 6),"
tools/joint_estimator/fit_weights.py,824,6,establish_viterbi_parity,"""lattice_maxplus"": round(best, 6),"
tools/joint_estimator/fit_weights.py,825,9,establish_viterbi_parity,"""delta"": round(best - r.total_score, 9)})"
tools/joint_estimator/fit_weights.py,866,8,establish_forward_backward,"rows.append({""stem"": u.stem, ""span"": [u.lo, u.hi], ""logZ_forward"": round(lz, 8),"
tools/joint_estimator/fit_weights.py,867,8,establish_forward_backward,"""logZ_backward"": round(lzb, 8), ""delta"": round(lzb - lz, 10),"
tools/joint_estimator/fit_weights.py,867,10,establish_forward_backward,"""logZ_backward"": round(lzb, 8), ""delta"": round(lzb - lz, 10),"
tools/joint_estimator/fit_weights.py,868,6,establish_forward_backward,"""gt_path_score"": round(float(u.F_gt @ x), 6),"
tools/joint_estimator/fit_weights.py,869,6,establish_forward_backward,"""logZ_minus_gt"": round(lz - float(u.F_gt @ x), 6)})"
tools/joint_estimator/fit_weights.py,138,24,__init__,"self.Lstay = np.array([self.Lkey[k, k] for k in range(24)], dtype=np.float64)"
tools/joint_estimator/fit_weights.py,578,12,unit_logZ_and_expect,"for mi, sl in ((0, slice(0, 12)), (1, slice(12, 24))):"
tools/joint_estimator/fit_weights.py,578,12,unit_logZ_and_expect,"for mi, sl in ((0, slice(0, 12)), (1, slice(12, 24))):"
tools/joint_estimator/fit_weights.py,578,24,unit_logZ_and_expect,"for mi, sl in ((0, slice(0, 12)), (1, slice(12, 24))):"
tools/joint_estimator/fit_weights.py,676,2.0,nll_and_grad,"return tot / T + lam * float(d @ d), gsum / T + 2.0 * lam * d"
tools/joint_estimator/fit_weights.py,712,5,fit,"""objective_trace_head"": [round(v, 6) for v in trace[:5]],"
tools/joint_estimator/fit_weights.py,490,12,trans_in,"for mi, sl in ((0, slice(0, 12)), (1, slice(12, 24))):"
tools/joint_estimator/fit_weights.py,490,12,trans_in,"for mi, sl in ((0, slice(0, 12)), (1, slice(12, 24))):"
tools/joint_estimator/fit_weights.py,490,24,trans_in,"for mi, sl in ((0, slice(0, 12)), (1, slice(12, 24))):"
tools/joint_estimator/fit_weights.py,493,12,trans_in,"for mi, sl in ((0, slice(0, 12)), (1, slice(12, 24))):"
tools/joint_estimator/fit_weights.py,493,12,trans_in,"for mi, sl in ((0, slice(0, 12)), (1, slice(12, 24))):"
tools/joint_estimator/fit_weights.py,493,24,trans_in,"for mi, sl in ((0, slice(0, 12)), (1, slice(12, 24))):"
tools/joint_estimator/fit_weights.py,710,1e-12,fit,"""monotone_decrease"": bool(all(trace[i + 1] <= trace[i] + 1e-12 for i in range(len(trace) - 1))),"
tools/joint_estimator/fit_weights.py,713,5,fit,"""objective_trace_tail"": [round(v, 6) for v in trace[-5:]],"
tools/joint_estimator/fit_weights.py,872,1e-06,establish_forward_backward,"""gt_within_Z"": bool(all(r[""logZ_minus_gt""] >= -1e-6 for r in rows))}"
tools/joint_estimator/fit_weights.py,931,8,run_fit,"TrainingSet(units[:8], ts, ""gradcheck""), verbose=verbose)"
tools/joint_estimator/gen_content_dp_split.py,61,4,<module-scope>,SEG_CAP = 4
tools/joint_estimator/gen_content_dp_split.py,101,3,main,"ap.add_argument(""--stride"", type=int, default=3, help=""sample every Nth name-sorted stem (default 3)"")"
tools/joint_estimator/gen_content_dp_split.py,147,1e-09,main,"score_ok = abs(res.total_score - parity_sel[stem][""total_score""]) < 1e-9"
tools/joint_estimator/gen_content_dp_split.py,217,100,main,"f""{100*(agg['content_frac_pooled'] or 0):.1f}%  DP = """
tools/joint_estimator/gen_content_dp_split.py,218,100,main,"f""{100*(1-(agg['content_frac_pooled'] or 0)):.1f}%  """
tools/joint_estimator/gen_content_dp_split.py,219,100,main,"f""(per-piece content frac range {100*(agg['content_frac_min'] or 0):.1f}"""
tools/joint_estimator/gen_content_dp_split.py,220,100,main,"f""-{100*(agg['content_frac_max'] or 0):.1f}%)"")"
tools/joint_estimator/gen_content_dp_split.py,146,2,main,"exp = [(seg[0], seg[1], seg[2], seg[3], seg[4]) for seg in parity_sel[stem][""segments""]]"
tools/joint_estimator/gen_content_dp_split.py,146,3,main,"exp = [(seg[0], seg[1], seg[2], seg[3], seg[4]) for seg in parity_sel[stem][""segments""]]"
tools/joint_estimator/gen_content_dp_split.py,146,4,main,"exp = [(seg[0], seg[1], seg[2], seg[3], seg[4]) for seg in parity_sel[stem][""segments""]]"
tools/joint_estimator/gen_content_dp_split.py,166,100,main,"f""content={content:7.3f}s ({100*content/total:4.1f}%) dp={dp:7.3f}s """
tools/joint_estimator/gen_content_dp_split.py,173,3,main,"f""NOT on the production decode for them: {stops[:3]}"", file=sys.stderr)"
tools/joint_estimator/gen_count_inventory.py,57,2.0,<module-scope>,UNPARSEABLE_STOP_PCT = 2.0             # ratified establishment check (ii)
tools/joint_estimator/gen_count_inventory.py,137,12,_cof_distance,"ca, cb = (a * 7) % 12, (b * 7) % 12"
tools/joint_estimator/gen_count_inventory.py,137,12,_cof_distance,"ca, cb = (a * 7) % 12, (b * 7) % 12"
tools/joint_estimator/gen_count_inventory.py,139,12,_cof_distance,"return min(d, 12 - d)"
tools/joint_estimator/gen_count_inventory.py,464,6,_analysis_excerpt,if len(lines) >= 6:
tools/joint_estimator/gen_count_inventory.py,482,4,main,check_stems = [s for s in check_stems if s in covered][:4]
tools/joint_estimator/gen_count_inventory.py,137,7,_cof_distance,"ca, cb = (a * 7) % 12, (b * 7) % 12"
tools/joint_estimator/gen_count_inventory.py,137,7,_cof_distance,"ca, cb = (a * 7) % 12, (b * 7) % 12"
tools/joint_estimator/gen_count_inventory.py,146,12,_key_change_kind,if fmaj and not tmaj and tt == (ft + 9) % 12:      # major -> its relative minor
tools/joint_estimator/gen_count_inventory.py,148,12,_key_change_kind,if (not fmaj) and tmaj and tt == (ft + 3) % 12:    # minor -> its relative major
tools/joint_estimator/gen_count_inventory.py,263,100.0,run,unparse_pct = 100.0 * total_unparse_all / total_labels_all if total_labels_all else 0.0
tools/joint_estimator/gen_count_inventory.py,319,15,run,"""raw_label_histogram"": hist_block(raw_hist, top_n=15),"
tools/joint_estimator/gen_count_inventory.py,328,4,run,"""rate_pct"": round(unparse_pct, 4),"
tools/joint_estimator/gen_count_inventory.py,146,9,_key_change_kind,if fmaj and not tmaj and tt == (ft + 9) % 12:      # major -> its relative minor
tools/joint_estimator/gen_count_inventory.py,148,3,_key_change_kind,if (not fmaj) and tmaj and tt == (ft + 3) % 12:    # minor -> its relative major
tools/joint_estimator/gen_count_inventory.py,321,15,run,"**hist_block(norm_hist, top_n=15),"
tools/joint_estimator/gen_count_inventory.py,339,12,run,"""examples"": gap_halfdim.most_common(12),"
tools/joint_estimator/gen_count_inventory.py,344,12,run,"""examples"": gap_seventh_as_triad.most_common(12),"
tools/joint_estimator/gen_count_inventory.py,352,15,run,"""major"": hist_block(trans_major, top_n=15),"
tools/joint_estimator/gen_count_inventory.py,353,15,run,"""minor"": hist_block(trans_minor, top_n=15),"
tools/joint_estimator/gen_count_inventory.py,369,15,run,"**hist_block(entry_hist, top_n=15),"
tools/joint_estimator/gen_count_inventory.py,383,4,run,"""rate_pct"": round(unparse_pct, 4),"
tools/joint_estimator/gen_count_inventory.py,259,14,run,"""first_labels"": seq[:14],"
tools/joint_estimator/gen_decode_parity_ref.py,30,4,<module-scope>,SEG_CAP = 4
tools/joint_estimator/gen_decode_parity_ref.py,67,40,_decode_all,if idx % 40 == 0:
tools/joint_estimator/gen_embedded_tables.py,66,2048,<module-scope>,CHUNK_BYTES = 2048
tools/joint_estimator/gen_embedded_tables.py,69,34,<module-scope>,"0x22: '\\""',    # """
tools/joint_estimator/gen_embedded_tables.py,70,92,<module-scope>,"0x5c: '\\\\',   # backslash"
tools/joint_estimator/gen_embedded_tables.py,71,10,<module-scope>,"0x0a: '\\n',    # LF"
tools/joint_estimator/gen_embedded_tables.py,72,13,<module-scope>,"0x0d: '\\r',    # CR"
tools/joint_estimator/gen_embedded_tables.py,73,9,<module-scope>,"0x09: '\\t',    # HT"
tools/joint_estimator/gen_embedded_tables.py,74,63,<module-scope>,"0x3f: '\\?',    # ? — escaped to make trigraph sequences impossible"
tools/joint_estimator/gen_embedded_tables.py,84,32,escape_byte,if 0x20 <= b <= 0x7e:
tools/joint_estimator/gen_embedded_tables.py,84,126,escape_byte,if 0x20 <= b <= 0x7e:
tools/joint_estimator/gen_embedded_tables.py,241,4,gen_source,"lines += emit_chunk_array(""kSelectedWeightsJson"", weight_blob[4])"
tools/joint_estimator/gen_embedded_tables.py,238,5,gen_source,"for (name, base), chunks in zip(FILE_ARTIFACTS, [b[5] for b in blobs]):"
tools/joint_estimator/gen_embedded_tables.py,221,2,gen_source,"% (weight_blob[0], weight_blob[2], weight_blob[3]))"
tools/joint_estimator/gen_embedded_tables.py,221,3,gen_source,"% (weight_blob[0], weight_blob[2], weight_blob[3]))"
tools/joint_estimator/gen_factor_presence.py,134,4,per_stem_counts,"family = ""seventh"" if len(factors) == 4 else ""triad"""
tools/joint_estimator/gen_factor_presence.py,152,3,per_stem_counts,if others == 3:                                     # root+third+fifth all present
tools/joint_estimator/gen_factor_presence.py,247,0.95,sanity,"""seventh_near_one"": (seventh is not None and seventh >= 0.95),"
tools/joint_estimator/gen_factor_presence.py,166,2,_cell_stat,p_pres = (present + ALPHA) / (total + 2 * ALPHA) if total else None
tools/joint_estimator/gen_factor_presence.py,284,4,stem_set,f = int(name[4:])
tools/joint_estimator/gen_fermata_boundary.py,61,6,<module-scope>,"N_ONSET, N_DUR, N_MEAS, N_FERM = 0, 1, 6, 12"
tools/joint_estimator/gen_fermata_boundary.py,61,12,<module-scope>,"N_ONSET, N_DUR, N_MEAS, N_FERM = 0, 1, 6, 12"
tools/joint_estimator/gen_fermata_boundary.py,62,2,<module-scope>,"EV_START, EV_END, EV_MEAS, EV_MC, EV_FERM = 0, 1, 2, 4, 5"
tools/joint_estimator/gen_fermata_boundary.py,62,4,<module-scope>,"EV_START, EV_END, EV_MEAS, EV_MC, EV_FERM = 0, 1, 2, 4, 5"
tools/joint_estimator/gen_fermata_boundary.py,62,5,<module-scope>,"EV_START, EV_END, EV_MEAS, EV_MC, EV_FERM = 0, 1, 2, 4, 5"
tools/joint_estimator/gen_fermata_boundary.py,213,4,stem_set,f = int(name[4:])
tools/joint_estimator/gen_fold_assignment.py,63,20260719,<module-scope>,SEED = 20260719          # committed shuffle seed (this dispatch's date)
tools/joint_estimator/gen_fold_assignment.py,64,5,<module-scope>,N_FOLDS = 5              # 5-fold cross-validation
tools/joint_estimator/gen_fold_assignment.py,65,326,<module-scope>,EXPECTED_COVERAGE = 326  # CLAUDE.md gate block (A) WiR coverage at 326/352
tools/joint_estimator/gen_input_parity.py,41,2,<module-scope>,"NOTE_CMP = [(1, ""dur""), (2, ""pc""), (4, ""lof""), (6, ""measure""), (7, ""beat""),"
tools/joint_estimator/gen_input_parity.py,41,4,<module-scope>,"NOTE_CMP = [(1, ""dur""), (2, ""pc""), (4, ""lof""), (6, ""measure""), (7, ""beat""),"
tools/joint_estimator/gen_input_parity.py,41,6,<module-scope>,"NOTE_CMP = [(1, ""dur""), (2, ""pc""), (4, ""lof""), (6, ""measure""), (7, ""beat""),"
tools/joint_estimator/gen_input_parity.py,41,7,<module-scope>,"NOTE_CMP = [(1, ""dur""), (2, ""pc""), (4, ""lof""), (6, ""measure""), (7, ""beat""),"
tools/joint_estimator/gen_input_parity.py,42,8,<module-scope>,"(8, ""metric_class_code""), (9, ""approach_code""), (10, ""departure_code""),"
tools/joint_estimator/gen_input_parity.py,42,9,<module-scope>,"(8, ""metric_class_code""), (9, ""approach_code""), (10, ""departure_code""),"
tools/joint_estimator/gen_input_parity.py,42,10,<module-scope>,"(8, ""metric_class_code""), (9, ""approach_code""), (10, ""departure_code""),"
tools/joint_estimator/gen_input_parity.py,43,11,<module-scope>,"(11, ""tied""), (12, ""fermata"")]"
tools/joint_estimator/gen_input_parity.py,43,12,<module-scope>,"(11, ""tied""), (12, ""fermata"")]"
tools/joint_estimator/gen_input_parity.py,45,2,<module-scope>,"EVENT_CMP = [(2, ""measure""), (3, ""beat""), (4, ""metric_class_code""), (5, ""fermata"")]"
tools/joint_estimator/gen_input_parity.py,45,3,<module-scope>,"EVENT_CMP = [(2, ""measure""), (3, ""beat""), (4, ""metric_class_code""), (5, ""fermata"")]"
tools/joint_estimator/gen_input_parity.py,45,4,<module-scope>,"EVENT_CMP = [(2, ""measure""), (3, ""beat""), (4, ""metric_class_code""), (5, ""fermata"")]"
tools/joint_estimator/gen_input_parity.py,45,5,<module-scope>,"EVENT_CMP = [(2, ""measure""), (3, ""beat""), (4, ""metric_class_code""), (5, ""fermata"")]"
tools/joint_estimator/gen_input_parity.py,69,3,__init__,"def __init__(self, cap=3):"
tools/joint_estimator/gen_input_parity.py,60,5,_note_key,"return (n[0], n[5], n[3])   # (onset, part, midi)"
tools/joint_estimator/gen_input_parity.py,60,3,_note_key,"return (n[0], n[5], n[3])   # (onset, part, midi)"
tools/joint_estimator/gen_input_parity.py,55,4,_eqfield,"return round(float(a), 4) == round(float(b), 4)   # both rounded to 4 at generation"
tools/joint_estimator/gen_input_parity.py,55,4,_eqfield,"return round(float(a), 4) == round(float(b), 4)   # both rounded to 4 at generation"
tools/joint_estimator/gen_input_parity.py,316,2,main,"for ex in b[""examples""][:2]:"
tools/joint_estimator/gen_input_parity.py,166,6,main,if (rnote[6] == 0) != (anote[6] == 0):
tools/joint_estimator/gen_input_parity.py,166,6,main,if (rnote[6] == 0) != (anote[6] == 0):
tools/joint_estimator/gen_input_parity.py,171,6,main,"""ref_measure"": rnote[6], ""adapter_measure"": anote[6]})"
tools/joint_estimator/gen_input_parity.py,171,6,main,"""ref_measure"": rnote[6], ""adapter_measure"": anote[6]})"
tools/joint_estimator/gen_label_tables.py,69,20,<module-scope>,THRESHOLD = 20        # cell own-MLE iff training count >= 20
tools/joint_estimator/gen_label_tables.py,71,5,<module-scope>,N_FOLDS = 5
tools/joint_estimator/gen_label_tables.py,72,10,<module-scope>,TOKENS_PER_PARAM_MIN = 10   # total effective free params <= training tokens / 10
tools/joint_estimator/gen_label_tables.py,78,18418,<module-scope>,RECON_LABELS = 18418
tools/joint_estimator/gen_label_tables.py,79,16372,<module-scope>,RECON_TRANS = 16372
tools/joint_estimator/gen_label_tables.py,80,1720,<module-scope>,RECON_KEYCHG = 1720
tools/joint_estimator/gen_label_tables.py,83,7,<module-scope>,"_PC_TO_FIFTHS = {0: 0, 7: 1, 2: 2, 9: 3, 4: 4, 11: 5, 6: 6,"
tools/joint_estimator/gen_label_tables.py,83,2,<module-scope>,"_PC_TO_FIFTHS = {0: 0, 7: 1, 2: 2, 9: 3, 4: 4, 11: 5, 6: 6,"
tools/joint_estimator/gen_label_tables.py,83,9,<module-scope>,"_PC_TO_FIFTHS = {0: 0, 7: 1, 2: 2, 9: 3, 4: 4, 11: 5, 6: 6,"
tools/joint_estimator/gen_label_tables.py,83,4,<module-scope>,"_PC_TO_FIFTHS = {0: 0, 7: 1, 2: 2, 9: 3, 4: 4, 11: 5, 6: 6,"
tools/joint_estimator/gen_label_tables.py,83,11,<module-scope>,"_PC_TO_FIFTHS = {0: 0, 7: 1, 2: 2, 9: 3, 4: 4, 11: 5, 6: 6,"
tools/joint_estimator/gen_label_tables.py,83,6,<module-scope>,"_PC_TO_FIFTHS = {0: 0, 7: 1, 2: 2, 9: 3, 4: 4, 11: 5, 6: 6,"
tools/joint_estimator/gen_label_tables.py,84,8,<module-scope>,"1: -5, 8: -4, 3: -3, 10: -2, 5: -1}"
tools/joint_estimator/gen_label_tables.py,84,3,<module-scope>,"1: -5, 8: -4, 3: -3, 10: -2, 5: -1}"
tools/joint_estimator/gen_label_tables.py,84,10,<module-scope>,"1: -5, 8: -4, 3: -3, 10: -2, 5: -1}"
tools/joint_estimator/gen_label_tables.py,84,5,<module-scope>,"1: -5, 8: -4, 3: -3, 10: -2, 5: -1}"
tools/joint_estimator/gen_label_tables.py,83,2,<module-scope>,"_PC_TO_FIFTHS = {0: 0, 7: 1, 2: 2, 9: 3, 4: 4, 11: 5, 6: 6,"
tools/joint_estimator/gen_label_tables.py,83,3,<module-scope>,"_PC_TO_FIFTHS = {0: 0, 7: 1, 2: 2, 9: 3, 4: 4, 11: 5, 6: 6,"
tools/joint_estimator/gen_label_tables.py,83,4,<module-scope>,"_PC_TO_FIFTHS = {0: 0, 7: 1, 2: 2, 9: 3, 4: 4, 11: 5, 6: 6,"
tools/joint_estimator/gen_label_tables.py,83,5,<module-scope>,"_PC_TO_FIFTHS = {0: 0, 7: 1, 2: 2, 9: 3, 4: 4, 11: 5, 6: 6,"
tools/joint_estimator/gen_label_tables.py,83,6,<module-scope>,"_PC_TO_FIFTHS = {0: 0, 7: 1, 2: 2, 9: 3, 4: 4, 11: 5, 6: 6,"
tools/joint_estimator/gen_label_tables.py,165,12,_fold_fifths_diff,d %= 12
tools/joint_estimator/gen_label_tables.py,84,5,<module-scope>,"1: -5, 8: -4, 3: -3, 10: -2, 5: -1}"
tools/joint_estimator/gen_label_tables.py,84,4,<module-scope>,"1: -5, 8: -4, 3: -3, 10: -2, 5: -1}"
tools/joint_estimator/gen_label_tables.py,84,3,<module-scope>,"1: -5, 8: -4, 3: -3, 10: -2, 5: -1}"
tools/joint_estimator/gen_label_tables.py,84,2,<module-scope>,"1: -5, 8: -4, 3: -3, 10: -2, 5: -1}"
tools/joint_estimator/gen_label_tables.py,1071,5,_lookup_base,for _ in range(5):
tools/joint_estimator/gen_label_tables.py,1084,6,_lookup_relation,for _ in range(6):
tools/joint_estimator/gen_label_tables.py,1246,5,_hist_bin,if n < 5:
tools/joint_estimator/gen_label_tables.py,1248,20,_hist_bin,if n < 20:
tools/joint_estimator/gen_label_tables.py,1250,50,_hist_bin,if n < 50:
tools/joint_estimator/gen_label_tables.py,1252,100,_hist_bin,if n < 100:
tools/joint_estimator/gen_label_tables.py,159,12,_collection_fifths,base = tonic if is_major else (tonic + 3) % 12
tools/joint_estimator/gen_label_tables.py,160,12,_collection_fifths,return _PC_TO_FIFTHS[base % 12]
tools/joint_estimator/gen_label_tables.py,166,6,_fold_fifths_diff,return d - 12 if d > 6 else d
tools/joint_estimator/gen_label_tables.py,166,12,_fold_fifths_diff,return d - 12 if d > 6 else d
tools/joint_estimator/gen_label_tables.py,171,12,_cof_distance,"ca, cb = (a * 7) % 12, (b * 7) % 12"
tools/joint_estimator/gen_label_tables.py,171,12,_cof_distance,"ca, cb = (a * 7) % 12, (b * 7) % 12"
tools/joint_estimator/gen_label_tables.py,173,12,_cof_distance,"return min(d, 12 - d)"
tools/joint_estimator/gen_label_tables.py,342,3,_beat_class,if ib == 3 and n_quarter == 4:
tools/joint_estimator/gen_label_tables.py,342,4,_beat_class,if ib == 3 and n_quarter == 4:
tools/joint_estimator/gen_label_tables.py,727,1e-09,_check,if abs(s - 1.0) > 1e-9:
tools/joint_estimator/gen_label_tables.py,1013,5,fitted_handling,for _ in range(5):
tools/joint_estimator/gen_label_tables.py,1025,6,build_sensitive_report,"for (is_major, fc, tc), n in constituents[name].most_common(6):"
tools/joint_estimator/gen_label_tables.py,159,3,_collection_fifths,base = tonic if is_major else (tonic + 3) % 12
tools/joint_estimator/gen_label_tables.py,171,7,_cof_distance,"ca, cb = (a * 7) % 12, (b * 7) % 12"
tools/joint_estimator/gen_label_tables.py,171,7,_cof_distance,"ca, cb = (a * 7) % 12, (b * 7) % 12"
tools/joint_estimator/gen_label_tables.py,179,12,_key_change_kind,if ma and not mb and tb == (ta + 9) % 12:      # major -> its relative minor
tools/joint_estimator/gen_label_tables.py,181,12,_key_change_kind,if (not ma) and mb and tb == (ta + 3) % 12:    # minor -> its relative major
tools/joint_estimator/gen_label_tables.py,299,4,count_tables,"n_quarter = meter[0] * 4 // meter[1]           # 4/4->4, 3/4->3"
tools/joint_estimator/gen_label_tables.py,450,3,_family_key_of,"deg, qual, tgt = parts[0], parts[1], (parts[3] if len(parts) > 3 else """")"
tools/joint_estimator/gen_label_tables.py,450,3,_family_key_of,"deg, qual, tgt = parts[0], parts[1], (parts[3] if len(parts) > 3 else """")"
tools/joint_estimator/gen_label_tables.py,856,3,main,"""tokens_per_param"": round(meta[""tokens_per_param""], 3),"
tools/joint_estimator/gen_label_tables.py,999,6,fitted_handling,for _ in range(6):
tools/joint_estimator/gen_label_tables.py,1069,6,_lookup_base,"return round(base_dist[tk], 6), ""own_MLE"""
tools/joint_estimator/gen_label_tables.py,1179,3,build_inventory,"""tokens_per_param"": round(meta[""tokens_per_param""], 3),"
tools/joint_estimator/gen_label_tables.py,179,9,_key_change_kind,if ma and not mb and tb == (ta + 9) % 12:      # major -> its relative minor
tools/joint_estimator/gen_label_tables.py,181,3,_key_change_kind,if (not ma) and mb and tb == (ta + 3) % 12:    # minor -> its relative major
tools/joint_estimator/gen_label_tables.py,311,4,count_tables,for k in range(n_quarter * 4):             # 16th-note grid (0.25 quarter resolution)
tools/joint_estimator/gen_label_tables.py,1011,6,fitted_handling,"return {""prob"": round(dist[tk], 6), ""how"": ""own_MLE""}"
tools/joint_estimator/gen_label_tables.py,1073,6,_lookup_base,"return round(base_dist[node], 6), f""pooled -> {node}"""
tools/joint_estimator/gen_label_tables.py,1086,6,_lookup_relation,"return round(rel_dist[node], 6), (""own_MLE"" if node == cell else f""pooled -> {node}"")"
tools/joint_estimator/gen_label_tables.py,296,4,count_tables,"if xml[""multi_meter""] or meter not in ((4, 4), (3, 4)):"
tools/joint_estimator/gen_label_tables.py,296,4,count_tables,"if xml[""multi_meter""] or meter not in ((4, 4), (3, 4)):"
tools/joint_estimator/gen_label_tables.py,296,3,count_tables,"if xml[""multi_meter""] or meter not in ((4, 4), (3, 4)):"
tools/joint_estimator/gen_label_tables.py,296,4,count_tables,"if xml[""multi_meter""] or meter not in ((4, 4), (3, 4)):"
tools/joint_estimator/gen_label_tables.py,305,4.0,count_tables,"label_at.add((s[""measure""], round(s[""beat""] * 4) / 4.0))"
tools/joint_estimator/gen_label_tables.py,312,0.25,count_tables,pos = 1.0 + k * 0.25
tools/joint_estimator/gen_label_tables.py,1015,6,fitted_handling,"return {""prob"": round(dist[node], 6), ""how"": f""pooled -> {node}""}"
tools/joint_estimator/gen_label_tables.py,1175,2,build_inventory,"""per_table_tokens_per_param"": {t: (round(pt_tok[t] / pt_params[t], 2)"
tools/joint_estimator/gen_label_tables.py,650,2,fit_tables,"display_key=lambda ctx: f""{ctx[0]}|{ctx[1]}|{ctx[2]}"")"
tools/joint_estimator/gen_label_tables.py,846,5,main,"f""{row_problems[:5]}"")"
tools/joint_estimator/gen_label_tables.py,1001,6,fitted_handling,"return {""prob"": round(dist[node], 6),"
tools/joint_estimator/gen_label_tables.py,248,2,count_tables,"band = f""cof{dist}"" if dist <= 2 else ""cofFar"""
tools/joint_estimator/gen_label_tables.py,305,4,count_tables,"label_at.add((s[""measure""], round(s[""beat""] * 4) / 4.0))"
tools/joint_estimator/gen_label_tables.py,830,3,main,"row_problems.extend([(f""{label}:{n}"", s) for n, s in rp[:3]])"
tools/joint_estimator/gen_marginals_ref.py,96,4,<module-scope>,SEG_CAP = 4
tools/joint_estimator/gen_marginals_ref.py,595,3,_make_tiny,"N, seg_cap = 3, 2"
tools/joint_estimator/gen_marginals_ref.py,595,2,_make_tiny,"N, seg_cap = 3, 2"
tools/joint_estimator/gen_marginals_ref.py,741,2,_spearman,if n < 2:
tools/joint_estimator/gen_marginals_ref.py,763,2,_pearson,if n < 2:
tools/joint_estimator/gen_marginals_ref.py,592,5,_make_tiny,"K1, K2 = (0, True), (5, False)"
tools/joint_estimator/gen_marginals_ref.py,606,0.3,_make_tiny,"entry = {(""x"", True): -0.3, (""y"", True): -0.5, (""x"", False): -0.4, (""y"", False): -0.6}"
tools/joint_estimator/gen_marginals_ref.py,606,0.5,_make_tiny,"entry = {(""x"", True): -0.3, (""y"", True): -0.5, (""x"", False): -0.4, (""y"", False): -0.6}"
tools/joint_estimator/gen_marginals_ref.py,606,0.4,_make_tiny,"entry = {(""x"", True): -0.3, (""y"", True): -0.5, (""x"", False): -0.4, (""y"", False): -0.6}"
tools/joint_estimator/gen_marginals_ref.py,606,0.6,_make_tiny,"entry = {(""x"", True): -0.3, (""y"", True): -0.5, (""x"", False): -0.4, (""y"", False): -0.6}"
tools/joint_estimator/gen_marginals_ref.py,692,1e-09,establish_synthetic,ok = (d_logZ < 1e-9 and d_fb < 1e-9 and d_max < 1e-9 and d_arc < 1e-9 and d_bnd < 1e-9)
tools/joint_estimator/gen_marginals_ref.py,692,1e-09,establish_synthetic,ok = (d_logZ < 1e-9 and d_fb < 1e-9 and d_max < 1e-9 and d_arc < 1e-9 and d_bnd < 1e-9)
tools/joint_estimator/gen_marginals_ref.py,692,1e-09,establish_synthetic,ok = (d_logZ < 1e-9 and d_fb < 1e-9 and d_max < 1e-9 and d_arc < 1e-9 and d_bnd < 1e-9)
tools/joint_estimator/gen_marginals_ref.py,692,1e-09,establish_synthetic,ok = (d_logZ < 1e-9 and d_fb < 1e-9 and d_max < 1e-9 and d_arc < 1e-9 and d_bnd < 1e-9)
tools/joint_estimator/gen_marginals_ref.py,692,1e-09,establish_synthetic,ok = (d_logZ < 1e-9 and d_fb < 1e-9 and d_max < 1e-9 and d_arc < 1e-9 and d_bnd < 1e-9)
tools/joint_estimator/gen_marginals_ref.py,833,4,run,for qi in range(4):
tools/joint_estimator/gen_marginals_ref.py,605,0.7,_make_tiny,"prior = {K1: (-0.7, 0.0), K2: (-0.9, -0.1)}"
tools/joint_estimator/gen_marginals_ref.py,605,0.9,_make_tiny,"prior = {K1: (-0.7, 0.0), K2: (-0.9, -0.1)}"
tools/joint_estimator/gen_marginals_ref.py,605,0.1,_make_tiny,"prior = {K1: (-0.7, 0.0), K2: (-0.9, -0.1)}"
tools/joint_estimator/gen_marginals_ref.py,701,12,establish_synthetic,"""boundary_marginals_fb"": [round(x, 12) for x in fb[""boundary""]],"
tools/joint_estimator/gen_marginals_ref.py,702,12,establish_synthetic,"""boundary_marginals_brute"": [round(x, 12) for x in bnd_brute],"
tools/joint_estimator/gen_marginals_ref.py,732,1e-06,establish_fit_arc_agreement,"return {""rows"": rows, ""max_abs_delta_vs_fit_weights"": worst, ""pass"": bool(worst < 1e-6)}"
tools/joint_estimator/gen_marginals_ref.py,816,40,run,if (idx + 1) % 40 == 0:
tools/joint_estimator/gen_marginals_ref.py,850,0.05,run,map_pass = bool(spearman > 0.05 and q_mass[3] >= q_mass[0] and q_modal[3] >= q_modal[0])
tools/joint_estimator/gen_marginals_ref.py,856,1e-06,run,"""a_forward_equals_backward_logZ"": {""max_abs_delta"": max_fb_delta, ""pass"": max_fb_delta < 1e-6},"
tools/joint_estimator/gen_marginals_ref.py,857,1e-06,run,"""a2_maxplus_equals_decoder"": {""max_abs_delta"": max_maxplus_delta, ""pass"": max_maxplus_delta < 1e-6},"
tools/joint_estimator/gen_marginals_ref.py,858,1e-09,run,"""b_per_span_normalization"": {""max_abs_sum_minus_1"": max_norm_dev, ""pass"": max_norm_dev < 1e-9},"
tools/joint_estimator/gen_marginals_ref.py,863,6,run,"""spearman_gap_vs_committed_mass"": round(spearman, 6),"
tools/joint_estimator/gen_marginals_ref.py,864,6,run,"""pearson_gap_vs_committed_mass"": round(pearson, 6),"
tools/joint_estimator/gen_marginals_ref.py,865,6,run,"""committed_is_modal_fraction_overall"": round(modal_frac, 6),"
tools/joint_estimator/gen_marginals_ref.py,866,6,run,"""committed_is_modal_fraction_top_gap_quartile"": round(q_modal[3], 6),"
tools/joint_estimator/gen_marginals_ref.py,973,2,main,fit_sample = stems[:2]
tools/joint_estimator/gen_marginals_ref.py,603,0.11,_make_tiny,"content[(i, j, st)] = -0.4 * (i + 1) - 0.2 * (j - i) - 0.11 * k"
tools/joint_estimator/gen_marginals_ref.py,604,0.03,_make_tiny,"cad[(i, (st[0], st[1]))] = -0.05 * (i + 1) - 0.03 * (0 if st[1] else 1)"
tools/joint_estimator/gen_marginals_ref.py,610,0.2,_make_tiny,"kt[(a, b)] = -0.2 if a == b else -0.85       # stay vs change"
tools/joint_estimator/gen_marginals_ref.py,610,0.85,_make_tiny,"kt[(a, b)] = -0.2 if a == b else -0.85       # stay vs change"
tools/joint_estimator/gen_marginals_ref.py,727,8,establish_fit_arc_agreement,"rows.append({""stem"": stem, ""logZ_ours"": round(fb[""logZ""], 8),"
tools/joint_estimator/gen_marginals_ref.py,728,8,establish_fit_arc_agreement,"""logZ_fit_weights"": round(float(lz_fw), 8),"
tools/joint_estimator/gen_marginals_ref.py,729,10,establish_fit_arc_agreement,"""delta"": round(fb[""logZ""] - float(lz_fw), 10),"
tools/joint_estimator/gen_marginals_ref.py,730,10,establish_fit_arc_agreement,"""fit_weights_fwd_bwd_delta"": round(float(lzb_fw) - float(lz_fw), 10)})"
tools/joint_estimator/gen_marginals_ref.py,752,2.0,ranks,avg = (k + k2) / 2.0 + 1.0
tools/joint_estimator/gen_marginals_ref.py,768,2,_pearson,dx = math.sqrt(sum((xs[k] - mx) ** 2 for k in range(n)))
tools/joint_estimator/gen_marginals_ref.py,769,2,_pearson,dy = math.sqrt(sum((ys[k] - my) ** 2 for k in range(n)))
tools/joint_estimator/gen_marginals_ref.py,850,3,run,map_pass = bool(spearman > 0.05 and q_mass[3] >= q_mass[0] and q_modal[3] >= q_modal[0])
tools/joint_estimator/gen_marginals_ref.py,850,3,run,map_pass = bool(spearman > 0.05 and q_mass[3] >= q_mass[0] and q_modal[3] >= q_modal[0])
tools/joint_estimator/gen_marginals_ref.py,866,3,run,"""committed_is_modal_fraction_top_gap_quartile"": round(q_modal[3], 6),"
tools/joint_estimator/gen_marginals_ref.py,930,3,run,"print(f""  (d)  MAP consistency    spearman={spearman:.4f} modal_overall={modal_frac:.4f} modal_topQ={q_modal[3]:.4f}  {'PASS' if oracle['d_map_consistency']['pa"
tools/joint_estimator/gen_marginals_ref.py,603,0.2,_make_tiny,"content[(i, j, st)] = -0.4 * (i + 1) - 0.2 * (j - i) - 0.11 * k"
tools/joint_estimator/gen_marginals_ref.py,604,0.05,_make_tiny,"cad[(i, (st[0], st[1]))] = -0.05 * (i + 1) - 0.03 * (0 if st[1] else 1)"
tools/joint_estimator/gen_marginals_ref.py,615,0.25,_make_tiny,"ct[(p, c, m)] = -0.25 if p == c else -0.55"
tools/joint_estimator/gen_marginals_ref.py,615,0.55,_make_tiny,"ct[(p, c, m)] = -0.25 if p == c else -0.55"
tools/joint_estimator/gen_marginals_ref.py,834,4.0,run,lo = int(qi / 4.0 * len(order))
tools/joint_estimator/gen_marginals_ref.py,835,4.0,run,hi = int((qi + 1) / 4.0 * len(order))
tools/joint_estimator/gen_marginals_ref.py,356,2,forward_backward,"terms = [ap + lat.prior_entry(st[0], st[1], st[2]) for (st, ap) in arcs]"
tools/joint_estimator/gen_marginals_ref.py,603,0.4,_make_tiny,"content[(i, j, st)] = -0.4 * (i + 1) - 0.2 * (j - i) - 0.11 * k"
tools/joint_estimator/gen_marginals_ref.py,841,4,run,"""mean_gap"": round(sum(gap_list[k] for k in sub) / len(sub), 4),"
tools/joint_estimator/gen_marginals_ref.py,842,6,run,"""mean_committed_mass"": round(q_mass[qi], 6),"
tools/joint_estimator/gen_marginals_ref.py,843,6,run,"""committed_is_modal_fraction"": round(q_modal[qi], 6),"
tools/joint_estimator/gen_note_events.py,58,480,<module-scope>,TICKS_PER_QUARTER = 480                             # the corpus tick convention (music21_batch.py)
tools/joint_estimator/gen_note_events.py,251,12,<module-scope>,NOTE_PREEXISTING = 12
tools/joint_estimator/gen_note_events.py,252,5,<module-scope>,EVENT_PREEXISTING = 5
tools/joint_estimator/gen_note_events.py,72,2,<module-scope>,"_STEP_LOF = {""F"": -1, ""C"": 0, ""G"": 1, ""D"": 2, ""A"": 3, ""E"": 4, ""B"": 5}"
tools/joint_estimator/gen_note_events.py,72,3,<module-scope>,"_STEP_LOF = {""F"": -1, ""C"": 0, ""G"": 1, ""D"": 2, ""A"": 3, ""E"": 4, ""B"": 5}"
tools/joint_estimator/gen_note_events.py,72,4,<module-scope>,"_STEP_LOF = {""F"": -1, ""C"": 0, ""G"": 1, ""D"": 2, ""A"": 3, ""E"": 4, ""B"": 5}"
tools/joint_estimator/gen_note_events.py,72,5,<module-scope>,"_STEP_LOF = {""F"": -1, ""C"": 0, ""G"": 1, ""D"": 2, ""A"": 3, ""E"": 4, ""B"": 5}"
tools/joint_estimator/gen_note_events.py,75,2,<module-scope>,"_MC = {""downbeat"": 0, ""mid_strong"": 1, ""other_tactus"": 2, ""sub_tactus"": 3}"
tools/joint_estimator/gen_note_events.py,75,3,<module-scope>,"_MC = {""downbeat"": 0, ""mid_strong"": 1, ""other_tactus"": 2, ""sub_tactus"": 3}"
tools/joint_estimator/gen_note_events.py,77,2,<module-scope>,"_MV = {""none"": 0, ""step"": 1, ""leap"": 2}"
tools/joint_estimator/gen_note_events.py,92,7,_line_of_fifths,return _STEP_LOF[step] + 7 * int(round(alter))
tools/joint_estimator/gen_note_events.py,111,4,_time_signature,n_quarter = beats * 4 // bt
tools/joint_estimator/gen_note_events.py,216,2,_melodic,"return ""step"" if abs(other[""midi""] - cur[""midi""]) <= 2 else ""leap"""
tools/joint_estimator/gen_note_events.py,271,2,reconcile_stem,"notes = [(n[0], n[1], n[2]) for n in packed[""notes""]]   # (onset, dur, pc)"
tools/joint_estimator/gen_note_events.py,174,4,extract_stem,"events.append({""start"": a, ""end"": b, ""measure"": meas, ""beat"": round(beatpos, 4),"
tools/joint_estimator/gen_note_events.py,347,12,fermata_census,"nf = sum(1 for n in rec[""notes""] if n[12])          # note fermata flag (element 12)"
tools/joint_estimator/gen_note_events.py,348,5,fermata_census,"ef = sum(1 for ev in rec[""events""] if ev[5])         # event fermata flag (element 5)"
tools/joint_estimator/gen_note_events.py,149,4,extract_stem,"""part"": pi, ""measure"": meas, ""beat"": round(beatpos, 4), ""tied"": tied,"
tools/joint_estimator/gen_note_events.py,286,12,reconcile_stem,"want = frozenset(i for i in range(12) if r[""pitchClassSet""] & (1 << i))"
tools/joint_estimator/gen_note_events.py,393,5,main,"raise SystemExit(f""STOP: {len(parse_fail)} stems failed extraction: {parse_fail[:5]}"")"
tools/joint_estimator/gen_note_tables.py,63,20260719,<module-scope>,EXCLUSION_SEED = 20260719          # fixed seed for the Task-1 sample verification (byte-reproducible)
tools/joint_estimator/gen_note_tables.py,76,2,<module-scope>,"_MC_INV = {0: ""downbeat"", 1: ""mid_strong"", 2: ""other_tactus"", 3: ""sub_tactus""}"
tools/joint_estimator/gen_note_tables.py,76,3,<module-scope>,"_MC_INV = {0: ""downbeat"", 1: ""mid_strong"", 2: ""other_tactus"", 3: ""sub_tactus""}"
tools/joint_estimator/gen_note_tables.py,77,2,<module-scope>,"_MV_INV = {0: ""none"", 1: ""step"", 2: ""leap""}"
tools/joint_estimator/gen_note_tables.py,82,2,<module-scope>,"_DEG = {""I"": 1, ""II"": 2, ""III"": 3, ""IV"": 4, ""V"": 5, ""VI"": 6, ""VII"": 7}"
tools/joint_estimator/gen_note_tables.py,82,3,<module-scope>,"_DEG = {""I"": 1, ""II"": 2, ""III"": 3, ""IV"": 4, ""V"": 5, ""VI"": 6, ""VII"": 7}"
tools/joint_estimator/gen_note_tables.py,82,4,<module-scope>,"_DEG = {""I"": 1, ""II"": 2, ""III"": 3, ""IV"": 4, ""V"": 5, ""VI"": 6, ""VII"": 7}"
tools/joint_estimator/gen_note_tables.py,82,5,<module-scope>,"_DEG = {""I"": 1, ""II"": 2, ""III"": 3, ""IV"": 4, ""V"": 5, ""VI"": 6, ""VII"": 7}"
tools/joint_estimator/gen_note_tables.py,82,6,<module-scope>,"_DEG = {""I"": 1, ""II"": 2, ""III"": 3, ""IV"": 4, ""V"": 5, ""VI"": 6, ""VII"": 7}"
tools/joint_estimator/gen_note_tables.py,82,7,<module-scope>,"_DEG = {""I"": 1, ""II"": 2, ""III"": 3, ""IV"": 4, ""V"": 5, ""VI"": 6, ""VII"": 7}"
tools/joint_estimator/gen_note_tables.py,83,2,<module-scope>,"_MAJ_SCALE = [0, 2, 4, 5, 7, 9, 11]        # major scale-degree semitones from tonic"
tools/joint_estimator/gen_note_tables.py,83,4,<module-scope>,"_MAJ_SCALE = [0, 2, 4, 5, 7, 9, 11]        # major scale-degree semitones from tonic"
tools/joint_estimator/gen_note_tables.py,83,5,<module-scope>,"_MAJ_SCALE = [0, 2, 4, 5, 7, 9, 11]        # major scale-degree semitones from tonic"
tools/joint_estimator/gen_note_tables.py,83,7,<module-scope>,"_MAJ_SCALE = [0, 2, 4, 5, 7, 9, 11]        # major scale-degree semitones from tonic"
tools/joint_estimator/gen_note_tables.py,83,9,<module-scope>,"_MAJ_SCALE = [0, 2, 4, 5, 7, 9, 11]        # major scale-degree semitones from tonic"
tools/joint_estimator/gen_note_tables.py,83,11,<module-scope>,"_MAJ_SCALE = [0, 2, 4, 5, 7, 9, 11]        # major scale-degree semitones from tonic"
tools/joint_estimator/gen_note_tables.py,84,2,<module-scope>,"_MIN_SCALE = [0, 2, 3, 5, 7, 8, 10]        # natural-minor scale-degree semitones"
tools/joint_estimator/gen_note_tables.py,84,3,<module-scope>,"_MIN_SCALE = [0, 2, 3, 5, 7, 8, 10]        # natural-minor scale-degree semitones"
tools/joint_estimator/gen_note_tables.py,84,5,<module-scope>,"_MIN_SCALE = [0, 2, 3, 5, 7, 8, 10]        # natural-minor scale-degree semitones"
tools/joint_estimator/gen_note_tables.py,84,7,<module-scope>,"_MIN_SCALE = [0, 2, 3, 5, 7, 8, 10]        # natural-minor scale-degree semitones"
tools/joint_estimator/gen_note_tables.py,84,8,<module-scope>,"_MIN_SCALE = [0, 2, 3, 5, 7, 8, 10]        # natural-minor scale-degree semitones"
tools/joint_estimator/gen_note_tables.py,84,10,<module-scope>,"_MIN_SCALE = [0, 2, 3, 5, 7, 8, 10]        # natural-minor scale-degree semitones"
tools/joint_estimator/gen_note_tables.py,99,2,<module-scope>,"_STEP_LOF = {""F"": -1, ""C"": 0, ""G"": 1, ""D"": 2, ""A"": 3, ""E"": 4, ""B"": 5}"
tools/joint_estimator/gen_note_tables.py,99,3,<module-scope>,"_STEP_LOF = {""F"": -1, ""C"": 0, ""G"": 1, ""D"": 2, ""A"": 3, ""E"": 4, ""B"": 5}"
tools/joint_estimator/gen_note_tables.py,99,4,<module-scope>,"_STEP_LOF = {""F"": -1, ""C"": 0, ""G"": 1, ""D"": 2, ""A"": 3, ""E"": 4, ""B"": 5}"
tools/joint_estimator/gen_note_tables.py,99,5,<module-scope>,"_STEP_LOF = {""F"": -1, ""C"": 0, ""G"": 1, ""D"": 2, ""A"": 3, ""E"": 4, ""B"": 5}"
tools/joint_estimator/gen_note_tables.py,696,10,verify_sample,"def verify_sample(all_excluded, note_events, seed=EXCLUSION_SEED, k=10, beat=480):"
tools/joint_estimator/gen_note_tables.py,696,480,verify_sample,"def verify_sample(all_excluded, note_events, seed=EXCLUSION_SEED, k=10, beat=480):"
tools/joint_estimator/gen_note_tables.py,70,4,<module-scope>,"COUNTED_METERS = {(4, 4), (3, 4)}"
tools/joint_estimator/gen_note_tables.py,70,4,<module-scope>,"COUNTED_METERS = {(4, 4), (3, 4)}"
tools/joint_estimator/gen_note_tables.py,70,3,<module-scope>,"COUNTED_METERS = {(4, 4), (3, 4)}"
tools/joint_estimator/gen_note_tables.py,70,4,<module-scope>,"COUNTED_METERS = {(4, 4), (3, 4)}"
tools/joint_estimator/gen_note_tables.py,88,4,<module-scope>,"""Maj"": (0, 4, 7), ""Min"": (0, 3, 7), ""Dim"": (0, 3, 6), ""Aug"": (0, 4, 8),"
tools/joint_estimator/gen_note_tables.py,88,7,<module-scope>,"""Maj"": (0, 4, 7), ""Min"": (0, 3, 7), ""Dim"": (0, 3, 6), ""Aug"": (0, 4, 8),"
tools/joint_estimator/gen_note_tables.py,88,3,<module-scope>,"""Maj"": (0, 4, 7), ""Min"": (0, 3, 7), ""Dim"": (0, 3, 6), ""Aug"": (0, 4, 8),"
tools/joint_estimator/gen_note_tables.py,88,7,<module-scope>,"""Maj"": (0, 4, 7), ""Min"": (0, 3, 7), ""Dim"": (0, 3, 6), ""Aug"": (0, 4, 8),"
tools/joint_estimator/gen_note_tables.py,88,3,<module-scope>,"""Maj"": (0, 4, 7), ""Min"": (0, 3, 7), ""Dim"": (0, 3, 6), ""Aug"": (0, 4, 8),"
tools/joint_estimator/gen_note_tables.py,88,6,<module-scope>,"""Maj"": (0, 4, 7), ""Min"": (0, 3, 7), ""Dim"": (0, 3, 6), ""Aug"": (0, 4, 8),"
tools/joint_estimator/gen_note_tables.py,88,4,<module-scope>,"""Maj"": (0, 4, 7), ""Min"": (0, 3, 7), ""Dim"": (0, 3, 6), ""Aug"": (0, 4, 8),"
tools/joint_estimator/gen_note_tables.py,88,8,<module-scope>,"""Maj"": (0, 4, 7), ""Min"": (0, 3, 7), ""Dim"": (0, 3, 6), ""Aug"": (0, 4, 8),"
tools/joint_estimator/gen_note_tables.py,89,4,<module-scope>,"""Dom7"": (0, 4, 7, 10), ""Maj7"": (0, 4, 7, 11), ""Min7"": (0, 3, 7, 10),"
tools/joint_estimator/gen_note_tables.py,89,7,<module-scope>,"""Dom7"": (0, 4, 7, 10), ""Maj7"": (0, 4, 7, 11), ""Min7"": (0, 3, 7, 10),"
tools/joint_estimator/gen_note_tables.py,89,10,<module-scope>,"""Dom7"": (0, 4, 7, 10), ""Maj7"": (0, 4, 7, 11), ""Min7"": (0, 3, 7, 10),"
tools/joint_estimator/gen_note_tables.py,89,4,<module-scope>,"""Dom7"": (0, 4, 7, 10), ""Maj7"": (0, 4, 7, 11), ""Min7"": (0, 3, 7, 10),"
tools/joint_estimator/gen_note_tables.py,89,7,<module-scope>,"""Dom7"": (0, 4, 7, 10), ""Maj7"": (0, 4, 7, 11), ""Min7"": (0, 3, 7, 10),"
tools/joint_estimator/gen_note_tables.py,89,11,<module-scope>,"""Dom7"": (0, 4, 7, 10), ""Maj7"": (0, 4, 7, 11), ""Min7"": (0, 3, 7, 10),"
tools/joint_estimator/gen_note_tables.py,89,3,<module-scope>,"""Dom7"": (0, 4, 7, 10), ""Maj7"": (0, 4, 7, 11), ""Min7"": (0, 3, 7, 10),"
tools/joint_estimator/gen_note_tables.py,89,7,<module-scope>,"""Dom7"": (0, 4, 7, 10), ""Maj7"": (0, 4, 7, 11), ""Min7"": (0, 3, 7, 10),"
tools/joint_estimator/gen_note_tables.py,89,10,<module-scope>,"""Dom7"": (0, 4, 7, 10), ""Maj7"": (0, 4, 7, 11), ""Min7"": (0, 3, 7, 10),"
tools/joint_estimator/gen_note_tables.py,90,3,<module-scope>,"""MinMaj7"": (0, 3, 7, 11), ""Dim7"": (0, 3, 6, 9), ""HalfDim7"": (0, 3, 6, 10),"
tools/joint_estimator/gen_note_tables.py,90,7,<module-scope>,"""MinMaj7"": (0, 3, 7, 11), ""Dim7"": (0, 3, 6, 9), ""HalfDim7"": (0, 3, 6, 10),"
tools/joint_estimator/gen_note_tables.py,90,11,<module-scope>,"""MinMaj7"": (0, 3, 7, 11), ""Dim7"": (0, 3, 6, 9), ""HalfDim7"": (0, 3, 6, 10),"
tools/joint_estimator/gen_note_tables.py,90,3,<module-scope>,"""MinMaj7"": (0, 3, 7, 11), ""Dim7"": (0, 3, 6, 9), ""HalfDim7"": (0, 3, 6, 10),"
tools/joint_estimator/gen_note_tables.py,90,6,<module-scope>,"""MinMaj7"": (0, 3, 7, 11), ""Dim7"": (0, 3, 6, 9), ""HalfDim7"": (0, 3, 6, 10),"
tools/joint_estimator/gen_note_tables.py,90,9,<module-scope>,"""MinMaj7"": (0, 3, 7, 11), ""Dim7"": (0, 3, 6, 9), ""HalfDim7"": (0, 3, 6, 10),"
tools/joint_estimator/gen_note_tables.py,90,3,<module-scope>,"""MinMaj7"": (0, 3, 7, 11), ""Dim7"": (0, 3, 6, 9), ""HalfDim7"": (0, 3, 6, 10),"
tools/joint_estimator/gen_note_tables.py,90,6,<module-scope>,"""MinMaj7"": (0, 3, 7, 11), ""Dim7"": (0, 3, 6, 9), ""HalfDim7"": (0, 3, 6, 10),"
tools/joint_estimator/gen_note_tables.py,90,10,<module-scope>,"""MinMaj7"": (0, 3, 7, 11), ""Dim7"": (0, 3, 6, 9), ""HalfDim7"": (0, 3, 6, 10),"
tools/joint_estimator/gen_note_tables.py,91,3,<module-scope>,"""HalfDim"": (0, 3, 6), ""Aug7"": (0, 4, 8, 10), ""AugMaj7"": (0, 4, 8, 11),"
tools/joint_estimator/gen_note_tables.py,91,6,<module-scope>,"""HalfDim"": (0, 3, 6), ""Aug7"": (0, 4, 8, 10), ""AugMaj7"": (0, 4, 8, 11),"
tools/joint_estimator/gen_note_tables.py,91,4,<module-scope>,"""HalfDim"": (0, 3, 6), ""Aug7"": (0, 4, 8, 10), ""AugMaj7"": (0, 4, 8, 11),"
tools/joint_estimator/gen_note_tables.py,91,8,<module-scope>,"""HalfDim"": (0, 3, 6), ""Aug7"": (0, 4, 8, 10), ""AugMaj7"": (0, 4, 8, 11),"
tools/joint_estimator/gen_note_tables.py,91,10,<module-scope>,"""HalfDim"": (0, 3, 6), ""Aug7"": (0, 4, 8, 10), ""AugMaj7"": (0, 4, 8, 11),"
tools/joint_estimator/gen_note_tables.py,91,4,<module-scope>,"""HalfDim"": (0, 3, 6), ""Aug7"": (0, 4, 8, 10), ""AugMaj7"": (0, 4, 8, 11),"
tools/joint_estimator/gen_note_tables.py,91,8,<module-scope>,"""HalfDim"": (0, 3, 6), ""Aug7"": (0, 4, 8, 10), ""AugMaj7"": (0, 4, 8, 11),"
tools/joint_estimator/gen_note_tables.py,91,11,<module-scope>,"""HalfDim"": (0, 3, 6), ""Aug7"": (0, 4, 8, 10), ""AugMaj7"": (0, 4, 8, 11),"
tools/joint_estimator/gen_note_tables.py,130,12,_chord_root,return (tonic + semi) % 12
tools/joint_estimator/gen_note_tables.py,227,2,spelling_bin,if -4 <= rel <= 2:
tools/joint_estimator/gen_note_tables.py,229,3,spelling_bin,if rel == 3:
tools/joint_estimator/gen_note_tables.py,231,5,spelling_bin,if rel == 5:
tools/joint_estimator/gen_note_tables.py,611,12960,hand_checks,"for n in notes_in_span(""bwv145.5"", 12960, 13920):"
tools/joint_estimator/gen_note_tables.py,611,13920,hand_checks,"for n in notes_in_span(""bwv145.5"", 12960, 13920):"
tools/joint_estimator/gen_note_tables.py,621,9,hand_checks,"mem_vio7 = member_pcs(norm.normalize_label(""vi/o7""), 9, False)"
tools/joint_estimator/gen_note_tables.py,622,9,hand_checks,"mem_i = member_pcs(norm.normalize_label(""i""), 9, False)"
tools/joint_estimator/gen_note_tables.py,626,1440,hand_checks,"for n in notes_in_span(""bwv352"", 1440, 1920):"
tools/joint_estimator/gen_note_tables.py,626,1920,hand_checks,"for n in notes_in_span(""bwv352"", 1440, 1920):"
tools/joint_estimator/gen_note_tables.py,96,9,<module-scope>,"_MIN_COLLECTION = frozenset(set(_MIN_SCALE) | {9, 11})"
tools/joint_estimator/gen_note_tables.py,96,11,<module-scope>,"_MIN_COLLECTION = frozenset(set(_MIN_SCALE) | {9, 11})"
tools/joint_estimator/gen_note_tables.py,126,7,_chord_root,if num == 7:
tools/joint_estimator/gen_note_tables.py,127,11,_chord_root,semi = 11
tools/joint_estimator/gen_note_tables.py,152,12,_framework_and_root,fw_tonic = (tonic + (_MAJ_SCALE if is_major else _MIN_SCALE)[tnum - 1] + tacc) % 12
tools/joint_estimator/gen_note_tables.py,215,7,tonic_lof,"return _STEP_LOF[letter] + 7 * (accs.count(""#"") - accs.count(""b""))"
tools/joint_estimator/gen_note_tables.py,223,5,spelling_bin,if -1 <= rel <= 5:
tools/joint_estimator/gen_note_tables.py,227,4,spelling_bin,if -4 <= rel <= 2:
tools/joint_estimator/gen_note_tables.py,628,6,hand_checks,if n[2] == 6:   # F#
tools/joint_estimator/gen_note_tables.py,128,6,_chord_root,elif num == 6:
tools/joint_estimator/gen_note_tables.py,129,9,_chord_root,semi = 9
tools/joint_estimator/gen_note_tables.py,179,12,member_pcs,pcs = set((root + i) % 12 for i in _QUAL_TEMPLATE[q])
tools/joint_estimator/gen_note_tables.py,181,12,member_pcs,"pcs.add((root + (1 if ""b9"" in cls.inversion else 2)) % 12)"
tools/joint_estimator/gen_note_tables.py,200,12,chord_factor_pcs,"return [(roles[i], (root + tmpl[i]) % 12) for i in range(len(tmpl))]"
tools/joint_estimator/gen_note_tables.py,207,12,note_category,"return ""within"" if (pc - tonic) % 12 in coll else ""outside"""
tools/joint_estimator/gen_note_tables.py,233,4,spelling_bin,"return ""chr_flat"" if rel < -4 else ""chr_sharp"""
tools/joint_estimator/gen_note_tables.py,307,2,sounding_pcs,"onset, dur, pc = n[0], n[1], n[2]"
tools/joint_estimator/gen_note_tables.py,308,6,sounding_pcs,if n[6] == 0:                       # OI-184 (a): anacrusis notes excluded
tools/joint_estimator/gen_note_tables.py,338,4,excluded_zero_factor_segments,"family = ""seventh"" if len(factors) == 4 else ""triad"""
tools/joint_estimator/gen_note_tables.py,389,12,per_stem_counts,"onset, dur, pc, midi, lof, part, measure, beat, mc_c, ap_c, dp_c, tied = n[:12]"
tools/joint_estimator/gen_note_tables.py,423,5,per_stem_counts,"start, end, measure, beat, mc_c = ev[:5]     # ev[5] (fermata) unused here — separate addendum"
tools/joint_estimator/gen_note_tables.py,434,5,per_stem_counts,"start, end, measure, beat, mc_c = ev[:5]     # ev[5] (fermata) unused here — separate addendum"
tools/joint_estimator/gen_note_tables.py,470,2,_emit_display,"return f""{combo[0]} | {combo[1]} | {combo[2]} | {int(combo[3])}"""
tools/joint_estimator/gen_note_tables.py,587,3,validate_template,"return {""tokens_checked"": tot, ""agree"": agree, ""agree_pct"": round(100 * agree / tot, 3) if tot else None,"
tools/joint_estimator/gen_note_tables.py,589,20,validate_template,"""residual_disagreements"": residual[:20], ""residual_total_tokens"": sum(r[""tokens""] for r in residual)}"
tools/joint_estimator/gen_note_tables.py,628,2,hand_checks,if n[2] == 6:   # F#
tools/joint_estimator/gen_note_tables.py,629,6,hand_checks,"b[""under_i_Fsharp""] = {""pc"": 6, ""cat_under_i"": note_category(6, mem_i, 9, False),"
tools/joint_estimator/gen_note_tables.py,676,5,sanity_anchors,if rel == 5:
tools/joint_estimator/gen_note_tables.py,725,4,frac,"return round(sum(1 for pc in fpcs if pc in pcs) / len(fpcs), 4)"
tools/joint_estimator/gen_note_tables.py,176,12,member_pcs,"return frozenset((fw_tonic + i) % 12 for i in (8, 0, 6))"
tools/joint_estimator/gen_note_tables.py,178,12,member_pcs,"return frozenset((fw_tonic + i) % 12 for i in (1, 5, 8))"
tools/joint_estimator/gen_note_tables.py,450,2,per_stem_counts,"event_ticks = {ev[0] for ev in piece[""events""] if ev[2] != 0}"
tools/joint_estimator/gen_note_tables.py,470,3,_emit_display,"return f""{combo[0]} | {combo[1]} | {combo[2]} | {int(combo[3])}"""
tools/joint_estimator/gen_note_tables.py,613,2,hand_checks,"a[""notes""].append({""onset"": n[0], ""pc"": n[2], ""seg_raw"": seg[""raw""],"
tools/joint_estimator/gen_note_tables.py,620,1440,hand_checks,"seg = next((s for s in segs if s[""start""] <= 1440 < s[""end""]), None)"
tools/joint_estimator/gen_note_tables.py,627,2,hand_checks,"b[""under_vio7""].append({""pc"": n[2], ""cat"": note_category(n[2], mem_vio7, 9, False)})"
tools/joint_estimator/gen_note_tables.py,627,9,hand_checks,"b[""under_vio7""].append({""pc"": n[2], ""cat"": note_category(n[2], mem_vio7, 9, False)})"
tools/joint_estimator/gen_note_tables.py,629,6,hand_checks,"b[""under_i_Fsharp""] = {""pc"": 6, ""cat_under_i"": note_category(6, mem_i, 9, False),"
tools/joint_estimator/gen_note_tables.py,629,9,hand_checks,"b[""under_i_Fsharp""] = {""pc"": 6, ""cat_under_i"": note_category(6, mem_i, 9, False),"
tools/joint_estimator/gen_note_tables.py,645,12,hand_checks,"lt = (s[""tonic""] + 11) % 12"
tools/joint_estimator/gen_note_tables.py,669,6,sanity_anchors,if n[6] == 0:
tools/joint_estimator/gen_note_tables.py,675,4,sanity_anchors,"rel = n[4] - tonic_lof(seg[""local_key""])"
tools/joint_estimator/gen_note_tables.py,809,4,stem_set,f = int(name[4:])
tools/joint_estimator/gen_note_tables.py,834,2,main,"""combined_tokens_per_param"": round(combined_tokens / combined_params, 2) if combined_params else None,"
tools/joint_estimator/gen_note_tables.py,835,10,main,"""passes_combined_bound"": combined_tokens >= 10 * combined_params,"
tools/joint_estimator/gen_note_tables.py,176,8,member_pcs,"return frozenset((fw_tonic + i) % 12 for i in (8, 0, 6))"
tools/joint_estimator/gen_note_tables.py,176,6,member_pcs,"return frozenset((fw_tonic + i) % 12 for i in (8, 0, 6))"
tools/joint_estimator/gen_note_tables.py,178,5,member_pcs,"return frozenset((fw_tonic + i) % 12 for i in (1, 5, 8))"
tools/joint_estimator/gen_note_tables.py,178,8,member_pcs,"return frozenset((fw_tonic + i) % 12 for i in (1, 5, 8))"
tools/joint_estimator/gen_note_tables.py,181,2,member_pcs,"pcs.add((root + (1 if ""b9"" in cls.inversion else 2)) % 12)"
tools/joint_estimator/gen_note_tables.py,501,2,fit_tables,"cs = int((combo[1] == ""step"") or (combo[2] == ""step"") or (combo[0] == ""sub_tactus"") or bool(combo[3]))"
tools/joint_estimator/gen_note_tables.py,501,3,fit_tables,"cs = int((combo[1] == ""step"") or (combo[2] == ""step"") or (combo[0] == ""sub_tactus"") or bool(combo[3]))"
tools/joint_estimator/gen_note_tables.py,587,100,validate_template,"return {""tokens_checked"": tot, ""agree"": agree, ""agree_pct"": round(100 * agree / tot, 3) if tot else None,"
tools/joint_estimator/gen_note_tables.py,610,12960,hand_checks,"for s in segs if 12960 <= s[""start""] < 13920 and s[""mem""]], ""notes"": []}"
tools/joint_estimator/gen_note_tables.py,610,13920,hand_checks,"for s in segs if 12960 <= s[""start""] < 13920 and s[""mem""]], ""notes"": []}"
tools/joint_estimator/gen_note_tables.py,614,2,hand_checks,"""cat"": note_category(n[2], seg[""mem""], seg[""tonic""], seg[""is_major""])})"
tools/joint_estimator/gen_note_tables.py,627,2,hand_checks,"b[""under_vio7""].append({""pc"": n[2], ""cat"": note_category(n[2], mem_vio7, 9, False)})"
tools/joint_estimator/gen_note_tables.py,632,4,hand_checks,"""rel_lof"": n[4] - tonic_lof(seg[""local_key""]),"
tools/joint_estimator/gen_note_tables.py,645,11,hand_checks,"lt = (s[""tonic""] + 11) % 12"
tools/joint_estimator/gen_note_tables.py,678,2,sanity_anchors,elif rel == -2:
tools/joint_estimator/gen_note_tables.py,837,2,main,"t: (round(p2[""tokens""][t] / p2[""free_params""][t], 2) if p2[""free_params""][t] else None)"
tools/joint_estimator/gen_note_tables.py,630,8,hand_checks,"""covariates"": {""metric"": _MC_INV[n[8]], ""approach"": _MV_INV[n[9]],"
tools/joint_estimator/gen_note_tables.py,630,9,hand_checks,"""covariates"": {""metric"": _MC_INV[n[8]], ""approach"": _MV_INV[n[9]],"
tools/joint_estimator/gen_note_tables.py,631,10,hand_checks,"""departure"": _MV_INV[n[10]], ""tied"": bool(n[11])},"
tools/joint_estimator/gen_note_tables.py,631,11,hand_checks,"""departure"": _MV_INV[n[10]], ""tied"": bool(n[11])},"
tools/joint_estimator/gen_note_tables.py,633,4,hand_checks,"""spelling_bin"": spelling_bin(n[4] - tonic_lof(seg[""local_key""]), False)}"
tools/joint_estimator/gen_note_tables.py,840,10,main,"(p2[""free_params""][t] == 0) or (p2[""tokens""][t] >= 10 * p2[""free_params""][t])"
tools/joint_estimator/gen_posterior_slice.py,64,4,<module-scope>,SEG_CAP = 4
tools/joint_estimator/gen_posterior_slice.py,154,4,derive_runner4,"""committed_key_content_score"": round(best_sc, 4) if best_sc != pd.NEG_INF else None,"
tools/joint_estimator/gen_posterior_slice.py,156,4,derive_runner4,"""runner_key_content_score"": round(alt_sc, 4) if alt_sc != pd.NEG_INF else None,"
tools/joint_estimator/gen_posterior_slice.py,157,4,derive_runner4,"""gap"": round(best_sc - alt_sc, 4) if (alt_i >= 0 and best_sc != pd.NEG_INF) else None,"
tools/joint_estimator/gen_posterior_slice.py,257,20,establish_a,for line in detail[:20]:
tools/joint_estimator/gen_posterior_slice.py,281,20,establish_b,for line in detail[:20]:
tools/joint_estimator/gen_posterior_slice.py,220,3,establish_a,"equal_score = (pc_tot is not None and round(my_tot, 3) == round(pc_tot, 3))"
tools/joint_estimator/gen_posterior_slice.py,220,3,establish_a,"equal_score = (pc_tot is not None and round(my_tot, 3) == round(pc_tot, 3))"
tools/joint_estimator/gen_posterior_slice.py,223,6,establish_a,"""total_score_identity_current"": round(my_tot, 6),"
tools/joint_estimator/gen_spelling_establishment.py,30,2,<module-scope>,"_MAJOR_LOF = [0, 2, 4, -1, 1, 3, 5]     # I..VII : C D E F G A B  (relative to C)"
tools/joint_estimator/gen_spelling_establishment.py,30,4,<module-scope>,"_MAJOR_LOF = [0, 2, 4, -1, 1, 3, 5]     # I..VII : C D E F G A B  (relative to C)"
tools/joint_estimator/gen_spelling_establishment.py,30,3,<module-scope>,"_MAJOR_LOF = [0, 2, 4, -1, 1, 3, 5]     # I..VII : C D E F G A B  (relative to C)"
tools/joint_estimator/gen_spelling_establishment.py,30,5,<module-scope>,"_MAJOR_LOF = [0, 2, 4, -1, 1, 3, 5]     # I..VII : C D E F G A B  (relative to C)"
tools/joint_estimator/gen_spelling_establishment.py,31,2,<module-scope>,"_MINOR_LOF = [0, 2, -3, -1, 1, -4, -2]  # i..VII : A B C D E F G  (relative to A; ♭3 ♭6 ♭7)"
tools/joint_estimator/gen_spelling_establishment.py,32,2,<module-scope>,"_DEG = {'I': 1, 'II': 2, 'III': 3, 'IV': 4, 'V': 5, 'VI': 6, 'VII': 7}"
tools/joint_estimator/gen_spelling_establishment.py,32,3,<module-scope>,"_DEG = {'I': 1, 'II': 2, 'III': 3, 'IV': 4, 'V': 5, 'VI': 6, 'VII': 7}"
tools/joint_estimator/gen_spelling_establishment.py,32,4,<module-scope>,"_DEG = {'I': 1, 'II': 2, 'III': 3, 'IV': 4, 'V': 5, 'VI': 6, 'VII': 7}"
tools/joint_estimator/gen_spelling_establishment.py,32,5,<module-scope>,"_DEG = {'I': 1, 'II': 2, 'III': 3, 'IV': 4, 'V': 5, 'VI': 6, 'VII': 7}"
tools/joint_estimator/gen_spelling_establishment.py,32,6,<module-scope>,"_DEG = {'I': 1, 'II': 2, 'III': 3, 'IV': 4, 'V': 5, 'VI': 6, 'VII': 7}"
tools/joint_estimator/gen_spelling_establishment.py,32,7,<module-scope>,"_DEG = {'I': 1, 'II': 2, 'III': 3, 'IV': 4, 'V': 5, 'VI': 6, 'VII': 7}"
tools/joint_estimator/gen_spelling_establishment.py,38,3,<module-scope>,"_INTERVAL_LOF = {0: 0, 3: -3, 4: 4, 6: -6, 7: 1, 8: 8, 9: -9, 10: -2, 11: 5}"
tools/joint_estimator/gen_spelling_establishment.py,38,4,<module-scope>,"_INTERVAL_LOF = {0: 0, 3: -3, 4: 4, 6: -6, 7: 1, 8: 8, 9: -9, 10: -2, 11: 5}"
tools/joint_estimator/gen_spelling_establishment.py,38,6,<module-scope>,"_INTERVAL_LOF = {0: 0, 3: -3, 4: 4, 6: -6, 7: 1, 8: 8, 9: -9, 10: -2, 11: 5}"
tools/joint_estimator/gen_spelling_establishment.py,38,7,<module-scope>,"_INTERVAL_LOF = {0: 0, 3: -3, 4: 4, 6: -6, 7: 1, 8: 8, 9: -9, 10: -2, 11: 5}"
tools/joint_estimator/gen_spelling_establishment.py,38,8,<module-scope>,"_INTERVAL_LOF = {0: 0, 3: -3, 4: 4, 6: -6, 7: 1, 8: 8, 9: -9, 10: -2, 11: 5}"
tools/joint_estimator/gen_spelling_establishment.py,38,9,<module-scope>,"_INTERVAL_LOF = {0: 0, 3: -3, 4: 4, 6: -6, 7: 1, 8: 8, 9: -9, 10: -2, 11: 5}"
tools/joint_estimator/gen_spelling_establishment.py,38,10,<module-scope>,"_INTERVAL_LOF = {0: 0, 3: -3, 4: 4, 6: -6, 7: 1, 8: 8, 9: -9, 10: -2, 11: 5}"
tools/joint_estimator/gen_spelling_establishment.py,38,11,<module-scope>,"_INTERVAL_LOF = {0: 0, 3: -3, 4: 4, 6: -6, 7: 1, 8: 8, 9: -9, 10: -2, 11: 5}"
tools/joint_estimator/gen_spelling_establishment.py,38,4,<module-scope>,"_INTERVAL_LOF = {0: 0, 3: -3, 4: 4, 6: -6, 7: 1, 8: 8, 9: -9, 10: -2, 11: 5}"
tools/joint_estimator/gen_spelling_establishment.py,38,8,<module-scope>,"_INTERVAL_LOF = {0: 0, 3: -3, 4: 4, 6: -6, 7: 1, 8: 8, 9: -9, 10: -2, 11: 5}"
tools/joint_estimator/gen_spelling_establishment.py,38,5,<module-scope>,"_INTERVAL_LOF = {0: 0, 3: -3, 4: 4, 6: -6, 7: 1, 8: 8, 9: -9, 10: -2, 11: 5}"
tools/joint_estimator/gen_spelling_establishment.py,48,2,<module-scope>,"_SIG_OPTS = {0: (0, 0), 1: (7, -5), 2: (2, 2), 3: (-3, -3), 4: (4, 4), 5: (-1, -1),"
tools/joint_estimator/gen_spelling_establishment.py,48,3,<module-scope>,"_SIG_OPTS = {0: (0, 0), 1: (7, -5), 2: (2, 2), 3: (-3, -3), 4: (4, 4), 5: (-1, -1),"
tools/joint_estimator/gen_spelling_establishment.py,48,4,<module-scope>,"_SIG_OPTS = {0: (0, 0), 1: (7, -5), 2: (2, 2), 3: (-3, -3), 4: (4, 4), 5: (-1, -1),"
tools/joint_estimator/gen_spelling_establishment.py,48,5,<module-scope>,"_SIG_OPTS = {0: (0, 0), 1: (7, -5), 2: (2, 2), 3: (-3, -3), 4: (4, 4), 5: (-1, -1),"
tools/joint_estimator/gen_spelling_establishment.py,49,6,<module-scope>,"6: (6, -6), 7: (1, 1), 8: (-4, -4), 9: (3, 3), 10: (-2, -2), 11: (5, -7)}"
tools/joint_estimator/gen_spelling_establishment.py,49,7,<module-scope>,"6: (6, -6), 7: (1, 1), 8: (-4, -4), 9: (3, 3), 10: (-2, -2), 11: (5, -7)}"
tools/joint_estimator/gen_spelling_establishment.py,49,8,<module-scope>,"6: (6, -6), 7: (1, 1), 8: (-4, -4), 9: (3, 3), 10: (-2, -2), 11: (5, -7)}"
tools/joint_estimator/gen_spelling_establishment.py,49,9,<module-scope>,"6: (6, -6), 7: (1, 1), 8: (-4, -4), 9: (3, 3), 10: (-2, -2), 11: (5, -7)}"
tools/joint_estimator/gen_spelling_establishment.py,49,10,<module-scope>,"6: (6, -6), 7: (1, 1), 8: (-4, -4), 9: (3, 3), 10: (-2, -2), 11: (5, -7)}"
tools/joint_estimator/gen_spelling_establishment.py,49,11,<module-scope>,"6: (6, -6), 7: (1, 1), 8: (-4, -4), 9: (3, 3), 10: (-2, -2), 11: (5, -7)}"
tools/joint_estimator/gen_spelling_establishment.py,31,3,<module-scope>,"_MINOR_LOF = [0, 2, -3, -1, 1, -4, -2]  # i..VII : A B C D E F G  (relative to A; ♭3 ♭6 ♭7)"
tools/joint_estimator/gen_spelling_establishment.py,31,4,<module-scope>,"_MINOR_LOF = [0, 2, -3, -1, 1, -4, -2]  # i..VII : A B C D E F G  (relative to A; ♭3 ♭6 ♭7)"
tools/joint_estimator/gen_spelling_establishment.py,31,2,<module-scope>,"_MINOR_LOF = [0, 2, -3, -1, 1, -4, -2]  # i..VII : A B C D E F G  (relative to A; ♭3 ♭6 ♭7)"
tools/joint_estimator/gen_spelling_establishment.py,38,3,<module-scope>,"_INTERVAL_LOF = {0: 0, 3: -3, 4: 4, 6: -6, 7: 1, 8: 8, 9: -9, 10: -2, 11: 5}"
tools/joint_estimator/gen_spelling_establishment.py,38,6,<module-scope>,"_INTERVAL_LOF = {0: 0, 3: -3, 4: 4, 6: -6, 7: 1, 8: 8, 9: -9, 10: -2, 11: 5}"
tools/joint_estimator/gen_spelling_establishment.py,38,9,<module-scope>,"_INTERVAL_LOF = {0: 0, 3: -3, 4: 4, 6: -6, 7: 1, 8: 8, 9: -9, 10: -2, 11: 5}"
tools/joint_estimator/gen_spelling_establishment.py,38,2,<module-scope>,"_INTERVAL_LOF = {0: 0, 3: -3, 4: 4, 6: -6, 7: 1, 8: 8, 9: -9, 10: -2, 11: 5}"
tools/joint_estimator/gen_spelling_establishment.py,40,4,<module-scope>,"""Maj"": [0, 4, 7], ""Min"": [0, 3, 7], ""Dim"": [0, 3, 6], ""Aug"": [0, 4, 8],"
tools/joint_estimator/gen_spelling_establishment.py,40,7,<module-scope>,"""Maj"": [0, 4, 7], ""Min"": [0, 3, 7], ""Dim"": [0, 3, 6], ""Aug"": [0, 4, 8],"
tools/joint_estimator/gen_spelling_establishment.py,40,3,<module-scope>,"""Maj"": [0, 4, 7], ""Min"": [0, 3, 7], ""Dim"": [0, 3, 6], ""Aug"": [0, 4, 8],"
tools/joint_estimator/gen_spelling_establishment.py,40,7,<module-scope>,"""Maj"": [0, 4, 7], ""Min"": [0, 3, 7], ""Dim"": [0, 3, 6], ""Aug"": [0, 4, 8],"
tools/joint_estimator/gen_spelling_establishment.py,40,3,<module-scope>,"""Maj"": [0, 4, 7], ""Min"": [0, 3, 7], ""Dim"": [0, 3, 6], ""Aug"": [0, 4, 8],"
tools/joint_estimator/gen_spelling_establishment.py,40,6,<module-scope>,"""Maj"": [0, 4, 7], ""Min"": [0, 3, 7], ""Dim"": [0, 3, 6], ""Aug"": [0, 4, 8],"
tools/joint_estimator/gen_spelling_establishment.py,40,4,<module-scope>,"""Maj"": [0, 4, 7], ""Min"": [0, 3, 7], ""Dim"": [0, 3, 6], ""Aug"": [0, 4, 8],"
tools/joint_estimator/gen_spelling_establishment.py,40,8,<module-scope>,"""Maj"": [0, 4, 7], ""Min"": [0, 3, 7], ""Dim"": [0, 3, 6], ""Aug"": [0, 4, 8],"
tools/joint_estimator/gen_spelling_establishment.py,41,4,<module-scope>,"""Dom7"": [0, 4, 7, 10], ""Maj7"": [0, 4, 7, 11], ""Min7"": [0, 3, 7, 10], ""MinMaj7"": [0, 3, 7, 11],"
tools/joint_estimator/gen_spelling_establishment.py,41,7,<module-scope>,"""Dom7"": [0, 4, 7, 10], ""Maj7"": [0, 4, 7, 11], ""Min7"": [0, 3, 7, 10], ""MinMaj7"": [0, 3, 7, 11],"
tools/joint_estimator/gen_spelling_establishment.py,41,10,<module-scope>,"""Dom7"": [0, 4, 7, 10], ""Maj7"": [0, 4, 7, 11], ""Min7"": [0, 3, 7, 10], ""MinMaj7"": [0, 3, 7, 11],"
tools/joint_estimator/gen_spelling_establishment.py,41,4,<module-scope>,"""Dom7"": [0, 4, 7, 10], ""Maj7"": [0, 4, 7, 11], ""Min7"": [0, 3, 7, 10], ""MinMaj7"": [0, 3, 7, 11],"
tools/joint_estimator/gen_spelling_establishment.py,41,7,<module-scope>,"""Dom7"": [0, 4, 7, 10], ""Maj7"": [0, 4, 7, 11], ""Min7"": [0, 3, 7, 10], ""MinMaj7"": [0, 3, 7, 11],"
tools/joint_estimator/gen_spelling_establishment.py,41,11,<module-scope>,"""Dom7"": [0, 4, 7, 10], ""Maj7"": [0, 4, 7, 11], ""Min7"": [0, 3, 7, 10], ""MinMaj7"": [0, 3, 7, 11],"
tools/joint_estimator/gen_spelling_establishment.py,41,3,<module-scope>,"""Dom7"": [0, 4, 7, 10], ""Maj7"": [0, 4, 7, 11], ""Min7"": [0, 3, 7, 10], ""MinMaj7"": [0, 3, 7, 11],"
tools/joint_estimator/gen_spelling_establishment.py,41,7,<module-scope>,"""Dom7"": [0, 4, 7, 10], ""Maj7"": [0, 4, 7, 11], ""Min7"": [0, 3, 7, 10], ""MinMaj7"": [0, 3, 7, 11],"
tools/joint_estimator/gen_spelling_establishment.py,41,10,<module-scope>,"""Dom7"": [0, 4, 7, 10], ""Maj7"": [0, 4, 7, 11], ""Min7"": [0, 3, 7, 10], ""MinMaj7"": [0, 3, 7, 11],"
tools/joint_estimator/gen_spelling_establishment.py,41,3,<module-scope>,"""Dom7"": [0, 4, 7, 10], ""Maj7"": [0, 4, 7, 11], ""Min7"": [0, 3, 7, 10], ""MinMaj7"": [0, 3, 7, 11],"
tools/joint_estimator/gen_spelling_establishment.py,41,7,<module-scope>,"""Dom7"": [0, 4, 7, 10], ""Maj7"": [0, 4, 7, 11], ""Min7"": [0, 3, 7, 10], ""MinMaj7"": [0, 3, 7, 11],"
tools/joint_estimator/gen_spelling_establishment.py,41,11,<module-scope>,"""Dom7"": [0, 4, 7, 10], ""Maj7"": [0, 4, 7, 11], ""Min7"": [0, 3, 7, 10], ""MinMaj7"": [0, 3, 7, 11],"
tools/joint_estimator/gen_spelling_establishment.py,42,3,<module-scope>,"""Dim7"": [0, 3, 6, 9], ""HalfDim7"": [0, 3, 6, 10], ""HalfDim"": [0, 3, 6],"
tools/joint_estimator/gen_spelling_establishment.py,42,6,<module-scope>,"""Dim7"": [0, 3, 6, 9], ""HalfDim7"": [0, 3, 6, 10], ""HalfDim"": [0, 3, 6],"
tools/joint_estimator/gen_spelling_establishment.py,42,9,<module-scope>,"""Dim7"": [0, 3, 6, 9], ""HalfDim7"": [0, 3, 6, 10], ""HalfDim"": [0, 3, 6],"
tools/joint_estimator/gen_spelling_establishment.py,42,3,<module-scope>,"""Dim7"": [0, 3, 6, 9], ""HalfDim7"": [0, 3, 6, 10], ""HalfDim"": [0, 3, 6],"
tools/joint_estimator/gen_spelling_establishment.py,42,6,<module-scope>,"""Dim7"": [0, 3, 6, 9], ""HalfDim7"": [0, 3, 6, 10], ""HalfDim"": [0, 3, 6],"
tools/joint_estimator/gen_spelling_establishment.py,42,10,<module-scope>,"""Dim7"": [0, 3, 6, 9], ""HalfDim7"": [0, 3, 6, 10], ""HalfDim"": [0, 3, 6],"
tools/joint_estimator/gen_spelling_establishment.py,42,3,<module-scope>,"""Dim7"": [0, 3, 6, 9], ""HalfDim7"": [0, 3, 6, 10], ""HalfDim"": [0, 3, 6],"
tools/joint_estimator/gen_spelling_establishment.py,42,6,<module-scope>,"""Dim7"": [0, 3, 6, 9], ""HalfDim7"": [0, 3, 6, 10], ""HalfDim"": [0, 3, 6],"
tools/joint_estimator/gen_spelling_establishment.py,43,4,<module-scope>,"""Aug7"": [0, 4, 8, 10], ""AugMaj7"": [0, 4, 8, 11],"
tools/joint_estimator/gen_spelling_establishment.py,43,8,<module-scope>,"""Aug7"": [0, 4, 8, 10], ""AugMaj7"": [0, 4, 8, 11],"
tools/joint_estimator/gen_spelling_establishment.py,43,10,<module-scope>,"""Aug7"": [0, 4, 8, 10], ""AugMaj7"": [0, 4, 8, 11],"
tools/joint_estimator/gen_spelling_establishment.py,43,4,<module-scope>,"""Aug7"": [0, 4, 8, 10], ""AugMaj7"": [0, 4, 8, 11],"
tools/joint_estimator/gen_spelling_establishment.py,43,8,<module-scope>,"""Aug7"": [0, 4, 8, 10], ""AugMaj7"": [0, 4, 8, 11],"
tools/joint_estimator/gen_spelling_establishment.py,43,11,<module-scope>,"""Aug7"": [0, 4, 8, 10], ""AugMaj7"": [0, 4, 8, 11],"
tools/joint_estimator/gen_spelling_establishment.py,48,7,<module-scope>,"_SIG_OPTS = {0: (0, 0), 1: (7, -5), 2: (2, 2), 3: (-3, -3), 4: (4, 4), 5: (-1, -1),"
tools/joint_estimator/gen_spelling_establishment.py,48,2,<module-scope>,"_SIG_OPTS = {0: (0, 0), 1: (7, -5), 2: (2, 2), 3: (-3, -3), 4: (4, 4), 5: (-1, -1),"
tools/joint_estimator/gen_spelling_establishment.py,48,2,<module-scope>,"_SIG_OPTS = {0: (0, 0), 1: (7, -5), 2: (2, 2), 3: (-3, -3), 4: (4, 4), 5: (-1, -1),"
tools/joint_estimator/gen_spelling_establishment.py,48,4,<module-scope>,"_SIG_OPTS = {0: (0, 0), 1: (7, -5), 2: (2, 2), 3: (-3, -3), 4: (4, 4), 5: (-1, -1),"
tools/joint_estimator/gen_spelling_establishment.py,48,4,<module-scope>,"_SIG_OPTS = {0: (0, 0), 1: (7, -5), 2: (2, 2), 3: (-3, -3), 4: (4, 4), 5: (-1, -1),"
tools/joint_estimator/gen_spelling_establishment.py,49,6,<module-scope>,"6: (6, -6), 7: (1, 1), 8: (-4, -4), 9: (3, 3), 10: (-2, -2), 11: (5, -7)}"
tools/joint_estimator/gen_spelling_establishment.py,49,3,<module-scope>,"6: (6, -6), 7: (1, 1), 8: (-4, -4), 9: (3, 3), 10: (-2, -2), 11: (5, -7)}"
tools/joint_estimator/gen_spelling_establishment.py,49,3,<module-scope>,"6: (6, -6), 7: (1, 1), 8: (-4, -4), 9: (3, 3), 10: (-2, -2), 11: (5, -7)}"
tools/joint_estimator/gen_spelling_establishment.py,49,5,<module-scope>,"6: (6, -6), 7: (1, 1), 8: (-4, -4), 9: (3, 3), 10: (-2, -2), 11: (5, -7)}"
tools/joint_estimator/gen_spelling_establishment.py,71,12,_key_sig_fifths,ion = (tonic if is_major else tonic + 3) % 12
tools/joint_estimator/gen_spelling_establishment.py,123,12,_pc,return (7 * lof) % 12
tools/joint_estimator/gen_spelling_establishment.py,48,5,<module-scope>,"_SIG_OPTS = {0: (0, 0), 1: (7, -5), 2: (2, 2), 3: (-3, -3), 4: (4, 4), 5: (-1, -1),"
tools/joint_estimator/gen_spelling_establishment.py,48,3,<module-scope>,"_SIG_OPTS = {0: (0, 0), 1: (7, -5), 2: (2, 2), 3: (-3, -3), 4: (4, 4), 5: (-1, -1),"
tools/joint_estimator/gen_spelling_establishment.py,48,3,<module-scope>,"_SIG_OPTS = {0: (0, 0), 1: (7, -5), 2: (2, 2), 3: (-3, -3), 4: (4, 4), 5: (-1, -1),"
tools/joint_estimator/gen_spelling_establishment.py,49,6,<module-scope>,"6: (6, -6), 7: (1, 1), 8: (-4, -4), 9: (3, 3), 10: (-2, -2), 11: (5, -7)}"
tools/joint_estimator/gen_spelling_establishment.py,49,4,<module-scope>,"6: (6, -6), 7: (1, 1), 8: (-4, -4), 9: (3, 3), 10: (-2, -2), 11: (5, -7)}"
tools/joint_estimator/gen_spelling_establishment.py,49,4,<module-scope>,"6: (6, -6), 7: (1, 1), 8: (-4, -4), 9: (3, 3), 10: (-2, -2), 11: (5, -7)}"
tools/joint_estimator/gen_spelling_establishment.py,49,2,<module-scope>,"6: (6, -6), 7: (1, 1), 8: (-4, -4), 9: (3, 3), 10: (-2, -2), 11: (5, -7)}"
tools/joint_estimator/gen_spelling_establishment.py,49,2,<module-scope>,"6: (6, -6), 7: (1, 1), 8: (-4, -4), 9: (3, 3), 10: (-2, -2), 11: (5, -7)}"
tools/joint_estimator/gen_spelling_establishment.py,49,7,<module-scope>,"6: (6, -6), 7: (1, 1), 8: (-4, -4), 9: (3, 3), 10: (-2, -2), 11: (5, -7)}"
tools/joint_estimator/gen_spelling_establishment.py,63,7,_degree_lof_offset,if num == 7:
tools/joint_estimator/gen_spelling_establishment.py,64,5,_degree_lof_offset,base = 5    # raised leading tone (harmonic/melodic minor)
tools/joint_estimator/gen_spelling_establishment.py,67,7,_degree_lof_offset,return base + 7 * acc
tools/joint_estimator/gen_spelling_establishment.py,77,3,_key_tonic_lof,"return _key_sig_fifths(tonic, is_major, ref) + (0 if is_major else 3)"
tools/joint_estimator/gen_spelling_establishment.py,81,4,_class_fields,"parts = (class_key.split(' | ') + ['', '', '', ''])[:4]"
tools/joint_estimator/gen_spelling_establishment.py,82,2,_class_fields,"return parts[0], parts[1], parts[2], parts[3]   # degree, quality, inversion, target"
tools/joint_estimator/gen_spelling_establishment.py,82,3,_class_fields,"return parts[0], parts[1], parts[2], parts[3]   # degree, quality, inversion, target"
tools/joint_estimator/gen_spelling_establishment.py,100,5,root_lof,return fw_lof - 5      # ♭2 spelling (Db in C)
tools/joint_estimator/gen_spelling_establishment.py,123,7,_pc,return (7 * lof) % 12
tools/joint_estimator/gen_spelling_establishment.py,398,2,main,return 2
tools/joint_estimator/gen_spelling_establishment.py,65,6,_degree_lof_offset,elif num == 6:
tools/joint_estimator/gen_spelling_establishment.py,66,3,_degree_lof_offset,base = 3    # raised submediant
tools/joint_estimator/gen_spelling_establishment.py,71,3,_key_sig_fifths,ion = (tonic if is_major else tonic + 3) % 12
tools/joint_estimator/gen_spelling_establishment.py,118,12,factor_lofs,"out[_ROLES[k]] = ((7 * lof) % 12, lof)"
tools/joint_estimator/gen_spelling_establishment.py,118,7,factor_lofs,"out[_ROLES[k]] = ((7 * lof) % 12, lof)"
tools/joint_estimator/gen_spelling_establishment.py,162,2,compare_cpp_parity,"i, j, tonic, is_major, class_key, _root_pc = seg[0], seg[1], seg[2], seg[3], seg[4], seg[5]"
tools/joint_estimator/gen_spelling_establishment.py,162,3,compare_cpp_parity,"i, j, tonic, is_major, class_key, _root_pc = seg[0], seg[1], seg[2], seg[3], seg[4], seg[5]"
tools/joint_estimator/gen_spelling_establishment.py,162,4,compare_cpp_parity,"i, j, tonic, is_major, class_key, _root_pc = seg[0], seg[1], seg[2], seg[3], seg[4], seg[5]"
tools/joint_estimator/gen_spelling_establishment.py,162,5,compare_cpp_parity,"i, j, tonic, is_major, class_key, _root_pc = seg[0], seg[1], seg[2], seg[3], seg[4], seg[5]"
tools/joint_estimator/gen_spelling_establishment.py,200,2,compare_cpp_parity,"bass_pc = min(sounding, key=lambda n: n[3])[2]"
tools/joint_estimator/gen_spelling_establishment.py,278,2,main,"i, j, tonic, is_major, class_key, root_pc = seg[0], seg[1], seg[2], seg[3], seg[4], seg[5]"
tools/joint_estimator/gen_spelling_establishment.py,278,3,main,"i, j, tonic, is_major, class_key, root_pc = seg[0], seg[1], seg[2], seg[3], seg[4], seg[5]"
tools/joint_estimator/gen_spelling_establishment.py,278,4,main,"i, j, tonic, is_major, class_key, root_pc = seg[0], seg[1], seg[2], seg[3], seg[4], seg[5]"
tools/joint_estimator/gen_spelling_establishment.py,278,5,main,"i, j, tonic, is_major, class_key, root_pc = seg[0], seg[1], seg[2], seg[3], seg[4], seg[5]"
tools/joint_estimator/gen_spelling_establishment.py,323,2,main,bass_pc = bass_note[2]
tools/joint_estimator/gen_spelling_establishment.py,396,10,main,for d in parity[key][:10]:
tools/joint_estimator/gen_spelling_establishment.py,296,12,main,if _pc(rl) != (root_pc % 12) and root_pc >= 0:
tools/joint_estimator/gen_spelling_establishment.py,330,4,main,if blof == bass_note[4]:
tools/joint_estimator/gen_spelling_establishment.py,198,6,compare_cpp_parity,sounding = [n for n in notes if n[6] != 0 and n[0] < seg_end and (n[0] + n[1]) > seg_start]
tools/joint_estimator/gen_spelling_establishment.py,285,6,main,if n[6] != 0 and n[0] < seg_end and (n[0] + n[1]) > seg_start]
tools/joint_estimator/gen_spelling_establishment.py,302,2,main,root_notes = [n for n in sounding if n[2] == (root_pc % 12)]
tools/joint_estimator/gen_spelling_establishment.py,302,12,main,root_notes = [n for n in sounding if n[2] == (root_pc % 12)]
tools/joint_estimator/gen_spelling_establishment.py,306,4,main,notated_lofs = sorted({n[4] for n in root_notes})
tools/joint_estimator/gen_spelling_establishment.py,322,3,main,"bass_note = min(sounding, key=lambda n: n[3])   # lowest midi"
tools/joint_estimator/gen_spelling_establishment.py,200,3,compare_cpp_parity,"bass_pc = min(sounding, key=lambda n: n[3])[2]"
tools/joint_estimator/gen_spelling_establishment.py,337,4,main,"'derived_lof': blof, 'notated_lof': bass_note[4]})"
tools/joint_estimator/gen_window_study.py,94,4,<module-scope>,SEG_CAP = 4
tools/joint_estimator/gen_window_study.py,97,4,<module-scope>,"SPANS = [4, 8, 16, 32, 64, ""whole""]   # measure widths; 'whole' == the whole piece"
tools/joint_estimator/gen_window_study.py,97,8,<module-scope>,"SPANS = [4, 8, 16, 32, 64, ""whole""]   # measure widths; 'whole' == the whole piece"
tools/joint_estimator/gen_window_study.py,97,16,<module-scope>,"SPANS = [4, 8, 16, 32, 64, ""whole""]   # measure widths; 'whole' == the whole piece"
tools/joint_estimator/gen_window_study.py,97,32,<module-scope>,"SPANS = [4, 8, 16, 32, 64, ""whole""]   # measure widths; 'whole' == the whole piece"
tools/joint_estimator/gen_window_study.py,97,64,<module-scope>,"SPANS = [4, 8, 16, 32, 64, ""whole""]   # measure widths; 'whole' == the whole piece"
tools/joint_estimator/gen_window_study.py,98,8,<module-scope>,"ACC_SPANS = [8, 16, 32, ""whole""]      # the accuracy-graded span sizes (dispatch Task 2.2)"
tools/joint_estimator/gen_window_study.py,98,16,<module-scope>,"ACC_SPANS = [8, 16, 32, ""whole""]      # the accuracy-graded span sizes (dispatch Task 2.2)"
tools/joint_estimator/gen_window_study.py,98,32,<module-scope>,"ACC_SPANS = [8, 16, 32, ""whole""]      # the accuracy-graded span sizes (dispatch Task 2.2)"
tools/joint_estimator/gen_window_study.py,508,1e-06,_establish_whole,"score_match = abs(whole.total_score - parity_stem[""total_score""]) < 1e-6"
tools/joint_estimator/gen_window_study.py,629,4,_width_bucket,"for b in (4, 8, 16, 32, 64):"
tools/joint_estimator/gen_window_study.py,629,8,_width_bucket,"for b in (4, 8, 16, 32, 64):"
tools/joint_estimator/gen_window_study.py,629,16,_width_bucket,"for b in (4, 8, 16, 32, 64):"
tools/joint_estimator/gen_window_study.py,629,32,_width_bucket,"for b in (4, 8, 16, 32, 64):"
tools/joint_estimator/gen_window_study.py,629,64,_width_bucket,"for b in (4, 8, 16, 32, 64):"
tools/joint_estimator/gen_window_study.py,705,8,check_predictions,"""stability_8"": cf(8), ""stability_16"": cf(16),"
tools/joint_estimator/gen_window_study.py,705,16,check_predictions,"""stability_8"": cf(8), ""stability_16"": cf(16),"
tools/joint_estimator/gen_window_study.py,775,60,run,"cost_sample = piece_results if len(piece_results) <= 60 else piece_results[::max(1, len(piece_results) // 60)]"
tools/joint_estimator/gen_window_study.py,869,5,_print_summary,"for w in agg[""worst_key_local_drop_pieces_span8""][:5]:"
tools/joint_estimator/gen_window_study.py,270,4,establish_memo,"for span in (4, 8, 16):"
tools/joint_estimator/gen_window_study.py,270,8,establish_memo,"for span in (4, 8, 16):"
tools/joint_estimator/gen_window_study.py,270,16,establish_memo,"for span in (4, 8, 16):"
tools/joint_estimator/gen_window_study.py,440,2,lookup_for_span,half = span // 2
tools/joint_estimator/gen_window_study.py,605,4,aggregate,if n >= 4 and k8 is not None and kw is not None:
tools/joint_estimator/gen_window_study.py,617,15,aggregate,"""worst_key_local_drop_pieces_span8"": worst[:15],"
tools/joint_estimator/gen_window_study.py,657,2,cost_curve,m_c = downbeats[len(downbeats) // 2]
tools/joint_estimator/gen_window_study.py,695,4,check_predictions,"seq = [cf(s) for s in [4, 8, 16, 32, 64]]"
tools/joint_estimator/gen_window_study.py,695,8,check_predictions,"seq = [cf(s) for s in [4, 8, 16, 32, 64]]"
tools/joint_estimator/gen_window_study.py,695,16,check_predictions,"seq = [cf(s) for s in [4, 8, 16, 32, 64]]"
tools/joint_estimator/gen_window_study.py,695,32,check_predictions,"seq = [cf(s) for s in [4, 8, 16, 32, 64]]"
tools/joint_estimator/gen_window_study.py,695,64,check_predictions,"seq = [cf(s) for s in [4, 8, 16, 32, 64]]"
tools/joint_estimator/gen_window_study.py,703,0.6,check_predictions,"""hit"": bounded_frac is not None and bounded_frac >= 0.60}"
tools/joint_estimator/gen_window_study.py,706,0.75,check_predictions,"""hit"": cf(8) is not None and cf(16) is not None and cf(8) >= 0.75 and cf(16) >= 0.88}"
tools/joint_estimator/gen_window_study.py,706,0.88,check_predictions,"""hit"": cf(8) is not None and cf(16) is not None and cf(8) >= 0.75 and cf(16) >= 0.88}"
tools/joint_estimator/gen_window_study.py,711,0.05,check_predictions,"""hit"": rd16 is not None and kd16 is not None and -0.01 <= rd16 <= 0.05 and -0.01 <= kd16 <= 0.06}"
tools/joint_estimator/gen_window_study.py,711,0.06,check_predictions,"""hit"": rd16 is not None and kd16 is not None and -0.01 <= rd16 <= 0.05 and -0.01 <= kd16 <= 0.06}"
tools/joint_estimator/gen_window_study.py,762,10,run,if (idx + 1) % 10 == 0:
tools/joint_estimator/gen_window_study.py,768,20,run,"for stem, est in stop_stems[:20]:"
tools/joint_estimator/gen_window_study.py,271,2,establish_memo,half = span // 2
tools/joint_estimator/gen_window_study.py,595,5,aggregate,"""root_delta_vs_whole"": (None if r is None or whole_root is None else round(whole_root - r, 5)),"
tools/joint_estimator/gen_window_study.py,596,5,aggregate,"""key_local_delta_vs_whole"": (None if kl is None or whole_keyloc is None else round(whole_keyloc - kl, 5)),"
tools/joint_estimator/gen_window_study.py,662,2,cost_curve,half = span // 2
tools/joint_estimator/gen_window_study.py,676,5,cost_curve,"out[s] = {""mean_seconds"": round(statistics.mean(vals), 5),"
tools/joint_estimator/gen_window_study.py,677,5,cost_curve,"""median_seconds"": round(statistics.median(vals), 5),"
tools/joint_estimator/gen_window_study.py,678,5,cost_curve,"""max_seconds"": round(max(vals), 5),"
tools/joint_estimator/gen_window_study.py,706,8,check_predictions,"""hit"": cf(8) is not None and cf(16) is not None and cf(8) >= 0.75 and cf(16) >= 0.88}"
tools/joint_estimator/gen_window_study.py,706,16,check_predictions,"""hit"": cf(8) is not None and cf(16) is not None and cf(8) >= 0.75 and cf(16) >= 0.88}"
tools/joint_estimator/gen_window_study.py,706,8,check_predictions,"""hit"": cf(8) is not None and cf(16) is not None and cf(8) >= 0.75 and cf(16) >= 0.88}"
tools/joint_estimator/gen_window_study.py,706,16,check_predictions,"""hit"": cf(8) is not None and cf(16) is not None and cf(8) >= 0.75 and cf(16) >= 0.88}"
tools/joint_estimator/gen_window_study.py,711,0.01,check_predictions,"""hit"": rd16 is not None and kd16 is not None and -0.01 <= rd16 <= 0.05 and -0.01 <= kd16 <= 0.06}"
tools/joint_estimator/gen_window_study.py,711,0.01,check_predictions,"""hit"": rd16 is not None and kd16 is not None and -0.01 <= rd16 <= 0.05 and -0.01 <= kd16 <= 0.06}"
tools/joint_estimator/gen_window_study.py,745,5,run,memo_sample = [s for s in stems[:5]]
tools/joint_estimator/gen_window_study.py,268,2,establish_memo,"centers = [downs[0], downs[len(downs) // 2], downs[-1]] if downs else []"
tools/joint_estimator/gen_window_study.py,283,1e-09,establish_memo,ok = (a.seg_ijs == b.seg_ijs and abs(a.total_score - b.total_score) < 1e-9)
tools/joint_estimator/gen_window_study.py,607,4,aggregate,"""key_local_drop_8"": round(kw - k8, 4),"
tools/joint_estimator/gen_window_study.py,609,4,aggregate,"""key_local_8"": round(k8, 4), ""key_local_whole"": round(kw, 4)})"
tools/joint_estimator/gen_window_study.py,609,4,aggregate,"""key_local_8"": round(k8, 4), ""key_local_whole"": round(kw, 4)})"
tools/joint_estimator/gen_window_study.py,719,1e-09,check_predictions,"mono = all(a is not None and b is not None and b >= a - 1e-9 for a, b in zip(means, means[1:]))"
tools/joint_estimator/gen_window_study.py,775,60,run,"cost_sample = piece_results if len(piece_results) <= 60 else piece_results[::max(1, len(piece_results) // 60)]"
tools/joint_estimator/gen_window_study.py,860,4,_print_summary,"print(f""  needs-whole-piece fraction: {None if nb is None else round(nb,4)}  """
tools/joint_estimator/gen_window_study.py,861,4,_print_summary,"f""(bounded-stable {None if nb is None else round(1-nb,4)})"")"
tools/joint_estimator/gen_window_study.py,608,4,aggregate,"""root_drop_8"": (None if r8 is None or rw is None else round(rw - r8, 4)),"
tools/joint_estimator/gen_window_study.py,697,1e-09,check_predictions,"""measured"": seq, ""hit"": all(a is not None and b is not None and b >= a - 1e-9"
tools/joint_estimator/gen_window_study.py,857,4,_print_summary,"print(f""  span {s:>5}: count {cf if cf is None else round(cf,4)}  dur {du if du is None else round(du,4)}  (n={st['n']})"")"
tools/joint_estimator/gen_window_study.py,857,4,_print_summary,"print(f""  span {s:>5}: count {cf if cf is None else round(cf,4)}  dur {du if du is None else round(du,4)}  (n={st['n']})"")"
tools/joint_estimator/gen_window_study.py,865,4,_print_summary,"print(f""  span {s:>5}: root {a['root_agree'] if a['root_agree'] is None else round(a['root_agree'],4)} """
tools/joint_estimator/gen_window_study.py,866,4,_print_summary,"f""(d {a['root_delta_vs_whole']})   key-local {a['key_local_agree'] if a['key_local_agree'] is None else round(a['key_local_agree'],4)} """
tools/joint_estimator/gen_window_study.py,475,2,measure_piece,"m_max, m_c + (span - 1 - span // 2)) - max(m_min, m_c - span // 2) + 1"
tools/joint_estimator/gen_window_study.py,475,2,measure_piece,"m_max, m_c + (span - 1 - span // 2)) - max(m_min, m_c - span // 2) + 1"
tools/joint_estimator/gen_wir_alignment_probe.py,80,2.0,<module-scope>,HIGH_MARGIN_PP = 2.0                      # dispatch item 3: margin over offset 0 exceeding 2 %
tools/joint_estimator/gen_wir_alignment_probe.py,79,480,<module-scope>,"OFFSETS = [-960, -480, 0, 480, 960]      # candidate GLOBAL tick offsets of the GT stream"
tools/joint_estimator/gen_wir_alignment_probe.py,79,960,<module-scope>,"OFFSETS = [-960, -480, 0, 480, 960]      # candidate GLOBAL tick offsets of the GT stream"
tools/joint_estimator/gen_wir_alignment_probe.py,79,960,<module-scope>,"OFFSETS = [-960, -480, 0, 480, 960]      # candidate GLOBAL tick offsets of the GT stream"
tools/joint_estimator/gen_wir_alignment_probe.py,79,480,<module-scope>,"OFFSETS = [-960, -480, 0, 480, 960]      # candidate GLOBAL tick offsets of the GT stream"
tools/joint_estimator/gen_wir_alignment_probe.py,117,2,root_score_at_offset,if len(bounds) < 2:
tools/joint_estimator/gen_wir_alignment_probe.py,229,4,_pct,"return round(100.0 * agree / scored, 4) if scored else None"
tools/joint_estimator/gen_wir_alignment_probe.py,255,4,piece_offset_profile,"margin_pp = (round(argmax_pct - pct0, 4)"
tools/joint_estimator/gen_wir_alignment_probe.py,168,0.9,anacrusis_facts,corroborates = bool(m0_len < 0.9 * derived_mlen)
tools/joint_estimator/gen_wir_alignment_probe.py,229,100.0,_pct,"return round(100.0 * agree / scored, 4) if scored else None"
tools/joint_estimator/gen_wir_alignment_probe.py,351,3,build_artifact,"f""{len(oracle_mismatch)} stem(s): {oracle_mismatch[:3]}"")"
tools/joint_estimator/normalize.py,226,30,_self_test,"for n, raw, key in rows[:30]:"
tools/joint_estimator/probe_decoder.py,105,12,<module-scope>,"N_FERM = 12    # the fermata addendum (algorithm-completion step 1); read by index, older records lack it"
tools/joint_estimator/probe_decoder.py,182,4,<module-scope>,CADENCE_APPROACH_BEATS = 4
tools/joint_estimator/probe_decoder.py,183,480,<module-scope>,TICKS_PER_QUARTER = 480              # VALIDATED against the artifact's own provenance in load_pieces()
tools/joint_estimator/probe_decoder.py,1028,6,<module-scope>,KEY_PRUNE_TOPK = 6
tools/joint_estimator/probe_decoder.py,88,1e-09,<module-scope>,LOG0_FLOOR = math.log(1e-9)         # a defensive floor for a would-be zero probability (never emit 0)
tools/joint_estimator/probe_decoder.py,101,2,<module-scope>,"EV_START, EV_END, EV_MEAS, EV_BEAT, EV_MC, EV_FERM = 0, 1, 2, 3, 4, 5"
tools/joint_estimator/probe_decoder.py,101,3,<module-scope>,"EV_START, EV_END, EV_MEAS, EV_BEAT, EV_MC, EV_FERM = 0, 1, 2, 3, 4, 5"
tools/joint_estimator/probe_decoder.py,101,4,<module-scope>,"EV_START, EV_END, EV_MEAS, EV_BEAT, EV_MC, EV_FERM = 0, 1, 2, 3, 4, 5"
tools/joint_estimator/probe_decoder.py,101,5,<module-scope>,"EV_START, EV_END, EV_MEAS, EV_BEAT, EV_MC, EV_FERM = 0, 1, 2, 3, 4, 5"
tools/joint_estimator/probe_decoder.py,104,12,<module-scope>,"N_ONSET, N_DUR, N_PC, N_MIDI, N_LOF, N_PART, N_MEAS, N_BEAT, N_MC, N_AP, N_DP, N_TIED = range(12)"
tools/joint_estimator/probe_decoder.py,109,2,<module-scope>,"_PC_KEYNAME = {0: ""C"", 1: ""Db"", 2: ""D"", 3: ""Eb"", 4: ""E"", 5: ""F"","
tools/joint_estimator/probe_decoder.py,109,3,<module-scope>,"_PC_KEYNAME = {0: ""C"", 1: ""Db"", 2: ""D"", 3: ""Eb"", 4: ""E"", 5: ""F"","
tools/joint_estimator/probe_decoder.py,109,4,<module-scope>,"_PC_KEYNAME = {0: ""C"", 1: ""Db"", 2: ""D"", 3: ""Eb"", 4: ""E"", 5: ""F"","
tools/joint_estimator/probe_decoder.py,109,5,<module-scope>,"_PC_KEYNAME = {0: ""C"", 1: ""Db"", 2: ""D"", 3: ""Eb"", 4: ""E"", 5: ""F"","
tools/joint_estimator/probe_decoder.py,110,6,<module-scope>,"6: ""F#"", 7: ""G"", 8: ""Ab"", 9: ""A"", 10: ""Bb"", 11: ""B""}"
tools/joint_estimator/probe_decoder.py,110,7,<module-scope>,"6: ""F#"", 7: ""G"", 8: ""Ab"", 9: ""A"", 10: ""Bb"", 11: ""B""}"
tools/joint_estimator/probe_decoder.py,110,8,<module-scope>,"6: ""F#"", 7: ""G"", 8: ""Ab"", 9: ""A"", 10: ""Bb"", 11: ""B""}"
tools/joint_estimator/probe_decoder.py,110,9,<module-scope>,"6: ""F#"", 7: ""G"", 8: ""Ab"", 9: ""A"", 10: ""Bb"", 11: ""B""}"
tools/joint_estimator/probe_decoder.py,110,10,<module-scope>,"6: ""F#"", 7: ""G"", 8: ""Ab"", 9: ""A"", 10: ""Bb"", 11: ""B""}"
tools/joint_estimator/probe_decoder.py,110,11,<module-scope>,"6: ""F#"", 7: ""G"", 8: ""Ab"", 9: ""A"", 10: ""Bb"", 11: ""B""}"
tools/joint_estimator/probe_decoder.py,1082,8,decode_piece,"seg_cap=8, key_set=None, sig_fifths=None, declared_mode="""","
tools/joint_estimator/probe_decoder.py,129,4,class_from_key,while len(parts) < 4:
tools/joint_estimator/probe_decoder.py,204,9,<module-scope>,GENERATIVE_WEIGHTS = WEIGHT_NAMES[:9]
tools/joint_estimator/probe_decoder.py,852,12,cadence_features,lt = (tonic + 11) % 12
tools/joint_estimator/probe_decoder.py,853,12,cadence_features,fourth = (tonic + 5) % 12
tools/joint_estimator/probe_decoder.py,854,12,cadence_features,fifth = (tonic + 7) % 12
tools/joint_estimator/probe_decoder.py,855,12,cadence_features,one = tonic % 12
tools/joint_estimator/probe_decoder.py,131,2,class_from_key,"return norm.LabelClass(parts[0], parts[1], parts[2], parts[3])"
tools/joint_estimator/probe_decoder.py,131,3,class_from_key,"return norm.LabelClass(parts[0], parts[1], parts[2], parts[3])"
tools/joint_estimator/probe_decoder.py,681,12,chromatic_root_pc,return (fw_tonic + 1) % 12
tools/joint_estimator/probe_decoder.py,743,12,segment_features,key_lof = glt._PC_TO_FIFTHS[tonic % 12]      # tonic line-of-fifths for the spelling factor
tools/joint_estimator/probe_decoder.py,852,11,cadence_features,lt = (tonic + 11) % 12
tools/joint_estimator/probe_decoder.py,853,5,cadence_features,fourth = (tonic + 5) % 12
tools/joint_estimator/probe_decoder.py,854,7,cadence_features,fifth = (tonic + 7) % 12
tools/joint_estimator/probe_decoder.py,1027,12,<module-scope>,"KEYS_24 = [(t, m) for t in range(12) for m in (True, False)]"
tools/joint_estimator/probe_decoder.py,1036,12,<module-scope>,"_KEY_COLL = {(t, m): _key_collection(t, m) for t in range(12) for m in (True, False)}"
tools/joint_estimator/probe_decoder.py,423,24,prior_logp,"residual_keys = max(1, 24 - sum(1 for k in dist if ""|"" in k and not k.startswith((""mode:"", ""mp:""))))"
tools/joint_estimator/probe_decoder.py,424,1e-06,prior_logp,return _safe_log(base / residual_keys if base > 0 else 1e-6)
tools/joint_estimator/probe_decoder.py,469,1e-06,_compute_key_trans,"return _safe_log(self.t2.get(""BASE"", 1e-6))"
tools/joint_estimator/probe_decoder.py,532,0.0001,spelling_logp,"return _safe_log(dist.get(""BASE"", 1e-4))"
tools/joint_estimator/probe_decoder.py,537,0.02,bass_logp,return _safe_log(0.02)          # a non-chord-factor bass — a floor (rare; declared)
tools/joint_estimator/probe_decoder.py,548,0.01,bass_logp,return _safe_log(0.01)          # this inversion never occurred for this chord — a floor
tools/joint_estimator/probe_decoder.py,556,0.05,factor_absent_logp,return _safe_log(0.05)
tools/joint_estimator/probe_decoder.py,571,1e-06,boundary_logp,"p = min(max(p, 1e-6), 1 - 1e-6)"
tools/joint_estimator/probe_decoder.py,571,1e-06,boundary_logp,"p = min(max(p, 1e-6), 1 - 1e-6)"
tools/joint_estimator/probe_decoder.py,756,4,segment_features,"family = ""seventh"" if (fac and len(fac) == 4) else ""triad"""
tools/joint_estimator/probe_decoder.py,1033,12,_key_collection,return frozenset((tonic + s) % 12 for s in coll)
tools/joint_estimator/probe_decoder.py,1120,2,_canon,"return (st[0], 0 if st[1] else 1, st[2])"
tools/joint_estimator/probe_decoder.py,1367,12,_key_string,"return _PC_KEYNAME[tonic % 12] + (""maj"" if is_major else ""min"")"
tools/joint_estimator/probe_decoder.py,455,1e-06,_compute_key_trans,"return _safe_log(self.t2.get(""stay"", 1e-6))"
tools/joint_estimator/probe_decoder.py,462,2,_compute_key_trans,"band = f""cof{dist}"" if dist <= 2 else ""cofFar"""
tools/joint_estimator/probe_decoder.py,516,0.0001,emission_logp,return _safe_log(1.0 / (sum(dist.values()) + 3.0) if dist else 1e-4)
tools/joint_estimator/probe_decoder.py,879,2,_fermata_cadence_ctx,"if arr_strong and ferm(i + 1) and evs[i + 1][EV_MC] in (2, 3):   # weak-beat fermata after"
tools/joint_estimator/probe_decoder.py,879,3,_fermata_cadence_ctx,"if arr_strong and ferm(i + 1) and evs[i + 1][EV_MC] in (2, 3):   # weak-beat fermata after"
tools/joint_estimator/probe_decoder.py,1073,2,_candidate_states_for_segment,"if present < min(2, len(mem)):"
tools/joint_estimator/probe_decoder.py,1296,2,decode_piece,"if end_state is None or _better(scx, bix, bsx, stx, end_val[0], end_val[1], end_val[2], end_state):"
tools/joint_estimator/probe_decoder.py,410,24.0,prior_logp,"return _safe_log(dist.get(""BASE"", 1.0 / 24.0))"
tools/joint_estimator/probe_decoder.py,1358,4,_segment_posterior,"""committed_key_content_score"": round(best_sc, 4) if best_sc != NEG_INF else None,"
tools/joint_estimator/probe_decoder.py,1360,4,_segment_posterior,"""runner_key_content_score"": round(alt_sc, 4) if alt_sc != NEG_INF else None,"
tools/joint_estimator/probe_decoder.py,1361,4,_segment_posterior,"""gap"": round(best_sc - alt_sc, 4) if (alt and best_sc != NEG_INF) else None,"
tools/joint_estimator/probe_decoder.py,1385,24,sub_piece,m[N_MIDI] = (m[N_PC] + 24) if m[N_PC] == bass_override else (m[N_PC] + 72)
tools/joint_estimator/probe_decoder.py,1385,72,sub_piece,m[N_MIDI] = (m[N_PC] + 24) if m[N_PC] == bass_override else (m[N_PC] + 72)
tools/joint_estimator/probe_decoder.py,516,3.0,emission_logp,return _safe_log(1.0 / (sum(dist.values()) + 3.0) if dist else 1e-4)
tools/joint_estimator/probe_decoder.py,1284,2,decode_piece,"if cur is None or _better(score, back[0], back[1], st, cur[0], cur[1], cur[2], st):"
tools/joint_estimator/probe_desksim.py,30,0.05,<module-scope>,TOL = 0.05
tools/joint_estimator/probe_desksim.py,182,2,<module-scope>,"_PC_LOF_NATURAL = {0: 0, 2: 2, 4: 4, 5: -1, 7: 1, 9: 3, 11: 5,      # naturals C D E F G A B"
tools/joint_estimator/probe_desksim.py,182,4,<module-scope>,"_PC_LOF_NATURAL = {0: 0, 2: 2, 4: 4, 5: -1, 7: 1, 9: 3, 11: 5,      # naturals C D E F G A B"
tools/joint_estimator/probe_desksim.py,182,5,<module-scope>,"_PC_LOF_NATURAL = {0: 0, 2: 2, 4: 4, 5: -1, 7: 1, 9: 3, 11: 5,      # naturals C D E F G A B"
tools/joint_estimator/probe_desksim.py,182,7,<module-scope>,"_PC_LOF_NATURAL = {0: 0, 2: 2, 4: 4, 5: -1, 7: 1, 9: 3, 11: 5,      # naturals C D E F G A B"
tools/joint_estimator/probe_desksim.py,182,9,<module-scope>,"_PC_LOF_NATURAL = {0: 0, 2: 2, 4: 4, 5: -1, 7: 1, 9: 3, 11: 5,      # naturals C D E F G A B"
tools/joint_estimator/probe_desksim.py,182,11,<module-scope>,"_PC_LOF_NATURAL = {0: 0, 2: 2, 4: 4, 5: -1, 7: 1, 9: 3, 11: 5,      # naturals C D E F G A B"
tools/joint_estimator/probe_desksim.py,183,3,<module-scope>,"1: -5, 3: -3, 6: 6, 8: -4, 10: -2}                # Db Eb F# Ab Bb (fewest-acc)"
tools/joint_estimator/probe_desksim.py,183,6,<module-scope>,"1: -5, 3: -3, 6: 6, 8: -4, 10: -2}                # Db Eb F# Ab Bb (fewest-acc)"
tools/joint_estimator/probe_desksim.py,183,8,<module-scope>,"1: -5, 3: -3, 6: 6, 8: -4, 10: -2}                # Db Eb F# Ab Bb (fewest-acc)"
tools/joint_estimator/probe_desksim.py,183,10,<module-scope>,"1: -5, 3: -3, 6: 6, 8: -4, 10: -2}                # Db Eb F# Ab Bb (fewest-acc)"
tools/joint_estimator/probe_desksim.py,182,2,<module-scope>,"_PC_LOF_NATURAL = {0: 0, 2: 2, 4: 4, 5: -1, 7: 1, 9: 3, 11: 5,      # naturals C D E F G A B"
tools/joint_estimator/probe_desksim.py,182,4,<module-scope>,"_PC_LOF_NATURAL = {0: 0, 2: 2, 4: 4, 5: -1, 7: 1, 9: 3, 11: 5,      # naturals C D E F G A B"
tools/joint_estimator/probe_desksim.py,182,3,<module-scope>,"_PC_LOF_NATURAL = {0: 0, 2: 2, 4: 4, 5: -1, 7: 1, 9: 3, 11: 5,      # naturals C D E F G A B"
tools/joint_estimator/probe_desksim.py,182,5,<module-scope>,"_PC_LOF_NATURAL = {0: 0, 2: 2, 4: 4, 5: -1, 7: 1, 9: 3, 11: 5,      # naturals C D E F G A B"
tools/joint_estimator/probe_desksim.py,183,6,<module-scope>,"1: -5, 3: -3, 6: 6, 8: -4, 10: -2}                # Db Eb F# Ab Bb (fewest-acc)"
tools/joint_estimator/probe_desksim.py,185,8,<module-scope>,"_PC_LOF_SHARP = {8: 8, 1: 7, 10: 10, 3: 9, 6: 6}"
tools/joint_estimator/probe_desksim.py,185,10,<module-scope>,"_PC_LOF_SHARP = {8: 8, 1: 7, 10: 10, 3: 9, 6: 6}"
tools/joint_estimator/probe_desksim.py,185,3,<module-scope>,"_PC_LOF_SHARP = {8: 8, 1: 7, 10: 10, 3: 9, 6: 6}"
tools/joint_estimator/probe_desksim.py,185,6,<module-scope>,"_PC_LOF_SHARP = {8: 8, 1: 7, 10: 10, 3: 9, 6: 6}"
tools/joint_estimator/probe_desksim.py,185,8,<module-scope>,"_PC_LOF_SHARP = {8: 8, 1: 7, 10: 10, 3: 9, 6: 6}"
tools/joint_estimator/probe_desksim.py,185,7,<module-scope>,"_PC_LOF_SHARP = {8: 8, 1: 7, 10: 10, 3: 9, 6: 6}"
tools/joint_estimator/probe_desksim.py,185,10,<module-scope>,"_PC_LOF_SHARP = {8: 8, 1: 7, 10: 10, 3: 9, 6: 6}"
tools/joint_estimator/probe_desksim.py,185,9,<module-scope>,"_PC_LOF_SHARP = {8: 8, 1: 7, 10: 10, 3: 9, 6: 6}"
tools/joint_estimator/probe_desksim.py,185,6,<module-scope>,"_PC_LOF_SHARP = {8: 8, 1: 7, 10: 10, 3: 9, 6: 6}"
tools/joint_estimator/probe_desksim.py,188,4,_make_piece,"def _make_piece(stem, ev_specs, n_quarter=4):"
tools/joint_estimator/probe_desksim.py,62,2.04,<module-scope>,"(""major"", ""I"", ""IV""): -2.04, (""major"", ""IV"", ""V""): -1.20, (""major"", ""V"", ""I""): -0.87,"
tools/joint_estimator/probe_desksim.py,62,1.2,<module-scope>,"(""major"", ""I"", ""IV""): -2.04, (""major"", ""IV"", ""V""): -1.20, (""major"", ""V"", ""I""): -0.87,"
tools/joint_estimator/probe_desksim.py,62,0.87,<module-scope>,"(""major"", ""I"", ""IV""): -2.04, (""major"", ""IV"", ""V""): -1.20, (""major"", ""V"", ""I""): -0.87,"
tools/joint_estimator/probe_desksim.py,63,1.77,<module-scope>,"(""major"", ""I"", ""V""): -1.77, (""major"", ""I"", ""ii""): -2.41, (""major"", ""ii"", ""V""): -1.05,"
tools/joint_estimator/probe_desksim.py,63,2.41,<module-scope>,"(""major"", ""I"", ""V""): -1.77, (""major"", ""I"", ""ii""): -2.41, (""major"", ""ii"", ""V""): -1.05,"
tools/joint_estimator/probe_desksim.py,63,1.05,<module-scope>,"(""major"", ""I"", ""V""): -1.77, (""major"", ""I"", ""ii""): -2.41, (""major"", ""ii"", ""V""): -1.05,"
tools/joint_estimator/probe_desksim.py,64,1.39,<module-scope>,"(""major"", ""ii"", ""I""): -1.39, (""major"", ""IV"", ""ii""): -2.66, (""major"", ""vi"", ""ii""): -1.71,"
tools/joint_estimator/probe_desksim.py,64,2.66,<module-scope>,"(""major"", ""ii"", ""I""): -1.39, (""major"", ""IV"", ""ii""): -2.66, (""major"", ""vi"", ""ii""): -1.71,"
tools/joint_estimator/probe_desksim.py,64,1.71,<module-scope>,"(""major"", ""ii"", ""I""): -1.39, (""major"", ""IV"", ""ii""): -2.66, (""major"", ""vi"", ""ii""): -1.71,"
tools/joint_estimator/probe_desksim.py,65,2.3,<module-scope>,"(""major"", ""vi"", ""I""): -2.30, (""major"", ""V"", ""vi""): -2.53, (""major"", ""I"", ""vi""): -2.66,"
tools/joint_estimator/probe_desksim.py,65,2.53,<module-scope>,"(""major"", ""vi"", ""I""): -2.30, (""major"", ""V"", ""vi""): -2.53, (""major"", ""I"", ""vi""): -2.66,"
tools/joint_estimator/probe_desksim.py,65,2.66,<module-scope>,"(""major"", ""vi"", ""I""): -2.30, (""major"", ""V"", ""vi""): -2.53, (""major"", ""I"", ""vi""): -2.66,"
tools/joint_estimator/probe_desksim.py,66,3.22,<module-scope>,"(""major"", ""I"", ""V/V""): -3.22, (""major"", ""V/V"", ""V""): -0.43,"
tools/joint_estimator/probe_desksim.py,66,0.43,<module-scope>,"(""major"", ""I"", ""V/V""): -3.22, (""major"", ""V/V"", ""V""): -0.43,"
tools/joint_estimator/probe_desksim.py,67,4.61,<module-scope>,"(""major"", ""ii"", ""V/vi""): -4.61, (""major"", ""V/vi"", ""vi""): -0.43,"
tools/joint_estimator/probe_desksim.py,67,0.43,<module-scope>,"(""major"", ""ii"", ""V/vi""): -4.61, (""major"", ""V/vi"", ""vi""): -0.43,"
tools/joint_estimator/probe_desksim.py,68,4.2,<module-scope>,"(""major"", ""vi"", ""V/vi""): -4.20, (""major"", ""V/vi"", ""I""): -3.51,"
tools/joint_estimator/probe_desksim.py,68,3.51,<module-scope>,"(""major"", ""vi"", ""V/vi""): -4.20, (""major"", ""V/vi"", ""I""): -3.51,"
tools/joint_estimator/probe_desksim.py,69,2.3,<module-scope>,"(""minor"", ""III"", ""VI""): -2.30, (""minor"", ""VI"", ""VII""): -3.00, (""minor"", ""VII"", ""III""): -0.69,"
tools/joint_estimator/probe_desksim.py,69,3.0,<module-scope>,"(""minor"", ""III"", ""VI""): -2.30, (""minor"", ""VI"", ""VII""): -3.00, (""minor"", ""VII"", ""III""): -0.69,"
tools/joint_estimator/probe_desksim.py,69,0.69,<module-scope>,"(""minor"", ""III"", ""VI""): -2.30, (""minor"", ""VI"", ""VII""): -3.00, (""minor"", ""VII"", ""III""): -0.69,"
tools/joint_estimator/probe_desksim.py,70,1.97,<module-scope>,"(""minor"", ""i"", ""iv""): -1.97, (""minor"", ""iv"", ""III""): -2.81, (""minor"", ""VI"", ""iv""): -2.53,"
tools/joint_estimator/probe_desksim.py,70,2.81,<module-scope>,"(""minor"", ""i"", ""iv""): -1.97, (""minor"", ""iv"", ""III""): -2.81, (""minor"", ""VI"", ""iv""): -2.53,"
tools/joint_estimator/probe_desksim.py,70,2.53,<module-scope>,"(""minor"", ""i"", ""iv""): -1.97, (""minor"", ""iv"", ""III""): -2.81, (""minor"", ""VI"", ""iv""): -2.53,"
tools/joint_estimator/probe_desksim.py,71,1.27,<module-scope>,"(""minor"", ""iv"", ""V""): -1.27, (""minor"", ""V"", ""i""): -0.92, (""minor"", ""VII"", ""i""): -3.00,"
tools/joint_estimator/probe_desksim.py,71,0.92,<module-scope>,"(""minor"", ""iv"", ""V""): -1.27, (""minor"", ""V"", ""i""): -0.92, (""minor"", ""VII"", ""i""): -3.00,"
tools/joint_estimator/probe_desksim.py,71,3.0,<module-scope>,"(""minor"", ""iv"", ""V""): -1.27, (""minor"", ""V"", ""i""): -0.92, (""minor"", ""VII"", ""i""): -3.00,"
tools/joint_estimator/probe_desksim.py,72,1.9,<module-scope>,"(""minor"", ""i"", ""V""): -1.90, (""minor"", ""V"", ""III""): -3.00, (""minor"", ""III"", ""VII""): -2.81,"
tools/joint_estimator/probe_desksim.py,72,3.0,<module-scope>,"(""minor"", ""i"", ""V""): -1.90, (""minor"", ""V"", ""III""): -3.00, (""minor"", ""III"", ""VII""): -2.81,"
tools/joint_estimator/probe_desksim.py,72,2.81,<module-scope>,"(""minor"", ""i"", ""V""): -1.90, (""minor"", ""V"", ""III""): -3.00, (""minor"", ""III"", ""VII""): -2.81,"
tools/joint_estimator/probe_desksim.py,73,3.0,<module-scope>,"(""minor"", ""VII"", ""i""): -3.00,  # (S5 rare VII7->i)"
tools/joint_estimator/probe_desksim.py,74,2.81,<module-scope>,"(""minor"", ""IV"", ""VII""): -2.81,      # C1 f# raised-6 IV -> VII"
tools/joint_estimator/probe_desksim.py,75,4.61,<module-scope>,"(""minor"", ""VI"", ""bII""): -4.61,      # C1 d# VI -> Neapolitan"
tools/joint_estimator/probe_desksim.py,79,0.92,<module-scope>,"_ENTRY = {""I"": -0.92, ""V"": -1.39, ""IV"": -2.53, ""II"": -2.66, ""VI"": -3.00, ""III"": -3.22}"
tools/joint_estimator/probe_desksim.py,79,1.39,<module-scope>,"_ENTRY = {""I"": -0.92, ""V"": -1.39, ""IV"": -2.53, ""II"": -2.66, ""VI"": -3.00, ""III"": -3.22}"
tools/joint_estimator/probe_desksim.py,79,2.53,<module-scope>,"_ENTRY = {""I"": -0.92, ""V"": -1.39, ""IV"": -2.53, ""II"": -2.66, ""VI"": -3.00, ""III"": -3.22}"
tools/joint_estimator/probe_desksim.py,79,2.66,<module-scope>,"_ENTRY = {""I"": -0.92, ""V"": -1.39, ""IV"": -2.53, ""II"": -2.66, ""VI"": -3.00, ""III"": -3.22}"
tools/joint_estimator/probe_desksim.py,79,3.0,<module-scope>,"_ENTRY = {""I"": -0.92, ""V"": -1.39, ""IV"": -2.53, ""II"": -2.66, ""VI"": -3.00, ""III"": -3.22}"
tools/joint_estimator/probe_desksim.py,79,3.22,<module-scope>,"_ENTRY = {""I"": -0.92, ""V"": -1.39, ""IV"": -2.53, ""II"": -2.66, ""VI"": -3.00, ""III"": -3.22}"
tools/joint_estimator/probe_desksim.py,183,5,<module-scope>,"1: -5, 3: -3, 6: 6, 8: -4, 10: -2}                # Db Eb F# Ab Bb (fewest-acc)"
tools/joint_estimator/probe_desksim.py,183,3,<module-scope>,"1: -5, 3: -3, 6: 6, 8: -4, 10: -2}                # Db Eb F# Ab Bb (fewest-acc)"
tools/joint_estimator/probe_desksim.py,183,4,<module-scope>,"1: -5, 3: -3, 6: 6, 8: -4, 10: -2}                # Db Eb F# Ab Bb (fewest-acc)"
tools/joint_estimator/probe_desksim.py,183,2,<module-scope>,"1: -5, 3: -3, 6: 6, 8: -4, 10: -2}                # Db Eb F# Ab Bb (fewest-acc)"
tools/joint_estimator/probe_desksim.py,453,3,<module-scope>,"{""name"": ""authentic cadence"", ""case"": ""S1"", ""hyp"": ""Cmaj"", ""arrival_i"": 3,"
tools/joint_estimator/probe_desksim.py,457,6,<module-scope>,"{""name"": ""relative-pair resolution event"", ""case"": ""S2_full"", ""hyp"": ""amin"", ""arrival_i"": 6,"
tools/joint_estimator/probe_desksim.py,458,9,<module-scope>,"""tonic"": 9, ""is_major"": False,"
tools/joint_estimator/probe_desksim.py,462,3,<module-scope>,"{""name"": ""tonicization non-firing (tritone toward C)"", ""case"": ""S4"", ""hyp"": ""stayC"", ""arrival_i"": 3,"
tools/joint_estimator/probe_desksim.py,144,1.1,spelling_logp,"return 1.10 if ((not is_major) and sbin == ""raised7"") else 0.0"
tools/joint_estimator/probe_desksim.py,172,0.9,cadence_weights,"return {""leading_tone"": 0.9, ""tritone_pair"": 0.7, ""dominant_tonic_bass"": 0.7,"
tools/joint_estimator/probe_desksim.py,172,0.7,cadence_weights,"return {""leading_tone"": 0.9, ""tritone_pair"": 0.7, ""dominant_tonic_bass"": 0.7,"
tools/joint_estimator/probe_desksim.py,172,0.7,cadence_weights,"return {""leading_tone"": 0.9, ""tritone_pair"": 0.7, ""dominant_tonic_bass"": 0.7,"
tools/joint_estimator/probe_desksim.py,305,4,build_cases,"], n_quarter=4)"
tools/joint_estimator/probe_desksim.py,637,9,run_fitted_probe,"aA = (9, False)"
tools/joint_estimator/probe_desksim.py,638,9,run_fitted_probe,"incoming = (9, False, pd.class_from_key(K(""V"", ""Maj"", ""6"")))"
tools/joint_estimator/probe_desksim.py,91,24.0,prior_logp,p = 1.0 / 24.0
tools/joint_estimator/probe_desksim.py,104,1.8,prior_logp,lp += math.log(1.8)
tools/joint_estimator/probe_desksim.py,111,2.81,entry_logp,return -2.81                      # viio
tools/joint_estimator/probe_desksim.py,112,3.91,entry_logp,"return _ENTRY.get(deg, -3.91)"
tools/joint_estimator/probe_desksim.py,118,0.04,key_trans_logp,return -0.04                      # stay .96
tools/joint_estimator/probe_desksim.py,121,4.42,key_trans_logp,return -4.42
tools/joint_estimator/probe_desksim.py,123,5.81,key_trans_logp,return -5.81
tools/joint_estimator/probe_desksim.py,124,4.83,key_trans_logp,"return -4.83 if glt._cof_distance(pt, tb) == 1 else -6.91"
tools/joint_estimator/probe_desksim.py,124,6.91,key_trans_logp,"return -4.83 if glt._cof_distance(pt, tb) == 1 else -6.91"
tools/joint_estimator/probe_desksim.py,140,2.53,emission_logp,return -2.53 if cs else -3.51        # outside
tools/joint_estimator/probe_desksim.py,140,3.51,emission_logp,return -2.53 if cs else -3.51        # outside
tools/joint_estimator/probe_desksim.py,148,3.91,bass_logp,"return {""root"": -0.51, ""third"": -1.39, ""fifth"": -2.12, ""seventh"": -3.51}.get(role, -3.91)"
tools/joint_estimator/probe_desksim.py,152,1.05,factor_absent_logp,"return -1.05 if role == ""third"" else -0.80"
tools/joint_estimator/probe_desksim.py,152,0.8,factor_absent_logp,"return -1.05 if role == ""third"" else -0.80"
tools/joint_estimator/probe_desksim.py,163,1.39,boundary_logp,return -1.39 if is_boundary else -0.29        # tactus / mid_strong
tools/joint_estimator/probe_desksim.py,163,0.29,boundary_logp,return -1.39 if is_boundary else -0.29        # tactus / mid_strong
tools/joint_estimator/probe_desksim.py,193,480,_make_piece,"start, end = k * 480, (k + 1) * 480"
tools/joint_estimator/probe_desksim.py,193,480,_make_piece,"start, end = k * 480, (k + 1) * 480"
tools/joint_estimator/probe_desksim.py,207,4,_make_piece,"p = pd.Piece(stem=stem, events=events, notes=notes, n_quarter=n_quarter, meter=(n_quarter, 4))"
tools/joint_estimator/probe_desksim.py,286,2,build_cases,"_ev(0, [0, 4, 7], 0), _ev(2, [0, 5, 9], 5), _ev(1, [7, 11, 2, 5], 7), _ev(2, [0, 4, 7], 0),"
tools/joint_estimator/probe_desksim.py,286,5,build_cases,"_ev(0, [0, 4, 7], 0), _ev(2, [0, 5, 9], 5), _ev(1, [7, 11, 2, 5], 7), _ev(2, [0, 4, 7], 0),"
tools/joint_estimator/probe_desksim.py,286,7,build_cases,"_ev(0, [0, 4, 7], 0), _ev(2, [0, 5, 9], 5), _ev(1, [7, 11, 2, 5], 7), _ev(2, [0, 4, 7], 0),"
tools/joint_estimator/probe_desksim.py,286,2,build_cases,"_ev(0, [0, 4, 7], 0), _ev(2, [0, 5, 9], 5), _ev(1, [7, 11, 2, 5], 7), _ev(2, [0, 4, 7], 0),"
tools/joint_estimator/probe_desksim.py,289,2,build_cases,"""Cmaj"": [_seg(0, 1, 0, True, K(""I"", ""Maj"")), _seg(1, 2, 0, True, K(""IV"", ""Maj"")),"
tools/joint_estimator/probe_desksim.py,290,2,build_cases,"_seg(2, 3, 0, True, K(""V"", ""Dom7"")), _seg(3, 4, 0, True, K(""I"", ""Maj""))],"
tools/joint_estimator/probe_desksim.py,290,3,build_cases,"_seg(2, 3, 0, True, K(""V"", ""Dom7"")), _seg(3, 4, 0, True, K(""I"", ""Maj""))],"
tools/joint_estimator/probe_desksim.py,290,3,build_cases,"_seg(2, 3, 0, True, K(""V"", ""Dom7"")), _seg(3, 4, 0, True, K(""I"", ""Maj""))],"
tools/joint_estimator/probe_desksim.py,290,4,build_cases,"_seg(2, 3, 0, True, K(""V"", ""Dom7"")), _seg(3, 4, 0, True, K(""I"", ""Maj""))],"
tools/joint_estimator/probe_desksim.py,291,9,build_cases,"""amin"": [_seg(0, 1, 9, False, K(""III"", ""Maj"")), _seg(1, 2, 9, False, K(""VI"", ""Maj"")),"
tools/joint_estimator/probe_desksim.py,291,2,build_cases,"""amin"": [_seg(0, 1, 9, False, K(""III"", ""Maj"")), _seg(1, 2, 9, False, K(""VI"", ""Maj"")),"
tools/joint_estimator/probe_desksim.py,291,9,build_cases,"""amin"": [_seg(0, 1, 9, False, K(""III"", ""Maj"")), _seg(1, 2, 9, False, K(""VI"", ""Maj"")),"
tools/joint_estimator/probe_desksim.py,292,2,build_cases,"_seg(2, 3, 9, False, K(""VII"", ""Dom7"")), _seg(3, 4, 9, False, K(""III"", ""Maj""))],"
tools/joint_estimator/probe_desksim.py,292,3,build_cases,"_seg(2, 3, 9, False, K(""VII"", ""Dom7"")), _seg(3, 4, 9, False, K(""III"", ""Maj""))],"
tools/joint_estimator/probe_desksim.py,292,9,build_cases,"_seg(2, 3, 9, False, K(""VII"", ""Dom7"")), _seg(3, 4, 9, False, K(""III"", ""Maj""))],"
tools/joint_estimator/probe_desksim.py,292,3,build_cases,"_seg(2, 3, 9, False, K(""VII"", ""Dom7"")), _seg(3, 4, 9, False, K(""III"", ""Maj""))],"
tools/joint_estimator/probe_desksim.py,292,4,build_cases,"_seg(2, 3, 9, False, K(""VII"", ""Dom7"")), _seg(3, 4, 9, False, K(""III"", ""Maj""))],"
tools/joint_estimator/probe_desksim.py,292,9,build_cases,"_seg(2, 3, 9, False, K(""VII"", ""Dom7"")), _seg(3, 4, 9, False, K(""III"", ""Maj""))],"
tools/joint_estimator/probe_desksim.py,302,9,build_cases,"_ev(0, [9, 0, 4], 9), _ev(2, [2, 5, 9], 2), _ev(1, [0, 4, 7], 0), _ev(2, [5, 9, 0], 5),"
tools/joint_estimator/probe_desksim.py,302,2,build_cases,"_ev(0, [9, 0, 4], 9), _ev(2, [2, 5, 9], 2), _ev(1, [0, 4, 7], 0), _ev(2, [5, 9, 0], 5),"
tools/joint_estimator/probe_desksim.py,302,2,build_cases,"_ev(0, [9, 0, 4], 9), _ev(2, [2, 5, 9], 2), _ev(1, [0, 4, 7], 0), _ev(2, [5, 9, 0], 5),"
tools/joint_estimator/probe_desksim.py,302,2,build_cases,"_ev(0, [9, 0, 4], 9), _ev(2, [2, 5, 9], 2), _ev(1, [0, 4, 7], 0), _ev(2, [5, 9, 0], 5),"
tools/joint_estimator/probe_desksim.py,302,5,build_cases,"_ev(0, [9, 0, 4], 9), _ev(2, [2, 5, 9], 2), _ev(1, [0, 4, 7], 0), _ev(2, [5, 9, 0], 5),"
tools/joint_estimator/probe_desksim.py,303,2,build_cases,"_ev(0, [2, 5, 9], 2), _ev(2, [4, 8, 11], 4, over={8: {""lof"": _PC_LOF_SHARP[8]}}),"
tools/joint_estimator/probe_desksim.py,303,2,build_cases,"_ev(0, [2, 5, 9], 2), _ev(2, [4, 8, 11], 4, over={8: {""lof"": _PC_LOF_SHARP[8]}}),"
tools/joint_estimator/probe_desksim.py,303,4,build_cases,"_ev(0, [2, 5, 9], 2), _ev(2, [4, 8, 11], 4, over={8: {""lof"": _PC_LOF_SHARP[8]}}),"
tools/joint_estimator/probe_desksim.py,304,9,build_cases,"_ev(1, [9, 0, 4], 9),"
tools/joint_estimator/probe_desksim.py,308,9,build_cases,"""amin"": [_seg(0, 1, 9, False, K(""I"", ""Min"")), _seg(1, 2, 9, False, K(""IV"", ""Min"")),"
tools/joint_estimator/probe_desksim.py,308,2,build_cases,"""amin"": [_seg(0, 1, 9, False, K(""I"", ""Min"")), _seg(1, 2, 9, False, K(""IV"", ""Min"")),"
tools/joint_estimator/probe_desksim.py,308,9,build_cases,"""amin"": [_seg(0, 1, 9, False, K(""I"", ""Min"")), _seg(1, 2, 9, False, K(""IV"", ""Min"")),"
tools/joint_estimator/probe_desksim.py,309,2,build_cases,"_seg(2, 3, 9, False, K(""III"", ""Maj"")), _seg(3, 4, 9, False, K(""VI"", ""Maj"")),"
tools/joint_estimator/probe_desksim.py,309,3,build_cases,"_seg(2, 3, 9, False, K(""III"", ""Maj"")), _seg(3, 4, 9, False, K(""VI"", ""Maj"")),"
tools/joint_estimator/probe_desksim.py,309,9,build_cases,"_seg(2, 3, 9, False, K(""III"", ""Maj"")), _seg(3, 4, 9, False, K(""VI"", ""Maj"")),"
tools/joint_estimator/probe_desksim.py,309,3,build_cases,"_seg(2, 3, 9, False, K(""III"", ""Maj"")), _seg(3, 4, 9, False, K(""VI"", ""Maj"")),"
tools/joint_estimator/probe_desksim.py,309,4,build_cases,"_seg(2, 3, 9, False, K(""III"", ""Maj"")), _seg(3, 4, 9, False, K(""VI"", ""Maj"")),"
tools/joint_estimator/probe_desksim.py,309,9,build_cases,"_seg(2, 3, 9, False, K(""III"", ""Maj"")), _seg(3, 4, 9, False, K(""VI"", ""Maj"")),"
tools/joint_estimator/probe_desksim.py,310,4,build_cases,"_seg(4, 5, 9, False, K(""IV"", ""Min""))],"
tools/joint_estimator/probe_desksim.py,310,5,build_cases,"_seg(4, 5, 9, False, K(""IV"", ""Min""))],"
tools/joint_estimator/probe_desksim.py,310,9,build_cases,"_seg(4, 5, 9, False, K(""IV"", ""Min""))],"
tools/joint_estimator/probe_desksim.py,311,2,build_cases,"""Cmaj"": [_seg(0, 1, 0, True, K(""VI"", ""Min"")), _seg(1, 2, 0, True, K(""II"", ""Min"")),"
tools/joint_estimator/probe_desksim.py,312,2,build_cases,"_seg(2, 3, 0, True, K(""I"", ""Maj"")), _seg(3, 4, 0, True, K(""IV"", ""Maj"")),"
tools/joint_estimator/probe_desksim.py,312,3,build_cases,"_seg(2, 3, 0, True, K(""I"", ""Maj"")), _seg(3, 4, 0, True, K(""IV"", ""Maj"")),"
tools/joint_estimator/probe_desksim.py,312,3,build_cases,"_seg(2, 3, 0, True, K(""I"", ""Maj"")), _seg(3, 4, 0, True, K(""IV"", ""Maj"")),"
tools/joint_estimator/probe_desksim.py,312,4,build_cases,"_seg(2, 3, 0, True, K(""I"", ""Maj"")), _seg(3, 4, 0, True, K(""IV"", ""Maj"")),"
tools/joint_estimator/probe_desksim.py,313,4,build_cases,"_seg(4, 5, 0, True, K(""II"", ""Min""))],"
tools/joint_estimator/probe_desksim.py,313,5,build_cases,"_seg(4, 5, 0, True, K(""II"", ""Min""))],"
tools/joint_estimator/probe_desksim.py,336,2,build_cases,"_ev(0, [2, 5, 9], 2), _ev(2, [7, 10, 2], 7), _ev(1, [9, 1, 4, 7], 9, over={1: {""lof"": _PC_LOF_SHARP[1]}}),"
tools/joint_estimator/probe_desksim.py,336,2,build_cases,"_ev(0, [2, 5, 9], 2), _ev(2, [7, 10, 2], 7), _ev(1, [9, 1, 4, 7], 9, over={1: {""lof"": _PC_LOF_SHARP[1]}}),"
tools/joint_estimator/probe_desksim.py,336,7,build_cases,"_ev(0, [2, 5, 9], 2), _ev(2, [7, 10, 2], 7), _ev(1, [9, 1, 4, 7], 9, over={1: {""lof"": _PC_LOF_SHARP[1]}}),"
tools/joint_estimator/probe_desksim.py,336,9,build_cases,"_ev(0, [2, 5, 9], 2), _ev(2, [7, 10, 2], 7), _ev(1, [9, 1, 4, 7], 9, over={1: {""lof"": _PC_LOF_SHARP[1]}}),"
tools/joint_estimator/probe_desksim.py,337,2,build_cases,"_ev(2, [2, 5, 9], 2),"
tools/joint_estimator/probe_desksim.py,337,2,build_cases,"_ev(2, [2, 5, 9], 2),"
tools/joint_estimator/probe_desksim.py,340,2,build_cases,"""dmin"": [_seg(0, 1, 2, False, K(""I"", ""Min"")), _seg(1, 2, 2, False, K(""IV"", ""Min"")),"
tools/joint_estimator/probe_desksim.py,340,2,build_cases,"""dmin"": [_seg(0, 1, 2, False, K(""I"", ""Min"")), _seg(1, 2, 2, False, K(""IV"", ""Min"")),"
tools/joint_estimator/probe_desksim.py,340,2,build_cases,"""dmin"": [_seg(0, 1, 2, False, K(""I"", ""Min"")), _seg(1, 2, 2, False, K(""IV"", ""Min"")),"
tools/joint_estimator/probe_desksim.py,341,2,build_cases,"_seg(2, 3, 2, False, K(""V"", ""Dom7"")), _seg(3, 4, 2, False, K(""I"", ""Min""))],"
tools/joint_estimator/probe_desksim.py,341,3,build_cases,"_seg(2, 3, 2, False, K(""V"", ""Dom7"")), _seg(3, 4, 2, False, K(""I"", ""Min""))],"
tools/joint_estimator/probe_desksim.py,341,2,build_cases,"_seg(2, 3, 2, False, K(""V"", ""Dom7"")), _seg(3, 4, 2, False, K(""I"", ""Min""))],"
tools/joint_estimator/probe_desksim.py,341,3,build_cases,"_seg(2, 3, 2, False, K(""V"", ""Dom7"")), _seg(3, 4, 2, False, K(""I"", ""Min""))],"
tools/joint_estimator/probe_desksim.py,341,4,build_cases,"_seg(2, 3, 2, False, K(""V"", ""Dom7"")), _seg(3, 4, 2, False, K(""I"", ""Min""))],"
tools/joint_estimator/probe_desksim.py,341,2,build_cases,"_seg(2, 3, 2, False, K(""V"", ""Dom7"")), _seg(3, 4, 2, False, K(""I"", ""Min""))],"
tools/joint_estimator/probe_desksim.py,342,5,build_cases,"""Fmaj"": [_seg(0, 1, 5, True, K(""VI"", ""Min"")), _seg(1, 2, 5, True, K(""II"", ""Min"")),"
tools/joint_estimator/probe_desksim.py,342,2,build_cases,"""Fmaj"": [_seg(0, 1, 5, True, K(""VI"", ""Min"")), _seg(1, 2, 5, True, K(""II"", ""Min"")),"
tools/joint_estimator/probe_desksim.py,342,5,build_cases,"""Fmaj"": [_seg(0, 1, 5, True, K(""VI"", ""Min"")), _seg(1, 2, 5, True, K(""II"", ""Min"")),"
tools/joint_estimator/probe_desksim.py,343,2,build_cases,"_seg(2, 3, 5, True, K(""V"", ""Dom7"", """", ""vi"")), _seg(3, 4, 5, True, K(""VI"", ""Min""))],"
tools/joint_estimator/probe_desksim.py,343,3,build_cases,"_seg(2, 3, 5, True, K(""V"", ""Dom7"", """", ""vi"")), _seg(3, 4, 5, True, K(""VI"", ""Min""))],"
tools/joint_estimator/probe_desksim.py,343,5,build_cases,"_seg(2, 3, 5, True, K(""V"", ""Dom7"", """", ""vi"")), _seg(3, 4, 5, True, K(""VI"", ""Min""))],"
tools/joint_estimator/probe_desksim.py,343,3,build_cases,"_seg(2, 3, 5, True, K(""V"", ""Dom7"", """", ""vi"")), _seg(3, 4, 5, True, K(""VI"", ""Min""))],"
tools/joint_estimator/probe_desksim.py,343,4,build_cases,"_seg(2, 3, 5, True, K(""V"", ""Dom7"", """", ""vi"")), _seg(3, 4, 5, True, K(""VI"", ""Min""))],"
tools/joint_estimator/probe_desksim.py,343,5,build_cases,"_seg(2, 3, 5, True, K(""V"", ""Dom7"", """", ""vi"")), _seg(3, 4, 5, True, K(""VI"", ""Min""))],"
tools/joint_estimator/probe_desksim.py,352,2,build_cases,"_ev(0, [0, 4, 7], 0), _ev(2, [2, 6, 9, 0], 2, over={6: {""lof"": _PC_LOF_SHARP[6]}}),"
tools/joint_estimator/probe_desksim.py,352,2,build_cases,"_ev(0, [0, 4, 7], 0), _ev(2, [2, 6, 9, 0], 2, over={6: {""lof"": _PC_LOF_SHARP[6]}}),"
tools/joint_estimator/probe_desksim.py,353,7,build_cases,"_ev(1, [7, 11, 2], 7), _ev(2, [0, 4, 7], 0),"
tools/joint_estimator/probe_desksim.py,353,2,build_cases,"_ev(1, [7, 11, 2], 7), _ev(2, [0, 4, 7], 0),"
tools/joint_estimator/probe_desksim.py,356,2,build_cases,"""stayC"": [_seg(0, 1, 0, True, K(""I"", ""Maj"")), _seg(1, 2, 0, True, K(""V"", ""Dom7"", """", ""V"")),"
tools/joint_estimator/probe_desksim.py,357,2,build_cases,"_seg(2, 3, 0, True, K(""V"", ""Maj"")), _seg(3, 4, 0, True, K(""I"", ""Maj""))],"
tools/joint_estimator/probe_desksim.py,357,3,build_cases,"_seg(2, 3, 0, True, K(""V"", ""Maj"")), _seg(3, 4, 0, True, K(""I"", ""Maj""))],"
tools/joint_estimator/probe_desksim.py,357,3,build_cases,"_seg(2, 3, 0, True, K(""V"", ""Maj"")), _seg(3, 4, 0, True, K(""I"", ""Maj""))],"
tools/joint_estimator/probe_desksim.py,357,4,build_cases,"_seg(2, 3, 0, True, K(""V"", ""Maj"")), _seg(3, 4, 0, True, K(""I"", ""Maj""))],"
tools/joint_estimator/probe_desksim.py,358,2,build_cases,"""modulate"": [_seg(0, 1, 0, True, K(""I"", ""Maj"")), _seg(1, 2, 7, True, K(""V"", ""Dom7"")),"
tools/joint_estimator/probe_desksim.py,358,7,build_cases,"""modulate"": [_seg(0, 1, 0, True, K(""I"", ""Maj"")), _seg(1, 2, 7, True, K(""V"", ""Dom7"")),"
tools/joint_estimator/probe_desksim.py,359,2,build_cases,"_seg(2, 3, 7, True, K(""I"", ""Maj"")), _seg(3, 4, 0, True, K(""I"", ""Maj""))],"
tools/joint_estimator/probe_desksim.py,359,3,build_cases,"_seg(2, 3, 7, True, K(""I"", ""Maj"")), _seg(3, 4, 0, True, K(""I"", ""Maj""))],"
tools/joint_estimator/probe_desksim.py,359,7,build_cases,"_seg(2, 3, 7, True, K(""I"", ""Maj"")), _seg(3, 4, 0, True, K(""I"", ""Maj""))],"
tools/joint_estimator/probe_desksim.py,359,3,build_cases,"_seg(2, 3, 7, True, K(""I"", ""Maj"")), _seg(3, 4, 0, True, K(""I"", ""Maj""))],"
tools/joint_estimator/probe_desksim.py,359,4,build_cases,"_seg(2, 3, 7, True, K(""I"", ""Maj"")), _seg(3, 4, 0, True, K(""I"", ""Maj""))],"
tools/joint_estimator/probe_desksim.py,368,7,build_cases,"p5 = _make_piece(""S5"", [_ev(0, [7, 11, 2, 5], 7), _ev(2, [9, 0, 4], 9)])"
tools/joint_estimator/probe_desksim.py,368,2,build_cases,"p5 = _make_piece(""S5"", [_ev(0, [7, 11, 2, 5], 7), _ev(2, [9, 0, 4], 9)])"
tools/joint_estimator/probe_desksim.py,368,9,build_cases,"p5 = _make_piece(""S5"", [_ev(0, [7, 11, 2, 5], 7), _ev(2, [9, 0, 4], 9)])"
tools/joint_estimator/probe_desksim.py,370,2,build_cases,"""Cmaj"": [_seg(0, 1, 0, True, K(""V"", ""Dom7"")), _seg(1, 2, 0, True, K(""VI"", ""Min""))],"
tools/joint_estimator/probe_desksim.py,371,9,build_cases,"""amin"": [_seg(0, 1, 9, False, K(""VII"", ""Dom7"")), _seg(1, 2, 9, False, K(""I"", ""Min""))],"
tools/joint_estimator/probe_desksim.py,371,2,build_cases,"""amin"": [_seg(0, 1, 9, False, K(""VII"", ""Dom7"")), _seg(1, 2, 9, False, K(""I"", ""Min""))],"
tools/joint_estimator/probe_desksim.py,371,9,build_cases,"""amin"": [_seg(0, 1, 9, False, K(""VII"", ""Dom7"")), _seg(1, 2, 9, False, K(""I"", ""Min""))],"
tools/joint_estimator/probe_desksim.py,393,9,_build_corpus_traces,"_ev(0, [9, 1, 4], 9, over={1: {""lof"": _PC_LOF_SHARP[1]}}),"
tools/joint_estimator/probe_desksim.py,394,2,_build_corpus_traces,"_ev(2, [3, 6, 11], 3, over={3: {""lof"": _PC_LOF_SHARP[3]}, 6: {""lof"": _PC_LOF_SHARP[6]}}),"
tools/joint_estimator/probe_desksim.py,394,3,_build_corpus_traces,"_ev(2, [3, 6, 11], 3, over={3: {""lof"": _PC_LOF_SHARP[3]}, 6: {""lof"": _PC_LOF_SHARP[6]}}),"
tools/joint_estimator/probe_desksim.py,395,3,_build_corpus_traces,"_ev(1, [3, 6, 9, 11], 3, over={3: {""lof"": _PC_LOF_SHARP[3]}, 6: {""lof"": _PC_LOF_SHARP[6]}}),"
tools/joint_estimator/probe_desksim.py,396,2,_build_corpus_traces,"_ev(2, [4, 8, 11], 4, over={8: {""lof"": _PC_LOF_SHARP[8]}}),"
tools/joint_estimator/probe_desksim.py,396,4,_build_corpus_traces,"_ev(2, [4, 8, 11], 4, over={8: {""lof"": _PC_LOF_SHARP[8]}}),"
tools/joint_estimator/probe_desksim.py,400,9,_build_corpus_traces,"""Emaj"": [_seg(0, 1, 9, True, K(""I"", ""Maj"")), _seg(1, 3, 4, True, K(""V"", ""Maj"", ""6"")),"
tools/joint_estimator/probe_desksim.py,400,3,_build_corpus_traces,"""Emaj"": [_seg(0, 1, 9, True, K(""I"", ""Maj"")), _seg(1, 3, 4, True, K(""V"", ""Maj"", ""6"")),"
tools/joint_estimator/probe_desksim.py,400,4,_build_corpus_traces,"""Emaj"": [_seg(0, 1, 9, True, K(""I"", ""Maj"")), _seg(1, 3, 4, True, K(""V"", ""Maj"", ""6"")),"
tools/joint_estimator/probe_desksim.py,401,3,_build_corpus_traces,"_seg(3, 4, 4, True, K(""I"", ""Maj""))],"
tools/joint_estimator/probe_desksim.py,401,4,_build_corpus_traces,"_seg(3, 4, 4, True, K(""I"", ""Maj""))],"
tools/joint_estimator/probe_desksim.py,401,4,_build_corpus_traces,"_seg(3, 4, 4, True, K(""I"", ""Maj""))],"
tools/joint_estimator/probe_desksim.py,402,9,_build_corpus_traces,"""f#min"": [_seg(0, 1, 9, True, K(""I"", ""Maj"")), _seg(1, 3, 6, False, K(""IV"", ""Maj"", """", """")),"
tools/joint_estimator/probe_desksim.py,402,3,_build_corpus_traces,"""f#min"": [_seg(0, 1, 9, True, K(""I"", ""Maj"")), _seg(1, 3, 6, False, K(""IV"", ""Maj"", """", """")),"
tools/joint_estimator/probe_desksim.py,402,6,_build_corpus_traces,"""f#min"": [_seg(0, 1, 9, True, K(""I"", ""Maj"")), _seg(1, 3, 6, False, K(""IV"", ""Maj"", """", """")),"
tools/joint_estimator/probe_desksim.py,403,3,_build_corpus_traces,"_seg(3, 4, 6, False, K(""VII"", ""Dom7""))],"
tools/joint_estimator/probe_desksim.py,403,4,_build_corpus_traces,"_seg(3, 4, 6, False, K(""VII"", ""Dom7""))],"
tools/joint_estimator/probe_desksim.py,403,6,_build_corpus_traces,"_seg(3, 4, 6, False, K(""VII"", ""Dom7""))],"
tools/joint_estimator/probe_desksim.py,404,9,_build_corpus_traces,"""d#min"": [_seg(0, 1, 9, True, K(""I"", ""Maj"")), _seg(1, 3, 3, False, K(""VI"", ""Maj"")),"
tools/joint_estimator/probe_desksim.py,404,3,_build_corpus_traces,"""d#min"": [_seg(0, 1, 9, True, K(""I"", ""Maj"")), _seg(1, 3, 3, False, K(""VI"", ""Maj"")),"
tools/joint_estimator/probe_desksim.py,404,3,_build_corpus_traces,"""d#min"": [_seg(0, 1, 9, True, K(""I"", ""Maj"")), _seg(1, 3, 3, False, K(""VI"", ""Maj"")),"
tools/joint_estimator/probe_desksim.py,405,3,_build_corpus_traces,"_seg(3, 4, 3, False, K(""bII"", ""Neapolitan""))],"
tools/joint_estimator/probe_desksim.py,405,4,_build_corpus_traces,"_seg(3, 4, 3, False, K(""bII"", ""Neapolitan""))],"
tools/joint_estimator/probe_desksim.py,405,3,_build_corpus_traces,"_seg(3, 4, 3, False, K(""bII"", ""Neapolitan""))],"
tools/joint_estimator/probe_desksim.py,416,2,_build_corpus_traces,"_ev(0, [2, 6, 9], 2),                                    # e0: D:I origin (shared, dropped)"
tools/joint_estimator/probe_desksim.py,417,11,_build_corpus_traces,"_ev(0, [11, 2, 6], 11),"
tools/joint_estimator/probe_desksim.py,418,2,_build_corpus_traces,"_ev(2, [6, 10, 1, 4], 6, over={10: {""lof"": _PC_LOF_SHARP[10]}, 1: {""lof"": _PC_LOF_SHARP[1]}}),"
tools/joint_estimator/probe_desksim.py,418,6,_build_corpus_traces,"_ev(2, [6, 10, 1, 4], 6, over={10: {""lof"": _PC_LOF_SHARP[10]}, 1: {""lof"": _PC_LOF_SHARP[1]}}),"
tools/joint_estimator/probe_desksim.py,419,2,_build_corpus_traces,"_ev(1, [2, 6, 11, 9], 2, over={11: {""ap"": 1, ""dp"": 1}, 9: {""ap"": 1, ""dp"": 1}}),"
tools/joint_estimator/probe_desksim.py,420,2,_build_corpus_traces,"_ev(2, [9, 1, 4], 9, over={1: {""lof"": _PC_LOF_SHARP[1]}}),"
tools/joint_estimator/probe_desksim.py,420,9,_build_corpus_traces,"_ev(2, [9, 1, 4], 9, over={1: {""lof"": _PC_LOF_SHARP[1]}}),"
tools/joint_estimator/probe_desksim.py,421,11,_build_corpus_traces,"_ev(0, [11, 2, 6], 11),"
tools/joint_estimator/probe_desksim.py,422,2,_build_corpus_traces,"_ev(2, [6, 10, 1], 6, over={10: {""lof"": _PC_LOF_SHARP[10]}, 1: {""lof"": _PC_LOF_SHARP[1]}}),"
tools/joint_estimator/probe_desksim.py,422,6,_build_corpus_traces,"_ev(2, [6, 10, 1], 6, over={10: {""lof"": _PC_LOF_SHARP[10]}, 1: {""lof"": _PC_LOF_SHARP[1]}}),"
tools/joint_estimator/probe_desksim.py,427,2,_build_corpus_traces,"""Dmaj"": [_seg(0, 1, 2, True, K(""I"", ""Maj"")),"
tools/joint_estimator/probe_desksim.py,428,2,_build_corpus_traces,"_seg(1, 2, 2, True, K(""VI"", ""Min"")), _seg(2, 3, 2, True, K(""V"", ""Dom7"", """", ""vi"")),"
tools/joint_estimator/probe_desksim.py,428,2,_build_corpus_traces,"_seg(1, 2, 2, True, K(""VI"", ""Min"")), _seg(2, 3, 2, True, K(""V"", ""Dom7"", """", ""vi"")),"
tools/joint_estimator/probe_desksim.py,428,2,_build_corpus_traces,"_seg(1, 2, 2, True, K(""VI"", ""Min"")), _seg(2, 3, 2, True, K(""V"", ""Dom7"", """", ""vi"")),"
tools/joint_estimator/probe_desksim.py,428,3,_build_corpus_traces,"_seg(1, 2, 2, True, K(""VI"", ""Min"")), _seg(2, 3, 2, True, K(""V"", ""Dom7"", """", ""vi"")),"
tools/joint_estimator/probe_desksim.py,428,2,_build_corpus_traces,"_seg(1, 2, 2, True, K(""VI"", ""Min"")), _seg(2, 3, 2, True, K(""V"", ""Dom7"", """", ""vi"")),"
tools/joint_estimator/probe_desksim.py,429,3,_build_corpus_traces,"_seg(3, 4, 2, True, K(""I"", ""Maj"")), _seg(4, 5, 2, True, K(""V"", ""Maj"")),"
tools/joint_estimator/probe_desksim.py,429,4,_build_corpus_traces,"_seg(3, 4, 2, True, K(""I"", ""Maj"")), _seg(4, 5, 2, True, K(""V"", ""Maj"")),"
tools/joint_estimator/probe_desksim.py,429,2,_build_corpus_traces,"_seg(3, 4, 2, True, K(""I"", ""Maj"")), _seg(4, 5, 2, True, K(""V"", ""Maj"")),"
tools/joint_estimator/probe_desksim.py,429,4,_build_corpus_traces,"_seg(3, 4, 2, True, K(""I"", ""Maj"")), _seg(4, 5, 2, True, K(""V"", ""Maj"")),"
tools/joint_estimator/probe_desksim.py,429,5,_build_corpus_traces,"_seg(3, 4, 2, True, K(""I"", ""Maj"")), _seg(4, 5, 2, True, K(""V"", ""Maj"")),"
tools/joint_estimator/probe_desksim.py,429,2,_build_corpus_traces,"_seg(3, 4, 2, True, K(""I"", ""Maj"")), _seg(4, 5, 2, True, K(""V"", ""Maj"")),"
tools/joint_estimator/probe_desksim.py,430,5,_build_corpus_traces,"_seg(5, 6, 2, True, K(""VI"", ""Min"")), _seg(6, 7, 2, True, K(""V"", ""Dom7"", """", ""vi""))],"
tools/joint_estimator/probe_desksim.py,430,6,_build_corpus_traces,"_seg(5, 6, 2, True, K(""VI"", ""Min"")), _seg(6, 7, 2, True, K(""V"", ""Dom7"", """", ""vi""))],"
tools/joint_estimator/probe_desksim.py,430,2,_build_corpus_traces,"_seg(5, 6, 2, True, K(""VI"", ""Min"")), _seg(6, 7, 2, True, K(""V"", ""Dom7"", """", ""vi""))],"
tools/joint_estimator/probe_desksim.py,430,6,_build_corpus_traces,"_seg(5, 6, 2, True, K(""VI"", ""Min"")), _seg(6, 7, 2, True, K(""V"", ""Dom7"", """", ""vi""))],"
tools/joint_estimator/probe_desksim.py,430,7,_build_corpus_traces,"_seg(5, 6, 2, True, K(""VI"", ""Min"")), _seg(6, 7, 2, True, K(""V"", ""Dom7"", """", ""vi""))],"
tools/joint_estimator/probe_desksim.py,430,2,_build_corpus_traces,"_seg(5, 6, 2, True, K(""VI"", ""Min"")), _seg(6, 7, 2, True, K(""V"", ""Dom7"", """", ""vi""))],"
tools/joint_estimator/probe_desksim.py,431,2,_build_corpus_traces,"""bmin"": [_seg(0, 1, 2, True, K(""I"", ""Maj"")),"
tools/joint_estimator/probe_desksim.py,432,2,_build_corpus_traces,"_seg(1, 2, 11, False, K(""I"", ""Min"")), _seg(2, 3, 11, False, K(""V"", ""Dom7"")),"
tools/joint_estimator/probe_desksim.py,432,11,_build_corpus_traces,"_seg(1, 2, 11, False, K(""I"", ""Min"")), _seg(2, 3, 11, False, K(""V"", ""Dom7"")),"
tools/joint_estimator/probe_desksim.py,432,2,_build_corpus_traces,"_seg(1, 2, 11, False, K(""I"", ""Min"")), _seg(2, 3, 11, False, K(""V"", ""Dom7"")),"
tools/joint_estimator/probe_desksim.py,432,3,_build_corpus_traces,"_seg(1, 2, 11, False, K(""I"", ""Min"")), _seg(2, 3, 11, False, K(""V"", ""Dom7"")),"
tools/joint_estimator/probe_desksim.py,432,11,_build_corpus_traces,"_seg(1, 2, 11, False, K(""I"", ""Min"")), _seg(2, 3, 11, False, K(""V"", ""Dom7"")),"
tools/joint_estimator/probe_desksim.py,433,3,_build_corpus_traces,"_seg(3, 4, 11, False, K(""III"", ""Maj"")), _seg(4, 5, 11, False, K(""VII"", ""Dom7"")),"
tools/joint_estimator/probe_desksim.py,433,4,_build_corpus_traces,"_seg(3, 4, 11, False, K(""III"", ""Maj"")), _seg(4, 5, 11, False, K(""VII"", ""Dom7"")),"
tools/joint_estimator/probe_desksim.py,433,11,_build_corpus_traces,"_seg(3, 4, 11, False, K(""III"", ""Maj"")), _seg(4, 5, 11, False, K(""VII"", ""Dom7"")),"
tools/joint_estimator/probe_desksim.py,433,4,_build_corpus_traces,"_seg(3, 4, 11, False, K(""III"", ""Maj"")), _seg(4, 5, 11, False, K(""VII"", ""Dom7"")),"
tools/joint_estimator/probe_desksim.py,433,5,_build_corpus_traces,"_seg(3, 4, 11, False, K(""III"", ""Maj"")), _seg(4, 5, 11, False, K(""VII"", ""Dom7"")),"
tools/joint_estimator/probe_desksim.py,433,11,_build_corpus_traces,"_seg(3, 4, 11, False, K(""III"", ""Maj"")), _seg(4, 5, 11, False, K(""VII"", ""Dom7"")),"
tools/joint_estimator/probe_desksim.py,434,5,_build_corpus_traces,"_seg(5, 6, 11, False, K(""I"", ""Min"")), _seg(6, 7, 11, False, K(""V"", ""Maj""))],"
tools/joint_estimator/probe_desksim.py,434,6,_build_corpus_traces,"_seg(5, 6, 11, False, K(""I"", ""Min"")), _seg(6, 7, 11, False, K(""V"", ""Maj""))],"
tools/joint_estimator/probe_desksim.py,434,11,_build_corpus_traces,"_seg(5, 6, 11, False, K(""I"", ""Min"")), _seg(6, 7, 11, False, K(""V"", ""Maj""))],"
tools/joint_estimator/probe_desksim.py,434,6,_build_corpus_traces,"_seg(5, 6, 11, False, K(""I"", ""Min"")), _seg(6, 7, 11, False, K(""V"", ""Maj""))],"
tools/joint_estimator/probe_desksim.py,434,7,_build_corpus_traces,"_seg(5, 6, 11, False, K(""I"", ""Min"")), _seg(6, 7, 11, False, K(""V"", ""Maj""))],"
tools/joint_estimator/probe_desksim.py,434,11,_build_corpus_traces,"_seg(5, 6, 11, False, K(""I"", ""Min"")), _seg(6, 7, 11, False, K(""V"", ""Maj""))],"
tools/joint_estimator/probe_desksim.py,438,2,_build_corpus_traces,"key_trans_stays=True, sig_fifths=2, kind=""corpus"", drop_prefix=1,"
tools/joint_estimator/probe_desksim.py,568,4,run_parity,"cad = round(full - struct, 4)"
tools/joint_estimator/probe_desksim.py,641,6,run_fitted_probe,"for bassname, bpc in ((""F#"", 6), (""E"", 4)):"
tools/joint_estimator/probe_desksim.py,641,4,run_fitted_probe,"for bassname, bpc in ((""F#"", 6), (""E"", 4)):"
tools/joint_estimator/probe_desksim.py,658,58,run_fitted_probe,"sp2 = pd.sub_piece(p107, [58, 59, 60])"
tools/joint_estimator/probe_desksim.py,658,59,run_fitted_probe,"sp2 = pd.sub_piece(p107, [58, 59, 60])"
tools/joint_estimator/probe_desksim.py,658,60,run_fitted_probe,"sp2 = pd.sub_piece(p107, [58, 59, 60])"
tools/joint_estimator/probe_desksim.py,659,7,run_fitted_probe,"H_split = [{""i"": 0, ""j"": 1, ""tonic"": 7, ""is_major"": False, ""cls"": pd.class_from_key(K(""IV"", ""Min"", ""6""))},"
tools/joint_estimator/probe_desksim.py,660,2,run_fitted_probe,"{""i"": 1, ""j"": 2, ""tonic"": 7, ""is_major"": False, ""cls"": pd.class_from_key(K(""V"", ""Dom7"", ""4/3"", ""iv""))},"
tools/joint_estimator/probe_desksim.py,660,7,run_fitted_probe,"{""i"": 1, ""j"": 2, ""tonic"": 7, ""is_major"": False, ""cls"": pd.class_from_key(K(""V"", ""Dom7"", ""4/3"", ""iv""))},"
tools/joint_estimator/probe_desksim.py,661,2,run_fitted_probe,"{""i"": 2, ""j"": 3, ""tonic"": 7, ""is_major"": False, ""cls"": pd.class_from_key(K(""IV"", ""Min""))}]"
tools/joint_estimator/probe_desksim.py,661,3,run_fitted_probe,"{""i"": 2, ""j"": 3, ""tonic"": 7, ""is_major"": False, ""cls"": pd.class_from_key(K(""IV"", ""Min""))}]"
tools/joint_estimator/probe_desksim.py,661,7,run_fitted_probe,"{""i"": 2, ""j"": 3, ""tonic"": 7, ""is_major"": False, ""cls"": pd.class_from_key(K(""IV"", ""Min""))}]"
tools/joint_estimator/probe_desksim.py,662,3,run_fitted_probe,"H_merge = [{""i"": 0, ""j"": 3, ""tonic"": 7, ""is_major"": False, ""cls"": pd.class_from_key(K(""IV"", ""Min""))}]"
tools/joint_estimator/probe_desksim.py,662,7,run_fitted_probe,"H_merge = [{""i"": 0, ""j"": 3, ""tonic"": 7, ""is_major"": False, ""cls"": pd.class_from_key(K(""IV"", ""Min""))}]"
tools/joint_estimator/probe_desksim.py,665,3,run_fitted_probe,"rows107 = {""split"": round(s_split, 3), ""merge"": round(s_merge, 3),"
tools/joint_estimator/probe_desksim.py,665,3,run_fitted_probe,"rows107 = {""split"": round(s_split, 3), ""merge"": round(s_merge, 3),"
tools/joint_estimator/probe_desksim.py,666,3,run_fitted_probe,"""margin_split_minus_merge"": round(s_split - s_merge, 3),"
tools/joint_estimator/probe_desksim.py,96,0.38,prior_logp,p = 0.38 if is_major else 0.27
tools/joint_estimator/probe_desksim.py,96,0.27,prior_logp,p = 0.38 if is_major else 0.27
tools/joint_estimator/probe_desksim.py,98,0.05,prior_logp,p = 0.05
tools/joint_estimator/probe_desksim.py,100,0.0083,prior_logp,p = 0.0083
tools/joint_estimator/probe_desksim.py,137,2,emission_logp,"cs = (combo[1] == ""step"") or (combo[2] == ""step"") or (combo[0] == ""sub_tactus"") or bool(combo[3])"
tools/joint_estimator/probe_desksim.py,137,3,emission_logp,"cs = (combo[1] == ""step"") or (combo[2] == ""step"") or (combo[0] == ""sub_tactus"") or bool(combo[3])"
tools/joint_estimator/probe_desksim.py,139,1.2,emission_logp,return -1.20 if cs else -2.12
tools/joint_estimator/probe_desksim.py,139,2.12,emission_logp,return -1.20 if cs else -2.12
tools/joint_estimator/probe_desksim.py,160,0.43,boundary_logp,return -0.43 if is_boundary else -1.05
tools/joint_estimator/probe_desksim.py,160,1.05,boundary_logp,return -0.43 if is_boundary else -1.05
tools/joint_estimator/probe_desksim.py,162,3.51,boundary_logp,return -3.51 if is_boundary else -0.03
tools/joint_estimator/probe_desksim.py,162,0.03,boundary_logp,return -3.51 if is_boundary else -0.03
tools/joint_estimator/probe_desksim.py,203,48,_make_piece,"midi = (pc + 48) if nd.get(""bass"") else (pc + 72)"
tools/joint_estimator/probe_desksim.py,203,72,_make_piece,"midi = (pc + 48) if nd.get(""bass"") else (pc + 72)"
tools/joint_estimator/probe_desksim.py,204,480,_make_piece,"notes.append([start, 480, pc, midi, lof, idx, meas, beat, mc,"
tools/joint_estimator/probe_desksim.py,227,1e-09,_sum_included,"if f == ""key_trans"" and not key_trans_stays and abs(v - (-0.04)) < 1e-9:"
tools/joint_estimator/probe_desksim.py,286,4,build_cases,"_ev(0, [0, 4, 7], 0), _ev(2, [0, 5, 9], 5), _ev(1, [7, 11, 2, 5], 7), _ev(2, [0, 4, 7], 0),"
tools/joint_estimator/probe_desksim.py,286,7,build_cases,"_ev(0, [0, 4, 7], 0), _ev(2, [0, 5, 9], 5), _ev(1, [7, 11, 2, 5], 7), _ev(2, [0, 4, 7], 0),"
tools/joint_estimator/probe_desksim.py,286,5,build_cases,"_ev(0, [0, 4, 7], 0), _ev(2, [0, 5, 9], 5), _ev(1, [7, 11, 2, 5], 7), _ev(2, [0, 4, 7], 0),"
tools/joint_estimator/probe_desksim.py,286,9,build_cases,"_ev(0, [0, 4, 7], 0), _ev(2, [0, 5, 9], 5), _ev(1, [7, 11, 2, 5], 7), _ev(2, [0, 4, 7], 0),"
tools/joint_estimator/probe_desksim.py,286,7,build_cases,"_ev(0, [0, 4, 7], 0), _ev(2, [0, 5, 9], 5), _ev(1, [7, 11, 2, 5], 7), _ev(2, [0, 4, 7], 0),"
tools/joint_estimator/probe_desksim.py,286,11,build_cases,"_ev(0, [0, 4, 7], 0), _ev(2, [0, 5, 9], 5), _ev(1, [7, 11, 2, 5], 7), _ev(2, [0, 4, 7], 0),"
tools/joint_estimator/probe_desksim.py,286,2,build_cases,"_ev(0, [0, 4, 7], 0), _ev(2, [0, 5, 9], 5), _ev(1, [7, 11, 2, 5], 7), _ev(2, [0, 4, 7], 0),"
tools/joint_estimator/probe_desksim.py,286,5,build_cases,"_ev(0, [0, 4, 7], 0), _ev(2, [0, 5, 9], 5), _ev(1, [7, 11, 2, 5], 7), _ev(2, [0, 4, 7], 0),"
tools/joint_estimator/probe_desksim.py,286,4,build_cases,"_ev(0, [0, 4, 7], 0), _ev(2, [0, 5, 9], 5), _ev(1, [7, 11, 2, 5], 7), _ev(2, [0, 4, 7], 0),"
tools/joint_estimator/probe_desksim.py,286,7,build_cases,"_ev(0, [0, 4, 7], 0), _ev(2, [0, 5, 9], 5), _ev(1, [7, 11, 2, 5], 7), _ev(2, [0, 4, 7], 0),"
tools/joint_estimator/probe_desksim.py,294,5.86,build_cases,"cases.append(Case(""S1"", p, S1, {""Cmaj"": -5.86, ""amin"": -12.68}, NO_BOUNDARY,"
tools/joint_estimator/probe_desksim.py,294,12.68,build_cases,"cases.append(Case(""S1"", p, S1, {""Cmaj"": -5.86, ""amin"": -12.68}, NO_BOUNDARY,"
tools/joint_estimator/probe_desksim.py,296,2.3,build_cases,"desk_cadence={""Cmaj"": 2.3, ""amin"": 0.0},"
tools/joint_estimator/probe_desksim.py,302,9,build_cases,"_ev(0, [9, 0, 4], 9), _ev(2, [2, 5, 9], 2), _ev(1, [0, 4, 7], 0), _ev(2, [5, 9, 0], 5),"
tools/joint_estimator/probe_desksim.py,302,4,build_cases,"_ev(0, [9, 0, 4], 9), _ev(2, [2, 5, 9], 2), _ev(1, [0, 4, 7], 0), _ev(2, [5, 9, 0], 5),"
tools/joint_estimator/probe_desksim.py,302,2,build_cases,"_ev(0, [9, 0, 4], 9), _ev(2, [2, 5, 9], 2), _ev(1, [0, 4, 7], 0), _ev(2, [5, 9, 0], 5),"
tools/joint_estimator/probe_desksim.py,302,5,build_cases,"_ev(0, [9, 0, 4], 9), _ev(2, [2, 5, 9], 2), _ev(1, [0, 4, 7], 0), _ev(2, [5, 9, 0], 5),"
tools/joint_estimator/probe_desksim.py,302,9,build_cases,"_ev(0, [9, 0, 4], 9), _ev(2, [2, 5, 9], 2), _ev(1, [0, 4, 7], 0), _ev(2, [5, 9, 0], 5),"
tools/joint_estimator/probe_desksim.py,302,4,build_cases,"_ev(0, [9, 0, 4], 9), _ev(2, [2, 5, 9], 2), _ev(1, [0, 4, 7], 0), _ev(2, [5, 9, 0], 5),"
tools/joint_estimator/probe_desksim.py,302,7,build_cases,"_ev(0, [9, 0, 4], 9), _ev(2, [2, 5, 9], 2), _ev(1, [0, 4, 7], 0), _ev(2, [5, 9, 0], 5),"
tools/joint_estimator/probe_desksim.py,302,5,build_cases,"_ev(0, [9, 0, 4], 9), _ev(2, [2, 5, 9], 2), _ev(1, [0, 4, 7], 0), _ev(2, [5, 9, 0], 5),"
tools/joint_estimator/probe_desksim.py,302,9,build_cases,"_ev(0, [9, 0, 4], 9), _ev(2, [2, 5, 9], 2), _ev(1, [0, 4, 7], 0), _ev(2, [5, 9, 0], 5),"
tools/joint_estimator/probe_desksim.py,303,2,build_cases,"_ev(0, [2, 5, 9], 2), _ev(2, [4, 8, 11], 4, over={8: {""lof"": _PC_LOF_SHARP[8]}}),"
tools/joint_estimator/probe_desksim.py,303,5,build_cases,"_ev(0, [2, 5, 9], 2), _ev(2, [4, 8, 11], 4, over={8: {""lof"": _PC_LOF_SHARP[8]}}),"
tools/joint_estimator/probe_desksim.py,303,9,build_cases,"_ev(0, [2, 5, 9], 2), _ev(2, [4, 8, 11], 4, over={8: {""lof"": _PC_LOF_SHARP[8]}}),"
tools/joint_estimator/probe_desksim.py,303,4,build_cases,"_ev(0, [2, 5, 9], 2), _ev(2, [4, 8, 11], 4, over={8: {""lof"": _PC_LOF_SHARP[8]}}),"
tools/joint_estimator/probe_desksim.py,303,8,build_cases,"_ev(0, [2, 5, 9], 2), _ev(2, [4, 8, 11], 4, over={8: {""lof"": _PC_LOF_SHARP[8]}}),"
tools/joint_estimator/probe_desksim.py,303,11,build_cases,"_ev(0, [2, 5, 9], 2), _ev(2, [4, 8, 11], 4, over={8: {""lof"": _PC_LOF_SHARP[8]}}),"
tools/joint_estimator/probe_desksim.py,304,9,build_cases,"_ev(1, [9, 0, 4], 9),"
tools/joint_estimator/probe_desksim.py,304,4,build_cases,"_ev(1, [9, 0, 4], 9),"
tools/joint_estimator/probe_desksim.py,315,14.39,build_cases,"cases.append(Case(""S2_to_e5"", p2, S2_e5, {""amin"": -14.39, ""Cmaj"": -14.32},"
tools/joint_estimator/probe_desksim.py,315,14.32,build_cases,"cases.append(Case(""S2_to_e5"", p2, S2_e5, {""amin"": -14.39, ""Cmaj"": -14.32},"
tools/joint_estimator/probe_desksim.py,321,5,build_cases,"""amin"": S2_e5[""amin""] + [_seg(5, 6, 9, False, K(""V"", ""Maj"")), _seg(6, 7, 9, False, K(""I"", ""Min""))],"
tools/joint_estimator/probe_desksim.py,321,6,build_cases,"""amin"": S2_e5[""amin""] + [_seg(5, 6, 9, False, K(""V"", ""Maj"")), _seg(6, 7, 9, False, K(""I"", ""Min""))],"
tools/joint_estimator/probe_desksim.py,321,9,build_cases,"""amin"": S2_e5[""amin""] + [_seg(5, 6, 9, False, K(""V"", ""Maj"")), _seg(6, 7, 9, False, K(""I"", ""Min""))],"
tools/joint_estimator/probe_desksim.py,321,6,build_cases,"""amin"": S2_e5[""amin""] + [_seg(5, 6, 9, False, K(""V"", ""Maj"")), _seg(6, 7, 9, False, K(""I"", ""Min""))],"
tools/joint_estimator/probe_desksim.py,321,7,build_cases,"""amin"": S2_e5[""amin""] + [_seg(5, 6, 9, False, K(""V"", ""Maj"")), _seg(6, 7, 9, False, K(""I"", ""Min""))],"
tools/joint_estimator/probe_desksim.py,321,9,build_cases,"""amin"": S2_e5[""amin""] + [_seg(5, 6, 9, False, K(""V"", ""Maj"")), _seg(6, 7, 9, False, K(""I"", ""Min""))],"
tools/joint_estimator/probe_desksim.py,322,5,build_cases,"""Cmaj"": S2_e5[""Cmaj""] + [_seg(5, 6, 0, True, K(""V"", ""Maj"", """", ""vi"")),"
tools/joint_estimator/probe_desksim.py,322,6,build_cases,"""Cmaj"": S2_e5[""Cmaj""] + [_seg(5, 6, 0, True, K(""V"", ""Maj"", """", ""vi"")),"
tools/joint_estimator/probe_desksim.py,323,6,build_cases,"_seg(6, 7, 0, True, K(""VI"", ""Min""))],"
tools/joint_estimator/probe_desksim.py,323,7,build_cases,"_seg(6, 7, 0, True, K(""VI"", ""Min""))],"
tools/joint_estimator/probe_desksim.py,324,5,build_cases,"""modulate"": S2_e5[""Cmaj""] + [_seg(5, 6, 9, False, K(""V"", ""Maj"")),"
tools/joint_estimator/probe_desksim.py,324,6,build_cases,"""modulate"": S2_e5[""Cmaj""] + [_seg(5, 6, 9, False, K(""V"", ""Maj"")),"
tools/joint_estimator/probe_desksim.py,324,9,build_cases,"""modulate"": S2_e5[""Cmaj""] + [_seg(5, 6, 9, False, K(""V"", ""Maj"")),"
tools/joint_estimator/probe_desksim.py,325,6,build_cases,"_seg(6, 7, 9, False, K(""I"", ""Min""))],"
tools/joint_estimator/probe_desksim.py,325,7,build_cases,"_seg(6, 7, 9, False, K(""I"", ""Min""))],"
tools/joint_estimator/probe_desksim.py,325,9,build_cases,"_seg(6, 7, 9, False, K(""I"", ""Min""))],"
tools/joint_estimator/probe_desksim.py,328,14.2,build_cases,"{""amin"": -14.20, ""Cmaj"": -20.38, ""modulate"": -18.67},"
tools/joint_estimator/probe_desksim.py,328,20.38,build_cases,"{""amin"": -14.20, ""Cmaj"": -20.38, ""modulate"": -18.67},"
tools/joint_estimator/probe_desksim.py,328,18.67,build_cases,"{""amin"": -14.20, ""Cmaj"": -20.38, ""modulate"": -18.67},"
tools/joint_estimator/probe_desksim.py,331,2.3,build_cases,"desk_cadence={""amin"": 2.3, ""Cmaj"": 0.0, ""modulate"": 2.3},"
tools/joint_estimator/probe_desksim.py,331,2.3,build_cases,"desk_cadence={""amin"": 2.3, ""Cmaj"": 0.0, ""modulate"": 2.3},"
tools/joint_estimator/probe_desksim.py,336,2,build_cases,"_ev(0, [2, 5, 9], 2), _ev(2, [7, 10, 2], 7), _ev(1, [9, 1, 4, 7], 9, over={1: {""lof"": _PC_LOF_SHARP[1]}}),"
tools/joint_estimator/probe_desksim.py,336,5,build_cases,"_ev(0, [2, 5, 9], 2), _ev(2, [7, 10, 2], 7), _ev(1, [9, 1, 4, 7], 9, over={1: {""lof"": _PC_LOF_SHARP[1]}}),"
tools/joint_estimator/probe_desksim.py,336,9,build_cases,"_ev(0, [2, 5, 9], 2), _ev(2, [7, 10, 2], 7), _ev(1, [9, 1, 4, 7], 9, over={1: {""lof"": _PC_LOF_SHARP[1]}}),"
tools/joint_estimator/probe_desksim.py,336,7,build_cases,"_ev(0, [2, 5, 9], 2), _ev(2, [7, 10, 2], 7), _ev(1, [9, 1, 4, 7], 9, over={1: {""lof"": _PC_LOF_SHARP[1]}}),"
tools/joint_estimator/probe_desksim.py,336,10,build_cases,"_ev(0, [2, 5, 9], 2), _ev(2, [7, 10, 2], 7), _ev(1, [9, 1, 4, 7], 9, over={1: {""lof"": _PC_LOF_SHARP[1]}}),"
tools/joint_estimator/probe_desksim.py,336,2,build_cases,"_ev(0, [2, 5, 9], 2), _ev(2, [7, 10, 2], 7), _ev(1, [9, 1, 4, 7], 9, over={1: {""lof"": _PC_LOF_SHARP[1]}}),"
tools/joint_estimator/probe_desksim.py,336,9,build_cases,"_ev(0, [2, 5, 9], 2), _ev(2, [7, 10, 2], 7), _ev(1, [9, 1, 4, 7], 9, over={1: {""lof"": _PC_LOF_SHARP[1]}}),"
tools/joint_estimator/probe_desksim.py,336,4,build_cases,"_ev(0, [2, 5, 9], 2), _ev(2, [7, 10, 2], 7), _ev(1, [9, 1, 4, 7], 9, over={1: {""lof"": _PC_LOF_SHARP[1]}}),"
tools/joint_estimator/probe_desksim.py,336,7,build_cases,"_ev(0, [2, 5, 9], 2), _ev(2, [7, 10, 2], 7), _ev(1, [9, 1, 4, 7], 9, over={1: {""lof"": _PC_LOF_SHARP[1]}}),"
tools/joint_estimator/probe_desksim.py,337,2,build_cases,"_ev(2, [2, 5, 9], 2),"
tools/joint_estimator/probe_desksim.py,337,5,build_cases,"_ev(2, [2, 5, 9], 2),"
tools/joint_estimator/probe_desksim.py,337,9,build_cases,"_ev(2, [2, 5, 9], 2),"
tools/joint_estimator/probe_desksim.py,345,6.72,build_cases,"cases.append(Case(""S3"", p3, S3, {""dmin"": -6.72, ""Fmaj"": -14.79}, NO_BOUNDARY,"
tools/joint_estimator/probe_desksim.py,345,14.79,build_cases,"cases.append(Case(""S3"", p3, S3, {""dmin"": -6.72, ""Fmaj"": -14.79}, NO_BOUNDARY,"
tools/joint_estimator/probe_desksim.py,347,2.3,build_cases,"desk_cadence={""dmin"": 2.3, ""Fmaj"": 0.0},"
tools/joint_estimator/probe_desksim.py,352,4,build_cases,"_ev(0, [0, 4, 7], 0), _ev(2, [2, 6, 9, 0], 2, over={6: {""lof"": _PC_LOF_SHARP[6]}}),"
tools/joint_estimator/probe_desksim.py,352,7,build_cases,"_ev(0, [0, 4, 7], 0), _ev(2, [2, 6, 9, 0], 2, over={6: {""lof"": _PC_LOF_SHARP[6]}}),"
tools/joint_estimator/probe_desksim.py,352,2,build_cases,"_ev(0, [0, 4, 7], 0), _ev(2, [2, 6, 9, 0], 2, over={6: {""lof"": _PC_LOF_SHARP[6]}}),"
tools/joint_estimator/probe_desksim.py,352,6,build_cases,"_ev(0, [0, 4, 7], 0), _ev(2, [2, 6, 9, 0], 2, over={6: {""lof"": _PC_LOF_SHARP[6]}}),"
tools/joint_estimator/probe_desksim.py,352,9,build_cases,"_ev(0, [0, 4, 7], 0), _ev(2, [2, 6, 9, 0], 2, over={6: {""lof"": _PC_LOF_SHARP[6]}}),"
tools/joint_estimator/probe_desksim.py,353,7,build_cases,"_ev(1, [7, 11, 2], 7), _ev(2, [0, 4, 7], 0),"
tools/joint_estimator/probe_desksim.py,353,11,build_cases,"_ev(1, [7, 11, 2], 7), _ev(2, [0, 4, 7], 0),"
tools/joint_estimator/probe_desksim.py,353,2,build_cases,"_ev(1, [7, 11, 2], 7), _ev(2, [0, 4, 7], 0),"
tools/joint_estimator/probe_desksim.py,353,4,build_cases,"_ev(1, [7, 11, 2], 7), _ev(2, [0, 4, 7], 0),"
tools/joint_estimator/probe_desksim.py,353,7,build_cases,"_ev(1, [7, 11, 2], 7), _ev(2, [0, 4, 7], 0),"
tools/joint_estimator/probe_desksim.py,361,6.85,build_cases,"cases.append(Case(""S4"", p4, S4, {""stayC"": -6.85, ""modulate"": -13.57},"
tools/joint_estimator/probe_desksim.py,361,13.57,build_cases,"cases.append(Case(""S4"", p4, S4, {""stayC"": -6.85, ""modulate"": -13.57},"
tools/joint_estimator/probe_desksim.py,364,1.6,build_cases,"desk_cadence={""stayC"": 1.6, ""modulate"": 3.2},"
tools/joint_estimator/probe_desksim.py,364,3.2,build_cases,"desk_cadence={""stayC"": 1.6, ""modulate"": 3.2},"
tools/joint_estimator/probe_desksim.py,368,7,build_cases,"p5 = _make_piece(""S5"", [_ev(0, [7, 11, 2, 5], 7), _ev(2, [9, 0, 4], 9)])"
tools/joint_estimator/probe_desksim.py,368,11,build_cases,"p5 = _make_piece(""S5"", [_ev(0, [7, 11, 2, 5], 7), _ev(2, [9, 0, 4], 9)])"
tools/joint_estimator/probe_desksim.py,368,2,build_cases,"p5 = _make_piece(""S5"", [_ev(0, [7, 11, 2, 5], 7), _ev(2, [9, 0, 4], 9)])"
tools/joint_estimator/probe_desksim.py,368,5,build_cases,"p5 = _make_piece(""S5"", [_ev(0, [7, 11, 2, 5], 7), _ev(2, [9, 0, 4], 9)])"
tools/joint_estimator/probe_desksim.py,368,9,build_cases,"p5 = _make_piece(""S5"", [_ev(0, [7, 11, 2, 5], 7), _ev(2, [9, 0, 4], 9)])"
tools/joint_estimator/probe_desksim.py,368,4,build_cases,"p5 = _make_piece(""S5"", [_ev(0, [7, 11, 2, 5], 7), _ev(2, [9, 0, 4], 9)])"
tools/joint_estimator/probe_desksim.py,373,4.31,build_cases,"cases.append(Case(""S5"", p5, S5, {""Cmaj"": -4.31, ""amin"": -9.24},"
tools/joint_estimator/probe_desksim.py,373,9.24,build_cases,"cases.append(Case(""S5"", p5, S5, {""Cmaj"": -4.31, ""amin"": -9.24},"
tools/joint_estimator/probe_desksim.py,376,1.6,build_cases,"desk_cadence={""Cmaj"": 1.6, ""amin"": 0.0},"
tools/joint_estimator/probe_desksim.py,393,9,_build_corpus_traces,"_ev(0, [9, 1, 4], 9, over={1: {""lof"": _PC_LOF_SHARP[1]}}),"
tools/joint_estimator/probe_desksim.py,393,4,_build_corpus_traces,"_ev(0, [9, 1, 4], 9, over={1: {""lof"": _PC_LOF_SHARP[1]}}),"
tools/joint_estimator/probe_desksim.py,394,3,_build_corpus_traces,"_ev(2, [3, 6, 11], 3, over={3: {""lof"": _PC_LOF_SHARP[3]}, 6: {""lof"": _PC_LOF_SHARP[6]}}),"
tools/joint_estimator/probe_desksim.py,394,6,_build_corpus_traces,"_ev(2, [3, 6, 11], 3, over={3: {""lof"": _PC_LOF_SHARP[3]}, 6: {""lof"": _PC_LOF_SHARP[6]}}),"
tools/joint_estimator/probe_desksim.py,394,11,_build_corpus_traces,"_ev(2, [3, 6, 11], 3, over={3: {""lof"": _PC_LOF_SHARP[3]}, 6: {""lof"": _PC_LOF_SHARP[6]}}),"
tools/joint_estimator/probe_desksim.py,395,3,_build_corpus_traces,"_ev(1, [3, 6, 9, 11], 3, over={3: {""lof"": _PC_LOF_SHARP[3]}, 6: {""lof"": _PC_LOF_SHARP[6]}}),"
tools/joint_estimator/probe_desksim.py,395,6,_build_corpus_traces,"_ev(1, [3, 6, 9, 11], 3, over={3: {""lof"": _PC_LOF_SHARP[3]}, 6: {""lof"": _PC_LOF_SHARP[6]}}),"
tools/joint_estimator/probe_desksim.py,395,9,_build_corpus_traces,"_ev(1, [3, 6, 9, 11], 3, over={3: {""lof"": _PC_LOF_SHARP[3]}, 6: {""lof"": _PC_LOF_SHARP[6]}}),"
tools/joint_estimator/probe_desksim.py,395,11,_build_corpus_traces,"_ev(1, [3, 6, 9, 11], 3, over={3: {""lof"": _PC_LOF_SHARP[3]}, 6: {""lof"": _PC_LOF_SHARP[6]}}),"
tools/joint_estimator/probe_desksim.py,396,4,_build_corpus_traces,"_ev(2, [4, 8, 11], 4, over={8: {""lof"": _PC_LOF_SHARP[8]}}),"
tools/joint_estimator/probe_desksim.py,396,8,_build_corpus_traces,"_ev(2, [4, 8, 11], 4, over={8: {""lof"": _PC_LOF_SHARP[8]}}),"
tools/joint_estimator/probe_desksim.py,396,11,_build_corpus_traces,"_ev(2, [4, 8, 11], 4, over={8: {""lof"": _PC_LOF_SHARP[8]}}),"
tools/joint_estimator/probe_desksim.py,407,5.78,_build_corpus_traces,"cases.append(Case(""C1"", pc1, C1, {""Emaj"": -5.78, ""f#min"": -11.15, ""d#min"": -19.42},"
tools/joint_estimator/probe_desksim.py,407,11.15,_build_corpus_traces,"cases.append(Case(""C1"", pc1, C1, {""Emaj"": -5.78, ""f#min"": -11.15, ""d#min"": -19.42},"
tools/joint_estimator/probe_desksim.py,407,19.42,_build_corpus_traces,"cases.append(Case(""C1"", pc1, C1, {""Emaj"": -5.78, ""f#min"": -11.15, ""d#min"": -19.42},"
tools/joint_estimator/probe_desksim.py,410,1.6,_build_corpus_traces,"desk_cadence={""Emaj"": 1.6, ""f#min"": 0.0, ""d#min"": 0.0},"
tools/joint_estimator/probe_desksim.py,416,2,_build_corpus_traces,"_ev(0, [2, 6, 9], 2),                                    # e0: D:I origin (shared, dropped)"
tools/joint_estimator/probe_desksim.py,416,6,_build_corpus_traces,"_ev(0, [2, 6, 9], 2),                                    # e0: D:I origin (shared, dropped)"
tools/joint_estimator/probe_desksim.py,416,9,_build_corpus_traces,"_ev(0, [2, 6, 9], 2),                                    # e0: D:I origin (shared, dropped)"
tools/joint_estimator/probe_desksim.py,417,11,_build_corpus_traces,"_ev(0, [11, 2, 6], 11),"
tools/joint_estimator/probe_desksim.py,417,2,_build_corpus_traces,"_ev(0, [11, 2, 6], 11),"
tools/joint_estimator/probe_desksim.py,417,6,_build_corpus_traces,"_ev(0, [11, 2, 6], 11),"
tools/joint_estimator/probe_desksim.py,418,6,_build_corpus_traces,"_ev(2, [6, 10, 1, 4], 6, over={10: {""lof"": _PC_LOF_SHARP[10]}, 1: {""lof"": _PC_LOF_SHARP[1]}}),"
tools/joint_estimator/probe_desksim.py,418,10,_build_corpus_traces,"_ev(2, [6, 10, 1, 4], 6, over={10: {""lof"": _PC_LOF_SHARP[10]}, 1: {""lof"": _PC_LOF_SHARP[1]}}),"
tools/joint_estimator/probe_desksim.py,418,4,_build_corpus_traces,"_ev(2, [6, 10, 1, 4], 6, over={10: {""lof"": _PC_LOF_SHARP[10]}, 1: {""lof"": _PC_LOF_SHARP[1]}}),"
tools/joint_estimator/probe_desksim.py,419,2,_build_corpus_traces,"_ev(1, [2, 6, 11, 9], 2, over={11: {""ap"": 1, ""dp"": 1}, 9: {""ap"": 1, ""dp"": 1}}),"
tools/joint_estimator/probe_desksim.py,419,6,_build_corpus_traces,"_ev(1, [2, 6, 11, 9], 2, over={11: {""ap"": 1, ""dp"": 1}, 9: {""ap"": 1, ""dp"": 1}}),"
tools/joint_estimator/probe_desksim.py,419,11,_build_corpus_traces,"_ev(1, [2, 6, 11, 9], 2, over={11: {""ap"": 1, ""dp"": 1}, 9: {""ap"": 1, ""dp"": 1}}),"
tools/joint_estimator/probe_desksim.py,419,9,_build_corpus_traces,"_ev(1, [2, 6, 11, 9], 2, over={11: {""ap"": 1, ""dp"": 1}, 9: {""ap"": 1, ""dp"": 1}}),"
tools/joint_estimator/probe_desksim.py,420,9,_build_corpus_traces,"_ev(2, [9, 1, 4], 9, over={1: {""lof"": _PC_LOF_SHARP[1]}}),"
tools/joint_estimator/probe_desksim.py,420,4,_build_corpus_traces,"_ev(2, [9, 1, 4], 9, over={1: {""lof"": _PC_LOF_SHARP[1]}}),"
tools/joint_estimator/probe_desksim.py,421,11,_build_corpus_traces,"_ev(0, [11, 2, 6], 11),"
tools/joint_estimator/probe_desksim.py,421,2,_build_corpus_traces,"_ev(0, [11, 2, 6], 11),"
tools/joint_estimator/probe_desksim.py,421,6,_build_corpus_traces,"_ev(0, [11, 2, 6], 11),"
tools/joint_estimator/probe_desksim.py,422,6,_build_corpus_traces,"_ev(2, [6, 10, 1], 6, over={10: {""lof"": _PC_LOF_SHARP[10]}, 1: {""lof"": _PC_LOF_SHARP[1]}}),"
tools/joint_estimator/probe_desksim.py,422,10,_build_corpus_traces,"_ev(2, [6, 10, 1], 6, over={10: {""lof"": _PC_LOF_SHARP[10]}, 1: {""lof"": _PC_LOF_SHARP[1]}}),"
tools/joint_estimator/probe_desksim.py,436,24.53,_build_corpus_traces,"cases.append(Case(""C4"", pc4, C4, {""Dmaj"": -24.53, ""bmin"": -19.41},"
tools/joint_estimator/probe_desksim.py,436,19.41,_build_corpus_traces,"cases.append(Case(""C4"", pc4, C4, {""Dmaj"": -24.53, ""bmin"": -19.41},"
tools/joint_estimator/probe_desksim.py,439,0.9,_build_corpus_traces,"desk_cadence={""Dmaj"": 0.0, ""bmin"": 0.9},"
tools/joint_estimator/probe_desksim.py,642,4,run_fitted_probe,"sp = pd.sub_piece(p352, [4], bass_override=bpc)"
tools/joint_estimator/probe_desksim.py,651,3,run_fitted_probe,"rows352[bassname] = {""viø7"": round(r1, 3), ""i"": round(r2, 3),"
tools/joint_estimator/probe_desksim.py,651,3,run_fitted_probe,"rows352[bassname] = {""viø7"": round(r1, 3), ""i"": round(r2, 3),"
tools/joint_estimator/probe_desksim.py,652,3,run_fitted_probe,"""margin_viø7_minus_i"": round(r1 - r2, 3),"
tools/joint_estimator/probe_desksim.py,148,0.51,bass_logp,"return {""root"": -0.51, ""third"": -1.39, ""fifth"": -2.12, ""seventh"": -3.51}.get(role, -3.91)"
tools/joint_estimator/probe_desksim.py,148,1.39,bass_logp,"return {""root"": -0.51, ""third"": -1.39, ""fifth"": -2.12, ""seventh"": -3.51}.get(role, -3.91)"
tools/joint_estimator/probe_desksim.py,148,2.12,bass_logp,"return {""root"": -0.51, ""third"": -1.39, ""fifth"": -2.12, ""seventh"": -3.51}.get(role, -3.91)"
tools/joint_estimator/probe_desksim.py,148,3.51,bass_logp,"return {""root"": -0.51, ""third"": -1.39, ""fifth"": -2.12, ""seventh"": -3.51}.get(role, -3.91)"
tools/joint_estimator/probe_desksim.py,303,8,build_cases,"_ev(0, [2, 5, 9], 2), _ev(2, [4, 8, 11], 4, over={8: {""lof"": _PC_LOF_SHARP[8]}}),"
tools/joint_estimator/probe_desksim.py,352,6,build_cases,"_ev(0, [0, 4, 7], 0), _ev(2, [2, 6, 9, 0], 2, over={6: {""lof"": _PC_LOF_SHARP[6]}}),"
tools/joint_estimator/probe_desksim.py,394,3,_build_corpus_traces,"_ev(2, [3, 6, 11], 3, over={3: {""lof"": _PC_LOF_SHARP[3]}, 6: {""lof"": _PC_LOF_SHARP[6]}}),"
tools/joint_estimator/probe_desksim.py,394,6,_build_corpus_traces,"_ev(2, [3, 6, 11], 3, over={3: {""lof"": _PC_LOF_SHARP[3]}, 6: {""lof"": _PC_LOF_SHARP[6]}}),"
tools/joint_estimator/probe_desksim.py,395,3,_build_corpus_traces,"_ev(1, [3, 6, 9, 11], 3, over={3: {""lof"": _PC_LOF_SHARP[3]}, 6: {""lof"": _PC_LOF_SHARP[6]}}),"
tools/joint_estimator/probe_desksim.py,395,6,_build_corpus_traces,"_ev(1, [3, 6, 9, 11], 3, over={3: {""lof"": _PC_LOF_SHARP[3]}, 6: {""lof"": _PC_LOF_SHARP[6]}}),"
tools/joint_estimator/probe_desksim.py,396,8,_build_corpus_traces,"_ev(2, [4, 8, 11], 4, over={8: {""lof"": _PC_LOF_SHARP[8]}}),"
tools/joint_estimator/probe_desksim.py,418,10,_build_corpus_traces,"_ev(2, [6, 10, 1, 4], 6, over={10: {""lof"": _PC_LOF_SHARP[10]}, 1: {""lof"": _PC_LOF_SHARP[1]}}),"
tools/joint_estimator/probe_desksim.py,419,11,_build_corpus_traces,"_ev(1, [2, 6, 11, 9], 2, over={11: {""ap"": 1, ""dp"": 1}, 9: {""ap"": 1, ""dp"": 1}}),"
tools/joint_estimator/probe_desksim.py,419,9,_build_corpus_traces,"_ev(1, [2, 6, 11, 9], 2, over={11: {""ap"": 1, ""dp"": 1}, 9: {""ap"": 1, ""dp"": 1}}),"
tools/joint_estimator/probe_desksim.py,422,10,_build_corpus_traces,"_ev(2, [6, 10, 1], 6, over={10: {""lof"": _PC_LOF_SHARP[10]}, 1: {""lof"": _PC_LOF_SHARP[1]}}),"
tools/joint_estimator/probe_desksim.py,576,4,run_parity,"""expected_full"": exp_full, ""got_full"": round(full, 4),"
tools/joint_estimator/probe_desksim.py,577,4,run_parity,"""delta_full"": round(full - exp_full, 4),"
tools/joint_estimator/probe_desksim.py,578,4,run_parity,"""expected_struct"": round(exp_struct, 4), ""got_struct"": round(struct, 4),"
tools/joint_estimator/probe_desksim.py,578,4,run_parity,"""expected_struct"": round(exp_struct, 4), ""got_struct"": round(struct, 4),"
tools/joint_estimator/probe_desksim.py,579,4,run_parity,"""delta_struct"": round(struct - exp_struct, 4),"
tools/joint_estimator/probe_desksim.py,643,9,run_fitted_probe,"r1 = _score_local(sp, [{""i"": 0, ""j"": 1, ""tonic"": 9, ""is_major"": False,"
tools/joint_estimator/probe_desksim.py,647,9,run_fitted_probe,"r2 = _score_local(sp, [{""i"": 0, ""j"": 1, ""tonic"": 9, ""is_major"": False,"
tools/joint_estimator/probe_desksim.py,227,0.04,_sum_included,"if f == ""key_trans"" and not key_trans_stays and abs(v - (-0.04)) < 1e-9:"
tools/joint_estimator/probe_desksim.py,303,8,build_cases,"_ev(0, [2, 5, 9], 2), _ev(2, [4, 8, 11], 4, over={8: {""lof"": _PC_LOF_SHARP[8]}}),"
tools/joint_estimator/probe_desksim.py,352,6,build_cases,"_ev(0, [0, 4, 7], 0), _ev(2, [2, 6, 9, 0], 2, over={6: {""lof"": _PC_LOF_SHARP[6]}}),"
tools/joint_estimator/probe_desksim.py,394,3,_build_corpus_traces,"_ev(2, [3, 6, 11], 3, over={3: {""lof"": _PC_LOF_SHARP[3]}, 6: {""lof"": _PC_LOF_SHARP[6]}}),"
tools/joint_estimator/probe_desksim.py,394,6,_build_corpus_traces,"_ev(2, [3, 6, 11], 3, over={3: {""lof"": _PC_LOF_SHARP[3]}, 6: {""lof"": _PC_LOF_SHARP[6]}}),"
tools/joint_estimator/probe_desksim.py,395,3,_build_corpus_traces,"_ev(1, [3, 6, 9, 11], 3, over={3: {""lof"": _PC_LOF_SHARP[3]}, 6: {""lof"": _PC_LOF_SHARP[6]}}),"
tools/joint_estimator/probe_desksim.py,395,6,_build_corpus_traces,"_ev(1, [3, 6, 9, 11], 3, over={3: {""lof"": _PC_LOF_SHARP[3]}, 6: {""lof"": _PC_LOF_SHARP[6]}}),"
tools/joint_estimator/probe_desksim.py,396,8,_build_corpus_traces,"_ev(2, [4, 8, 11], 4, over={8: {""lof"": _PC_LOF_SHARP[8]}}),"
tools/joint_estimator/probe_desksim.py,418,10,_build_corpus_traces,"_ev(2, [6, 10, 1, 4], 6, over={10: {""lof"": _PC_LOF_SHARP[10]}, 1: {""lof"": _PC_LOF_SHARP[1]}}),"
tools/joint_estimator/probe_desksim.py,422,10,_build_corpus_traces,"_ev(2, [6, 10, 1], 6, over={10: {""lof"": _PC_LOF_SHARP[10]}, 1: {""lof"": _PC_LOF_SHARP[1]}}),"
tools/joint_estimator/probe_run.py,35,4,<module-scope>,SEG_CAP = 4
tools/joint_estimator/probe_run.py,137,72.97,<module-scope>,"PROBE_BASELINE = {""root_agree_pct"": 72.97, ""rn_agree_pct"": 59.50,"
tools/joint_estimator/probe_run.py,137,59.5,<module-scope>,"PROBE_BASELINE = {""root_agree_pct"": 72.97, ""rn_agree_pct"": 59.50,"
tools/joint_estimator/probe_run.py,138,53.67,<module-scope>,"""key_home_agree_pct"": 53.67, ""key_local_agree_pct"": 74.43}"
tools/joint_estimator/probe_run.py,138,74.43,<module-scope>,"""key_home_agree_pct"": 53.67, ""key_local_agree_pct"": 74.43}"
tools/joint_estimator/probe_run.py,144,2,_delta,"return round(new - base, 2)"
tools/joint_estimator/probe_run.py,287,65.99,<module-scope>,"""key_local"": {""Baroque"": 65.99, ""Jazz"": 62.98, ""Default"": 65.71},"
tools/joint_estimator/probe_run.py,287,62.98,<module-scope>,"""key_local"": {""Baroque"": 65.99, ""Jazz"": 62.98, ""Default"": 65.71},"
tools/joint_estimator/probe_run.py,287,65.71,<module-scope>,"""key_local"": {""Baroque"": 65.99, ""Jazz"": 62.98, ""Default"": 65.71},"
tools/joint_estimator/probe_run.py,288,71.42,<module-scope>,"""key_home"": {""Baroque"": 71.42, ""Jazz"": 67.83, ""Default"": 70.65},"
tools/joint_estimator/probe_run.py,288,67.83,<module-scope>,"""key_home"": {""Baroque"": 71.42, ""Jazz"": 67.83, ""Default"": 70.65},"
tools/joint_estimator/probe_run.py,288,70.65,<module-scope>,"""key_home"": {""Baroque"": 71.42, ""Jazz"": 67.83, ""Default"": 70.65},"
tools/joint_estimator/probe_run.py,289,66.04,<module-scope>,"""root"": {""Baroque"": 66.04, ""Jazz"": 64.98, ""Default"": 65.93},"
tools/joint_estimator/probe_run.py,289,64.98,<module-scope>,"""root"": {""Baroque"": 66.04, ""Jazz"": 64.98, ""Default"": 65.93},"
tools/joint_estimator/probe_run.py,289,65.93,<module-scope>,"""root"": {""Baroque"": 66.04, ""Jazz"": 64.98, ""Default"": 65.93},"
tools/joint_estimator/probe_run.py,290,46.33,<module-scope>,"""rn"": {""Baroque"": 46.33, ""Jazz"": 44.10, ""Default"": 46.23},"
tools/joint_estimator/probe_run.py,290,44.1,<module-scope>,"""rn"": {""Baroque"": 46.33, ""Jazz"": 44.10, ""Default"": 46.23},"
tools/joint_estimator/probe_run.py,290,46.23,<module-scope>,"""rn"": {""Baroque"": 46.33, ""Jazz"": 44.10, ""Default"": 46.23},"
tools/joint_estimator/probe_run.py,342,4,measure_prune_loss,"tight, tt = grade_at(4, 6)"
tools/joint_estimator/probe_run.py,342,6,measure_prune_loss,"tight, tt = grade_at(4, 6)"
tools/joint_estimator/probe_run.py,343,6,measure_prune_loss,"loose, lt = grade_at(6, 12)"
tools/joint_estimator/probe_run.py,343,12,measure_prune_loss,"loose, lt = grade_at(6, 12)"
tools/joint_estimator/probe_run.py,132,2,_pct,"return round(100.0 * a / b, 2) if b else None"
tools/joint_estimator/probe_run.py,221,3,run_corpus,"timing_summary = {""mean_s"": round(sum(tsec) / len(tsec), 3), ""max_s"": round(max(tsec), 3),"
tools/joint_estimator/probe_run.py,221,3,run_corpus,"timing_summary = {""mean_s"": round(sum(tsec) / len(tsec), 3), ""max_s"": round(max(tsec), 3),"
tools/joint_estimator/probe_run.py,355,4,measure_prune_loss,"""tight"": {""seg_cap"": 4, ""key_top_k"": 6, **tc, ""seconds"": round(tt, 1)},"
tools/joint_estimator/probe_run.py,355,6,measure_prune_loss,"""tight"": {""seg_cap"": 4, ""key_top_k"": 6, **tc, ""seconds"": round(tt, 1)},"
tools/joint_estimator/probe_run.py,356,6,measure_prune_loss,"""loose"": {""seg_cap"": 6, ""key_top_k"": 12, **lc, ""seconds"": round(lt, 1)},"
tools/joint_estimator/probe_run.py,356,12,measure_prune_loss,"""loose"": {""seg_cap"": 6, ""key_top_k"": 12, **lc, ""seconds"": round(lt, 1)},"
tools/joint_estimator/probe_run.py,404,3,re_grade_from_artifact,"timing_summary = {""mean_s"": round(sum(tsec) / len(tsec), 3), ""max_s"": round(max(tsec), 3),"
tools/joint_estimator/probe_run.py,404,3,re_grade_from_artifact,"timing_summary = {""mean_s"": round(sum(tsec) / len(tsec), 3), ""max_s"": round(max(tsec), 3),"
tools/joint_estimator/probe_run.py,468,2,add_vs_default,"""mean_key_local_delta_pp"": round(sum(r[""kl_delta""] for r in rows) / n, 2),"
tools/joint_estimator/probe_run.py,469,2,add_vs_default,"""mean_root_delta_pp"": round(sum(r[""root_delta""] for r in rows) / n, 2),"
tools/joint_estimator/probe_run.py,507,78,_print_corpus_report,"print(""="" * 78)"
tools/joint_estimator/probe_run.py,511,78,_print_corpus_report,"print(""-"" * 78)"
tools/joint_estimator/probe_run.py,583,78,write_summaries,"""-"" * 78]"
tools/joint_estimator/probe_run.py,194,3,run_corpus,"""total_score"": round(r.total_score, 3), ""decode_seconds"": round(r.decode_seconds, 4),"
tools/joint_estimator/probe_run.py,194,4,run_corpus,"""total_score"": round(r.total_score, 3), ""decode_seconds"": round(r.decode_seconds, 4),"
tools/joint_estimator/probe_run.py,224,8,run_corpus,key=lambda x: -x[1])[:8]}
tools/joint_estimator/probe_run.py,346,2,cols,"return {""root_pct"": round(100 * g[""ra""] / (g[""ra""] + g[""rd""]), 2),"
tools/joint_estimator/probe_run.py,347,2,cols,"""key_local_pct"": round(100 * g[""la""] / (g[""la""] + g[""ld""]), 2)}"
tools/joint_estimator/probe_run.py,357,2,measure_prune_loss,"""loss_pp"": {""root"": round(lc[""root_pct""] - tc[""root_pct""], 2),"
tools/joint_estimator/probe_run.py,358,2,measure_prune_loss,"""key_local"": round(lc[""key_local_pct""] - tc[""key_local_pct""], 2)},"
tools/joint_estimator/probe_run.py,408,8,re_grade_from_artifact,key=lambda x: -x[1])[:8]}
tools/joint_estimator/probe_run.py,472,10,add_vs_default,"""largest_key_local_losses"": rows[:10],"
tools/joint_estimator/probe_run.py,500,10,_win_loss,"return {""weakest_key_local"": rows[:10], ""strongest_key_local"": rows[-10:][::-1]}"
tools/joint_estimator/probe_run.py,504,78,_print_corpus_report,"print(""\n"" + ""="" * 78)"
tools/joint_estimator/probe_run.py,534,5,_print_corpus_report,"print(""\nslowest pieces:"", timing[""slowest""][:5])"
tools/joint_estimator/probe_run.py,85,4,decode_to_regions,"family = ""seventh"" if (fac and len(fac) == 4) else ""triad"""
tools/joint_estimator/probe_run.py,132,100.0,_pct,"return round(100.0 * a / b, 2) if b else None"
tools/joint_estimator/probe_run.py,205,40,run_corpus,if verbose and (idx % 40 == 0):
tools/joint_estimator/probe_run.py,440,100.0,_kl,return (100.0 * a / (a + d)) if (a + d) else None
tools/joint_estimator/probe_run.py,445,100.0,_rt,return (100.0 * a / t) if t else None
tools/joint_estimator/probe_run.py,97,480.0,decode_to_regions,"duration=float(s[""end_tick""] - s[""start_tick""]) / 480.0,   # QUARTERS (ticks/quarter=480)"
tools/joint_estimator/probe_run.py,346,100,cols,"return {""root_pct"": round(100 * g[""ra""] / (g[""ra""] + g[""rd""]), 2),"
tools/joint_estimator/probe_run.py,347,100,cols,"""key_local_pct"": round(100 * g[""la""] / (g[""la""] + g[""ld""]), 2)}"
tools/joint_estimator/probe_run.py,473,10,add_vs_default,"""largest_key_local_wins"": rows[-10:][::-1],"
tools/joint_estimator/probe_run.py,500,10,_win_loss,"return {""weakest_key_local"": rows[:10], ""strongest_key_local"": rows[-10:][::-1]}"
tools/joint_estimator/probe_run.py,608,6,write_summaries,"f""slowest pieces: {tm['slowest'][:6]}"","
tools/joint_estimator/probe_run.py,223,2,run_corpus,"""slowest"": sorted([(s, round(t, 2), e) for s, t, e in timings],"
tools/joint_estimator/probe_run.py,406,2,re_grade_from_artifact,"""slowest"": sorted([(s, round(dec[""pieces""][s][""decode_seconds""], 2),"
tools/joint_estimator/probe_run.py,495,100.0,_win_loss,"rows.append({""stem"": stem, ""key_local_agree_pct"": round(100.0 * g[""keyl_agree""] / den, 1),"
tools/joint_estimator/probe_run.py,496,100.0,_win_loss,"""root_agree_pct"": round(100.0 * g[""root_agree""] /"
tools/joint_estimator/probe_run.py,531,8,_print_corpus_report,"f""{list(ch['by_piece'].keys())[:8]}"")"
tools/joint_estimator/probe_run.py,102,12,decode_to_regions,"chord_symbol=f""{pd._PC_KEYNAME[root % 12]}{cls.quality}"" if root is not None else """","
tools/joint_estimator/probe_run.py,663,34,write_summaries,"Lp.append(f""  {r['check'][:34]:34s} {r['case']}/{r['hyp']}@e{r['arrival_event']}: """
tools/joint_estimator/search_direct.py,76,21,<module-scope>,N_STARTS = 21                        # dispatch: identity + the likelihood-fit vector + 19 seeded random
tools/joint_estimator/search_direct.py,77,20260719,<module-scope>,SEED_BASE = 20260719                 # the recorded seed base; start s of fold f uses SEED_BASE+100*f+s
tools/joint_estimator/search_direct.py,81,3,<module-scope>,MAX_SWEEPS_PER_STAGE = 3
tools/joint_estimator/search_direct.py,82,1e-09,<module-scope>,IMPROVE_EPS = 1e-9                   # a strict improvement must exceed this to be taken
tools/joint_estimator/search_direct.py,75,5.0,<module-scope>,"BOUNDS_LO, BOUNDS_HI = 0.0, 5.0      # dispatch: each weight in [0, 5]; non-negativity is theory-grounded"
tools/joint_estimator/search_direct.py,249,4,establish_decoder,"def establish_decoder(pieces, ts: fw.TableSet, stems, n_random=4, seed=7, verbose=True):"
tools/joint_estimator/search_direct.py,249,7,establish_decoder,"def establish_decoder(pieces, ts: fw.TableSet, stems, n_random=4, seed=7, verbose=True):"
tools/joint_estimator/search_direct.py,80,2.0,<module-scope>,"GRID_STAGES = ((2.0, 1.5), (1.25, 1.1), (1.05,))"
tools/joint_estimator/search_direct.py,80,1.5,<module-scope>,"GRID_STAGES = ((2.0, 1.5), (1.25, 1.1), (1.05,))"
tools/joint_estimator/search_direct.py,80,1.25,<module-scope>,"GRID_STAGES = ((2.0, 1.5), (1.25, 1.1), (1.05,))"
tools/joint_estimator/search_direct.py,80,1.1,<module-scope>,"GRID_STAGES = ((2.0, 1.5), (1.25, 1.1), (1.05,))"
tools/joint_estimator/search_direct.py,80,1.05,<module-scope>,"GRID_STAGES = ((2.0, 1.5), (1.25, 1.1), (1.05,))"
tools/joint_estimator/search_direct.py,143,24,maxplus_decode,"C, n, K = lat.C, lat.n, 24"
tools/joint_estimator/search_direct.py,494,5,starting_points,"fi = 5 if fit_label == ""all"" else fold"
tools/joint_estimator/search_direct.py,495,2,starting_points,"for s in range(2, N_STARTS):"
tools/joint_estimator/search_direct.py,301,0.5,establish_decoder,"for c in (0.5, 2.0, 10.0):"
tools/joint_estimator/search_direct.py,301,2.0,establish_decoder,"for c in (0.5, 2.0, 10.0):"
tools/joint_estimator/search_direct.py,301,10.0,establish_decoder,"for c in (0.5, 2.0, 10.0):"
tools/joint_estimator/search_direct.py,641,2,main,i += 2
tools/joint_estimator/search_direct.py,286,1e-09,establish_decoder,score_ok = abs(sc - r.total_score) < 1e-9
tools/joint_estimator/search_direct.py,644,2,main,i += 2
tools/joint_estimator/search_direct.py,207,12,maxplus_decode,"segs.append((b, j, k % 12, k < 12, ts.cls_keys[c]))"
tools/joint_estimator/search_direct.py,207,12,maxplus_decode,"segs.append((b, j, k % 12, k < 12, ts.cls_keys[c]))"
tools/joint_estimator/search_direct.py,381,100.0,grade_stems,cols[axis] = (100.0 * agg[a] / tot) if tot else None
tools/joint_estimator/search_direct.py,496,100,starting_points,seed = SEED_BASE + 100 * fi + s
tools/joint_estimator/search_direct.py,292,12,establish_decoder,"""score_delta"": round(sc - r.total_score, 12),"
tools/joint_estimator/search_direct.py,338,60,__init__,if verbose and idx % 60 == 0:
tools/joint_estimator/search_direct.py,211,12,maxplus_decode,"col = prev[k] + mc.WL[0 if k < 12 else 1][:, c]          # same-key: over previous classes"
tools/joint_estimator/search_direct.py,459,0.05,coordinate_search,"cands.extend([0.05, 0.25, 1.0])"
tools/joint_estimator/search_direct.py,459,0.25,coordinate_search,"cands.extend([0.05, 0.25, 1.0])"
tools/joint_estimator/search_direct.py,498,2,starting_points,"starts.append({""name"": f""random{s - 2:02d}"", ""seed"": int(seed),"
tools/joint_estimator/search_direct.py,543,100,search_fit,"f""root {100*(1-g['root_disagree']):.2f} keyL {100*(1-g['key_local_disagree']):.2f} """
tools/joint_estimator/search_direct.py,543,100,search_fit,"f""root {100*(1-g['root_disagree']):.2f} keyL {100*(1-g['key_local_disagree']):.2f} """
tools/joint_estimator/search_direct.py,169,12,maxplus_decode,"sm[k] = (prev[k, fc][:, None] + mc.WL[0 if k < 12 else 1][fc]).max(axis=0)"
tools/joint_estimator/search_run.py,62,74.0,<module-scope>,"PREDICTION_BANDS = {""key_local_agree_pct"": (74.0, 82.0), ""key_home_agree_pct"": (57.0, 68.0),"
tools/joint_estimator/search_run.py,62,82.0,<module-scope>,"PREDICTION_BANDS = {""key_local_agree_pct"": (74.0, 82.0), ""key_home_agree_pct"": (57.0, 68.0),"
tools/joint_estimator/search_run.py,62,57.0,<module-scope>,"PREDICTION_BANDS = {""key_local_agree_pct"": (74.0, 82.0), ""key_home_agree_pct"": (57.0, 68.0),"
tools/joint_estimator/search_run.py,62,68.0,<module-scope>,"PREDICTION_BANDS = {""key_local_agree_pct"": (74.0, 82.0), ""key_home_agree_pct"": (57.0, 68.0),"
tools/joint_estimator/search_run.py,63,72.0,<module-scope>,"""root_agree_pct"": (72.0, 77.0), ""rn_agree_pct"": (59.0, 66.0)}"
tools/joint_estimator/search_run.py,63,77.0,<module-scope>,"""root_agree_pct"": (72.0, 77.0), ""rn_agree_pct"": (59.0, 66.0)}"
tools/joint_estimator/search_run.py,63,59.0,<module-scope>,"""root_agree_pct"": (72.0, 77.0), ""rn_agree_pct"": (59.0, 66.0)}"
tools/joint_estimator/search_run.py,63,66.0,<module-scope>,"""root_agree_pct"": (72.0, 77.0), ""rn_agree_pct"": (59.0, 66.0)}"
tools/joint_estimator/search_run.py,282,2,main,"""mean_key_changes_per_piece"": round(float(np.mean([gt_mod[s] for s in shared])), 2),"
tools/joint_estimator/search_run.py,105,20,reproduce_check,"""pieces_differing"": diffs[:20], ""n_pieces_differing"": len(diffs),"
tools/joint_estimator/search_run.py,178,4,establish_at_selected,held = sorted(s for s in covered if fold_of[s] == fold)[:4]
tools/joint_estimator/search_run.py,276,2,main,"mod[name] = {""mean_key_changes_per_piece"": round(float(np.mean([d[s] for s in shared])), 2),"
tools/joint_estimator/search_run.py,330,4,main,"weight_stats = {n: {""mean"": round(float(np.mean(v)), 4), ""sd"": round(float(np.std(v)), 4),"
tools/joint_estimator/search_run.py,330,4,main,"weight_stats = {n: {""mean"": round(float(np.mean(v)), 4), ""sd"": round(float(np.std(v)), 4),"
tools/joint_estimator/search_run.py,331,4,main,"""min"": round(float(min(v)), 4), ""max"": round(float(max(v)), 4),"
tools/joint_estimator/search_run.py,331,4,main,"""min"": round(float(min(v)), 4), ""max"": round(float(max(v)), 4),"
tools/joint_estimator/search_run.py,92,40,decode_and_grade,if verbose and idx % 40 == 0:
tools/joint_estimator/search_run.py,191,1e-09,establish_at_selected,ok = abs(sc - r.total_score) < 1e-9 and k(r.segments) == k(got)
tools/joint_estimator/search_run.py,265,2,main,"""vs_identity_pp"": (round(v - cols[""identity_cv""][axis], 2)"
tools/joint_estimator/search_run.py,267,2,main,"""vs_likelihood_pp"": (round(v - cols[""likelihood_cv""][axis], 2)"
tools/joint_estimator/search_run.py,300,6,main,"""R_train"": {""min"": round(min(rs), 6), ""max"": round(max(rs), 6),"
tools/joint_estimator/search_run.py,300,6,main,"""R_train"": {""min"": round(min(rs), 6), ""max"": round(max(rs), 6),"
tools/joint_estimator/search_run.py,301,6,main,"""spread"": round(max(rs) - min(rs), 6),"
tools/joint_estimator/search_run.py,302,6,main,"""median"": round(float(np.median(rs)), 6),"
tools/joint_estimator/search_run.py,305,2,main,"""spread"": round(max(hs) - min(hs), 2)},"
tools/joint_estimator/search_run.py,307,2,main,"""spread"": round(max(rts) - min(rts), 2)},"
tools/joint_estimator/search_run.py,376,3,main,"""timing"": {name: {""mean_s"": round(float(np.mean(a[""timings""])), 3),"
tools/joint_estimator/search_run.py,377,3,main,"""max_s"": round(float(np.max(a[""timings""])), 3),"
tools/joint_estimator/search_run.py,411,100.0,_paired,"draws[name][axis] = 100.0 * num / np.maximum(1.0, den)"
tools/joint_estimator/search_run.py,419,2,_paired,"""mean"": round(float(dd.mean()), 2), ""lo"": round(lo, 2), ""hi"": round(hi, 2),"
tools/joint_estimator/search_run.py,419,2,_paired,"""mean"": round(float(dd.mean()), 2), ""lo"": round(lo, 2), ""hi"": round(hi, 2),"
tools/joint_estimator/search_run.py,419,2,_paired,"""mean"": round(float(dd.mean()), 2), ""lo"": round(lo, 2), ""hi"": round(hi, 2),"
tools/joint_estimator/search_run.py,153,6,stability_heldout,"""heldout_R"": round(g[""R""], 6)})"
tools/joint_estimator/search_run.py,193,12,establish_at_selected,"rows.append({""fold"": fold, ""stem"": stem, ""score_delta"": round(sc - r.total_score, 12),"
tools/joint_estimator/search_run.py,417,2.5,_paired,"lo, hi = float(np.percentile(dd, 2.5)), float(np.percentile(dd, 97.5))"
tools/joint_estimator/search_run.py,417,97.5,_paired,"lo, hi = float(np.percentile(dd, 2.5)), float(np.percentile(dd, 97.5))"
tools/joint_estimator/search_run.py,318,2,main,"""random"": [p[""R_train""] for p in rec[""per_start""] if p[""start_index""] >= 2]},"
tools/joint_estimator/search_run.py,151,2,stability_heldout,"""heldout_columns"": {k: (round(v, 2) if v is not None else None)"
tools/joint_estimator/search_run.py,303,0.001,main,"""n_within_1e-3_of_best"": int(sum(1 for r in rs if r <= min(rs) + 1e-3))},"
tools/notation_seams/analyze_cost_profile.py,35,2,<module-scope>,REPO = Path(__file__).resolve().parents[2]
tools/notation_seams/analyze_cost_profile.py,54,2000,loglog_fit,"def loglog_fit(xs, ys, n_boot=2000, seed_pts=None):"
tools/notation_seams/analyze_cost_profile.py,83,2463534242,loglog_fit,state = 2463534242
tools/notation_seams/analyze_cost_profile.py,57,3,loglog_fit,if n < 3:
tools/notation_seams/analyze_cost_profile.py,89,4294967295,rnd,state &= 0xFFFFFFFF
tools/notation_seams/analyze_cost_profile.py,240,29677,main,"""measured_max_events_adapter"": 29677,"
tools/notation_seams/analyze_cost_profile.py,86,4294967295,rnd,state ^= (state << 13) & 0xFFFFFFFF
tools/notation_seams/analyze_cost_profile.py,87,17,rnd,state ^= (state >> 17)
tools/notation_seams/analyze_cost_profile.py,88,4294967295,rnd,state ^= (state << 5) & 0xFFFFFFFF
tools/notation_seams/analyze_cost_profile.py,90,4294967295,rnd,return state / 0xFFFFFFFF
tools/notation_seams/analyze_cost_profile.py,79,2,loglog_fit,sst = sum((v - my) ** 2 for v in ly)
tools/notation_seams/analyze_cost_profile.py,80,2,loglog_fit,ssr = sum((ly[i] - (a + k * lx[i])) ** 2 for i in range(n))
tools/notation_seams/analyze_cost_profile.py,86,13,rnd,state ^= (state << 13) & 0xFFFFFFFF
tools/notation_seams/analyze_cost_profile.py,88,5,rnd,state ^= (state << 5) & 0xFFFFFFFF
tools/notation_seams/analyze_cost_profile.py,101,10,loglog_fit,"""A"": math.exp(a), ""k"": k, ""log10_A"": a / math.log(10),"
tools/notation_seams/analyze_cost_profile.py,220,10000,main,"for label, nev in [(""10k_events"", 10000), (""30k_events_gluck_scale"", 30000),"
tools/notation_seams/analyze_cost_profile.py,220,30000,main,"for label, nev in [(""10k_events"", 10000), (""30k_events_gluck_scale"", 30000),"
tools/notation_seams/analyze_cost_profile.py,221,60000,main,"(""60k_events_tristan_act_estimate"", 60000)]:"
tools/notation_seams/analyze_cost_profile.py,266,30,main,"long_free = [r for r in b4 if (r.get(""maxUnitMeasures"") or 0) > 30]"
tools/notation_seams/analyze_cost_profile.py,270,8,main,"""worst_maxUnitMeasures"": sorted(b4, key=lambda r: -(r.get(""maxUnitMeasures"") or 0))[:8],"
tools/notation_seams/analyze_cost_profile.py,65,2,fit,sxx = sum((lx[i] - mx) ** 2 for i in idx)
tools/notation_seams/analyze_cost_profile.py,98,0.025,loglog_fit,lo = ks[int(0.025 * len(ks))] if ks else None
tools/notation_seams/analyze_cost_profile.py,99,0.975,loglog_fit,hi = ks[int(0.975 * len(ks))] if ks else None
tools/notation_seams/analyze_cost_profile.py,153,1024,main,"""peak_ws_MB"": s.get(""peak_ws_bytes"", 0) / (1024 * 1024),"
tools/notation_seams/analyze_cost_profile.py,153,1024,main,"""peak_ws_MB"": s.get(""peak_ws_bytes"", 0) / (1024 * 1024),"
tools/notation_seams/analyze_cost_profile.py,154,1024,main,"""ws_decode_growth_MB"": s.get(""ws_decode_growth_bytes"", 0) / (1024 * 1024),"
tools/notation_seams/analyze_cost_profile.py,154,1024,main,"""ws_decode_growth_MB"": s.get(""ws_decode_growth_bytes"", 0) / (1024 * 1024),"
tools/notation_seams/analyze_cost_profile.py,227,1000,main,"""buildfacts_floor_s_point"": ms / 1000 if ms else None,"
tools/notation_seams/analyze_cost_profile.py,228,1000,main,"""buildfacts_floor_s_ci95"": [lo / 1000 if lo else None, hi / 1000 if hi else None],"
tools/notation_seams/analyze_cost_profile.py,228,1000,main,"""buildfacts_floor_s_ci95"": [lo / 1000 if lo else None, hi / 1000 if hi else None],"
tools/notation_seams/analyze_cost_profile.py,304,100,main,"print(f""content/DP split (chorale): content={100*cf:.1f}% DP={100*(1-cf):.1f}%"")"
tools/notation_seams/analyze_cost_profile.py,304,100,main,"print(f""content/DP split (chorale): content={100*cf:.1f}% DP={100*(1-cf):.1f}%"")"
tools/notation_seams/choose_exposure_constants.py,39,0.35,<module-scope>,"(0.35, ""modeNameConfidenceThreshold (mode-suffix vs fallback-suffix)""),"
tools/notation_seams/choose_exposure_constants.py,40,0.5,<module-scope>,"(0.50, ""kTentativeKeyExposureThreshold / supportsTentativeKeyExposure / exposure bucket lower""),"
tools/notation_seams/choose_exposure_constants.py,41,0.8,<module-scope>,"(0.80, ""kAssertiveKeyExposureThreshold / kAnnotateKeyConfidenceThreshold / hasAssertiveExposure / bucket upper""),"
tools/notation_seams/choose_exposure_constants.py,147,2,main,"json.dump(out, f, indent=2)"
tools/notation_seams/choose_exposure_constants.py,120,6,main,"""legacy_rate_dur"": round(legacy_rate_dur, 6),"
tools/notation_seams/choose_exposure_constants.py,121,6,main,"""legacy_rate_count"": round(legacy_rate_cnt, 6),"
tools/notation_seams/choose_exposure_constants.py,124,6,main,"""record_rate_count"": round(record_rate_cnt, 6),"
tools/notation_seams/choose_exposure_constants.py,122,6,main,"""chosen_gap_nats"": round(best[""chosen_gap_nats""], 6) if best else None,"
tools/notation_seams/choose_exposure_constants.py,123,6,main,"""record_rate_dur"": round(best[""record_rate_dur""], 6) if best else None,"
tools/notation_seams/choose_exposure_constants.py,125,6,main,"""residual_dur"": round(best[""residual_dur""], 6) if best else None,"
tools/notation_seams/classify_dualarm.py,465,200,main,if len(unexplained_all) > 200:
tools/notation_seams/classify_dualarm.py,462,200,main,for e in unexplained_all[:200]:
tools/notation_seams/classify_dualarm.py,135,2,local_seq,"return [(t, readings[t]) for t in ts[-2:]]"
tools/notation_seams/classify_dualarm.py,466,200,main,"lines.append(""  ... (%d more)"" % (len(unexplained_all) - 200))"
tools/notation_seams/classify_dualarm.py,189,2,classify_annotation,"for key in sorted(set(lidx) | set(ridx), key=lambda k: (k[0] or 0, k[1] or 0, str(k[2]))):"
tools/notation_seams/classify_dualarm.py,265,2,classify_tuning,"for key in sorted(set(lidx) | set(ridx), key=lambda k: (k[0] or 0, k[1] or 0, k[2] or 0)):"
tools/notation_seams/gen_callpath_facts.py,38,2,<module-scope>,REPO = Path(__file__).resolve().parents[2]
tools/notation_seams/gen_callpath_facts.py,46,44,<module-scope>,"(""acc_sel_sub"",   ""src/notation/internal/notationaccessibility.cpp"", 44,  ""selectionChanged().onNotify""),"
tools/notation_seams/gen_callpath_facts.py,47,48,<module-scope>,"(""acc_notn_sub"",  ""src/notation/internal/notationaccessibility.cpp"", 48,  ""notationChanged().onReceive""),"
tools/notation_seams/gen_callpath_facts.py,48,110,<module-scope>,"(""acc_update"",    ""src/notation/internal/notationaccessibility.cpp"", 110, ""void NotationAccessibility::updateAccessibilityInfo()""),"
tools/notation_seams/gen_callpath_facts.py,49,118,<module-scope>,"(""acc_is_single"", ""src/notation/internal/notationaccessibility.cpp"", 118, ""selection()->isSingle()""),"
tools/notation_seams/gen_callpath_facts.py,50,119,<module-scope>,"(""acc_single_fn"", ""src/notation/internal/notationaccessibility.cpp"", 119, ""singleElementAccessibilityInfo()""),"
tools/notation_seams/gen_callpath_facts.py,51,120,<module-scope>,"(""acc_is_range"",  ""src/notation/internal/notationaccessibility.cpp"", 120, ""selection()->isRange()""),"
tools/notation_seams/gen_callpath_facts.py,52,122,<module-scope>,"(""acc_is_list"",   ""src/notation/internal/notationaccessibility.cpp"", 122, ""selection()->isList()""),"
tools/notation_seams/gen_callpath_facts.py,53,136,<module-scope>,"(""acc_dedup"",     ""src/notation/internal/notationaccessibility.cpp"", 136, ""m_accessibilityInfo.val == infoStd""),"
tools/notation_seams/gen_callpath_facts.py,54,140,<module-scope>,"(""acc_set"",       ""src/notation/internal/notationaccessibility.cpp"", 140, ""m_accessibilityInfo.set(infoStd)""),"
tools/notation_seams/gen_callpath_facts.py,55,203,<module-scope>,"(""acc_isnote"",    ""src/notation/internal/notationaccessibility.cpp"", 203, ""element->isNote()""),"
tools/notation_seams/gen_callpath_facts.py,56,204,<module-scope>,"(""acc_annot"",     ""src/notation/internal/notationaccessibility.cpp"", 204, ""harmonicAnnotation(toNote(element))""),"
tools/notation_seams/gen_callpath_facts.py,59,817,<module-scope>,"(""ha_fn"",         ""src/notation/internal/notationcomposingbridge.cpp"", 817, ""std::string harmonicAnnotation(const Note* note)""),"
tools/notation_seams/gen_callpath_facts.py,60,825,<module-scope>,"(""ha_calls"",      ""src/notation/internal/notationcomposingbridge.cpp"", 825, ""analyzeNoteHarmonicContextDetails(note)""),"
tools/notation_seams/gen_callpath_facts.py,61,964,<module-scope>,"(""details_funnel"",""src/notation/internal/notationcomposingbridge.cpp"", 964, ""return analyzeHarmonicContextAtTick(sc, tick""),"
tools/notation_seams/gen_callpath_facts.py,64,703,<module-scope>,"(""funnel_fn"",     ""src/notation/internal/notationcomposingbridge.cpp"", 703, ""NoteHarmonicContext analyzeHarmonicContextAtTick""),"
tools/notation_seams/gen_callpath_facts.py,65,729,<module-scope>,"(""funnel_flag"",   ""src/notation/internal/notationcomposingbridge.cpp"", 729, ""prefs->useJointNotationRecord()""),"
tools/notation_seams/gen_callpath_facts.py,66,732,<module-scope>,"(""funnel_produce"",""src/notation/internal/notationcomposingbridge.cpp"", 732, ""produceNotationRecord(score, std::string()""),"
tools/notation_seams/gen_callpath_facts.py,67,737,<module-scope>,"(""funnel_view"",   ""src/notation/internal/notationcomposingbridge.cpp"", 737, ""buildNoteContextFromRecord(rec.record, tick)""),"
tools/notation_seams/gen_callpath_facts.py,70,1001,<module-scope>,"(""select_fn"",     ""src/notation/internal/notationinteraction.cpp"", 1001, ""void NotationInteraction::select(""),"
tools/notation_seams/gen_callpath_facts.py,71,1025,<module-scope>,"(""select_notify"", ""src/notation/internal/notationinteraction.cpp"", 1025, ""notifyAboutSelectionChangedIfNeed();""),"
tools/notation_seams/gen_callpath_facts.py,72,387,<module-scope>,"(""notify_guard"",  ""src/notation/internal/notationinteraction.cpp"", 387,  ""if (!score()->selectionChanged())""),"
tools/notation_seams/gen_callpath_facts.py,73,395,<module-scope>,"(""notify_emit"",   ""src/notation/internal/notationinteraction.cpp"", 395,  ""m_selectionChanged.notify()""),"
tools/notation_seams/gen_callpath_facts.py,74,344,<module-scope>,"(""apply_notn"",    ""src/notation/internal/notationinteraction.cpp"", 344,  ""notifyAboutNotationChanged();""),"
tools/notation_seams/gen_callpath_facts.py,77,830,<module-scope>,"(""mp_consider"",   ""src/notationscene/qml/MuseScore/NotationScene/notationviewinputcontroller.cpp"", 830, ""mousePress_considerSelect""),"
tools/notation_seams/gen_callpath_facts.py,78,852,<module-scope>,"(""mp_single"",     ""src/notationscene/qml/MuseScore/NotationScene/notationviewinputcontroller.cpp"", 852, ""SelectType selectType = SelectType::SINGLE;""),"
tools/notation_seams/gen_callpath_facts.py,79,856,<module-scope>,"(""mp_add"",        ""src/notationscene/qml/MuseScore/NotationScene/notationviewinputcontroller.cpp"", 856, ""selectType = SelectType::ADD;""),"
tools/notation_seams/gen_callpath_facts.py,80,873,<module-scope>,"(""mp_select"",     ""src/notationscene/qml/MuseScore/NotationScene/notationviewinputcontroller.cpp"", 873, ""select({ ctx.hitElement }, selectType""),"
tools/notation_seams/gen_callpath_facts.py,83,596,<module-scope>,"(""chan_send"",     ""muse/framework/global/thirdparty/kors_async/async/internal/channelimpl.h"", 596, ""void send(SendMode mode""),"
tools/notation_seams/gen_callpath_facts.py,84,487,<module-scope>,"(""chan_sync"",     ""muse/framework/global/thirdparty/kors_async/async/internal/channelimpl.h"", 487, ""sendThdata.receiversCall(args ...)""),"
tools/notation_seams/gen_callpath_facts.py,87,1385,<module-scope>,"(""emit_fn"",       ""src/notation/internal/notationcomposingbridge.cpp"", 1385, ""void addHarmonicAnnotationsToSelection""),"
tools/notation_seams/gen_callpath_facts.py,88,1495,<module-scope>,"(""emit_produce"",  ""src/notation/internal/notationcomposingbridge.cpp"", 1495, ""produceNotationRecord(score, std::string()""),"
tools/notation_seams/gen_callpath_facts.py,89,1384,<module-scope>,"(""implode_fn"",    ""src/notation/internal/notationimplodebridge.cpp"", 1384, ""bool populateChordTrack(""),"
tools/notation_seams/gen_callpath_facts.py,90,1420,<module-scope>,"(""implode_produce"",""src/notation/internal/notationimplodebridge.cpp"", 1420, ""produceNotationRecord(score, std::string()""),"
tools/notation_seams/gen_callpath_facts.py,91,747,<module-scope>,"(""tuning_fn"",     ""src/notation/internal/notationtuningbridge.cpp"", 747, ""bool applyRegionTuning(""),"
tools/notation_seams/gen_callpath_facts.py,92,777,<module-scope>,"(""tuning_produce"",""src/notation/internal/notationtuningbridge.cpp"", 777, ""produceNotationRecord(score, std::string()""),"
tools/notation_seams/gen_callpath_facts.py,93,8256,<module-scope>,"(""annot_sel_fn"",  ""src/notation/internal/notationinteraction.cpp"", 8256, ""void NotationInteraction::addAnalyzedHarmonyToSelection""),"
tools/notation_seams/gen_callpath_facts.py,94,8311,<module-scope>,"(""annot_sel_call"",""src/notation/internal/notationinteraction.cpp"", 8311, ""analyzeNoteHarmonicContext(note, keyFifths, keyMode)""),"
tools/notation_seams/gen_callpath_facts.py,95,194,<module-scope>,"(""ctxmenu_call"",  ""src/notationscene/qml/MuseScore/NotationScene/notationcontextmenumodel.cpp"", 194, ""analyzeNoteHarmonicContextDetails(note)""),"
tools/notation_seams/gen_callpath_facts.py,321,2,main,return 2
tools/notation_seams/gen_callpath_facts.py,103,2,<module-scope>,"ANCHOR_BY_ID = {a[0]: (a[1], a[2], a[3]) for a in ANCHORS}"
tools/notation_seams/gen_callpath_facts.py,103,3,<module-scope>,"ANCHOR_BY_ID = {a[0]: (a[1], a[2], a[3]) for a in ANCHORS}"
tools/notation_seams/gen_callpath_facts.py,339,2,main,"OUT.write_text(json.dumps(doc, indent=2, sort_keys=True) + ""\n"", encoding=""utf-8"")"
tools/notation_seams/gen_callpath_facts.py,340,10,main,"print(f""wrote {OUT.relative_to(REPO)} ({len(ANCHORS)} anchors verified) at HEAD {git_hash()[:10]}"")"
tools/notation_seams/gen_callpath_facts.py,324,10,main,"print(f""OK: all {len(ANCHORS)} anchors verified at HEAD {git_hash()[:10]}"")"
tools/notation_seams/gen_editing_cycle.py,44,2,<module-scope>,REPO = Path(__file__).resolve().parents[2]
tools/notation_seams/gen_editing_cycle.py,179,40,main,"print(f""  {a['action'][:40]:40s} edit={a['is_edit']} undo+={a['advances_undo_index']} """
tools/notation_seams/gen_ground_truth_inventory.py,28,2,<module-scope>,REPO = Path(__file__).resolve().parents[2]
tools/notation_seams/gen_ground_truth_inventory.py,181,6,main,"for c in out[""answer_larger_and_more_chromatic_than_a_chorale""][""examples""][:6]:"
tools/notation_seams/gen_ground_truth_inventory.py,149,57,main,"and (c[""largest_movement_measure_tags""] or 0) > 57   # a chorale tops out ~57 measures"
tools/notation_seams/gen_ground_truth_inventory.py,169,10,main,"key=lambda c: -(c[""total_labels""] or 0))[:10],"
tools/notation_seams/reconcile_switch_goldens.py,343,4,main,SPOT = 4
tools/notation_seams/reconcile_switch_goldens.py,389,100,main,for e in unexplained_all[:100]:
tools/notation_seams/reconcile_switch_goldens.py,211,2,_ann_kind,"if head[:1] in ""iIvVxX"" or head[:2] in (""It"", ""Ge"", ""Fr"") or head[:1] == ""N"":"
