file,line,kind,func,context
src/composing/analysis/joint/jointadapter.cpp,40,ternary,safeLog,return (p > 0.0) ? std::log(p) : log0Floor();
src/composing/analysis/joint/jointadapter.cpp,62,ternary,distGet,return it != d.end() ? it->second : def;
src/composing/analysis/joint/jointadapter.cpp,76,ternary,roleFigures,"const auto& m = (family == ""seventh"") ? seventh : triad;"
src/composing/analysis/joint/jointadapter.cpp,78,ternary,roleFigures,return it != m.end() ? it->second : empty;
src/composing/analysis/joint/jointadapter.cpp,88,if,parseMarginalRoot,if (!jerr.empty()) {
src/composing/analysis/joint/jointadapter.cpp,115,ternary,modeName,return isMajor ? maj : min;
src/composing/analysis/joint/jointadapter.cpp,120,ternary,modeMarginal,return isMajor ? m_margMajor : m_margMinor;
src/composing/analysis/joint/jointadapter.cpp,126,if,anyCadenceWeight,if (cadenceWeight(f) != 0.0) {
src/composing/analysis/joint/jointadapter.cpp,140,if,load,if (!a.m_tables.loaded) {
src/composing/analysis/joint/jointadapter.cpp,147,if,load,if (!f) {
src/composing/analysis/joint/jointadapter.cpp,153,if,load,"if (!parseMarginalRoot(s, root, a.m_error)) {"
src/composing/analysis/joint/jointadapter.cpp,168,if,loadEmbedded,if (!a.m_tables.loaded) {
src/composing/analysis/joint/jointadapter.cpp,173,if,loadEmbedded,"if (!parseMarginalRoot(embedded::kModeMarginal.bytes(), root, a.m_error)) {"
src/composing/analysis/joint/jointadapter.cpp,189,if,firstBucket,if (dist.find(ck) != dist.end()) {
src/composing/analysis/joint/jointadapter.cpp,192,if,firstBucket,if (seen.find(ck) != seen.end()) {
src/composing/analysis/joint/jointadapter.cpp,197,if,firstBucket,if (!par.has_value()) {
src/composing/analysis/joint/jointadapter.cpp,210,if,apportion,if (cached != m_apportionCache.end()) {
src/composing/analysis/joint/jointadapter.cpp,217,if,apportion,"if (firstBucket(dist, Node::ofClass(classFromKey(kv.first)), parentFn) == bucket) {"
src/composing/analysis/joint/jointadapter.cpp,222,ternary,apportion,"const std::pair<double, int> v = { tot > 0.0 ? tot : kAlpha, cnt };"
src/composing/analysis/joint/jointadapter.cpp,232,if,katzQuery,if (direct != dist.end()) {
src/composing/analysis/joint/jointadapter.cpp,236,if,katzQuery,if (!bucket.has_value()) {
src/composing/analysis/joint/jointadapter.cpp,240,if,katzQuery,if (mass <= 0.0) {
src/composing/analysis/joint/jointadapter.cpp,243,if,katzQuery,if (!isClass) {
src/composing/analysis/joint/jointadapter.cpp,247,if,katzQuery,"if (m_leftoverMode == ""even"") {"
src/composing/analysis/joint/jointadapter.cpp,252,ternary,katzQuery,const double margCk = (mIt != marg.end()) ? mIt->second : 0.0;
src/composing/analysis/joint/jointadapter.cpp,253,ternary,katzQuery,return ap.first > 0.0 ? (mass * (margCk + kAlpha) / ap.first) : mass;
src/composing/analysis/joint/jointadapter.cpp,261,if,firstPresentDist,if (it != levels.end()) {
src/composing/analysis/joint/jointadapter.cpp,273,ternary,priorLogp,"const std::string dmode = (declaredMode == ""major"" || declaredMode == ""minor"") ? declaredMode : ""none"";"
src/composing/analysis/joint/jointadapter.cpp,276,ternary,priorLogp,const Dist* dist = (t5it != m_tables.t5.end()) ? &t5it->second
src/composing/analysis/joint/jointadapter.cpp,277,ternary,priorLogp,": (m_tables.t5.count(""none"") ? &m_tables.t5.at(""none"") : &kFallback);"
src/composing/analysis/joint/jointadapter.cpp,279,if,priorLogp,if (!sigFifths.has_value()) {
src/composing/analysis/joint/jointadapter.cpp,284,ternary,priorLogp,"const std::string band = (std::abs(diff) <= 1) ? std::to_string(diff) : ""far"";"
src/composing/analysis/joint/jointadapter.cpp,285,ternary,priorLogp,"const std::string lm = isMajor ? ""M"" : ""m"";"
src/composing/analysis/joint/jointadapter.cpp,287,if,priorLogp,if (dist->find(cell) != dist->end()) {
src/composing/analysis/joint/jointadapter.cpp,291,if,priorLogp,if (dist->find(mcell) != dist->end()) {
src/composing/analysis/joint/jointadapter.cpp,297,if,priorLogp,"if (kv.first.find('|') != std::string::npos && !startsWith(kv.first, ""mode:"")"
src/composing/analysis/joint/jointadapter.cpp,303,ternary,priorLogp,return safeLog(base > 0.0 ? base / residual : 1e-6);
src/composing/analysis/joint/jointadapter.cpp,319,ternary,entryLogp,return p.has_value() ? safeLog(*p) : log0Floor();
src/composing/analysis/joint/jointadapter.cpp,327,if,keyTransLogp,if (tonicPrev == tonic && majorPrev == isMajor) {
src/composing/analysis/joint/jointadapter.cpp,332,if,keyTransLogp,"if (kind == ""parallel"" || kind == ""relative"") {"
src/composing/analysis/joint/jointadapter.cpp,336,ternary,keyTransLogp,"const std::string mp = std::string(majorPrev ? ""M"" : ""m"") + (isMajor ? ""M"" : ""m"");"
src/composing/analysis/joint/jointadapter.cpp,336,ternary,keyTransLogp,"const std::string mp = std::string(majorPrev ? ""M"" : ""m"") + (isMajor ? ""M"" : ""m"");"
src/composing/analysis/joint/jointadapter.cpp,337,ternary,keyTransLogp,"const std::string band = (dist <= 2) ? (""cof"" + std::to_string(dist)) : ""cofFar"";"
src/composing/analysis/joint/jointadapter.cpp,340,if,keyTransLogp,if (t2.find(cell) != t2.end()) {
src/composing/analysis/joint/jointadapter.cpp,344,if,keyTransLogp,if (bar != std::string::npos) {
src/composing/analysis/joint/jointadapter.cpp,346,if,keyTransLogp,if (t2.find(mpCell) != t2.end()) {
src/composing/analysis/joint/jointadapter.cpp,357,ternary,chordTransLogp,const KatzTable& t1 = isMajor ? m_tables.t1Major : m_tables.t1Minor;
src/composing/analysis/joint/jointadapter.cpp,366,if,chordTransLogp,if (rit != t1.rows.end()) {
src/composing/analysis/joint/jointadapter.cpp,374,if,chordTransLogp,if (t1.levels.find(k) != t1.levels.end()) {
src/composing/analysis/joint/jointadapter.cpp,381,ternary,chordTransLogp,dist = (lit != t1.levels.end()) ? &lit->second : &kEmpty;
src/composing/analysis/joint/jointadapter.cpp,383,if,chordTransLogp,"if (startsWith(contextUsed, kRel)) {"
src/composing/analysis/joint/jointadapter.cpp,387,ternary,chordTransLogp,return p.has_value() ? safeLog(*p) : log0Floor();
src/composing/analysis/joint/jointadapter.cpp,391,ternary,chordTransLogp,return p.has_value() ? safeLog(*p) : log0Floor();
src/composing/analysis/joint/jointadapter.cpp,402,if,emissionLogp,if (rit != m_tables.emission.rows.end()) {
src/composing/analysis/joint/jointadapter.cpp,408,if,emissionLogp,if (dist == nullptr) {
src/composing/analysis/joint/jointadapter.cpp,412,if,emissionLogp,if (it == dist->end() || it->second <= 0.0) {
src/composing/analysis/joint/jointadapter.cpp,413,ternary,emissionLogp,return safeLog(!dist->empty() ? 1.0 / (distSum(*dist) + 3.0) : 1e-4);
src/composing/analysis/joint/jointadapter.cpp,424,ternary,spellingLogp,const Dist& dist = (sit != m_tables.spelling.end()) ? sit->second : kEmpty;
src/composing/analysis/joint/jointadapter.cpp,425,if,spellingLogp,if (dist.find(sbin) != dist.end()) {
src/composing/analysis/joint/jointadapter.cpp,432,if,spellingLogp,if (it != dist.end()) {
src/composing/analysis/joint/jointadapter.cpp,446,if,bassLogp,if (role == nullptr) {
src/composing/analysis/joint/jointadapter.cpp,449,ternary,bassLogp,"const std::string mode = isMajor ? ""M"" : ""m"";"
src/composing/analysis/joint/jointadapter.cpp,453,if,bassLogp,if (rit != m_tables.t4.rows.end()) {
src/composing/analysis/joint/jointadapter.cpp,459,if,bassLogp,if (dist == nullptr) {
src/composing/analysis/joint/jointadapter.cpp,466,if,bassLogp,if (p <= 0.0) {
src/composing/analysis/joint/jointadapter.cpp,476,if,factorAbsentLogp,if (it == m_tables.factorAbsent.end()) {
src/composing/analysis/joint/jointadapter.cpp,486,ternary,boundaryLogp,const auto& fermMap = fermCtx ? m_tables.fermBoundaryFerm : m_tables.fermBoundaryNoFerm;
src/composing/analysis/joint/jointadapter.cpp,490,if,boundaryLogp,if (fit != fermMap.end() && fit->second.present && fit->second.reliable) {
src/composing/analysis/joint/jointadapter.cpp,494,if,boundaryLogp,if (!haveP) {
src/composing/analysis/joint/jointadapter.cpp,496,if,boundaryLogp,if (bit != m_tables.boundaryProb.end()) {
src/composing/analysis/joint/jointadapter.cpp,501,if,boundaryLogp,if (!haveP) {
src/composing/analysis/joint/jointadapter.cpp,505,ternary,boundaryLogp,return std::log(isBoundary ? p : (1.0 - p));
src/composing/analysis/joint/jointdecoder.cpp,61,ternary,stateEnc,"return std::to_string(tonic) + ""|"" + (major ? ""1"" : ""0"") + ""|"" + ckey;"
src/composing/analysis/joint/jointdecoder.cpp,66,ternary,keyEnc,"return std::to_string(tonic) + ""|"" + (major ? ""1"" : ""0"");"
src/composing/analysis/joint/jointdecoder.cpp,71,ternary,keyString,"return pcKeyName(tonic) + (major ? ""maj"" : ""min"");"
src/composing/analysis/joint/jointdecoder.cpp,76,if,eventBassPc,if (noteIdx.empty()) {
src/composing/analysis/joint/jointdecoder.cpp,82,if,eventBassPc,if (p.notes[idx].midi < loMidi) {
src/composing/analysis/joint/jointdecoder.cpp,103,if,prepare,if (n.measure == 0) {
src/composing/analysis/joint/jointdecoder.cpp,109,if,prepare,if (i >= 0 && i < static_cast<long>(nEv)
src/composing/analysis/joint/jointdecoder.cpp,126,if,prepare,if (n.measure != 0) {
src/composing/analysis/joint/jointdecoder.cpp,136,if,prepare,if (n.measure == 0 || n.ferm == 0) {
src/composing/analysis/joint/jointdecoder.cpp,149,ternary,prepare,evFermCtx[e] = (own || endsAtStart || beginsAtEnd) ? 1 : 0;
src/composing/analysis/joint/jointdecoder.cpp,159,if,overlapPcs,if (ln[0] >= end) {
src/composing/analysis/joint/jointdecoder.cpp,162,if,overlapPcs,if (ln[1] > start) {
src/composing/analysis/joint/jointdecoder.cpp,175,if,approachWindowPcs,if (ln[0] >= t0) {
src/composing/analysis/joint/jointdecoder.cpp,178,if,approachWindowPcs,if (ln[1] > lo) {
src/composing/analysis/joint/jointdecoder.cpp,190,if,chromaticRootPc,if (!fr.valid) {
src/composing/analysis/joint/jointdecoder.cpp,193,if,chromaticRootPc,if (fr.hasRoot) {
src/composing/analysis/joint/jointdecoder.cpp,196,if,chromaticRootPc,"if (cls.quality() == ""AugSixth"") {"
src/composing/analysis/joint/jointdecoder.cpp,199,if,chromaticRootPc,"if (cls.quality() == ""Neapolitan"") {"
src/composing/analysis/joint/jointdecoder.cpp,209,if,get,if (it != m_cache.end()) {
src/composing/analysis/joint/jointdecoder.cpp,215,if,get,if (info.fac.has_value()) {
src/composing/analysis/joint/jointdecoder.cpp,219,ternary,get,info.root = (r >= 0) ? std::optional<int>(r) : std::nullopt;
src/composing/analysis/joint/jointdecoder.cpp,235,if,Vocabulary,"if (!startsWith(outcome.first, guillemet) && outcome.first != ""BASE"") {"
src/composing/analysis/joint/jointdecoder.cpp,242,if,Vocabulary,"if (kv.first != ""BASE"" && !startsWith(kv.first, guillemet)) {"
src/composing/analysis/joint/jointdecoder.cpp,249,if,Vocabulary,"if (lc.rawUnnormalized() || lc.quality() == ""triad"" || lc.quality() == ""seventh"") {"
src/composing/analysis/joint/jointdecoder.cpp,253,if,Vocabulary,if (seen.insert(ck).second) {
src/composing/analysis/joint/jointdecoder.cpp,262,if,Vocabulary,if (!lc.rawUnnormalized() && seen.insert(ck).second) {
src/composing/analysis/joint/jointdecoder.cpp,272,ternary,find,return it != m_index.end() ? &m_ordered[it->second].second : nullptr;
src/composing/analysis/joint/jointdecoder.cpp,289,if,segmentFeatures,if (!info.mem.has_value()) {
src/composing/analysis/joint/jointdecoder.cpp,307,ternary,segmentFeatures,"const std::string family = seventh ? ""seventh"" : ""triad"";"
src/composing/analysis/joint/jointdecoder.cpp,309,if,segmentFeatures,if (info.fac.has_value()) {
src/composing/analysis/joint/jointdecoder.cpp,315,if,segmentFeatures,if (!piece.evBass[e].has_value()) {
src/composing/analysis/joint/jointdecoder.cpp,319,ternary,segmentFeatures,const std::string* rolePtr = (it != facPc.end()) ? &it->second : nullptr;
src/composing/analysis/joint/jointdecoder.cpp,323,if,segmentFeatures,if (info.fac.has_value()) {
src/composing/analysis/joint/jointdecoder.cpp,325,if,segmentFeatures,if (!((segPcs >> f.pc) & 1u)) {
src/composing/analysis/joint/jointdecoder.cpp,376,if,cadenceFired,if (i > 0 && i < nEv) {
src/composing/analysis/joint/jointdecoder.cpp,380,if,cadenceFired,if (i + 1 < nEv) {
src/composing/analysis/joint/jointdecoder.cpp,382,if,cadenceFired,if (arrStrong && fermAt(i + 1) && (piece.events[i + 1].mc == 2 || piece.events[i + 1].mc == 3)) {
src/composing/analysis/joint/jointdecoder.cpp,406,ternary,candidateKeys,"scored.push_back({ -ov, t, m ? 0 : 1, t, m });"
src/composing/analysis/joint/jointdecoder.cpp,416,if,candidateKeys,if (sigKey.has_value()
src/composing/analysis/joint/jointdecoder.cpp,438,if,candidateStates,if (!info.root.has_value() || !((onsetPcs >> *info.root) & 1u)) {
src/composing/analysis/joint/jointdecoder.cpp,441,if,candidateStates,if (!info.mem.has_value()) {
src/composing/analysis/joint/jointdecoder.cpp,445,if,candidateStates,"if (present < std::min(2, popcount(*info.mem))) {"
src/composing/analysis/joint/jointdecoder.cpp,448,if,candidateStates,if ((nOnset - present) > maxNcts) {
src/composing/analysis/joint/jointdecoder.cpp,463,ternary,segmentContentScore,"return feat.valid ? weightedContent(feat, adapter.weights()) : NEG_INF;"
src/composing/analysis/joint/jointdecoder.cpp,493,if,computePosteriorSlice,if (committedCls) {
src/composing/analysis/joint/jointdecoder.cpp,497,if,computePosteriorSlice,if (!info.root.has_value()) {
src/composing/analysis/joint/jointdecoder.cpp,501,if,computePosteriorSlice,if (sc == NEG_INF) {
src/composing/analysis/joint/jointdecoder.cpp,504,if,computePosteriorSlice,if (t == s.tonicPc && m == s.isMajor) {
src/composing/analysis/joint/jointdecoder.cpp,516,if,computePosteriorSlice,if (!info.root.has_value()) {
src/composing/analysis/joint/jointdecoder.cpp,521,if,computePosteriorSlice,if (sc == NEG_INF) {
src/composing/analysis/joint/jointdecoder.cpp,524,if,computePosteriorSlice,if (cp->first == s.classKey) {
src/composing/analysis/joint/jointdecoder.cpp,552,if,decodePiece,if (sigFifths.has_value()) {
src/composing/analysis/joint/jointdecoder.cpp,554,if,decodePiece,"if (collectionFifths(t, true) == *sigFifths) {"
src/composing/analysis/joint/jointdecoder.cpp,581,if,decodePiece,if (a.keys.size() != b.keys.size()) {
src/composing/analysis/joint/jointdecoder.cpp,584,if,decodePiece,if (a.ticks != b.ticks) {
src/composing/analysis/joint/jointdecoder.cpp,591,if,decodePiece,if (bstateEnc == kStartEnc) {
src/composing/analysis/joint/jointdecoder.cpp,601,ternary,decodePiece,"s.keys.emplace_back(e.tonic, e.major ? 0 : 1, e.ckey);"
src/composing/analysis/joint/jointdecoder.cpp,613,ternary,decodePiece,"s.keys.emplace_back(tonic, major ? 0 : 1, ckey);"
src/composing/analysis/joint/jointdecoder.cpp,619,if,decodePiece,if (aScore != bScore) {
src/composing/analysis/joint/jointdecoder.cpp,627,if,decodePiece,if (aVal != bVal) {
src/composing/analysis/joint/jointdecoder.cpp,643,if,decodePiece,if (it != overlapCache.end()) {
src/composing/analysis/joint/jointdecoder.cpp,653,if,decodePiece,if (it != candCache.end()) {
src/composing/analysis/joint/jointdecoder.cpp,661,if,decodePiece,if (it != contentCache.end()) {
src/composing/analysis/joint/jointdecoder.cpp,666,ternary,decodePiece,"const double v = feat.valid ? weightedContent(feat, w) : NEG_INF;"
src/composing/analysis/joint/jointdecoder.cpp,671,if,decodePiece,if (!cadenceOn || i <= 0) {
src/composing/analysis/joint/jointdecoder.cpp,677,ternary,decodePiece,"? it->second : cadCache.emplace(k, cadenceFired(piece, i, tonic, major)).first->second;"
src/composing/analysis/joint/jointdecoder.cpp,686,if,decodePiece,if (fired[f]) {
src/composing/analysis/joint/jointdecoder.cpp,706,if,decodePiece,if (s.ready) {
src/composing/analysis/joint/jointdecoder.cpp,716,if,decodePiece,if (kit == s.keyIdx.end()) {
src/composing/analysis/joint/jointdecoder.cpp,722,if,decodePiece,"if (betterPrefix(e.score, stateEnc(e.tonic, e.major, e.ckey),"
src/composing/analysis/joint/jointdecoder.cpp,735,if,decodePiece,if (!V[i].hasStart && V[i].states.empty()) {
src/composing/analysis/joint/jointdecoder.cpp,748,if,decodePiece,if (kchg.find(tkey) != kchg.end()) {
src/composing/analysis/joint/jointdecoder.cpp,753,if,decodePiece,if (kb.tonic == tt && kb.major == tm) {
src/composing/analysis/joint/jointdecoder.cpp,759,if,decodePiece,"if (!kc.hasArg || betterPrefix(val, candEnc, kc.best, kc.backEnc, i)) {"
src/composing/analysis/joint/jointdecoder.cpp,773,if,decodePiece,if (cscore == NEG_INF) {
src/composing/analysis/joint/jointdecoder.cpp,784,if,decodePiece,if (sm.hasStart) {
src/composing/analysis/joint/jointdecoder.cpp,787,if,decodePiece,"if (!haveBack || better(tin, i, kStartEnc, tonic, major, ckey,"
src/composing/analysis/joint/jointdecoder.cpp,795,if,decodePiece,if (pcIt != sm.perClass.end()) {
src/composing/analysis/joint/jointdecoder.cpp,801,if,decodePiece,"if (!haveBack || better(tin, i, candEnc, tonic, major, ckey,"
src/composing/analysis/joint/jointdecoder.cpp,809,if,decodePiece,if (kcIt != kchg.end() && kcIt->second.hasArg) {
src/composing/analysis/joint/jointdecoder.cpp,811,if,decodePiece,"if (!haveBack || better(tin, i, kcIt->second.backEnc, tonic, major, ckey,"
src/composing/analysis/joint/jointdecoder.cpp,816,if,decodePiece,if (!haveBack) {
src/composing/analysis/joint/jointdecoder.cpp,822,if,decodePiece,if (exist == bh.idx.end()) {
src/composing/analysis/joint/jointdecoder.cpp,827,if,decodePiece,"if (better(score, backI, backEnc, tonic, major, ckey,"
src/composing/analysis/joint/jointdecoder.cpp,838,if,decodePiece,if (V[N].states.empty()) {
src/composing/analysis/joint/jointdecoder.cpp,848,if,decodePiece,"if (better(a.score, a.backI, a.backEnc, a.tonic, a.major, a.ckey,"
src/composing/analysis/joint/jointdecoder.cpp,863,if,decodePiece,if (it == V[jj].idx.end()) {
src/composing/analysis/joint/jointdecoder.cpp,898,if,loadPiecesFromNoteEvents,if (!f) {
src/composing/analysis/joint/jointdecoder.cpp,906,if,loadPiecesFromNoteEvents,if (!jerr.empty()) {
src/composing/analysis/joint/jointdecoder.cpp,928,ternary,loadPiecesFromNoteEvents,ev.ferm = a.size() > 5 ? a.at(5).toInt() : 0;
src/composing/analysis/joint/jointdecoder.cpp,947,ternary,loadPiecesFromNoteEvents,n.ferm = a.size() > 12 ? a.at(12).toInt() : 0;
src/composing/analysis/joint/jointfactadapter.cpp,69,if,beatClass,if (nQuarter <= 0) {
src/composing/analysis/joint/jointfactadapter.cpp,72,if,beatClass,if (pos != std::trunc(pos)) {          // Python: pos != int(pos)
src/composing/analysis/joint/jointfactadapter.cpp,76,if,beatClass,if (ib == 1) {
src/composing/analysis/joint/jointfactadapter.cpp,79,if,beatClass,if (ib == 3 && nQuarter == 4) {
src/composing/analysis/joint/jointfactadapter.cpp,116,if,beatDurTicks,if (denominator <= 0) {
src/composing/analysis/joint/jointfactadapter.cpp,119,if,beatDurTicks,if (denominator == 8 && numerator > 3 && numerator % 3 == 0) {
src/composing/analysis/joint/jointfactadapter.cpp,134,if,buildGrid,if (!first) {
src/composing/analysis/joint/jointfactadapter.cpp,144,if,buildGrid,if (nl <= 0) {
src/composing/analysis/joint/jointfactadapter.cpp,148,if,buildGrid,if (segs.empty() || segs.back().nominal != nl || segs.back().beatDur != bd) {
src/composing/analysis/joint/jointfactadapter.cpp,154,if,buildGrid,for (const Seg& s : segs) { if (s.start <= pos) { v = s.nominal; } else { break; } }
src/composing/analysis/joint/jointfactadapter.cpp,159,if,buildGrid,for (const Seg& s : segs) { if (s.start <= pos) { v = s.beatDur; } else { break; } }
src/composing/analysis/joint/jointfactadapter.cpp,160,ternary,buildGrid,return v > 0 ? v : kTicksPerQuarter;
src/composing/analysis/joint/jointfactadapter.cpp,165,if,buildGrid,if (firstNominal > 0 && firstActual > 0 && firstActual < firstNominal) {
src/composing/analysis/joint/jointfactadapter.cpp,172,if,buildGrid,if (g.hasPickup) {
src/composing/analysis/joint/jointfactadapter.cpp,178,if,buildGrid,if (L <= 0) {
src/composing/analysis/joint/jointfactadapter.cpp,185,if,buildGrid,if (g.meas.empty()) {
src/composing/analysis/joint/jointfactadapter.cpp,196,if,gridIndexOf,if (g.meas[mid].downbeat <= tick) {
src/composing/analysis/joint/jointfactadapter.cpp,207,ternary,measureNumberOf,"return g.meas.empty() ? 0 : g.meas[gridIndexOf(g, tick)].number;"
src/composing/analysis/joint/jointfactadapter.cpp,214,if,notePaddedBeat,if (g.meas.empty()) {
src/composing/analysis/joint/jointfactadapter.cpp,218,ternary,notePaddedBeat,const int bd = (g.meas[i].beatDur > 0) ? g.meas[i].beatDur : kTicksPerQuarter;
src/composing/analysis/joint/jointfactadapter.cpp,220,if,notePaddedBeat,if (i == 0 && g.hasPickup) {
src/composing/analysis/joint/jointfactadapter.cpp,258,if,eventMeasureBeat,if (em.byStart.empty()) {
src/composing/analysis/joint/jointfactadapter.cpp,264,if,eventMeasureBeat,if (em.byStart[mid].first <= tick) {
src/composing/analysis/joint/jointfactadapter.cpp,290,if,melodic,if (dir < 0 ? (o < curOnset) : (o > curOnset)) {
src/composing/analysis/joint/jointfactadapter.cpp,290,ternary,melodic,if (dir < 0 ? (o < curOnset) : (o > curOnset)) {
src/composing/analysis/joint/jointfactadapter.cpp,291,if,melodic,if (!have || (dir < 0 ? (o > adjOnset) : (o < adjOnset))) {
src/composing/analysis/joint/jointfactadapter.cpp,291,ternary,melodic,if (!have || (dir < 0 ? (o > adjOnset) : (o < adjOnset))) {
src/composing/analysis/joint/jointfactadapter.cpp,297,if,melodic,if (!have) {
src/composing/analysis/joint/jointfactadapter.cpp,304,if,melodic,if (std::get<0>(nd) != adjOnset) {
src/composing/analysis/joint/jointfactadapter.cpp,308,if,melodic,if (!picked || std::abs(md - curMidi) < std::abs(otherMidi - curMidi)) {
src/composing/analysis/joint/jointfactadapter.cpp,314,ternary,melodic,const bool contiguous = (dir < 0) ? (adjOnset + otherDur == curOnset)
src/composing/analysis/joint/jointfactadapter.cpp,316,if,melodic,if (!contiguous) {
src/composing/analysis/joint/jointfactadapter.cpp,319,ternary,melodic,return (std::abs(otherMidi - curMidi) <= 2) ? MV_STEP : MV_LEAP;
src/composing/analysis/joint/jointfactadapter.cpp,329,if,buildAdapterFacts,if (!score) {
src/composing/analysis/joint/jointfactadapter.cpp,344,if,buildAdapterFacts,if (ts.numerator() > 0 && ts.denominator() > 0) {
src/composing/analysis/joint/jointfactadapter.cpp,348,if,buildAdapterFacts,if (!sigs.empty()) {
src/composing/analysis/joint/jointfactadapter.cpp,358,if,buildAdapterFacts,if (score->nstaves() > 0 && score->staff(0)) {
src/composing/analysis/joint/jointfactadapter.cpp,362,if,buildAdapterFacts,if (km == KeyMode::MAJOR || km == KeyMode::IONIAN) {
src/composing/analysis/joint/jointfactadapter.cpp,364,else-if,buildAdapterFacts,} else if (km == KeyMode::MINOR || km == KeyMode::AEOLIAN) {
src/composing/analysis/joint/jointfactadapter.cpp,381,ternary,buildAdapterFacts,const Part* pt = st ? st->part() : nullptr;
src/composing/analysis/joint/jointfactadapter.cpp,382,ternary,buildAdapterFacts,const auto it = pt ? partIndex.find(pt) : partIndex.end();
src/composing/analysis/joint/jointfactadapter.cpp,383,ternary,buildAdapterFacts,staffToPart[static_cast<int>(s)] = (it != partIndex.end()) ? it->second : static_cast<int>(s);
src/composing/analysis/joint/jointfactadapter.cpp,393,if,buildAdapterFacts,if (nn.isGrace) {
src/composing/analysis/joint/jointfactadapter.cpp,396,if,buildAdapterFacts,if (nn.duration <= 0) {
src/composing/analysis/joint/jointfactadapter.cpp,399,if,buildAdapterFacts,if (excludeStaves.count(static_cast<size_t>(nn.staff))) {
src/composing/analysis/joint/jointfactadapter.cpp,411,ternary,buildAdapterFacts,n.part = (pit != staffToPart.end()) ? pit->second : nn.staff;
src/composing/analysis/joint/jointfactadapter.cpp,417,ternary,buildAdapterFacts,n.tied = nn.tieContinuation ? 1 : 0;
src/composing/analysis/joint/jointfactadapter.cpp,418,ternary,buildAdapterFacts,n.ferm = nn.hasFermata ? 1 : 0;
src/composing/analysis/joint/jointfactadapter.cpp,431,ternary,buildAdapterFacts,return notes[a].onset != notes[b].onset ? notes[a].onset < notes[b].onset
src/composing/analysis/joint/jointfactadapter.cpp,447,if,buildAdapterFacts,if (a.onset != b.onset) {
src/composing/analysis/joint/jointfactadapter.cpp,450,if,buildAdapterFacts,if (a.part != b.part) {
src/composing/analysis/joint/jointfactadapter.cpp,472,if,buildAdapterFacts,if (n.onset <= a && n.onset + n.dur >= b) {
src/composing/analysis/joint/jointfactadapter.cpp,474,if,buildAdapterFacts,if (n.ferm != 0) {
src/composing/analysis/joint/jointfactadapter.cpp,479,if,buildAdapterFacts,if (!anySounding) {
src/composing/analysis/joint/jointfactadapter.cpp,489,ternary,buildAdapterFacts,ev.ferm = anyFerm ? 1 : 0;
src/composing/analysis/joint/jointnotationproducer.cpp,42,if,produceNotationRecord,if (!tables.loaded) {
src/composing/analysis/joint/jointnotationproducer.cpp,50,if,produceNotationRecord,if (!adapter.loaded()) {
src/composing/analysis/joint/jointnotationproducer.cpp,68,if,produceNotationRecord,if (!fx.ok) {
src/composing/analysis/joint/jointnotationproducer.cpp,80,if,spanViewSegments,if (startTick >= endTick) {
src/composing/analysis/joint/jointnotationproducer.cpp,85,if,spanViewSegments,if (s.startTick < endTick && s.endTick > startTick) {   // overlap
src/composing/analysis/joint/jointnotationproducer.cpp,97,if,noteView,if (s.startTick <= tick && tick < s.endTick) {   // containing segment; a boundary tick belongs
src/composing/analysis/joint/jointnotationproducer.cpp,101,ternary,noteView,v.slice = (i < static_cast<int>(rec.slices.size())) ? &rec.slices[i] : nullptr;
src/composing/analysis/joint/jointnotationrecord.cpp,49,if,recordDiatonicToKey,if (!cls.target().empty()) {
src/composing/analysis/joint/jointnotationrecord.cpp,53,if,recordDiatonicToKey,"if (q == ""AugSixth"" || q == ""Neapolitan"") {"
src/composing/analysis/joint/jointnotationrecord.cpp,57,if,recordDiatonicToKey,if (!d.empty() && (d[0] == 'b' || d[0] == '#')) {
src/composing/analysis/joint/jointnotationrecord.cpp,75,if,recordAugSixthSubType,if (i < 0 || j <= i || j > static_cast<int>(piece.events.size())) {
src/composing/analysis/joint/jointnotationrecord.cpp,82,if,recordAugSixthSubType,if (hasFlat3) {
src/composing/analysis/joint/jointnotationrecord.cpp,85,if,recordAugSixthSubType,if (has2) {
src/composing/analysis/joint/jointnotationrecord.cpp,127,ternary,computeModalReading,+ (run.isMajor ? 0 : 3);
src/composing/analysis/joint/jointnotationrecord.cpp,132,if,computeModalReading,if (n.measure == 0 || n.onset < run.startTick || n.onset >= run.endTick) {
src/composing/analysis/joint/jointnotationrecord.cpp,164,if,bassFactorRole,if (!bassPc.has_value() || !info.fac.has_value()) {
src/composing/analysis/joint/jointnotationrecord.cpp,168,if,bassFactorRole,if (f.pc == *bassPc) {
src/composing/analysis/joint/jointnotationrecord.cpp,185,if,assembleNotationRecord,if (!piece.events.empty()) {
src/composing/analysis/joint/jointnotationrecord.cpp,201,ternary,assembleNotationRecord,const int sigRef = sigFifths.has_value() ? *sigFifths : 0;
src/composing/analysis/joint/jointnotationrecord.cpp,221,ternary,assembleNotationRecord,const LabelClass resolved = cls ? *cls : classFromKey(s.classKey);
src/composing/analysis/joint/jointnotationrecord.cpp,228,if,assembleNotationRecord,if (info.fac.has_value()) {
src/composing/analysis/joint/jointnotationrecord.cpp,242,if,assembleNotationRecord,if (!bf.role.empty() && rs.rootSpellingLof.has_value() && info.root.has_value()
src/composing/analysis/joint/jointnotationrecord.cpp,250,ternary,assembleNotationRecord,(s.i >= 0 && s.i < static_cast<int>(piece.evBass.size())) ? piece.evBass[s.i] : std::nullopt;
src/composing/analysis/joint/jointnotationrecord.cpp,253,if,assembleNotationRecord,"if (resolved.quality() == ""AugSixth"") {"
src/composing/analysis/joint/jointprimitives.cpp,53,ternary,degreeNum,return it != deg.end() ? it->second : -1;
src/composing/analysis/joint/jointprimitives.cpp,90,ternary,pythonMod,"int pythonMod(int a, int m) { int r = a % m; return r < 0 ? r + m : r; }"
src/composing/analysis/joint/jointprimitives.cpp,98,if,splitDegree,if (base[i] == 'b') {
src/composing/analysis/joint/jointprimitives.cpp,100,else-if,splitDegree,} else if (base[i] == '#') {
src/composing/analysis/joint/jointprimitives.cpp,114,if,chordRoot,if (num < 0) {
src/composing/analysis/joint/jointprimitives.cpp,117,ternary,chordRoot,int semi = (isMajor ? kMajScale : kMinScale)[num - 1] + acc;
src/composing/analysis/joint/jointprimitives.cpp,118,if,chordRoot,if (!isMajor && acc == 0 && isDimQuality(quality)) {
src/composing/analysis/joint/jointprimitives.cpp,119,if,chordRoot,if (num == 7) {
src/composing/analysis/joint/jointprimitives.cpp,121,else-if,chordRoot,} else if (num == 6) {
src/composing/analysis/joint/jointprimitives.cpp,136,if,splitByPipe,if (next == std::string::npos) {
src/composing/analysis/joint/jointprimitives.cpp,150,ternary,familyKeyOf,"const std::string deg = parts.size() > 0 ? parts[0] : """";"
src/composing/analysis/joint/jointprimitives.cpp,151,ternary,familyKeyOf,"const std::string qual = parts.size() > 1 ? parts[1] : """";"
src/composing/analysis/joint/jointprimitives.cpp,152,ternary,familyKeyOf,"const std::string tgt = parts.size() > 3 ? parts[3] : """";"
src/composing/analysis/joint/jointprimitives.cpp,153,ternary,familyKeyOf,"const std::string fam = isSeventhQuality(qual) ? ""seventh"" : ""triad"";"
src/composing/analysis/joint/jointprimitives.cpp,180,if,frameworkAndRoot,if (cls.rawUnnormalized()) {
src/composing/analysis/joint/jointprimitives.cpp,187,if,frameworkAndRoot,if (!target.empty()) {
src/composing/analysis/joint/jointprimitives.cpp,188,if,frameworkAndRoot,if (target.find('/') != std::string::npos) {
src/composing/analysis/joint/jointprimitives.cpp,202,if,frameworkAndRoot,if (tnum < 0) {
src/composing/analysis/joint/jointprimitives.cpp,207,if,frameworkAndRoot,if (c == '#') {
src/composing/analysis/joint/jointprimitives.cpp,209,else-if,frameworkAndRoot,} else if (c == 'b') {
src/composing/analysis/joint/jointprimitives.cpp,213,ternary,frameworkAndRoot,fwTonic = normalizePc(tonic + (isMajor ? kMajScale : kMinScale)[tnum - 1] + tacc);
src/composing/analysis/joint/jointprimitives.cpp,216,if,frameworkAndRoot,"if (q == ""AugSixth"" || q == ""Neapolitan"") {"
src/composing/analysis/joint/jointprimitives.cpp,223,if,frameworkAndRoot,if (qualTemplates().find(q) == qualTemplates().end()) {
src/composing/analysis/joint/jointprimitives.cpp,227,if,frameworkAndRoot,if (root < 0) {
src/composing/analysis/joint/jointprimitives.cpp,241,if,memberPcs,if (!f.valid) {
src/composing/analysis/joint/jointprimitives.cpp,245,if,memberPcs,"if (q == ""AugSixth"") {"
src/composing/analysis/joint/jointprimitives.cpp,248,if,memberPcs,"if (q == ""Neapolitan"") {"
src/composing/analysis/joint/jointprimitives.cpp,256,if,memberPcs,if (!inv.empty() && inv[0] == '9') {
src/composing/analysis/joint/jointprimitives.cpp,257,ternary,memberPcs,"const int ninth = (inv.find(""b9"") != std::string::npos) ? 1 : 2;"
src/composing/analysis/joint/jointprimitives.cpp,266,if,chordFactorPcs,if (!f.valid || !f.hasRoot) {
src/composing/analysis/joint/jointprimitives.cpp,281,if,noteCategory,if ((mem >> normalizePc(pc)) & 1u) {
src/composing/analysis/joint/jointprimitives.cpp,284,ternary,noteCategory,const PcMask coll = isMajor ? majRelColl() : minRelColl();
src/composing/analysis/joint/jointprimitives.cpp,285,ternary,noteCategory,"return ((coll >> normalizePc(pc - tonic)) & 1u) ? ""within"" : ""outside"";"
src/composing/analysis/joint/jointprimitives.cpp,312,switch,intervalLof,switch (((semis % 12) + 12) % 12) {
src/composing/analysis/joint/jointprimitives.cpp,313,case,intervalLof,case 0:  ok = true; return 0;
src/composing/analysis/joint/jointprimitives.cpp,314,case,intervalLof,case 3:  ok = true; return -3;
src/composing/analysis/joint/jointprimitives.cpp,315,case,intervalLof,case 4:  ok = true; return 4;
src/composing/analysis/joint/jointprimitives.cpp,316,case,intervalLof,case 6:  ok = true; return -6;
src/composing/analysis/joint/jointprimitives.cpp,317,case,intervalLof,case 7:  ok = true; return 1;
src/composing/analysis/joint/jointprimitives.cpp,318,case,intervalLof,case 8:  ok = true; return 8;
src/composing/analysis/joint/jointprimitives.cpp,319,case,intervalLof,case 9:  ok = true; return -9;
src/composing/analysis/joint/jointprimitives.cpp,320,case,intervalLof,case 10: ok = true; return -2;
src/composing/analysis/joint/jointprimitives.cpp,321,case,intervalLof,case 11: ok = true; return 5;
src/composing/analysis/joint/jointprimitives.cpp,332,ternary,degreeLofOffset,int base = (isMajor ? kMajorLof : kMinorLof)[num - 1];
src/composing/analysis/joint/jointprimitives.cpp,333,if,degreeLofOffset,if (!isMajor && acc == 0 && isDimQuality(quality)) {
src/composing/analysis/joint/jointprimitives.cpp,334,if,degreeLofOffset,if (num == 7) {
src/composing/analysis/joint/jointprimitives.cpp,336,else-if,degreeLofOffset,} else if (num == 6) {
src/composing/analysis/joint/jointprimitives.cpp,348,ternary,frameworkTonicLof,"const int keyTonicLof = keySignatureFifths(tonicPc, isMajor, referenceFifths) + (isMajor ? 0 : 3);"
src/composing/analysis/joint/jointprimitives.cpp,350,if,frameworkTonicLof,if (target.empty()) {
src/composing/analysis/joint/jointprimitives.cpp,365,if,frameworkTonicLof,if (tnum < 0) {
src/composing/analysis/joint/jointprimitives.cpp,370,if,frameworkTonicLof,if (c == '#') {
src/composing/analysis/joint/jointprimitives.cpp,372,else-if,frameworkTonicLof,} else if (c == 'b') {
src/composing/analysis/joint/jointprimitives.cpp,382,ternary,keySignatureFifths,const int ionianPc = isMajor ? normalizePc(tonicPc) : normalizePc(tonicPc + 3);   // minor -> relative major
src/composing/analysis/joint/jointprimitives.cpp,385,ternary,keySignatureFifths,return (std::abs(d0) <= std::abs(d1)) ? o[0] : o[1];
src/composing/analysis/joint/jointprimitives.cpp,391,if,rootSpellingLof,if (!fr.valid) {
src/composing/analysis/joint/jointprimitives.cpp,395,if,rootSpellingLof,if (!fr.hasRoot) {                         // a chromatic class (AugSixth / Neapolitan)
src/composing/analysis/joint/jointprimitives.cpp,396,if,rootSpellingLof,"if (cls.quality() == ""Neapolitan"") {"
src/composing/analysis/joint/jointprimitives.cpp,399,if,rootSpellingLof,"if (cls.quality() == ""AugSixth"") {"
src/composing/analysis/joint/jointprimitives.cpp,406,if,rootSpellingLof,if (num < 0) {
src/composing/analysis/joint/jointprimitives.cpp,416,if,factorSpellingLof,if (!ok) {
src/composing/analysis/joint/jointprimitives.cpp,424,ternary,keyCollectionMask,"const std::array<int, 7>& scale = isMajor ? kMajScale : kMinScale;"
src/composing/analysis/joint/jointprimitives.cpp,426,if,keyCollectionMask,if (isMajor) {
src/composing/analysis/joint/jointprimitives.cpp,443,if,spellingBin,if (isMajor) {
src/composing/analysis/joint/jointprimitives.cpp,444,if,spellingBin,if (rel >= -1 && rel <= 5) {
src/composing/analysis/joint/jointprimitives.cpp,447,ternary,spellingBin,"return rel < -1 ? ""chr_flat"" : ""chr_sharp"";"
src/composing/analysis/joint/jointprimitives.cpp,449,if,spellingBin,if (rel >= -4 && rel <= 2) {
src/composing/analysis/joint/jointprimitives.cpp,452,if,spellingBin,if (rel == 3) {
src/composing/analysis/joint/jointprimitives.cpp,455,if,spellingBin,if (rel == 5) {
src/composing/analysis/joint/jointprimitives.cpp,458,ternary,spellingBin,"return rel < -4 ? ""chr_flat"" : ""chr_sharp"";"
src/composing/analysis/joint/jointprimitives.cpp,463,if,spellingParent,"if (cell == ""BASE"") {"
src/composing/analysis/joint/jointprimitives.cpp,466,if,spellingParent,"if (startsWith(cell, ""CLASS:"")) {"
src/composing/analysis/joint/jointprimitives.cpp,469,if,spellingParent,"if (startsWith(cell, ""dia:"")) {"
src/composing/analysis/joint/jointprimitives.cpp,473,if,spellingParent,"if (cell == ""raised6"" || cell == ""raised7"") {"
src/composing/analysis/joint/jointprimitives.cpp,481,ternary,emitDisplay,"return mc + "" | "" + ap + "" | "" + dp + "" | "" + (tied ? ""1"" : ""0"");"
src/composing/analysis/joint/jointprimitives.cpp,488,ternary,emitContextChain,"return { ""L0:"" + mc + ""|"" + ap + ""|"" + dp + ""|"" + (tied ? ""1"" : ""0""),"
src/composing/analysis/joint/jointprimitives.cpp,490,ternary,emitContextChain,"std::string(""L2:"") + (cs ? ""1"" : ""0""),"
src/composing/analysis/joint/jointprimitives.cpp,496,ternary,collectionFifths,const int base = isMajor ? tonic : normalizePc(tonic + 3);
src/composing/analysis/joint/jointprimitives.cpp,503,ternary,foldFifthsDiff,return d > 6 ? d - 12 : d;
src/composing/analysis/joint/jointprimitives.cpp,516,if,keyChangeKind,if (ta == tb && ma != mb) {
src/composing/analysis/joint/jointprimitives.cpp,519,if,keyChangeKind,if (ma && !mb && tb == normalizePc(ta + 9)) {
src/composing/analysis/joint/jointprimitives.cpp,522,if,keyChangeKind,if (!ma && mb && tb == normalizePc(ta + 3)) {
src/composing/analysis/joint/jointprimitives.cpp,545,if,t1OutcomeParent,if (node.isClass) {
src/composing/analysis/joint/jointprimitives.cpp,547,if,t1OutcomeParent,if (!to.inversion().empty()) {
src/composing/analysis/joint/jointprimitives.cpp,550,if,t1OutcomeParent,"if (to.quality() != ""triad"" && to.quality() != ""seventh"") {"
src/composing/analysis/joint/jointprimitives.cpp,556,if,t1OutcomeParent,"if (startsWith(s, kPoolInvfree)) {"
src/composing/analysis/joint/jointprimitives.cpp,559,if,t1OutcomeParent,"if (startsWith(s, kPoolFamily)) {"
src/composing/analysis/joint/jointprimitives.cpp,567,if,t3EntryParent,if (node.isClass) {
src/composing/analysis/joint/jointprimitives.cpp,569,if,t3EntryParent,if (!cls.inversion().empty()) {
src/composing/analysis/joint/jointprimitives.cpp,574,if,t3EntryParent,"if (startsWith(node.str, kPoolInvfree)) {"
src/composing/analysis/joint/jointprimitives.cpp,583,if,appliedRelParent,if (s == kRelElsewhere || s == kRelResolve) {
src/composing/analysis/joint/jointprimitives.cpp,587,if,appliedRelParent,"if (startsWith(s, prefix)) {"
src/composing/analysis/joint/jointprimitives.cpp,590,if,appliedRelParent,if (bar != std::string::npos) {
src/composing/analysis/joint/jointprimitives.cpp,604,if,relationCell,if (slash != std::string::npos) {
src/composing/analysis/joint/jointprimitives.cpp,615,if,relationCell,if (!resolves) {
src/composing/analysis/joint/jointprimitives.cpp,618,ternary,relationCell,"const std::string qf = isSeventhQuality(b.quality()) ? ""seventh"" : ""triad"";"
src/composing/analysis/joint/jointprimitives.cpp,619,ternary,relationCell,"const std::string pos = b.inversion().empty() ? ""root"" : ""inv"";"
src/composing/analysis/joint/jointprimitives.h,72,if,neumaierSum,if (std::fabs(s) >= std::fabs(x)) {
src/composing/analysis/joint/jointprimitives.h,176,ternary,keyStr,std::string keyStr() const { return isClass ? cls.key() : str; }
src/composing/analysis/joint/jointrender.cpp,44,ternary,jointOursQuality,"return it != kMap.end() ? it->second : std::string(""Unknown"");"
src/composing/analysis/joint/jointrender.cpp,51,if,jointChordSymbol,if (!rootPc.has_value()) {
src/composing/analysis/joint/jointrender.cpp,66,if,jointRenderRn,if (kMajorColor.find(q) == kMajorColor.end()) {
src/composing/analysis/joint/jointrender.cpp,72,if,jointRenderRn,"if (q == ""Dim"" || q == ""Dim7"") {"
src/composing/analysis/joint/jointrender.cpp,74,else-if,jointRenderRn,"} else if (q == ""HalfDim"" || q == ""HalfDim7"") {"
src/composing/analysis/joint/jointrender.cpp,76,else-if,jointRenderRn,"} else if (q == ""Aug"" || q == ""Aug7"" || q == ""AugMaj7"") {"
src/composing/analysis/joint/jointrender.cpp,80,if,jointRenderRn,if (hasSeventh) {
src/composing/analysis/joint/jointrender.cpp,81,else-if,jointRenderRn,"if (bassRole == ""root"") { fig = ""7""; } else if (bassRole == ""third"") { fig = ""6/5""; } else if (bassRole == ""fifth"") { fig = ""4/3""; } else if (bassRole == ""seven"
src/composing/analysis/joint/jointrender.cpp,81,else-if,jointRenderRn,"if (bassRole == ""root"") { fig = ""7""; } else if (bassRole == ""third"") { fig = ""6/5""; } else if (bassRole == ""fifth"") { fig = ""4/3""; } else if (bassRole == ""seven"
src/composing/analysis/joint/jointrender.cpp,81,else-if,jointRenderRn,"if (bassRole == ""root"") { fig = ""7""; } else if (bassRole == ""third"") { fig = ""6/5""; } else if (bassRole == ""fifth"") { fig = ""4/3""; } else if (bassRole == ""seven"
src/composing/analysis/joint/jointrender.cpp,83,else-if,jointRenderRn,"if (bassRole == ""third"") { fig = ""6""; } else if (bassRole == ""fifth"") { fig = ""6/4""; }"
src/composing/analysis/joint/jointrender.cpp,86,ternary,jointRenderRn,"const std::string tgt = cls.target().empty() ? std::string() : (""/"" + cls.target());"
src/composing/analysis/joint/jointtables.cpp,43,if,parseRoot,if (!jerr.empty()) {
src/composing/analysis/joint/jointtables.cpp,47,if,parseRoot,if (!doc.isObject()) {
src/composing/analysis/joint/jointtables.cpp,61,if,readRoot,if (!f) {
src/composing/analysis/joint/jointtables.cpp,67,if,readRoot,"if (!parseRoot(s, out, perr)) {"
src/composing/analysis/joint/jointtables.cpp,98,if,parseKatz,if (t.levels.find(row.contextUsed) == t.levels.end()) {
src/composing/analysis/joint/jointtables.cpp,114,if,parseBoundaryCell,if (!parent.contains(key)) {
src/composing/analysis/joint/jointtables.cpp,119,if,parseBoundaryCell,if (!pv.isNumber()) {
src/composing/analysis/joint/jointtables.cpp,195,if,load,"if (!readRoot(dir + ""tables_"" + tableSet + "".json"", tables, jt.error)"
src/composing/analysis/joint/jointtables.cpp,208,if,loadEmbedded,"if (tableSet != ""all"") {"
src/composing/analysis/joint/jointtables.cpp,213,if,loadEmbedded,"if (!parseRoot(embedded::kTablesAll.bytes(), tables, jt.error)"
src/composing/analysis/joint/jointweights.cpp,44,ternary,get,return it != w.end() ? it->second : 0.0;
src/composing/analysis/joint/jointweights.cpp,57,if,identityWeights,if (wv.w.find(n) == wv.w.end()) {
src/composing/analysis/joint/labelclass.cpp,57,ternary,family,"const std::string fam = isSeventhQuality(m_quality) ? ""seventh"" : ""triad"";"
src/composing/analysis/joint/labelclass.cpp,71,if,isSeventhQuality,if (quality == q) {
src/composing/analysis/joint/labelclass.cpp,87,if,classFromKey,if (next == std::string::npos) {
src/composing/analysis/section/sectionrecordadapter.cpp,91,if,recordFunctionDegree,if (!target.empty()) {
src/composing/analysis/section/sectionrecordadapter.cpp,98,if,recordFunctionDegree,if (degreeBase == r.first) {
src/composing/analysis/section/sectionrecordadapter.cpp,110,if,qualityFromOursString,"if (q == ""Major"") {"
src/composing/analysis/section/sectionrecordadapter.cpp,113,if,qualityFromOursString,"if (q == ""Minor"") {"
src/composing/analysis/section/sectionrecordadapter.cpp,116,if,qualityFromOursString,"if (q == ""Diminished"") {"
src/composing/analysis/section/sectionrecordadapter.cpp,119,if,qualityFromOursString,"if (q == ""HalfDiminished"") {"
src/composing/analysis/section/sectionrecordadapter.cpp,122,if,qualityFromOursString,"if (q == ""Augmented"") {"
src/composing/analysis/section/sectionrecordadapter.cpp,138,if,seventhExtensionFromJointQuality,"if (fineQuality == ""Dom7"" || fineQuality == ""Min7"" || fineQuality == ""Aug7"") {"
src/composing/analysis/section/sectionrecordadapter.cpp,140,else-if,seventhExtensionFromJointQuality,"} else if (fineQuality == ""Maj7"" || fineQuality == ""MinMaj7"" || fineQuality == ""AugMaj7"") {"
src/composing/analysis/section/sectionrecordadapter.cpp,142,else-if,seventhExtensionFromJointQuality,"} else if (fineQuality == ""Dim7"") {"
src/composing/analysis/section/sectionrecordadapter.cpp,150,ternary,twoModeOf,"return isMajor ? KeySigMode::Ionian : KeySigMode::Aeolian;   // C1: the published mode axis is {major, minor}"
src/composing/analysis/section/sectionrecordadapter.cpp,160,if,keyAxisGap,if (!slice) {
src/composing/analysis/section/sectionrecordadapter.cpp,164,if,keyAxisGap,if (ax.committed < 0 || ax.committed >= static_cast<int>(ax.scores.size()) || ax.scores.size() < 2) {
src/composing/analysis/section/sectionrecordadapter.cpp,169,if,keyAxisGap,if (static_cast<int>(k) == ax.committed) {
src/composing/analysis/section/sectionrecordadapter.cpp,187,if,recordAlternatives,if (!slice) {
src/composing/analysis/section/sectionrecordadapter.cpp,193,ternary,recordAlternatives,seg.bassPerEvent.empty() ? std::nullopt : seg.bassPerEvent.front().bassPc;
src/composing/analysis/section/sectionrecordadapter.cpp,197,if,recordAlternatives,if (static_cast<int>(k) == ax.committed) {
src/composing/analysis/section/sectionrecordadapter.cpp,207,ternary,recordAlternatives,alt.identity.rootTpc = lof.has_value() ? *lof + kTpcC : -1;
src/composing/analysis/section/sectionrecordadapter.cpp,241,ternary,chordResultFromRecordSegment,id.rootTpc = seg.rootSpellingLof.has_value() ? *seg.rootSpellingLof + kTpcC : -1;
src/composing/analysis/section/sectionrecordadapter.cpp,247,if,chordResultFromRecordSegment,if (!seg.bassPerEvent.empty()) {
src/composing/analysis/section/sectionrecordadapter.cpp,252,ternary,chordResultFromRecordSegment,id.bassTpc = bassLof.has_value() ? *bassLof + kTpcC : -1;
src/composing/analysis/section/sectionrecordadapter.cpp,277,ternary,regionFromRecordSegment,? slice->chordAxis.scores[static_cast<size_t>(slice->chordAxis.committed)]
src/composing/analysis/section/sectionrecordadapter.cpp,301,ternary,regionFromRecordSegment,? (*gap >= kAssertiveKeyExposureGap ? 2 : (*gap >= kTentativeKeyExposureGap ? 1 : 0))
src/composing/analysis/section/sectionrecordadapter.cpp,301,ternary,regionFromRecordSegment,? (*gap >= kAssertiveKeyExposureGap ? 2 : (*gap >= kTentativeKeyExposureGap ? 1 : 0))
src/composing/analysis/section/sectionrecordadapter.cpp,301,ternary,regionFromRecordSegment,? (*gap >= kAssertiveKeyExposureGap ? 2 : (*gap >= kTentativeKeyExposureGap ? 1 : 0))
src/composing/analysis/section/sectionrecordadapter.cpp,319,if,analyzeSectionFromRecord,if (!sc || to <= from) {
src/composing/analysis/section/sectionrecordadapter.cpp,343,if,analyzeSectionFromRecord,if (seg.endTick <= fromTick || seg.startTick >= toTick) {
src/composing/analysis/section/sectionrecordadapter.cpp,346,ternary,analyzeSectionFromRecord,const joint::SegmentSlice* slice = (si < rec.slices.size()) ? &rec.slices[si] : nullptr;
src/notation/internal/notationcomposingbridge.cpp,101,if,applySparseChordKeyContext,if (diatonicToKey) {
src/notation/internal/notationcomposingbridge.cpp,106,if,applySparseChordKeyContext,if ((tonicPc + interval) % 12 == pitchClass) {
src/notation/internal/notationcomposingbridge.cpp,111,if,applySparseChordKeyContext,if (!inScale) {
src/notation/internal/notationcomposingbridge.cpp,128,if,inferSparseChordResult,if (tones.empty()) {
src/notation/internal/notationcomposingbridge.cpp,133,if,inferSparseChordResult,if (!bassTone) {
src/notation/internal/notationcomposingbridge.cpp,136,if,inferSparseChordResult,if (tone.pitch < bassTone->pitch) {
src/notation/internal/notationcomposingbridge.cpp,147,if,inferSparseChordResult,if (!seenPitchClasses[pitchClass]) {
src/notation/internal/notationcomposingbridge.cpp,153,if,inferSparseChordResult,if (pitchClasses.empty()) {
src/notation/internal/notationcomposingbridge.cpp,163,if,inferSparseChordResult,if (pitchClasses.size() == 1) {
src/notation/internal/notationcomposingbridge.cpp,171,if,inferSparseChordResult,if (pitchClass == bassPitchClass) {
src/notation/internal/notationcomposingbridge.cpp,176,if,inferSparseChordResult,if (intervalAboveBass == 3 || intervalAboveBass == 4) {
src/notation/internal/notationcomposingbridge.cpp,177,ternary,inferSparseChordResult,inferred.identity.quality = (intervalAboveBass == 3) ? ChordQuality::Minor : ChordQuality::Major;
src/notation/internal/notationcomposingbridge.cpp,184,if,inferSparseChordResult,if (pitchClass == bassPitchClass) {
src/notation/internal/notationcomposingbridge.cpp,188,if,inferSparseChordResult,if ((pitchClass - bassPitchClass + 12) % 12 != 7) {
src/notation/internal/notationcomposingbridge.cpp,208,if,resolveAnalysisReferenceStaff,if (preferredStaffIdx >= sc->nstaves()
src/notation/internal/notationcomposingbridge.cpp,213,if,resolveAnalysisReferenceStaff,"if (!excludeStaves.count(si) && staffIsEligible(sc, si, tick)) {"
src/notation/internal/notationcomposingbridge.cpp,252,if,buildRegionalContextFromSection,if (section.regions.empty()) {
src/notation/internal/notationcomposingbridge.cpp,261,if,buildRegionalContextFromSection,if (it == regions.end()) {
src/notation/internal/notationcomposingbridge.cpp,266,if,buildRegionalContextFromSection,if (nextRegion == regions.begin()) {
src/notation/internal/notationcomposingbridge.cpp,268,else-if,buildRegionalContextFromSection,} else if (nextRegion == regions.end()) {
src/notation/internal/notationcomposingbridge.cpp,274,ternary,buildRegionalContextFromSection,it = (prev->endTick == noteTick) ? nextRegion : prev;
src/notation/internal/notationcomposingbridge.cpp,277,if,buildRegionalContextFromSection,if (it == regions.end()) {
src/notation/internal/notationcomposingbridge.cpp,289,if,buildRegionalContextFromSection,if (kaId >= 0 && kaId < static_cast<int>(section.keyAreas.size())) {
src/notation/internal/notationcomposingbridge.cpp,399,if,scoreChangeToken,if (const mu::engraving::UndoStack* stack = sc->undoStack()) {
src/notation/internal/notationcomposingbridge.cpp,417,if,cachedWindowSection,if (!g_windowCache.valid
src/notation/internal/notationcomposingbridge.cpp,432,if,cachedWindowSection,if (g_windowCache.valid) {
src/notation/internal/notationcomposingbridge.cpp,434,if,cachedWindowSection,if (g_windowCache.entries[i].windowStartTick == ws
src/notation/internal/notationcomposingbridge.cpp,437,if,cachedWindowSection,if (i != g_windowCache.entries.size() - 1) {
src/notation/internal/notationcomposingbridge.cpp,454,if,cachedWindowSection,if (!g_windowCache.valid) {
src/notation/internal/notationcomposingbridge.cpp,461,if,cachedWindowSection,if (g_windowCache.entries.size() >= WindowDecodeCache::kMaxWindowEntries) {
src/notation/internal/notationcomposingbridge.cpp,482,ternary,analyzeNoteHarmonicContextRegionallyInWindow,useCache ? mu::composing::analysis::AnalyzedSection{}
src/notation/internal/notationcomposingbridge.cpp,485,ternary,analyzeNoteHarmonicContextRegionallyInWindow,"useCache ? cachedWindowSection(sc, excludeStaves, windowStartTick, windowEndTick)"
src/notation/internal/notationcomposingbridge.cpp,488,if,analyzeNoteHarmonicContextRegionallyInWindow,"if (!buildRegionalContextFromSection(tick, section, snapshot.context)) {"
src/notation/internal/notationcomposingbridge.cpp,505,if,regionalSnapshotsMatch,if (!lhs.valid || !rhs.valid) {
src/notation/internal/notationcomposingbridge.cpp,526,if,analyzeHarmonicContextRegionallyAtTick,if (!currentMeasure) {
src/notation/internal/notationcomposingbridge.cpp,532,if,analyzeHarmonicContextRegionallyAtTick,if (const Measure* previousMeasure = windowStartMeasure->prevMeasure()) {
src/notation/internal/notationcomposingbridge.cpp,539,if,analyzeHarmonicContextRegionallyAtTick,if (const Measure* nextMeasure = windowEndMeasure->nextMeasure()) {
src/notation/internal/notationcomposingbridge.cpp,555,if,analyzeHarmonicContextRegionallyAtTick,"if (currentSnapshot.valid && regionalSnapshotsMatch(previousSnapshot, currentSnapshot)) {"
src/notation/internal/notationcomposingbridge.cpp,562,if,analyzeHarmonicContextRegionallyAtTick,if (!nextStartMeasure && !nextEndMeasure) {
src/notation/internal/notationcomposingbridge.cpp,565,if,analyzeHarmonicContextRegionallyAtTick,if (nextStartMeasure) {
src/notation/internal/notationcomposingbridge.cpp,568,if,analyzeHarmonicContextRegionallyAtTick,if (nextEndMeasure) {
src/notation/internal/notationcomposingbridge.cpp,593,if,buildNoteContextFromRecord,if (!nv.found || !nv.segment) {
src/notation/internal/notationcomposingbridge.cpp,634,if,analyzeHarmonicContextLocallyAtTick,if (sounding.empty()) {
src/notation/internal/notationcomposingbridge.cpp,646,if,analyzeHarmonicContextLocallyAtTick,if (lowestPitch != std::numeric_limits<int>::max()) {
src/notation/internal/notationcomposingbridge.cpp,662,if,analyzeHarmonicContextLocallyAtTick,if (!context.chordResults.empty()) {
src/notation/internal/notationcomposingbridge.cpp,674,if,analyzeHarmonicContextLocallyAtTick,if (context.chordResults.empty()) {
src/notation/internal/notationcomposingbridge.cpp,675,if,analyzeHarmonicContextLocallyAtTick,"if (auto sparseResult = inferSparseChordResult(analysisTones,"
src/notation/internal/notationcomposingbridge.cpp,710,if,analyzeHarmonicContextAtTick,if (!score) {
src/notation/internal/notationcomposingbridge.cpp,715,if,analyzeHarmonicContextAtTick,if (!seg) {
src/notation/internal/notationcomposingbridge.cpp,729,if,analyzeHarmonicContextAtTick,if (prefs && prefs->useJointNotationRecord()) {
src/notation/internal/notationcomposingbridge.cpp,734,if,analyzeHarmonicContextAtTick,if (!rec.ok) {
src/notation/internal/notationcomposingbridge.cpp,745,if,analyzeHarmonicContextAtTick,if (!regional.chordResults.empty()) {
src/notation/internal/notationcomposingbridge.cpp,771,if,analyzeHarmonicContextAtTickUncachedForTesting,if (!score) {
src/notation/internal/notationcomposingbridge.cpp,776,if,analyzeHarmonicContextAtTickUncachedForTesting,if (!seg) {
src/notation/internal/notationcomposingbridge.cpp,784,if,analyzeHarmonicContextAtTickUncachedForTesting,if (!regional.chordResults.empty()) {
src/notation/internal/notationcomposingbridge.cpp,821,if,harmonicAnnotation,if (!prefs) {
src/notation/internal/notationcomposingbridge.cpp,832,if,harmonicAnnotation,if (prefs->showKeyModeInStatusBar()) {
src/notation/internal/notationcomposingbridge.cpp,839,if,harmonicAnnotation,if (!prefs->analyzeForChordSymbols() && !prefs->analyzeForChordFunction()) {
src/notation/internal/notationcomposingbridge.cpp,840,ternary,harmonicAnnotation,"return keyStr.empty() ? """" : ""key: "" + keyStr;"
src/notation/internal/notationcomposingbridge.cpp,843,if,harmonicAnnotation,if (chordResults.empty()) {
src/notation/internal/notationcomposingbridge.cpp,844,ternary,harmonicAnnotation,"return keyStr.empty() ? """" : ""key: "" + keyStr;"
src/notation/internal/notationcomposingbridge.cpp,864,if,harmonicAnnotation,if (shown >= maxShown) {
src/notation/internal/notationcomposingbridge.cpp,869,if,harmonicAnnotation,if (wantSym) {
src/notation/internal/notationcomposingbridge.cpp,872,if,harmonicAnnotation,if (wantRoman) {
src/notation/internal/notationcomposingbridge.cpp,875,if,harmonicAnnotation,if (wantNashville) {
src/notation/internal/notationcomposingbridge.cpp,879,if,harmonicAnnotation,if (sym.empty() && roman.empty() && nashville.empty()) {
src/notation/internal/notationcomposingbridge.cpp,883,if,harmonicAnnotation,if (!seenKeys.insert(key).second) {
src/notation/internal/notationcomposingbridge.cpp,889,if,harmonicAnnotation,if (part.empty()) {
src/notation/internal/notationcomposingbridge.cpp,892,if,harmonicAnnotation,if (!entry.empty()) {
src/notation/internal/notationcomposingbridge.cpp,898,if,harmonicAnnotation,if (!entry.empty()) {
src/notation/internal/notationcomposingbridge.cpp,903,if,harmonicAnnotation,if (!candidates.empty()) {
src/notation/internal/notationcomposingbridge.cpp,911,if,harmonicAnnotation,if (candidates.empty()) {
src/notation/internal/notationcomposingbridge.cpp,912,ternary,harmonicAnnotation,"return keyStr.empty() ? """" : ""key: "" + keyStr;"
src/notation/internal/notationcomposingbridge.cpp,921,if,harmonicAnnotation,if (context.enclosingKeyArea.has_value()) {
src/notation/internal/notationcomposingbridge.cpp,923,if,harmonicAnnotation,if (ka.keyFifths != keyFifths || ka.mode != keyMode) {
src/notation/internal/notationcomposingbridge.cpp,931,if,harmonicAnnotation,if (!keyStr.empty() && !areaStr.empty()) {
src/notation/internal/notationcomposingbridge.cpp,934,if,harmonicAnnotation,if (!keyStr.empty()) {
src/notation/internal/notationcomposingbridge.cpp,937,if,harmonicAnnotation,if (!areaStr.empty()) {
src/notation/internal/notationcomposingbridge.cpp,955,if,analyzeNoteHarmonicContextDetails,if (!note) {
src/notation/internal/notationcomposingbridge.cpp,969,if,analyzeRestHarmonicContextDetails,if (!rest) {
src/notation/internal/notationcomposingbridge.cpp,974,if,analyzeRestHarmonicContextDetails,if (!sc) {
src/notation/internal/notationcomposingbridge.cpp,1077,if,emitHarmonicAnnotations,if (!score || section.regions.empty() || options.writeStaves.empty()) {
src/notation/internal/notationcomposingbridge.cpp,1080,if,emitHarmonicAnnotations,if (!options.writeChordSymbols
src/notation/internal/notationcomposingbridge.cpp,1109,if,emitHarmonicAnnotations,if (options.writeRomanNumerals && !options.writeStaves.empty()) {
src/notation/internal/notationcomposingbridge.cpp,1121,if,emitHarmonicAnnotations,if (!isMajorLike && !tonic.empty() && tonic[0] >= 'A' && tonic[0] <= 'Z') {
src/notation/internal/notationcomposingbridge.cpp,1124,if,emitHarmonicAnnotations,if (ka.mode == KeySigMode::Ionian
src/notation/internal/notationcomposingbridge.cpp,1142,if,emitHarmonicAnnotations,if (minDurationTicks > 0
src/notation/internal/notationcomposingbridge.cpp,1153,if,emitHarmonicAnnotations,if (options.writeRomanNumerals
src/notation/internal/notationcomposingbridge.cpp,1164,if,emitHarmonicAnnotations,if (!hasPivot && newAreaStart < options.selectionEndTick) {
src/notation/internal/notationcomposingbridge.cpp,1167,if,emitHarmonicAnnotations,if (mSeg) {
src/notation/internal/notationcomposingbridge.cpp,1178,if,emitHarmonicAnnotations,if (regionKeyAreaId >= 0) {
src/notation/internal/notationcomposingbridge.cpp,1184,if,emitHarmonicAnnotations,if (!seg || seg->tick() >= Fraction::fromTicks(region.endTick)) {
src/notation/internal/notationcomposingbridge.cpp,1199,if,emitHarmonicAnnotations,if (record) {
src/notation/internal/notationcomposingbridge.cpp,1206,if,emitHarmonicAnnotations,if (const mu::composing::analysis::joint::RecordSegment* rs =
src/notation/internal/notationcomposingbridge.cpp,1208,ternary,emitHarmonicAnnotations,romanText = options.writeRomanNumerals ? rs->romanNumeral : std::string();
src/notation/internal/notationcomposingbridge.cpp,1221,ternary,emitHarmonicAnnotations,? fmt.symbol : std::string();
src/notation/internal/notationcomposingbridge.cpp,1229,ternary,emitHarmonicAnnotations,nashvilleText = options.writeNashvilleNumbers ? fmt.nashville : std::string();
src/notation/internal/notationcomposingbridge.cpp,1238,if,emitHarmonicAnnotations,if (options.writeRomanNumerals
src/notation/internal/notationcomposingbridge.cpp,1245,if,emitHarmonicAnnotations,if (options.writeRomanNumerals
src/notation/internal/notationcomposingbridge.cpp,1258,ternary,emitHarmonicAnnotations,"symText = options.writeChordSymbols ? fmt.symbol : """";"
src/notation/internal/notationcomposingbridge.cpp,1259,ternary,emitHarmonicAnnotations,"romanText = options.writeRomanNumerals ? fmt.roman : """";"
src/notation/internal/notationcomposingbridge.cpp,1260,if,emitHarmonicAnnotations,if (options.writeRomanNumerals && romanText.empty()
src/notation/internal/notationcomposingbridge.cpp,1266,if,emitHarmonicAnnotations,if (refinedForRoman.identity.quality != ChordQuality::Unknown) {
src/notation/internal/notationcomposingbridge.cpp,1270,ternary,emitHarmonicAnnotations,"nashvilleText = options.writeNashvilleNumbers ? fmt.nashville : """";"
src/notation/internal/notationcomposingbridge.cpp,1276,if,emitHarmonicAnnotations,if (!symText.empty()) {
src/notation/internal/notationcomposingbridge.cpp,1285,if,emitHarmonicAnnotations,if (!romanText.empty()) {
src/notation/internal/notationcomposingbridge.cpp,1294,if,emitHarmonicAnnotations,if (!nashvilleText.empty()) {
src/notation/internal/notationcomposingbridge.cpp,1312,if,emitHarmonicAnnotations,if (options.writeRomanNumerals
src/notation/internal/notationcomposingbridge.cpp,1323,if,emitHarmonicAnnotations,if (!baseName.empty()) {
src/notation/internal/notationcomposingbridge.cpp,1343,if,emitHarmonicAnnotations,if (options.writeRomanNumerals && !options.writeStaves.empty()) {
src/notation/internal/notationcomposingbridge.cpp,1350,if,emitHarmonicAnnotations,if (!mSeg) {
src/notation/internal/notationcomposingbridge.cpp,1364,if,emitHarmonicAnnotations,if (!pSeg) {
src/notation/internal/notationcomposingbridge.cpp,1392,if,addHarmonicAnnotationsToSelection,if (!score) {
src/notation/internal/notationcomposingbridge.cpp,1397,if,addHarmonicAnnotationsToSelection,if (sel.isNone()) {
src/notation/internal/notationcomposingbridge.cpp,1401,if,addHarmonicAnnotationsToSelection,if (!writeChordSymbols && !writeRomanNumerals && !writeNashvilleNumbers) {
src/notation/internal/notationcomposingbridge.cpp,1410,if,addHarmonicAnnotationsToSelection,if (sel.isRange()) {
src/notation/internal/notationcomposingbridge.cpp,1418,if,addHarmonicAnnotationsToSelection,if (notes.empty()) {
src/notation/internal/notationcomposingbridge.cpp,1428,if,addHarmonicAnnotationsToSelection,if (t < startTick)       startTick  = t;
src/notation/internal/notationcomposingbridge.cpp,1429,if,addHarmonicAnnotationsToSelection,if (tend > endTick)      endTick    = tend;
src/notation/internal/notationcomposingbridge.cpp,1431,if,addHarmonicAnnotationsToSelection,if (si < staffFirst)     staffFirst = si;
src/notation/internal/notationcomposingbridge.cpp,1432,if,addHarmonicAnnotationsToSelection,if (si + 1 > staffLast)  staffLast  = si + 1;
src/notation/internal/notationcomposingbridge.cpp,1443,if,addHarmonicAnnotationsToSelection,"if (isChordTrackStaff(score, si)) {"
src/notation/internal/notationcomposingbridge.cpp,1455,if,addHarmonicAnnotationsToSelection,"if (!hasChordTrackInSelection || isChordTrackStaff(score, si)) {"
src/notation/internal/notationcomposingbridge.cpp,1460,if,addHarmonicAnnotationsToSelection,if (options.writeStaves.empty()) {
src/notation/internal/notationcomposingbridge.cpp,1471,ternary,addHarmonicAnnotationsToSelection,const double prefBeats = prefs ? prefs->minimumDisplayDurationBeats() : 0.5;
src/notation/internal/notationcomposingbridge.cpp,1480,ternary,addHarmonicAnnotationsToSelection,? Fraction::fromTicks(endTick.ticks()
src/notation/internal/notationcomposingbridge.cpp,1492,if,addHarmonicAnnotationsToSelection,if (useRecord) {
src/notation/internal/notationcomposingbridge.cpp,1497,if,addHarmonicAnnotationsToSelection,if (!rec.ok) {
src/notation/internal/notationcomposingbridge.cpp,1502,if,addHarmonicAnnotationsToSelection,if (section.regions.empty()) {
src/notation/internal/notationcomposingbridge.cpp,1515,if,addHarmonicAnnotationsToSelection,if (section.regions.empty()) {
src/notation/internal/notationcomposingbridgehelpers.cpp,84,if,scoreNoteSpelling,if (!score) {
src/notation/internal/notationcomposingbridgehelpers.cpp,88,switch,scoreNoteSpelling,switch (mStyle) {
src/notation/internal/notationcomposingbridgehelpers.cpp,89,case,scoreNoteSpelling,case NoteSpellingType::GERMAN:      return CSF::NoteSpelling::German;
src/notation/internal/notationcomposingbridgehelpers.cpp,90,case,scoreNoteSpelling,case NoteSpellingType::GERMAN_PURE: return CSF::NoteSpelling::GermanPure;
src/notation/internal/notationcomposingbridgehelpers.cpp,161,if,resolveKeyAndMode,if (cfg) {
src/notation/internal/notationcomposingbridgehelpers.cpp,193,if,resolveKeyAndMode,if (outScore) {
src/notation/internal/notationimplodebridge.cpp,110,ternary,fallbackModeSuffix,? mu::composing::analysis::keyModeSuffix(mu::composing::analysis::KeySigMode::Ionian)
src/notation/internal/notationimplodebridge.cpp,120,ternary,keyAnnotationBaseLabel,? mu::composing::analysis::keyModeSuffix(mode)
src/notation/internal/notationimplodebridge.cpp,129,if,sanitizeChordTrackSymbolForHarmonyRenderer,"if (symbol.find(""sus#5"") == std::string::npos) {"
src/notation/internal/notationimplodebridge.cpp,175,if,collectStableKeyAnnotationCandidates,if (regions.empty()) {
src/notation/internal/notationimplodebridge.cpp,203,if,collectStableKeyAnnotationCandidates,if (!run.active) {
src/notation/internal/notationimplodebridge.cpp,209,if,collectStableKeyAnnotationCandidates,if (!run.hasTentativeExposure || (!isOpeningRun && durationBeats < minKeyStabilityBeats)) {
src/notation/internal/notationimplodebridge.cpp,214,if,collectStableKeyAnnotationCandidates,if (run.keySignatureFifths == lastWrittenKeyFifths && run.baseLabel == lastWrittenLabel) {
src/notation/internal/notationimplodebridge.cpp,242,if,collectStableKeyAnnotationCandidates,if (!run.active) {
src/notation/internal/notationimplodebridge.cpp,249,if,collectStableKeyAnnotationCandidates,if (!sameDisplayedKey) {
src/notation/internal/notationimplodebridge.cpp,257,if,collectStableKeyAnnotationCandidates,if (!run.hasAssertiveExposure && region.hasAssertiveExposure) {
src/notation/internal/notationimplodebridge.cpp,286,if,collectSourceInferenceTicks,"if (excludeStaves.count(si) || !mu::notation::internal::staffIsEligible(score, si, seg->tick())) {"
src/notation/internal/notationimplodebridge.cpp,296,if,collectSourceInferenceTicks,if (hasSourceChord && seenTicks.insert(seg->tick().ticks()).second) {
src/notation/internal/notationimplodebridge.cpp,321,if,findTupletOnTrack,if (!seg) {
src/notation/internal/notationimplodebridge.cpp,325,if,findTupletOnTrack,if (!el || !el->isChordRest()) {
src/notation/internal/notationimplodebridge.cpp,341,if,addChordChainFromPitches,if (endTick <= startTick || midiPitches.empty()) {
src/notation/internal/notationimplodebridge.cpp,346,if,addChordChainFromPitches,if (!startMeasure) {
src/notation/internal/notationimplodebridge.cpp,351,if,addChordChainFromPitches,if (!seg) {
src/notation/internal/notationimplodebridge.cpp,359,if,addChordChainFromPitches,if (srcTuplet) {
src/notation/internal/notationimplodebridge.cpp,363,if,addChordChainFromPitches,if (totalDur == elemDur) {
src/notation/internal/notationimplodebridge.cpp,365,if,addChordChainFromPitches,if (!m) {
src/notation/internal/notationimplodebridge.cpp,377,if,addChordChainFromPitches,if (stale) {
src/notation/internal/notationimplodebridge.cpp,383,if,addChordChainFromPitches,if (tupSeg) {
src/notation/internal/notationimplodebridge.cpp,410,if,addChordChainFromPitches,if (seg) {
src/notation/internal/notationimplodebridge.cpp,412,if,addChordChainFromPitches,if (crInSlot && crInSlot->tuplet() == dstTuplet && crInSlot->isRest()) {
src/notation/internal/notationimplodebridge.cpp,443,if,addChordChainFromPitches,if (track % VOICES != 0) {
src/notation/internal/notationimplodebridge.cpp,450,if,addChordChainFromPitches,if (gapped.isZero()) {
src/notation/internal/notationimplodebridge.cpp,460,if,addChordChainFromPitches,if (!measure) {
src/notation/internal/notationimplodebridge.cpp,480,if,addChordChainFromPitches,if (!firstChord) {
src/notation/internal/notationimplodebridge.cpp,484,if,addChordChainFromPitches,if (prevNoteLocal) {
src/notation/internal/notationimplodebridge.cpp,501,ternary,addChordChainFromPitches,prevNoteLocal = chord->notes().empty() ? nullptr : chord->notes().front();
src/notation/internal/notationimplodebridge.cpp,509,if,addChordChainFromPitches,"if (remaining > Fraction(0, 1)) {"
src/notation/internal/notationimplodebridge.cpp,511,ternary,addChordChainFromPitches,"seg = nextMeasure ? nextMeasure->undoGetSegment(SegmentType::ChordRest, tick) : nullptr;"
src/notation/internal/notationimplodebridge.cpp,512,if,addChordChainFromPitches,if (!seg) {
src/notation/internal/notationimplodebridge.cpp,527,if,setExplicitRestRange,"if (!sc || duration <= mu::engraving::Fraction(0, 1)) {"
src/notation/internal/notationimplodebridge.cpp,556,if,emitImplodedChordTrack,if (!score || endTick <= startTick) {
src/notation/internal/notationimplodebridge.cpp,566,if,emitImplodedChordTrack,if (bassStaffIdx >= score->nstaves()) {
src/notation/internal/notationimplodebridge.cpp,588,if,emitImplodedChordTrack,if (containingRegion != displayRegions.end()) {
src/notation/internal/notationimplodebridge.cpp,596,if,emitImplodedChordTrack,if (measure && nextRegion != displayRegions.end()) {
src/notation/internal/notationimplodebridge.cpp,598,if,emitImplodedChordTrack,if (nextMeasure == measure) {
src/notation/internal/notationimplodebridge.cpp,606,if,emitImplodedChordTrack,if (measure && previousRegion != displayRegions.rend()) {
src/notation/internal/notationimplodebridge.cpp,608,if,emitImplodedChordTrack,if (previousMeasure == measure) {
src/notation/internal/notationimplodebridge.cpp,613,if,emitImplodedChordTrack,if (nextRegion != displayRegions.end()) {
src/notation/internal/notationimplodebridge.cpp,616,if,emitImplodedChordTrack,if (previousRegion != displayRegions.rend()) {
src/notation/internal/notationimplodebridge.cpp,627,ternary,emitImplodedChordTrack,? inferenceTicks[tickIndex + 1]
src/notation/internal/notationimplodebridge.cpp,629,if,emitImplodedChordTrack,if (regionEnd <= regionStart) {
src/notation/internal/notationimplodebridge.cpp,634,if,emitImplodedChordTrack,if (!displayRegion) {
src/notation/internal/notationimplodebridge.cpp,644,if,emitImplodedChordTrack,if (!localTones.empty()) {
src/notation/internal/notationimplodebridge.cpp,651,if,emitImplodedChordTrack,if (regions.empty()) {
src/notation/internal/notationimplodebridge.cpp,675,ternary,emitImplodedChordTrack,const int gapFromLastAnnotation = merged.empty() ? 0 : (r.startTick - merged.back().startTick);
src/notation/internal/notationimplodebridge.cpp,676,if,emitImplodedChordTrack,if (sameInf && gapFromLastAnnotation < kSameChordReannotationGap) {
src/notation/internal/notationimplodebridge.cpp,713,ternary,emitImplodedChordTrack,"Tuplet* srcTup = chkSeg ? findTupletOnTrack(chkSeg, track)"
src/notation/internal/notationimplodebridge.cpp,715,if,emitImplodedChordTrack,if (srcTup) {
src/notation/internal/notationimplodebridge.cpp,725,if,emitImplodedChordTrack,if (!cr || cr->tuplet()) {
src/notation/internal/notationimplodebridge.cpp,730,if,emitImplodedChordTrack,if (crStart < tupTo && crEnd > tupFrom) {
src/notation/internal/notationimplodebridge.cpp,742,if,emitImplodedChordTrack,if (cr->isChord()) {
src/notation/internal/notationimplodebridge.cpp,756,if,emitImplodedChordTrack,if (crStart < tupFrom) {
src/notation/internal/notationimplodebridge.cpp,757,if,emitImplodedChordTrack,if (!pitches.empty()) {
src/notation/internal/notationimplodebridge.cpp,766,if,emitImplodedChordTrack,if (crEnd > tupTo) {
src/notation/internal/notationimplodebridge.cpp,767,if,emitImplodedChordTrack,if (!pitches.empty()) {
src/notation/internal/notationimplodebridge.cpp,787,if,emitImplodedChordTrack,if (!cr) {
src/notation/internal/notationimplodebridge.cpp,792,if,emitImplodedChordTrack,if (crStart < clearTo && crEnd > clearFrom) {
src/notation/internal/notationimplodebridge.cpp,804,if,emitImplodedChordTrack,if (crStart < clearFrom) {
src/notation/internal/notationimplodebridge.cpp,808,if,emitImplodedChordTrack,if (crEnd > clearTo) {
src/notation/internal/notationimplodebridge.cpp,815,if,emitImplodedChordTrack,if (!toRemove.empty()) {
src/notation/internal/notationimplodebridge.cpp,828,if,emitImplodedChordTrack,if (!ann->isHarmony() && !ann->isStaffText()) {
src/notation/internal/notationimplodebridge.cpp,832,if,emitImplodedChordTrack,if (t / VOICES == trebleStaffIdx || t / VOICES == bassStaffIdx) {
src/notation/internal/notationimplodebridge.cpp,845,ternary,emitImplodedChordTrack,? analysisPrefs->modeNameConfidenceThreshold()
src/notation/internal/notationimplodebridge.cpp,848,ternary,emitImplodedChordTrack,? analysisPrefs->minimumDisplayDurationBeats()
src/notation/internal/notationimplodebridge.cpp,851,ternary,emitImplodedChordTrack,? analysisPrefs->minKeyStabilityBeats()
src/notation/internal/notationimplodebridge.cpp,880,if,emitImplodedChordTrack,if (writeKeyAnnotations
src/notation/internal/notationimplodebridge.cpp,895,if,emitImplodedChordTrack,if (allowKeySignatureExposure && keyCandidate.keySignatureFifths != notatedFifths) {
src/notation/internal/notationimplodebridge.cpp,897,if,emitImplodedChordTrack,if (m) {
src/notation/internal/notationimplodebridge.cpp,907,if,emitImplodedChordTrack,if (!ksSeg) {
src/notation/internal/notationimplodebridge.cpp,912,if,emitImplodedChordTrack,if (existing) {
src/notation/internal/notationimplodebridge.cpp,934,if,emitImplodedChordTrack,if (textSeg) {
src/notation/internal/notationimplodebridge.cpp,939,if,emitImplodedChordTrack,if (keyCandidate.addQuestionMark) {
src/notation/internal/notationimplodebridge.cpp,946,if,emitImplodedChordTrack,if (keyCandidate.hasAssertiveExposure
src/notation/internal/notationimplodebridge.cpp,960,if,emitImplodedChordTrack,if (prevAssertiveKeyFifths == keyCandidate.keySignatureFifths
src/notation/internal/notationimplodebridge.cpp,963,ternary,emitImplodedChordTrack,"? ""(\u2192 relative maj)"""
src/notation/internal/notationimplodebridge.cpp,965,else-if,emitImplodedChordTrack,} else if (prevTonicPc == localTonicPc
src/notation/internal/notationimplodebridge.cpp,968,ternary,emitImplodedChordTrack,"? ""(\u2192 parallel maj)"""
src/notation/internal/notationimplodebridge.cpp,970,else-if,emitImplodedChordTrack,} else if (fifthsDelta == 1) {
src/notation/internal/notationimplodebridge.cpp,972,else-if,emitImplodedChordTrack,} else if (fifthsDelta == -1) {
src/notation/internal/notationimplodebridge.cpp,974,else-if,emitImplodedChordTrack,} else if (fifthsDelta != 0) {
src/notation/internal/notationimplodebridge.cpp,977,ternary,emitImplodedChordTrack,"+ (fifthsDelta > 0 ? ""\u266f"" : ""\u266d"")"
src/notation/internal/notationimplodebridge.cpp,990,if,emitImplodedChordTrack,if (!relationLabel.empty()) {
src/notation/internal/notationimplodebridge.cpp,1001,if,emitImplodedChordTrack,if (keyCandidate.hasAssertiveExposure
src/notation/internal/notationimplodebridge.cpp,1021,if,emitImplodedChordTrack,if (prev.function.degree < 0) {
src/notation/internal/notationimplodebridge.cpp,1024,if,emitImplodedChordTrack,if (!newScalePcs[prev.identity.rootPc]) {
src/notation/internal/notationimplodebridge.cpp,1042,if,emitImplodedChordTrack,if (!oldRoman.empty() && !newRoman.empty()) {
src/notation/internal/notationimplodebridge.cpp,1051,if,emitImplodedChordTrack,if (pivotText.empty()) {
src/notation/internal/notationimplodebridge.cpp,1064,if,emitImplodedChordTrack,if (keyCandidate.hasAssertiveExposure) {
src/notation/internal/notationimplodebridge.cpp,1084,if,emitImplodedChordTrack,if (seen.insert(tone.pitch).second) {
src/notation/internal/notationimplodebridge.cpp,1091,if,emitImplodedChordTrack,if (uniquePitches.empty()) {
src/notation/internal/notationimplodebridge.cpp,1096,if,emitImplodedChordTrack,if (uniquePitches.size() == 1) {
src/notation/internal/notationimplodebridge.cpp,1105,if,emitImplodedChordTrack,if (useCollectedTones && !region.tones.empty()) {
src/notation/internal/notationimplodebridge.cpp,1116,if,emitImplodedChordTrack,if (bassPitch < 0 && !region.tones.empty()) {
src/notation/internal/notationimplodebridge.cpp,1121,if,emitImplodedChordTrack,if (bassPitch < 0) {
src/notation/internal/notationimplodebridge.cpp,1131,if,emitImplodedChordTrack,if (!treblePitches.empty()) {
src/notation/internal/notationimplodebridge.cpp,1143,if,emitImplodedChordTrack,if (!cr || !cr->isChord()) {
src/notation/internal/notationimplodebridge.cpp,1154,ternary,emitImplodedChordTrack,"Segment* seg = regionMeasure ? regionMeasure->undoGetSegment(SegmentType::ChordRest, rStart) : nullptr;"
src/notation/internal/notationimplodebridge.cpp,1155,if,emitImplodedChordTrack,if (!seg) {
src/notation/internal/notationimplodebridge.cpp,1169,ternary,emitImplodedChordTrack,? sanitizeChordTrackSymbolForHarmonyRenderer(
src/notation/internal/notationimplodebridge.cpp,1172,if,emitImplodedChordTrack,if (!symText.empty()) {
src/notation/internal/notationimplodebridge.cpp,1184,ternary,emitImplodedChordTrack,"const std::string fnKey = prefs ? prefs->chordStaffFunctionNotation() : ""roman"";"
src/notation/internal/notationimplodebridge.cpp,1185,if,emitImplodedChordTrack,"if (fnKey != ""none"" && passesMinimumDisplayDuration) {"
src/notation/internal/notationimplodebridge.cpp,1188,if,emitImplodedChordTrack,if (useNashville) {
src/notation/internal/notationimplodebridge.cpp,1192,else-if,emitImplodedChordTrack,} else if (recordArm) {
src/notation/internal/notationimplodebridge.cpp,1197,if,emitImplodedChordTrack,"if (const joint::RecordSegment* rs = joint::noteView(*record, region.startTick).segment) {"
src/notation/internal/notationimplodebridge.cpp,1207,if,emitImplodedChordTrack,if (fnText.empty() && chord.function.degree >= 0 && chord.function.degree <= 6) {
src/notation/internal/notationimplodebridge.cpp,1210,if,emitImplodedChordTrack,if (refinedChord.identity.quality != mu::composing::analysis::ChordQuality::Unknown) {
src/notation/internal/notationimplodebridge.cpp,1215,if,emitImplodedChordTrack,if (!fnText.empty()) {
src/notation/internal/notationimplodebridge.cpp,1219,ternary,emitImplodedChordTrack,h->setHarmonyType(useNashville ? HarmonyType::NASHVILLE : HarmonyType::ROMAN);
src/notation/internal/notationimplodebridge.cpp,1230,if,emitImplodedChordTrack,if (highlightNonDiatonic
src/notation/internal/notationimplodebridge.cpp,1253,if,emitImplodedChordTrack,if (candidateFifths == localKeyFifths) {
src/notation/internal/notationimplodebridge.cpp,1257,if,emitImplodedChordTrack,if (dist >= bestDist) {
src/notation/internal/notationimplodebridge.cpp,1265,if,emitImplodedChordTrack,if (recordArm && mi != 0 && mi != 5) {
src/notation/internal/notationimplodebridge.cpp,1277,if,emitImplodedChordTrack,if (chordPcs[pc] && !scalePcs[pc]) { allIn = false; break; }
src/notation/internal/notationimplodebridge.cpp,1279,if,emitImplodedChordTrack,if (!allIn) {
src/notation/internal/notationimplodebridge.cpp,1282,if,emitImplodedChordTrack,if (dist < bestDist
src/notation/internal/notationimplodebridge.cpp,1292,if,emitImplodedChordTrack,if (bestDist < std::numeric_limits<int>::max()) {
src/notation/internal/notationimplodebridge.cpp,1317,if,emitImplodedChordTrack,if (writeCadenceMarkers) {
src/notation/internal/notationimplodebridge.cpp,1322,if,emitImplodedChordTrack,if (!mSeg) {
src/notation/internal/notationimplodebridge.cpp,1353,if,emitImplodedChordTrack,if (cr) { elements.push_back(cr); }
src/notation/internal/notationimplodebridge.cpp,1360,if,emitImplodedChordTrack,if (!elements[i]->isRest()) { continue; }
src/notation/internal/notationimplodebridge.cpp,1364,if,emitImplodedChordTrack,if (!prev->isChord()) { continue; }
src/notation/internal/notationimplodebridge.cpp,1367,if,emitImplodedChordTrack,if (elements[i]->tick() >= prev->tick()
src/notation/internal/notationimplodebridge.cpp,1393,if,populateChordTrack,if (!score || endTick <= startTick) {
src/notation/internal/notationimplodebridge.cpp,1397,if,populateChordTrack,if (bassStaffIdx >= score->nstaves()) {
src/notation/internal/notationimplodebridge.cpp,1416,if,populateChordTrack,if (analysisPrefs && analysisPrefs->useJointNotationRecord()) {
src/notation/internal/notationimplodebridge.cpp,1422,if,populateChordTrack,if (!rec.ok) {
src/notation/internal/notationimplodebridge.cpp,1427,if,populateChordTrack,if (section.regions.empty()) {
src/notation/internal/notationtuningbridge.cpp,87,if,preferredTuningSystem,if (prefs) {
src/notation/internal/notationtuningbridge.cpp,89,if,preferredTuningSystem,if (sys) {
src/notation/internal/notationtuningbridge.cpp,112,if,nextNonPartialTiedNote,if (!note || !note->tieForNonPartial() || !note->tieForNonPartial()->endNote()) {
src/notation/internal/notationtuningbridge.cpp,124,if,firstNonPartialTiedNoteInRegion,if (!previous->chord() || previous->chord()->tick() < regionStart) {
src/notation/internal/notationtuningbridge.cpp,151,if,collectNonPartialTieChainInRegion,if (!current->chord() || current->chord()->tick() >= regionEnd) {
src/notation/internal/notationtuningbridge.cpp,163,if,authorityNoteForTieChain,if (mu::notation::hasTuningAnchorExpression(current)) {
src/notation/internal/notationtuningbridge.cpp,179,if,computeTieChainOffset,if (!authorityNote || !authorityNote->visible() || !authorityNote->play()) {
src/notation/internal/notationtuningbridge.cpp,183,if,computeTieChainOffset,if (mu::notation::hasTuningAnchorExpression(authorityNote)) {
src/notation/internal/notationtuningbridge.cpp,184,ternary,computeTieChainOffset,outOffset = (tuningMode == TuningMode::FreeDrift) ? authorityNote->tuning() : 0.0;
src/notation/internal/notationtuningbridge.cpp,191,if,computeTieChainOffset,if (results.empty()) {
src/notation/internal/notationtuningbridge.cpp,209,if,computeTieChainOffset,if (tonicAnchored) {
src/notation/internal/notationtuningbridge.cpp,219,ternary,formatTuningAnnotation,"std::string annotation = (cents >= 0 ? ""+"" : """") + std::to_string(cents);"
src/notation/internal/notationtuningbridge.cpp,220,if,formatTuningAnnotation,if (anchorAuthority) {
src/notation/internal/notationtuningbridge.cpp,234,if,forEachChordInChain,if (!c->notes().empty()) {
src/notation/internal/notationtuningbridge.cpp,236,ternary,forEachChordInChain,next = (t && t->endNote()) ? t->endNote()->chord() : nullptr;
src/notation/internal/notationtuningbridge.cpp,254,if,addChordChain,if (endTick <= startTick || !srcChord || srcChord->notes().empty()) {
src/notation/internal/notationtuningbridge.cpp,259,if,addChordChain,if (!seg) {
src/notation/internal/notationtuningbridge.cpp,270,if,addChordChain,if (track % VOICES != 0) {
src/notation/internal/notationtuningbridge.cpp,279,if,addChordChain,if (gapped.isZero()) {
src/notation/internal/notationtuningbridge.cpp,292,if,addChordChain,if (!measure) {
src/notation/internal/notationtuningbridge.cpp,312,if,addChordChain,if (!firstChord) {
src/notation/internal/notationtuningbridge.cpp,317,if,addChordChain,if (prevNoteLocal) {
src/notation/internal/notationtuningbridge.cpp,335,ternary,addChordChain,prevNoteLocal = chord->notes().empty() ? nullptr : chord->notes().front();
src/notation/internal/notationtuningbridge.cpp,343,if,addChordChain,"if (remaining > Fraction(0, 1)) {"
src/notation/internal/notationtuningbridge.cpp,345,if,addChordChain,if (!seg) {
src/notation/internal/notationtuningbridge.cpp,384,if,retuneAtExistingTieBoundary,if (!sc || !regionStartNote || !regionStartNote->tieBackNonPartial()) {
src/notation/internal/notationtuningbridge.cpp,390,ternary,retuneAtExistingTieBoundary,Chord* previousChord = previousNote ? previousNote->chord() : nullptr;
src/notation/internal/notationtuningbridge.cpp,391,if,retuneAtExistingTieBoundary,if (!currentChord || !previousChord) {
src/notation/internal/notationtuningbridge.cpp,398,if,retuneAtExistingTieBoundary,if (!tieBack || !tieBack->startNote() || tieBack->startNote()->chord() != previousChord) {
src/notation/internal/notationtuningbridge.cpp,405,if,retuneAtExistingTieBoundary,if (!removedAnyTie) {
src/notation/internal/notationtuningbridge.cpp,433,if,splitAndTuneChord,if (splitTick <= noteTick || splitTick >= noteEndTick) {
src/notation/internal/notationtuningbridge.cpp,442,if,splitAndTuneChord,if (!noteB) {
src/notation/internal/notationtuningbridge.cpp,462,if,splitAndTuneChord,if (!sp->isSlur()) {
src/notation/internal/notationtuningbridge.cpp,465,if,splitAndTuneChord,if (sp->startElement() == chordMut && sp->endElement() != noteB) {
src/notation/internal/notationtuningbridge.cpp,483,if,hasTuningAnchorExpression,if (!note) {
src/notation/internal/notationtuningbridge.cpp,487,if,hasTuningAnchorExpression,if (!ch) {
src/notation/internal/notationtuningbridge.cpp,491,if,hasTuningAnchorExpression,if (!seg) {
src/notation/internal/notationtuningbridge.cpp,496,if,hasTuningAnchorExpression,if (!ann->isExpression()) {
src/notation/internal/notationtuningbridge.cpp,501,if,hasTuningAnchorExpression,if (expr->track() != ch->track()) {
src/notation/internal/notationtuningbridge.cpp,505,if,hasTuningAnchorExpression,if (isTuningAnchorText(expr->plainText().toStdString())) {
src/notation/internal/notationtuningbridge.cpp,516,if,computeSusceptibility,if (hasTuningAnchorExpression(note)) {
src/notation/internal/notationtuningbridge.cpp,541,if,applyTuningAtNote,if (!selectedNote || !selectedNote->visible()) {
src/notation/internal/notationtuningbridge.cpp,549,if,applyTuningAtNote,if (results.empty()) {
src/notation/internal/notationtuningbridge.cpp,575,if,applyTuningAtNote,if (tonicAnchored) {
src/notation/internal/notationtuningbridge.cpp,592,if,applyTuningAtNote,if (!seg) {
src/notation/internal/notationtuningbridge.cpp,598,if,applyTuningAtNote,if (minimizeRetune && seg) {
src/notation/internal/notationtuningbridge.cpp,602,if,applyTuningAtNote,if (!staffEligible(si)) {
src/notation/internal/notationtuningbridge.cpp,607,if,applyTuningAtNote,if (!cr || !cr->isChord() || cr->isGrace()) {
src/notation/internal/notationtuningbridge.cpp,611,if,applyTuningAtNote,if (!n->play() || !n->visible()) {
src/notation/internal/notationtuningbridge.cpp,619,if,applyTuningAtNote,if (cnt > 0) {
src/notation/internal/notationtuningbridge.cpp,629,if,applyTuningAtNote,if (!staffEligible(si)) {
src/notation/internal/notationtuningbridge.cpp,634,if,applyTuningAtNote,if (!cr || !cr->isChord() || cr->isGrace()) {
src/notation/internal/notationtuningbridge.cpp,639,if,applyTuningAtNote,if (!n->play() || !n->visible()) {
src/notation/internal/notationtuningbridge.cpp,643,if,applyTuningAtNote,if (annotateTuning) {
src/notation/internal/notationtuningbridge.cpp,645,if,applyTuningAtNote,if (!tuningAnnotation.empty()) tuningAnnotation += ' ';
src/notation/internal/notationtuningbridge.cpp,646,ternary,applyTuningAtNote,"tuningAnnotation += (cents >= 0 ? ""+"" : """") + std::to_string(cents);"
src/notation/internal/notationtuningbridge.cpp,648,if,applyTuningAtNote,if (std::abs(n->tuning() - desired) < kEpsilonCents) {
src/notation/internal/notationtuningbridge.cpp,654,if,applyTuningAtNote,if (annotateTuning && !tuningAnnotation.empty()) {
src/notation/internal/notationtuningbridge.cpp,674,if,applyTuningAtNote,if (!staffEligible(si)) {
src/notation/internal/notationtuningbridge.cpp,680,if,applyTuningAtNote,if (!cr || !cr->isChord() || cr->isGrace()) {
src/notation/internal/notationtuningbridge.cpp,686,if,applyTuningAtNote,if (noteEndTick <= tick) {
src/notation/internal/notationtuningbridge.cpp,692,if,applyTuningAtNote,if (!n->play() || !n->visible()) {
src/notation/internal/notationtuningbridge.cpp,695,if,applyTuningAtNote,if (std::abs(n->tuning() - finalOffset(n->ppitch())) >= kEpsilonCents) {
src/notation/internal/notationtuningbridge.cpp,700,if,applyTuningAtNote,if (!anyNeedsTuning) {
src/notation/internal/notationtuningbridge.cpp,706,ternary,applyTuningAtNote,? toChord(noteSeg->cr(origTrack))
src/notation/internal/notationtuningbridge.cpp,708,if,applyTuningAtNote,if (!chordMut) {
src/notation/internal/notationtuningbridge.cpp,712,if,applyTuningAtNote,"if (splitAndTuneChord(sc, chordMut, tick,"
src/notation/internal/notationtuningbridge.cpp,715,if,applyTuningAtNote,if (annotateTuning && seg) {
src/notation/internal/notationtuningbridge.cpp,717,if,applyTuningAtNote,if (splitCr && splitCr->isChord()) {
src/notation/internal/notationtuningbridge.cpp,720,if,applyTuningAtNote,if (!n->play() || !n->visible()) {
src/notation/internal/notationtuningbridge.cpp,724,if,applyTuningAtNote,if (!tuningAnnotation.empty()) tuningAnnotation += ' ';
src/notation/internal/notationtuningbridge.cpp,725,ternary,applyTuningAtNote,"tuningAnnotation += (cents >= 0 ? ""+"" : """") + std::to_string(cents);"
src/notation/internal/notationtuningbridge.cpp,727,if,applyTuningAtNote,if (!tuningAnnotation.empty()) {
src/notation/internal/notationtuningbridge.cpp,756,if,applyRegionTuning,if (!score || endTick <= startTick) {
src/notation/internal/notationtuningbridge.cpp,774,if,applyRegionTuning,if (cfg && cfg->useJointNotationRecord()) {
src/notation/internal/notationtuningbridge.cpp,779,if,applyRegionTuning,if (!rec.ok) {
src/notation/internal/notationtuningbridge.cpp,796,if,applyRegionTuning,if (regions.empty()) {
src/notation/internal/notationtuningbridge.cpp,809,ternary,applyRegionTuning,? cfg->tuningMode()
src/notation/internal/notationtuningbridge.cpp,826,if,applyRegionTuning,if (tonicAnchored) {
src/notation/internal/notationtuningbridge.cpp,851,if,applyRegionTuning,if (tuningMode == mu::composing::intonation::TuningMode::TonicAnchored) {
src/notation/internal/notationtuningbridge.cpp,854,if,applyRegionTuning,if (rStartSeg) {
src/notation/internal/notationtuningbridge.cpp,856,if,applyRegionTuning,if (excludeStaves.count(si)
src/notation/internal/notationtuningbridge.cpp,863,if,applyRegionTuning,if (!cr || !cr->isChord() || cr->isGrace()) {
src/notation/internal/notationtuningbridge.cpp,867,if,applyRegionTuning,if (!n->play() || !n->visible()) {
src/notation/internal/notationtuningbridge.cpp,870,if,applyRegionTuning,if (hasTuningAnchorExpression(n)) {
src/notation/internal/notationtuningbridge.cpp,882,if,applyRegionTuning,if (tuningMode == mu::composing::intonation::TuningMode::FreeDrift) {
src/notation/internal/notationtuningbridge.cpp,887,if,applyRegionTuning,if (rStartSeg) {
src/notation/internal/notationtuningbridge.cpp,892,if,applyRegionTuning,if (excludeStaves.count(si)
src/notation/internal/notationtuningbridge.cpp,899,if,applyRegionTuning,if (!cr || !cr->isChord() || cr->isGrace()) {
src/notation/internal/notationtuningbridge.cpp,903,if,applyRegionTuning,if (s->tick() + ch->actualTicks() <= rStart) {
src/notation/internal/notationtuningbridge.cpp,907,if,applyRegionTuning,if (!n->play() || !n->visible()) {
src/notation/internal/notationtuningbridge.cpp,910,if,applyRegionTuning,if (hasTuningAnchorExpression(n)) {
src/notation/internal/notationtuningbridge.cpp,930,if,applyRegionTuning,if (annotateDriftBounds
src/notation/internal/notationtuningbridge.cpp,936,if,applyRegionTuning,if (rStartSeg) {
src/notation/internal/notationtuningbridge.cpp,938,if,applyRegionTuning,if (excludeStaves.count(si)
src/notation/internal/notationtuningbridge.cpp,944,ternary,applyRegionTuning,"label += (cents >= 0) ? ""+"" : """";"
src/notation/internal/notationtuningbridge.cpp,962,if,applyRegionTuning,if (minimizeRetune) {
src/notation/internal/notationtuningbridge.cpp,970,if,applyRegionTuning,if (excludeStaves.count(si)
src/notation/internal/notationtuningbridge.cpp,977,if,applyRegionTuning,if (!cr || !cr->isChord() || cr->isGrace()) {
src/notation/internal/notationtuningbridge.cpp,981,if,applyRegionTuning,if (!n->play() || !n->visible()) {
src/notation/internal/notationtuningbridge.cpp,984,if,applyRegionTuning,if (noteHasNonPartialTie(n)) {
src/notation/internal/notationtuningbridge.cpp,986,if,applyRegionTuning,if (meanShiftTieRoots.count(tieRoot)) {
src/notation/internal/notationtuningbridge.cpp,992,if,applyRegionTuning,if (hasTuningAnchorExpression(authorityNote)) {
src/notation/internal/notationtuningbridge.cpp,996,if,applyRegionTuning,if (tuningMode == mu::composing::intonation::TuningMode::FreeDrift
src/notation/internal/notationtuningbridge.cpp,1010,if,applyRegionTuning,if (hasTuningAnchorExpression(n)) {
src/notation/internal/notationtuningbridge.cpp,1019,if,applyRegionTuning,if (cnt > 0) {
src/notation/internal/notationtuningbridge.cpp,1034,if,applyRegionTuning,if (excludeStaves.count(si)
src/notation/internal/notationtuningbridge.cpp,1041,if,applyRegionTuning,if (!cr || !cr->isChord() || cr->isGrace()) {
src/notation/internal/notationtuningbridge.cpp,1046,if,applyRegionTuning,if (!n->play() || !n->visible()) {
src/notation/internal/notationtuningbridge.cpp,1049,if,applyRegionTuning,if (noteHasNonPartialTie(n)) {
src/notation/internal/notationtuningbridge.cpp,1060,ternary,applyRegionTuning,const Note* tieRoot = allowTieBoundarySegmentation ? regionTieRoot : fullTieRoot;
src/notation/internal/notationtuningbridge.cpp,1061,if,applyRegionTuning,if (processedTieRoots.count(tieRoot)) {
src/notation/internal/notationtuningbridge.cpp,1067,ternary,applyRegionTuning,? tieRoot
src/notation/internal/notationtuningbridge.cpp,1071,if,applyRegionTuning,if (tuningMode == mu::composing::intonation::TuningMode::FreeDrift) {
src/notation/internal/notationtuningbridge.cpp,1075,if,applyRegionTuning,if (boundaryCrossesRegion && !allowTieBoundarySegmentation) {
src/notation/internal/notationtuningbridge.cpp,1079,else-if,applyRegionTuning,"} else if (!computeTieChainOffset(authorityNote, tuningSystem, tonicAnchored,"
src/notation/internal/notationtuningbridge.cpp,1084,if,applyRegionTuning,if (allowTieBoundarySegmentation
src/notation/internal/notationtuningbridge.cpp,1089,if,applyRegionTuning,if (allowTieBoundarySegmentation) {
src/notation/internal/notationtuningbridge.cpp,1090,if,applyRegionTuning,"if (retuneAtExistingTieBoundary(score, const_cast<Note*>(regionTieRoot))) {"
src/notation/internal/notationtuningbridge.cpp,1096,ternary,applyRegionTuning,"? collectNonPartialTieChainInRegion(n, rStart, rEnd)"
src/notation/internal/notationtuningbridge.cpp,1099,if,applyRegionTuning,if (!tiedNote->play() || !tiedNote->visible()) {
src/notation/internal/notationtuningbridge.cpp,1102,if,applyRegionTuning,if (std::abs(tiedNote->tuning() - tieOffset) < kEpsilonCents) {
src/notation/internal/notationtuningbridge.cpp,1109,if,applyRegionTuning,if (annotateTuning && tieRoot->chord() && tieRoot->chord()->segment()) {
src/notation/internal/notationtuningbridge.cpp,1122,if,applyRegionTuning,if (hasTuningAnchorExpression(n)) {
src/notation/internal/notationtuningbridge.cpp,1132,if,applyRegionTuning,if (tuningMode == mu::composing::intonation::TuningMode::FreeDrift) {
src/notation/internal/notationtuningbridge.cpp,1134,if,applyRegionTuning,if (annotateTuning) {
src/notation/internal/notationtuningbridge.cpp,1136,if,applyRegionTuning,if (!tuningAnnotation.empty()) tuningAnnotation += ' ';
src/notation/internal/notationtuningbridge.cpp,1137,ternary,applyRegionTuning,"tuningAnnotation += (cents >= 0 ? ""+"" : """")"
src/notation/internal/notationtuningbridge.cpp,1140,if,applyRegionTuning,if (std::abs(n->tuning() - desired) >= kEpsilonCents) {
src/notation/internal/notationtuningbridge.cpp,1145,if,applyRegionTuning,if (std::abs(n->tuning()) >= kEpsilonCents) {
src/notation/internal/notationtuningbridge.cpp,1149,if,applyRegionTuning,if (annotateTuning) {
src/notation/internal/notationtuningbridge.cpp,1150,if,applyRegionTuning,if (!tuningAnnotation.empty()) tuningAnnotation += ' ';
src/notation/internal/notationtuningbridge.cpp,1157,if,applyRegionTuning,if (annotateTuning) {
src/notation/internal/notationtuningbridge.cpp,1159,if,applyRegionTuning,if (!tuningAnnotation.empty()) tuningAnnotation += ' ';
src/notation/internal/notationtuningbridge.cpp,1160,ternary,applyRegionTuning,"tuningAnnotation += (cents >= 0 ? ""+"" : """") + std::to_string(cents);"
src/notation/internal/notationtuningbridge.cpp,1162,if,applyRegionTuning,if (std::abs(n->tuning() - desired) < kEpsilonCents) {
src/notation/internal/notationtuningbridge.cpp,1168,if,applyRegionTuning,if (annotateTuning && !tuningAnnotation.empty()) {
src/notation/internal/notationtuningbridge.cpp,1186,if,applyRegionTuning,if (!allowSplitSlurOfSustainedEvents) {
src/notation/internal/notationtuningbridge.cpp,1194,if,applyRegionTuning,if (!rStartSeg) {
src/notation/internal/notationtuningbridge.cpp,1203,if,applyRegionTuning,if (excludeStaves.count(si)
src/notation/internal/notationtuningbridge.cpp,1211,if,applyRegionTuning,if (!cr || !cr->isChord() || cr->isGrace()) {
src/notation/internal/notationtuningbridge.cpp,1217,if,applyRegionTuning,if (noteEndTick <= rStart) {
src/notation/internal/notationtuningbridge.cpp,1230,if,applyRegionTuning,if (!n->play() || !n->visible()) {
src/notation/internal/notationtuningbridge.cpp,1233,if,applyRegionTuning,if (noteHasNonPartialTie(n)) {
src/notation/internal/notationtuningbridge.cpp,1237,if,applyRegionTuning,if (hasTuningAnchorExpression(n)) {
src/notation/internal/notationtuningbridge.cpp,1241,if,applyRegionTuning,if (std::abs(n->tuning() - finalOffset(n->ppitch()))
src/notation/internal/notationtuningbridge.cpp,1249,if,applyRegionTuning,if (hasAnchor || hasNonPartialTie || !anyNeedsTuning) {
src/notation/internal/notationtuningbridge.cpp,1256,ternary,applyRegionTuning,? toChord(noteSeg->cr(origTrack))
src/notation/internal/notationtuningbridge.cpp,1258,if,applyRegionTuning,if (!chordMut) {
src/notation/internal/notationtuningbridge.cpp,1262,if,applyRegionTuning,"if (splitAndTuneChord(score, chordMut, rStart,"
src/notation/internal/notationtuningbridge.cpp,1267,if,applyRegionTuning,if (annotateTuning) {
src/notation/internal/notationtuningbridge.cpp,1270,if,applyRegionTuning,if (splitSeg) {
src/notation/internal/notationtuningbridge.cpp,1272,if,applyRegionTuning,if (splitCr && splitCr->isChord()) {
src/notation/internal/notationtuningbridge.cpp,1275,if,applyRegionTuning,if (!n->play() || !n->visible()) {
src/notation/internal/notationtuningbridge.cpp,1279,if,applyRegionTuning,if (!tuningAnnotation.empty()) tuningAnnotation += ' ';
src/notation/internal/notationtuningbridge.cpp,1280,ternary,applyRegionTuning,"tuningAnnotation += (cents >= 0 ? ""+"" : """") + std::to_string(cents);"
src/notation/internal/notationtuningbridge.cpp,1282,if,applyRegionTuning,if (!tuningAnnotation.empty()) {
src/notation/internal/notationaccessibility.cpp,87,ternary,setEnabled,AccessibleItemPtr selectedElementAccItem = selectedElement ? selectedElement->accessible() : nullptr;
src/notation/internal/notationaccessibility.cpp,92,if,setEnabled,if (!enabled) {
src/notation/internal/notationaccessibility.cpp,97,if,setEnabled,if (!selectedElementAccItem) {
src/notation/internal/notationaccessibility.cpp,101,if,setEnabled,if (selectedElementAccItem->accessibleRoot() == root) {
src/notation/internal/notationaccessibility.cpp,112,if,updateAccessibilityInfo,if (!score()) {
src/notation/internal/notationaccessibility.cpp,118,if,updateAccessibilityInfo,if (selection()->isSingle()) {
src/notation/internal/notationaccessibility.cpp,120,else-if,updateAccessibilityInfo,} else if (selection()->isRange()) {
src/notation/internal/notationaccessibility.cpp,122,else-if,updateAccessibilityInfo,} else if (selection()->isList()) {
src/notation/internal/notationaccessibility.cpp,136,if,setAccessibilityInfo,if (m_accessibilityInfo.val == infoStd) {
src/notation/internal/notationaccessibility.cpp,147,if,rangeAccessibilityInfo,if (!endSegment) {
src/notation/internal/notationaccessibility.cpp,156,if,rangeAccessibilityInfo,if (startBarbeat.displayedBar != startBarbeat.bar) {
src/notation/internal/notationaccessibility.cpp,163,if,rangeAccessibilityInfo,if (endBarbeat.displayedBar != endBarbeat.bar) {
src/notation/internal/notationaccessibility.cpp,176,if,singleElementAccessibilityInfo,if (!element) {
src/notation/internal/notationaccessibility.cpp,183,if,singleElementAccessibilityInfo,if (!barsAndBeats.isEmpty()) {
src/notation/internal/notationaccessibility.cpp,187,if,singleElementAccessibilityInfo,if (element->hasStaff()) {
src/notation/internal/notationaccessibility.cpp,191,if,singleElementAccessibilityInfo,if (staffName.isEmpty()) {
src/notation/internal/notationaccessibility.cpp,195,if,singleElementAccessibilityInfo,if (staffName.isEmpty()) {
src/notation/internal/notationaccessibility.cpp,203,if,singleElementAccessibilityInfo,if (element->isNote()) {
src/notation/internal/notationaccessibility.cpp,205,if,singleElementAccessibilityInfo,if (!annotation.empty()) {
tools/joint_estimator/adoption_measure.py,225,if,<module-scope>,"if __name__ == ""__main__"":"
tools/joint_estimator/adoption_measure.py,97,for,load_adapter_pieces,"for stem, p in adp[""pieces""].items():"
tools/joint_estimator/adoption_measure.py,136,if,phase_decode,if limit:
tools/joint_estimator/adoption_measure.py,143,for,phase_decode,"for idx, stem in enumerate(stems):"
tools/joint_estimator/adoption_measure.py,173,if,phase_decode,if not limit and not established:
tools/joint_estimator/adoption_measure.py,178,for,phase_decode,for preset in PRESETS:
tools/joint_estimator/adoption_measure.py,228,if,<module-scope>,"if ""--limit"" in sys.argv:"
tools/joint_estimator/adoption_measure.py,230,if,<module-scope>,"if mode in (""decode"", ""all""):"
tools/joint_estimator/adoption_measure.py,232,if,<module-scope>,"if mode in (""measure"", ""all""):"
tools/joint_estimator/adoption_measure.py,155,if,phase_decode,if stem in oracle_sel:
tools/joint_estimator/adoption_measure.py,160,if,phase_decode,if verbose and idx % 25 == 0:
tools/joint_estimator/adoption_measure.py,181,for,phase_decode,"for f in d.glob(""*.ours.json""):"
tools/joint_estimator/adoption_measure.py,184,for,phase_decode,for stem in stems:
tools/joint_estimator/adoption_measure.py,226,ternary,<module-scope>,"mode = sys.argv[1] if len(sys.argv) > 1 else ""all"""
tools/joint_estimator/adoption_measure.py,158,if,phase_decode,if mine != theirs:
tools/joint_estimator/adoption_measure.py,99,ternary,load_adapter_pieces,"n_quarter=p[""n_quarter""], meter=tuple(p[""meter""]) if p[""meter""] else None)"
tools/joint_estimator/adoption_measure_b.py,554,if,<module-scope>,"if __name__ == ""__main__"":"
tools/joint_estimator/adoption_measure_b.py,62,if,run_a8_and_diff,if r1.returncode != 0:
tools/joint_estimator/adoption_measure_b.py,80,for,parse_runs_spans,"for i, ln in enumerate(path.read_text(encoding=""utf-8"").splitlines()):"
tools/joint_estimator/adoption_measure_b.py,90,if,parse_runs_spans,if skipped:
tools/joint_estimator/adoption_measure_b.py,98,if,_key_at,if i is None:
tools/joint_estimator/adoption_measure_b.py,112,for,diagnose_setdiff,for preset in am.PRESETS:
tools/joint_estimator/adoption_measure_b.py,190,for,gt_self_agreement_ceiling,"for stem, regs in A_regions.items():"
tools/joint_estimator/adoption_measure_b.py,230,for,paired_bootstrap,"for name, pp in ((""A"", a_pp), (""cur"", cur_pp)):"
tools/joint_estimator/adoption_measure_b.py,237,for,paired_bootstrap,for axis in fr.AXES:
tools/joint_estimator/adoption_measure_b.py,267,for,main,for preset in am.PRESETS:
tools/joint_estimator/adoption_measure_b.py,312,for,main,for preset in am.PRESETS:
tools/joint_estimator/adoption_measure_b.py,332,for,main,for preset in am.PRESETS:
tools/joint_estimator/adoption_measure_b.py,485,for,write_summary,for a in A:
tools/joint_estimator/adoption_measure_b.py,493,for,write_summary,for p in am.PRESETS:
tools/joint_estimator/adoption_measure_b.py,506,for,write_summary,for p in am.PRESETS:
tools/joint_estimator/adoption_measure_b.py,523,for,write_summary,for p in am.PRESETS:
tools/joint_estimator/adoption_measure_b.py,81,if,parse_runs_spans,if i < 2 or not ln.strip():
tools/joint_estimator/adoption_measure_b.py,84,if,parse_runs_spans,if not m:
tools/joint_estimator/adoption_measure_b.py,119,for,diagnose_setdiff,"for (stem, start, orr, dr), v in ref.items():"
tools/joint_estimator/adoption_measure_b.py,125,for,diagnose_setdiff,for k in added:
tools/joint_estimator/adoption_measure_b.py,192,if,gt_self_agreement_ceiling,if not wir:
tools/joint_estimator/adoption_measure_b.py,196,for,gt_self_agreement_ceiling,for c in pg.cells:
tools/joint_estimator/adoption_measure_b.py,232,for,paired_bootstrap,"for axis, (ag, ds) in fr._NUM.items():"
tools/joint_estimator/adoption_measure_b.py,269,for,main,for s in stems:
tools/joint_estimator/adoption_measure_b.py,120,if,diagnose_setdiff,"if v[""cls""] == ""b"":"
tools/joint_estimator/adoption_measure_b.py,128,if,diagnose_setdiff,"if v[""cls""] != ""b"":"
tools/joint_estimator/adoption_measure_b.py,137,if,diagnose_setdiff,if di is not None:
tools/joint_estimator/adoption_measure_b.py,158,if,diagnose_setdiff,if not overlaps_current:
tools/joint_estimator/adoption_measure_b.py,198,if,gt_self_agreement_ceiling,if di is None:
tools/joint_estimator/adoption_measure_b.py,203,if,gt_self_agreement_ceiling,if gt is None or lt is None:
tools/joint_estimator/adoption_measure_b.py,214,ternary,gt_self_agreement_ceiling,"""ceiling_home_pct"": round(100.0 * home_eq_local / scored, 2) if scored else None,"
tools/joint_estimator/adoption_measure_b.py,215,ternary,gt_self_agreement_ceiling,"""modulated_fraction_pct"": round(100.0 * home_ne_local / scored, 2) if scored else None,"
tools/joint_estimator/adoption_measure_b.py,271,if,main,if not p.exists():
tools/joint_estimator/adoption_measure_b.py,274,if,main,if g is not None:
tools/joint_estimator/adoption_measure_b.py,132,ternary,diagnose_setdiff,interval = (dr - orr) % 12 if (dr >= 0 and orr >= 0) else None
tools/joint_estimator/adoption_measure_b.py,135,ternary,diagnose_setdiff,"di = crn._active_index_at(dcml_spans_of.get(stem, []), start) if dcml_spans_of.get(stem) else None"
tools/joint_estimator/adoption_measure_b.py,147,ternary,diagnose_setdiff,"kind = ""churn(current also failed at overlapping span)"" if overlaps_current else \"
tools/joint_estimator/adoption_measure_b.py,149,ternary,diagnose_setdiff,"factor_hint = (""key/prior (A's local key wrong here)"" if not key_ok else"
tools/joint_estimator/adoption_measure_b.py,205,if,gt_self_agreement_ceiling,"elif (gt, gmaj) == (lt, lmaj):"
tools/joint_estimator/adoption_measure_b.py,139,ternary,diagnose_setdiff,"gkey = (lt, lm) if lt is not None else None"
tools/joint_estimator/adoption_measure_b.py,492,ternary,write_summary,"f""{'PASS' if pc['i_key_local_exceeds_beyond_CI']['pass'] else 'FAIL'}"")"
tools/joint_estimator/adoption_measure_b.py,497,ternary,write_summary,"L.append(f""  (i)  root non-degrading: {'PASS' if pc['i_root_nondegrading']['pass'] else 'FAIL'}   """
tools/joint_estimator/adoption_measure_b.py,498,ternary,write_summary,"f""RN non-degrading: {'PASS' if pc['i_rn_nondegrading']['pass'] else 'FAIL'}"")"
tools/joint_estimator/adoption_measure_b.py,502,ternary,write_summary,"f""{'PASS' if pc['ib_modulation_band']['pass'] else 'FAIL'}"")"
tools/joint_estimator/adoption_measure_b.py,504,ternary,write_summary,"f""{'PASS' if pc['ii_class_b_duration_net_decrease']['pass'] else 'FAIL'}   """
tools/joint_estimator/adoption_measure_b.py,512,ternary,write_summary,"f""{'PASS' if pc['key_abstain_zero']['pass'] else 'FAIL'}"")"
tools/joint_estimator/adoption_measure_b.py,543,ternary,write_summary,"f""band {pm['modulation']['band']} -> {'in' if pm['modulation']['within'] else 'OUT'}"")"
tools/joint_estimator/adoption_measure_b.py,156,ternary,diagnose_setdiff,"buckets[(interval_class, ""key_ok"" if key_ok else ""key_wrong"","
tools/joint_estimator/adoption_measure_b.py,157,ternary,diagnose_setdiff,"""churn"" if overlaps_current else ""genuine_new"")] += 1"
tools/joint_estimator/adoption_measure_b.py,496,ternary,write_summary,"f""{'  *excludes 0' if d['excludes_zero'] else '  (spans 0)'}"")"
tools/joint_estimator/adoption_measure_b.py,510,ternary,write_summary,"f""{cb['delta_class_a_dur']:+d}{'  **INVESTIGATE' if cb['class_a_investigate'] else ''}"")"
tools/joint_estimator/fit_run.py,615,if,<module-scope>,"if __name__ == ""__main__"":"
tools/joint_estimator/fit_run.py,88,for,decode_and_grade,"for idx, stem in enumerate(stems):"
tools/joint_estimator/fit_run.py,107,for,pooled,for v in per_piece.values():
tools/joint_estimator/fit_run.py,110,for,pooled,"for axis, (a, d) in _NUM.items():"
tools/joint_estimator/fit_run.py,124,for,bootstrap,"for name, arm in arms.items():"
tools/joint_estimator/fit_run.py,133,for,bootstrap,"for name, m in mats.items():"
tools/joint_estimator/fit_run.py,143,if,bootstrap,"if ""fitted_cv"" in draws and ""identity_cv"" in draws:"
tools/joint_estimator/fit_run.py,159,for,prune_cost,"for name, (cap, topk) in ((""tight"", (4, 6)), (""loose"", (6, 12))):"
tools/joint_estimator/fit_run.py,189,for,sensitive_cases,for stem in stems:
tools/joint_estimator/fit_run.py,233,if,cadence_window_report,if blob.returncode != 0:
tools/joint_estimator/fit_run.py,239,for,cadence_window_report,"for stem, rec in dec[""pieces""].items():"
tools/joint_estimator/fit_run.py,287,if,cadence_window_report,if write:
tools/joint_estimator/fit_run.py,289,if,cadence_window_report,if verbose:
tools/joint_estimator/fit_run.py,314,for,deceptive_cadence_check,"for label, ad in ((""desk_sim_provisional_weights"", ds.ProvisionalAdapter()),"
tools/joint_estimator/fit_run.py,327,if,deceptive_cadence_check,if verbose:
tools/joint_estimator/fit_run.py,351,for,mechanism_report,for stem in stems:
tools/joint_estimator/fit_run.py,394,if,mechanism_report,if write:
tools/joint_estimator/fit_run.py,396,if,mechanism_report,if verbose:
tools/joint_estimator/fit_run.py,404,if,main,"if argv and argv[0] == ""window"":"
tools/joint_estimator/fit_run.py,406,if,main,"if argv and argv[0] == ""mechanism"":"
tools/joint_estimator/fit_run.py,414,for,main,for fold in range(fw.N_FOLDS):
tools/joint_estimator/fit_run.py,439,for,main,"for axis, (lo, hi) in PREDICTION_BANDS.items():"
tools/joint_estimator/fit_run.py,514,for,write_summary,for axis in AXES:
tools/joint_estimator/fit_run.py,526,for,write_summary,for axis in AXES:
tools/joint_estimator/fit_run.py,537,for,write_summary,for n in fw.W_NAMES:
tools/joint_estimator/fit_run.py,557,if,write_summary,if dc:
tools/joint_estimator/fit_run.py,567,for,write_summary,"for stem, r in g[""sensitive_cases""].items():"
tools/joint_estimator/fit_run.py,577,if,write_summary,if est:
tools/joint_estimator/fit_run.py,587,for,write_summary,"for k in sorted(wf[""folds""]):"
tools/joint_estimator/fit_run.py,94,if,decode_and_grade,if r.cadence_fires:
tools/joint_estimator/fit_run.py,98,if,decode_and_grade,if g is not None:
tools/joint_estimator/fit_run.py,100,if,decode_and_grade,if verbose and idx % 50 == 0:
tools/joint_estimator/fit_run.py,126,for,bootstrap,"for axis, (a, d) in _NUM.items():"
tools/joint_estimator/fit_run.py,136,for,bootstrap,for axis in AXES:
tools/joint_estimator/fit_run.py,144,for,bootstrap,for axis in AXES:
tools/joint_estimator/fit_run.py,164,for,prune_cost,for stem in sample:
tools/joint_estimator/fit_run.py,173,for,prune_cost,"for axis, (a, d) in _NUM.items():"
tools/joint_estimator/fit_run.py,242,for,cadence_window_report,"for si, s in enumerate(rec[""segments""]):"
tools/joint_estimator/fit_run.py,291,for,cadence_window_report,for f in pd.CADENCE_FEATURES:
tools/joint_estimator/fit_run.py,317,for,deceptive_cadence_check,"for hyp_label, hyp in case.hyps.items():"
tools/joint_estimator/fit_run.py,328,for,deceptive_cadence_check,"for k, v in out[""arms""].items():"
tools/joint_estimator/fit_run.py,355,for,mechanism_report,"for name, wts in ((""identity"", pd.identity_weights()), (""fitted"", W)):"
tools/joint_estimator/fit_run.py,372,if,mechanism_report,if verbose:
tools/joint_estimator/fit_run.py,419,for,main,"for arm, wts in ((""fitted_cv"", rec[""weights""]), (""identity_cv"", pd.identity_weights())):"
tools/joint_estimator/fit_run.py,112,ternary,pooled,"out[axis] = round(100.0 * g[a] / tot, 2) if tot else None"
tools/joint_estimator/fit_run.py,169,if,prune_cost,if gg:
tools/joint_estimator/fit_run.py,197,for,reading,for s in res.segments:
tools/joint_estimator/fit_run.py,243,if,cadence_window_report,if si == 0:
tools/joint_estimator/fit_run.py,258,for,cadence_window_report,for f in pd.CADENCE_FEATURES:
tools/joint_estimator/fit_run.py,363,for,mechanism_report,"for k, d in zip(keys, durs):"
tools/joint_estimator/fit_run.py,175,ternary,prune_cost,"cols[axis] = round(100.0 * g[a] / tot, 2) if tot else None"
tools/joint_estimator/fit_run.py,198,if,reading,"if s[""start_tick""] <= tick < s[""end_tick""]:"
tools/joint_estimator/fit_run.py,206,ternary,cols,"return {axis: (round(100.0 * g[a] / (g[a] + g[d]), 1) if (g[a] + g[d]) else None)"
tools/joint_estimator/fit_run.py,443,ternary,main,"""vs_step1_identity_pp"": (round(v - STEP1_IDENTITY[axis], 2)"
tools/joint_estimator/fit_run.py,206,ternary,cols,"return {axis: (round(100.0 * g[a] / (g[a] + g[d]), 1) if (g[a] + g[d]) else None)"
tools/joint_estimator/fit_run.py,529,ternary,write_summary,"f""{'HOLDS' if v['holds'] else '*** OUTSIDE BAND ***'}  """
tools/joint_estimator/fit_run.py,580,ternary,write_summary,"f""({'PASS' if est.get('viterbi_parity', {}).get('pass') else 'FAIL'})"")"
tools/joint_estimator/fit_run.py,586,ternary,write_summary,"f""({'PASS' if est.get('gradient', {}).get('pass') else 'FAIL'})"")"
tools/joint_estimator/fit_weights.py,1030,if,<module-scope>,"if __name__ == ""__main__"":"
tools/joint_estimator/fit_weights.py,171,for,gt_event_labels,for ev in piece.events:
tools/joint_estimator/fit_weights.py,207,while,gt_units,while i < n:
tools/joint_estimator/fit_weights.py,226,while,gt_path_for_unit,while i < hi:
tools/joint_estimator/fit_weights.py,272,if,build_unit,if sig_fifths is not None:
tools/joint_estimator/fit_weights.py,280,if,build_unit,if gt_path is not None:
tools/joint_estimator/fit_weights.py,288,for,build_unit,for i in range(n):
tools/joint_estimator/fit_weights.py,339,for,build_unit,for s in range(lat.span_i.size):
tools/joint_estimator/fit_weights.py,346,for,build_unit,"for i in range(1, n):"
tools/joint_estimator/fit_weights.py,358,if,build_unit,if is_head:
tools/joint_estimator/fit_weights.py,365,if,build_unit,if gt_path is not None:
tools/joint_estimator/fit_weights.py,382,for,gt_features,"for si, (a, b, k, c) in enumerate(gt_path):"
tools/joint_estimator/fit_weights.py,424,if,_logsumexp_rows,if ok.any():
tools/joint_estimator/fit_weights.py,465,if,unit_logZ_and_expect,if wctx is None:
tools/joint_estimator/fit_weights.py,473,if,unit_logZ_and_expect,if lat.is_head:
tools/joint_estimator/fit_weights.py,520,for,unit_logZ_and_expect,for b in range(n):
tools/joint_estimator/fit_weights.py,542,if,unit_logZ_and_expect,if not np.isfinite(fin).any():
tools/joint_estimator/fit_weights.py,544,if,unit_logZ_and_expect,if is_max:
tools/joint_estimator/fit_weights.py,548,if,unit_logZ_and_expect,if not want_grad:
tools/joint_estimator/fit_weights.py,557,for,unit_logZ_and_expect,"for b in range(n - 1, -1, -1):"
tools/joint_estimator/fit_weights.py,605,if,unit_logZ_and_expect,if lat.is_head:
tools/joint_estimator/fit_weights.py,609,for,unit_logZ_and_expect,"for b in range(1, n):"
tools/joint_estimator/fit_weights.py,718,if,fit,if verbose:
tools/joint_estimator/fit_weights.py,730,for,heldout_nll,for u in units:
tools/joint_estimator/fit_weights.py,759,for,build_units,"for idx, stem in enumerate(stems):"
tools/joint_estimator/fit_weights.py,814,for,establish_viterbi_parity,for stem in stems:
tools/joint_estimator/fit_weights.py,839,for,establish_gradient,for i in range(NW):
tools/joint_estimator/fit_weights.py,853,if,establish_gradient,if verbose:
tools/joint_estimator/fit_weights.py,864,for,establish_forward_backward,for u in units[:k]:
tools/joint_estimator/fit_weights.py,896,for,fit_one,for lam in LAMBDA_GRID:
tools/joint_estimator/fit_weights.py,920,for,run_fit,for fold in todo:
tools/joint_estimator/fit_weights.py,938,if,run_fit,if do_all:
tools/joint_estimator/fit_weights.py,975,if,run_fit,if out_path:
tools/joint_estimator/fit_weights.py,987,if,main,"if argv and argv[0] == ""--folds"":"
tools/joint_estimator/fit_weights.py,1004,if,merge_parts,if not parts:
tools/joint_estimator/fit_weights.py,1008,for,merge_parts,for p in parts:
tools/joint_estimator/fit_weights.py,1019,if,merge_parts,"if missing or merged[""all""] is None:"
tools/joint_estimator/fit_weights.py,122,for,__init__,"for mi, is_major in ((0, True), (1, False)):"
tools/joint_estimator/fit_weights.py,130,for,__init__,"for mi, is_major in ((0, True), (1, False)):"
tools/joint_estimator/fit_weights.py,135,for,__init__,for ka in range(24):
tools/joint_estimator/fit_weights.py,153,ternary,kidx_of,return (tonic % 12) if is_major else (tonic % 12) + 12
tools/joint_estimator/fit_weights.py,172,if,gt_event_labels,if ev[pd.EV_MEAS] == 0:
tools/joint_estimator/fit_weights.py,177,if,gt_event_labels,if si < 0:
tools/joint_estimator/fit_weights.py,181,if,gt_event_labels,if si in excluded:
tools/joint_estimator/fit_weights.py,186,if,gt_event_labels,"if s[""tonic""] is None or s[""is_major""] is None:"
tools/joint_estimator/fit_weights.py,192,if,gt_event_labels,if ci is None:
tools/joint_estimator/fit_weights.py,208,if,gt_units,if labels[i] is None:
tools/joint_estimator/fit_weights.py,212,while,gt_units,while j + 1 < n and labels[j + 1] is not None:
tools/joint_estimator/fit_weights.py,229,while,gt_path_for_unit,while j + 1 < hi and labels[j + 1][2] == si:
tools/joint_estimator/fit_weights.py,234,while,gt_path_for_unit,while a <= j:
tools/joint_estimator/fit_weights.py,273,for,build_unit,"for (t, m) in pd.KEYS_24:"
tools/joint_estimator/fit_weights.py,281,for,build_unit,"for (a, b, k, c) in gt_path:"
tools/joint_estimator/fit_weights.py,289,for,build_unit,"for j in range(i + 1, min(n, i + seg_cap) + 1):"
tools/joint_estimator/fit_weights.py,347,for,build_unit,for k in range(24):
tools/joint_estimator/fit_weights.py,359,for,build_unit,for k in range(24):
tools/joint_estimator/fit_weights.py,386,if,gt_features,if feat is None:
tools/joint_estimator/fit_weights.py,392,if,gt_features,if si == 0:
tools/joint_estimator/fit_weights.py,403,if,gt_features,if pk == k:
tools/joint_estimator/fit_weights.py,410,for,gt_features,"for fi, f in enumerate(pd.CADENCE_FEATURES):"
tools/joint_estimator/fit_weights.py,485,if,trans_in,if fin.any():
tools/joint_estimator/fit_weights.py,501,if,trans_in,if is_max:
tools/joint_estimator/fit_weights.py,511,if,trans_in,if is_max:
tools/joint_estimator/fit_weights.py,521,if,unit_logZ_and_expect,if b == 0:
tools/joint_estimator/fit_weights.py,531,for,unit_logZ_and_expect,for s in spans_from[b]:
tools/joint_estimator/fit_weights.py,559,for,unit_logZ_and_expect,for s in spans_from[b]:
tools/joint_estimator/fit_weights.py,568,if,unit_logZ_and_expect,if b == 0:
tools/joint_estimator/fit_weights.py,574,if,unit_logZ_and_expect,if finm.any():
tools/joint_estimator/fit_weights.py,585,if,unit_logZ_and_expect,if np.isfinite(mg):
tools/joint_estimator/fit_weights.py,610,if,unit_logZ_and_expect,if keep[b] is None or not np.isfinite(mu[b]).any() or mu[b].sum() <= 0.0:
tools/joint_estimator/fit_weights.py,623,if,unit_logZ_and_expect,if np.isfinite(mb):
tools/joint_estimator/fit_weights.py,631,for,unit_logZ_and_expect,"for mi, sl in ((0, slice(0, 12)), (1, slice(12, 24))):"
tools/joint_estimator/fit_weights.py,639,ternary,unit_logZ_and_expect,logZ_bwd = float(mz + math.log(np.exp(z0 - mz).sum())) if np.isfinite(mz) else NEG_INF
tools/joint_estimator/fit_weights.py,666,for,nll_and_grad,for u in self.units:
tools/joint_estimator/fit_weights.py,683,ternary,fit,"x0 = identity_vector() if x0 is None else np.array(x0, dtype=np.float64)"
tools/joint_estimator/fit_weights.py,732,if,heldout_nll,if not np.isfinite(logZ):
tools/joint_estimator/fit_weights.py,760,if,build_units,if stem in gnt.FLAGGED:
tools/joint_estimator/fit_weights.py,766,for,build_units,"for k, v in ldiag.items():"
tools/joint_estimator/fit_weights.py,769,if,build_units,if not us:
tools/joint_estimator/fit_weights.py,774,if,build_units,if len(us) > 1:
tools/joint_estimator/fit_weights.py,778,for,build_units,"for ui, (lo, hi) in enumerate(us):"
tools/joint_estimator/fit_weights.py,795,if,build_units,if verbose and idx % 40 == 0:
tools/joint_estimator/fit_weights.py,811,ternary,establish_viterbi_parity,"x = identity_vector() if weights is None else np.asarray(weights, dtype=np.float64)"
tools/joint_estimator/fit_weights.py,826,if,establish_viterbi_parity,if verbose:
tools/joint_estimator/fit_weights.py,829,ternary,establish_viterbi_parity,"worst = max(abs(x[""delta""]) for x in rows) if rows else 0.0"
tools/joint_estimator/fit_weights.py,836,ternary,establish_gradient,"x = identity_vector() if x is None else np.asarray(x, dtype=np.float64)"
tools/joint_estimator/fit_weights.py,862,ternary,establish_forward_backward,"x = identity_vector() if x is None else np.asarray(x, dtype=np.float64)"
tools/joint_estimator/fit_weights.py,902,if,fit_one,if verbose:
tools/joint_estimator/fit_weights.py,917,ternary,run_fit,todo = list(range(N_FOLDS)) if folds is None else list(folds)
tools/joint_estimator/fit_weights.py,921,if,run_fit,if verbose:
tools/joint_estimator/fit_weights.py,926,if,run_fit,"if fold == todo[0] and ""gradient"" not in established:"
tools/joint_estimator/fit_weights.py,939,if,run_fit,if verbose:
tools/joint_estimator/fit_weights.py,990,if,main,"elif argv and argv[0] == ""--all"":"
tools/joint_estimator/fit_weights.py,1011,if,merge_parts,"if d.get(""all""):"
tools/joint_estimator/fit_weights.py,1013,for,merge_parts,"for k, v in (d.get(""establishment"") or {}).items():"
tools/joint_estimator/fit_weights.py,123,for,__init__,"for a, ak in enumerate(self.cls_keys):"
tools/joint_estimator/fit_weights.py,131,for,__init__,"for a, ak in enumerate(self.cls_keys):"
tools/joint_estimator/fit_weights.py,136,for,__init__,for kb in range(24):
tools/joint_estimator/fit_weights.py,237,if,gt_path_for_unit,if not first:
tools/joint_estimator/fit_weights.py,274,if,build_unit,"if m and glt._collection_fifths(t, m) == sig_fifths:"
tools/joint_estimator/fit_weights.py,282,for,build_unit,"for e in range(a, b):"
tools/joint_estimator/fit_weights.py,293,if,build_unit,if gt_path is not None and augment_gt:
tools/joint_estimator/fit_weights.py,301,if,build_unit,if want is not None:
tools/joint_estimator/fit_weights.py,313,if,build_unit,if not cands:
tools/joint_estimator/fit_weights.py,319,for,build_unit,"for (tonic, is_major, ckey) in cands:"
tools/joint_estimator/fit_weights.py,350,for,build_unit,"for fi, f in enumerate(pd.CADENCE_FEATURES):"
tools/joint_estimator/fit_weights.py,393,if,gt_features,if is_head:
tools/joint_estimator/fit_weights.py,411,if,gt_features,if fired[f]:
tools/joint_estimator/fit_weights.py,489,if,trans_in,if is_max:
tools/joint_estimator/fit_weights.py,500,ternary,trans_in,Bk = prev.max(axis=1) if is_max else _logsumexp_rows(prev)
tools/joint_estimator/fit_weights.py,505,if,trans_in,if np.isfinite(mb):
tools/joint_estimator/fit_weights.py,525,if,unit_logZ_and_expect,if not np.isfinite(logA[b]).any():
tools/joint_estimator/fit_weights.py,529,ternary,unit_logZ_and_expect,"base[b] = (ins + cadw[b][:, None]) if b > 0 else ins"
tools/joint_estimator/fit_weights.py,533,if,unit_logZ_and_expect,if hi_c <= lo_c:
tools/joint_estimator/fit_weights.py,561,if,unit_logZ_and_expect,if hi_c <= lo_c:
tools/joint_estimator/fit_weights.py,578,for,unit_logZ_and_expect,"for mi, sl in ((0, slice(0, 12)), (1, slice(12, 24))):"
tools/joint_estimator/fit_weights.py,654,ternary,__init__,"self.F_gt = np.stack([u.F_gt for u in units]) if units else np.zeros((0, NW))"
tools/joint_estimator/fit_weights.py,668,if,nll_and_grad,if EF is None:
tools/joint_estimator/fit_weights.py,704,ternary,fit,"""objective_start"": evals[0] if evals else None, ""objective_end"": float(f_end),"
tools/joint_estimator/fit_weights.py,783,if,build_units,if want_gt and lat.F_gt is None:
tools/joint_estimator/fit_weights.py,789,if,build_units,if lat.gt_prov:
tools/joint_estimator/fit_weights.py,871,ternary,establish_forward_backward,"""max_abs_fb_delta"": max(abs(r[""delta""]) for r in rows) if rows else 0.0,"
tools/joint_estimator/fit_weights.py,993,if,main,"elif argv and argv[0] == ""--merge"":"
tools/joint_estimator/fit_weights.py,126,for,__init__,"for b, bk in enumerate(self.cls_keys):"
tools/joint_estimator/fit_weights.py,295,if,build_unit,"if st is not None and all(gt_state[e] == st for e in range(i, j)):"
tools/joint_estimator/fit_weights.py,304,if,build_unit,if wtriple not in cset:
tools/joint_estimator/fit_weights.py,322,if,build_unit,if feat is None:
tools/joint_estimator/fit_weights.py,351,if,build_unit,if fired[f]:
tools/joint_estimator/fit_weights.py,490,for,trans_in,"for mi, sl in ((0, slice(0, 12)), (1, slice(12, 24))):"
tools/joint_estimator/fit_weights.py,493,for,trans_in,"for mi, sl in ((0, slice(0, 12)), (1, slice(12, 24))):"
tools/joint_estimator/fit_weights.py,540,ternary,unit_logZ_and_expect,"tgt[kc_i] = np.maximum(cur, contrib) if is_max else np.logaddexp(cur, contrib)"
tools/joint_estimator/fit_weights.py,567,ternary,unit_logZ_and_expect,"Mc[b] = M[b] + (cadw[b][:, None] if b > 0 else 0.0)"
tools/joint_estimator/fit_weights.py,779,ternary,build_units,"gp, splits = gt_path_for_unit(labels, lo, hi) if want_gt else (None, 0)"
tools/joint_estimator/fit_weights.py,790,for,build_units,"for k, v in lat.gt_prov.items():"
tools/joint_estimator/fit_weights.py,308,if,build_unit,elif extra is not None:
tools/joint_estimator/fit_weights.py,311,if,build_unit,if wtriple not in set(base):
tools/joint_estimator/fit_weights.py,855,ternary,establish_gradient,"f""(max rel {out['max_rel_diff']:.3e})  {'PASS' if out['pass'] else 'FAIL'}"")"
tools/joint_estimator/fit_weights.py,1021,ternary,merge_parts,"f""all-326 {'missing' if merged['all'] is None else 'present'}"")"
tools/joint_estimator/gen_content_dp_split.py,223,if,<module-scope>,"if __name__ == ""__main__"":"
tools/joint_estimator/gen_content_dp_split.py,92,try,git_hash,try:
tools/joint_estimator/gen_content_dp_split.py,117,if,main,if args.stems:
tools/joint_estimator/gen_content_dp_split.py,128,for,main,for stem in stems:
tools/joint_estimator/gen_content_dp_split.py,171,if,main,if stops:
tools/joint_estimator/gen_content_dp_split.py,212,if,main,if write:
tools/joint_estimator/gen_content_dp_split.py,142,if,main,if stem in parity_sel:
tools/joint_estimator/gen_content_dp_split.py,149,if,main,if not est_ok:
tools/joint_estimator/gen_content_dp_split.py,184,ternary,main,"""content_frac_pooled"": (tot_content / tot_total) if tot_total > 0 else None,"
tools/joint_estimator/gen_content_dp_split.py,185,ternary,main,"""content_frac_mean_of_pieces"": (sum(r[""content_frac""] for r in ok_rows) / len(ok_rows))"
tools/joint_estimator/gen_content_dp_split.py,204,ternary,main,"""coverage"": f""every-{args.stride}rd name-sorted stem = {len(stems)} of {len(all_stems)} pieces"" if write else f""explicit stems: {stems}"","
tools/joint_estimator/gen_content_dp_split.py,161,ternary,main,"""content_frac"": (content / total) if total > 0 else None,"
tools/joint_estimator/gen_content_dp_split.py,167,ternary,main,"f""calls={timer.calls} est={'ok' if est_ok else 'STOP'}"", flush=True)"
tools/joint_estimator/gen_count_inventory.py,540,if,<module-scope>,"if __name__ == ""__main__"":"
tools/joint_estimator/gen_count_inventory.py,94,if,label_components,if parts is None:
tools/joint_estimator/gen_count_inventory.py,113,if,_deg_base,if not tok:
tools/joint_estimator/gen_count_inventory.py,128,if,_is_seventh_figure,if any(tok in f for tok in _SEVENTH_TOKENS):
tools/joint_estimator/gen_count_inventory.py,144,if,_key_change_kind,if ft == tt and fmaj != tmaj:
tools/joint_estimator/gen_count_inventory.py,146,if,_key_change_kind,if fmaj and not tmaj and tt == (ft + 9) % 12:      # major -> its relative minor
tools/joint_estimator/gen_count_inventory.py,148,if,_key_change_kind,if (not fmaj) and tmaj and tt == (ft + 3) % 12:    # minor -> its relative major
tools/joint_estimator/gen_count_inventory.py,196,for,run,for stem in covered:
tools/joint_estimator/gen_count_inventory.py,264,if,run,if unparse_pct > UNPARSEABLE_STOP_PCT:
tools/joint_estimator/gen_count_inventory.py,404,if,_score_sensitive,if ca is None or cb is None:
tools/joint_estimator/gen_count_inventory.py,407,if,_score_sensitive,"if (ca[""deg_base""] == ""V"" and not ca[""minor_color""] and ca[""figure""] == ""6"""
tools/joint_estimator/gen_count_inventory.py,412,if,_score_sensitive,"if (ca[""deg_base""] == ""VI"" and ca[""minor_color""] and ca[""halfdim_sigil""] and not ca[""target""]"
tools/joint_estimator/gen_count_inventory.py,416,if,_score_sensitive,"if (not ma and ca[""deg_base""] == ""I"" and ca[""minor_color""] and not ca[""target""]"
tools/joint_estimator/gen_count_inventory.py,420,if,_score_sensitive,"if (ca[""deg_base""] == ""VI"" and ca[""minor_color""] and not ca[""target""]"
tools/joint_estimator/gen_count_inventory.py,424,if,_score_sensitive,"if ca[""target_base""] and cb[""deg_base""] and cb[""deg_base""] != ca[""target_base""]:"
tools/joint_estimator/gen_count_inventory.py,427,if,_score_sensitive,"if (ca[""deg_base""] == ""V"" and not ca[""minor_color""] and not ca[""target""]"
tools/joint_estimator/gen_count_inventory.py,445,for,_sensitive_block,"for name, per_fold in sens.items():"
tools/joint_estimator/gen_count_inventory.py,457,if,_analysis_excerpt,if not path:
tools/joint_estimator/gen_count_inventory.py,460,for,_analysis_excerpt,"for raw in Path(path).read_text(encoding=""utf-8"").splitlines():"
tools/joint_estimator/gen_count_inventory.py,476,if,main,if not FOLD_ARTIFACT.exists():
tools/joint_estimator/gen_count_inventory.py,512,for,_write_summary,"for k, n in a[""normalized_class_histogram""][""top""]:"
tools/joint_estimator/gen_count_inventory.py,529,for,_write_summary,"for name, pred in _SENS_PREDICATES.items():"
tools/joint_estimator/gen_count_inventory.py,116,ternary,_deg_base,"return parts[1].upper() if parts else """""
tools/joint_estimator/gen_count_inventory.py,201,for,run,for r in regs:
tools/joint_estimator/gen_count_inventory.py,221,for,run,for i in range(len(regs) - 1):
tools/joint_estimator/gen_count_inventory.py,251,if,run,if stem in check_stems:
tools/joint_estimator/gen_count_inventory.py,263,ternary,run,unparse_pct = 100.0 * total_unparse_all / total_labels_all if total_labels_all else 0.0
tools/joint_estimator/gen_count_inventory.py,272,for,overall,for f in folds:
tools/joint_estimator/gen_count_inventory.py,283,if,hist_block,if top_n:
tools/joint_estimator/gen_count_inventory.py,462,if,_analysis_excerpt,"if s.startswith(""m"") and not s.startswith(""Note:""):"
tools/joint_estimator/gen_count_inventory.py,464,if,_analysis_excerpt,if len(lines) >= 6:
tools/joint_estimator/gen_count_inventory.py,209,if,run,if c is None:
tools/joint_estimator/gen_count_inventory.py,214,if,run,"if c[""halfdim_sigil""] and c[""quality""] not in (""HalfDim"", ""HalfDim7""):"
tools/joint_estimator/gen_count_inventory.py,216,if,run,"if _is_seventh_figure(c[""figure""]) and c[""quality""] in ("
tools/joint_estimator/gen_count_inventory.py,225,if,run,if same_key:
tools/joint_estimator/gen_count_inventory.py,227,if,run,if ca is not None and cb is not None:
tools/joint_estimator/gen_count_inventory.py,236,if,run,if ta is None or tb is None:
tools/joint_estimator/gen_count_inventory.py,245,if,run,if cb is not None:
tools/joint_estimator/gen_count_inventory.py,252,ternary,run,"seq = [(c[""degree""] + c[""figure""] + ((""/"" + c[""target""]) if c[""target""] else """"))"
tools/joint_estimator/gen_count_inventory.py,535,ternary,_write_summary,"f""-> {'PASS' if a['establishment_checks']['unparseable_rate']['pass'] else 'FAIL'}"")"
tools/joint_estimator/gen_count_inventory.py,252,ternary,run,"seq = [(c[""degree""] + c[""figure""] + ((""/"" + c[""target""]) if c[""target""] else """"))"
tools/joint_estimator/gen_count_inventory.py,229,ternary,run,(trans_major if ma else trans_minor)[f][pairkey] += 1
tools/joint_estimator/gen_count_inventory.py,241,ternary,run,"mp = f""{'major' if ma else 'minor'}->{'major' if mb else 'minor'}"""
tools/joint_estimator/gen_count_inventory.py,241,ternary,run,"mp = f""{'major' if ma else 'minor'}->{'major' if mb else 'minor'}"""
tools/joint_estimator/gen_decode_parity_ref.py,106,if,<module-scope>,"if __name__ == ""__main__"":"
tools/joint_estimator/gen_decode_parity_ref.py,56,for,_decode_all,"for idx, stem in enumerate(sorted(pieces)):"
tools/joint_estimator/gen_decode_parity_ref.py,67,if,_decode_all,if idx % 40 == 0:
tools/joint_estimator/gen_decode_parity_ref.py,65,ternary,_decode_all,"(s[""root_pc""] if s[""root_pc""] is not None else None)] for s in r.segments],"
tools/joint_estimator/gen_embedded_tables.py,312,if,<module-scope>,"if __name__ == ""__main__"":"
tools/joint_estimator/gen_embedded_tables.py,82,if,escape_byte,if e is not None:
tools/joint_estimator/gen_embedded_tables.py,84,if,escape_byte,if 0x20 <= b <= 0x7e:
tools/joint_estimator/gen_embedded_tables.py,92,for,chunk_literals,"for i in range(0, len(data), CHUNK_BYTES):"
tools/joint_estimator/gen_embedded_tables.py,94,if,chunk_literals,if not chunks:
tools/joint_estimator/gen_embedded_tables.py,178,for,gen_header,"for _, base in FILE_ARTIFACTS:"
tools/joint_estimator/gen_embedded_tables.py,205,for,emit_chunk_array,for c in chunks:
tools/joint_estimator/gen_embedded_tables.py,218,for,gen_source,"for name, base, digest, blen, nchunks, _chunks in blobs:"
tools/joint_estimator/gen_embedded_tables.py,238,for,gen_source,"for (name, base), chunks in zip(FILE_ARTIFACTS, [b[5] for b in blobs]):"
tools/joint_estimator/gen_embedded_tables.py,244,for,gen_source,"for name, base, digest, blen, nchunks, _chunks in blobs:"
tools/joint_estimator/gen_embedded_tables.py,268,for,main,"for name, base in FILE_ARTIFACTS:"
tools/joint_estimator/gen_embedded_tables.py,281,if,main,"if start != ""random07"":"
tools/joint_estimator/gen_embedded_tables.py,306,for,main,"for name, base, digest, blen, nchunks, _c in blobs:"
tools/joint_estimator/gen_embedded_tables.py,274,if,main,"if name == ""tables_all.json"":"
tools/joint_estimator/gen_factor_presence.py,446,if,<module-scope>,"if __name__ == ""__main__"":"
tools/joint_estimator/gen_factor_presence.py,93,if,per_stem_counts,if stem in gnt.FLAGGED:
tools/joint_estimator/gen_factor_presence.py,95,if,per_stem_counts,"if stem in gnt.MULTIMETER or piece[""multi_meter""]:"
tools/joint_estimator/gen_factor_presence.py,98,if,per_stem_counts,if meter not in gnt.COUNTED_METERS:
tools/joint_estimator/gen_factor_presence.py,103,for,per_stem_counts,for sp in excluded:
tools/joint_estimator/gen_factor_presence.py,115,for,per_stem_counts,"for i, s in enumerate(segs):"
tools/joint_estimator/gen_factor_presence.py,186,for,fit_presence,for sc in stem_counts:
tools/joint_estimator/gen_factor_presence.py,200,for,fit_presence,for m in MODES:
tools/joint_estimator/gen_factor_presence.py,238,for,sanity,"for fam in (""triad"", ""seventh""):"
tools/joint_estimator/gen_factor_presence.py,273,for,main,for stem in covered:
tools/joint_estimator/gen_factor_presence.py,288,for,main,"for name in [""all""] + [f""fold{i}"" for i in range(N_FOLDS)]:"
tools/joint_estimator/gen_factor_presence.py,295,for,main,for stem in counted_stems:
tools/joint_estimator/gen_factor_presence.py,310,for,main,"for name, fd in fits.items():"
tools/joint_estimator/gen_factor_presence.py,351,for,main,"for name in [""all""] + [f""fold{i}"" for i in range(N_FOLDS)]:"
tools/joint_estimator/gen_factor_presence.py,411,for,_write_summary,for cell in order:
tools/joint_estimator/gen_factor_presence.py,421,for,_write_summary,for cell in order:
tools/joint_estimator/gen_factor_presence.py,428,for,_write_summary,"for fam in (""triad"", ""seventh""):"
tools/joint_estimator/gen_factor_presence.py,97,ternary,per_stem_counts,"meter = tuple(piece[""meter""]) if piece[""meter""] else None"
tools/joint_estimator/gen_factor_presence.py,116,if,per_stem_counts,"if s[""tonic""] is None or s[""is_major""] is None:"
tools/joint_estimator/gen_factor_presence.py,120,if,per_stem_counts,if factors is None:
tools/joint_estimator/gen_factor_presence.py,131,if,per_stem_counts,if i in excluded_idx:                           # OI-184 interim: measured-misaligned span
tools/joint_estimator/gen_factor_presence.py,137,for,per_stem_counts,"for role, pc in factors:"
tools/joint_estimator/gen_factor_presence.py,147,if,per_stem_counts,"if family == ""seventh"":"
tools/joint_estimator/gen_factor_presence.py,165,ternary,_cell_stat,p_mle = present / total if total else None
tools/joint_estimator/gen_factor_presence.py,166,ternary,_cell_stat,p_pres = (present + ALPHA) / (total + 2 * ALPHA) if total else None
tools/joint_estimator/gen_factor_presence.py,187,for,fit_presence,for m in MODES:
tools/joint_estimator/gen_factor_presence.py,192,for,fit_presence,for f in factor_dist:
tools/joint_estimator/gen_factor_presence.py,195,for,fit_presence,for k in seventh_align:
tools/joint_estimator/gen_factor_presence.py,275,if,main,if res is None:
tools/joint_estimator/gen_factor_presence.py,282,if,stem_set,"if name == ""all"":"
tools/joint_estimator/gen_factor_presence.py,313,if,main,if bad:
tools/joint_estimator/gen_factor_presence.py,412,if,_write_summary,if cell not in tbl:
tools/joint_estimator/gen_factor_presence.py,422,if,_write_summary,if cell in tbl2:
tools/joint_estimator/gen_factor_presence.py,122,if,per_stem_counts,if cls.raw_unnormalized:
tools/joint_estimator/gen_factor_presence.py,134,ternary,per_stem_counts,"family = ""seventh"" if len(factors) == 4 else ""triad"""
tools/joint_estimator/gen_factor_presence.py,139,for,per_stem_counts,for m in MODES:
tools/joint_estimator/gen_factor_presence.py,152,if,per_stem_counts,if others == 3:                                     # root+third+fifth all present
tools/joint_estimator/gen_factor_presence.py,171,ternary,_cell_stat,"""p_absent_smoothed"": (1.0 - p_pres) if p_pres is not None else None,"
tools/joint_estimator/gen_factor_presence.py,188,for,fit_presence,"for cell, (p, t) in sc[""counts""][m].items():"
tools/joint_estimator/gen_factor_presence.py,193,for,fit_presence,"for k, v in sc[""factor_dist""][f].items():"
tools/joint_estimator/gen_factor_presence.py,234,ternary,mle,"return v[""p_present_mle""] if v else None"
tools/joint_estimator/gen_factor_presence.py,124,if,per_stem_counts,"elif cls.quality in (""AugSixth"", ""Neapolitan""):"
tools/joint_estimator/gen_factor_presence.py,141,if,per_stem_counts,if pc in snd[m]:
tools/joint_estimator/gen_factor_presence.py,151,ternary,per_stem_counts,"seventh_align[""any""][0] += (0 if sev_present else 1)"
tools/joint_estimator/gen_factor_presence.py,207,ternary,_rate,"""P_seventh_present"": (1 - absent / total) if total else None}"
tools/joint_estimator/gen_factor_presence.py,126,if,per_stem_counts,"elif cls.target and ""/"" in cls.target:"
tools/joint_estimator/gen_factor_presence.py,154,ternary,per_stem_counts,"seventh_align[""triad_complete""][0] += (0 if sev_present else 1)"
tools/joint_estimator/gen_fermata_boundary.py,283,if,<module-scope>,"if __name__ == ""__main__"":"
tools/joint_estimator/gen_fermata_boundary.py,69,for,_ferm_ctx_ticks,for n in notes:
tools/joint_estimator/gen_fermata_boundary.py,93,if,per_stem,if stem in gnt.FLAGGED:
tools/joint_estimator/gen_fermata_boundary.py,95,if,per_stem,"if stem in gnt.MULTIMETER or piece[""multi_meter""]:"
tools/joint_estimator/gen_fermata_boundary.py,98,if,per_stem,if meter not in gnt.COUNTED_METERS:
tools/joint_estimator/gen_fermata_boundary.py,109,for,per_stem,"for ev in piece[""events""]:"
tools/joint_estimator/gen_fermata_boundary.py,130,for,per_stem,"for ev in piece[""events""]:"
tools/joint_estimator/gen_fermata_boundary.py,157,for,_fit,for sc in stem_counts:
tools/joint_estimator/gen_fermata_boundary.py,184,for,_fit,"for key, (b, e) in sorted(exact_bc.items()):"
tools/joint_estimator/gen_fermata_boundary.py,202,for,main,for stem in covered:
tools/joint_estimator/gen_fermata_boundary.py,253,for,main,"for variant in (""exact_tick"", ""robust_first_event""):"
tools/joint_estimator/gen_fermata_boundary.py,264,for,main,"for bc in sorted(a[""exact_tick_by_beat_class""]):"
tools/joint_estimator/gen_fermata_boundary.py,274,for,main,for i in range(glt.N_FOLDS):
tools/joint_estimator/gen_fermata_boundary.py,70,if,_ferm_ctx_ticks,if n[N_MEAS] == 0 or len(n) <= N_FERM or not n[N_FERM]:
tools/joint_estimator/gen_fermata_boundary.py,97,ternary,per_stem,"meter = tuple(piece[""meter""]) if piece[""meter""] else None"
tools/joint_estimator/gen_fermata_boundary.py,111,if,per_stem,if measure == 0:
tools/joint_estimator/gen_fermata_boundary.py,114,if,per_stem,if si >= 0 and si not in excluded_idx:
tools/joint_estimator/gen_fermata_boundary.py,132,if,per_stem,if measure == 0:
tools/joint_estimator/gen_fermata_boundary.py,135,if,per_stem,if si >= 0 and si in excluded_idx:
tools/joint_estimator/gen_fermata_boundary.py,141,if,per_stem,if start in gt_start_set:
tools/joint_estimator/gen_fermata_boundary.py,145,if,per_stem,if start in robust_boundary_ticks:
tools/joint_estimator/gen_fermata_boundary.py,158,for,_fit,"for cell in (True, False):"
tools/joint_estimator/gen_fermata_boundary.py,162,for,_fit,"for key, v in sc.get(""exact_bc"", {}).items():"
tools/joint_estimator/gen_fermata_boundary.py,169,for,cells,"for cell, (b, e) in tab.items():"
tools/joint_estimator/gen_fermata_boundary.py,204,if,main,if res is None:
tools/joint_estimator/gen_fermata_boundary.py,211,if,stem_set,"if name == ""all"":"
tools/joint_estimator/gen_fermata_boundary.py,256,for,main,"for key in (""fermata_at_or_adjacent"", ""no_fermata_context"", ""_marginal""):"
tools/joint_estimator/gen_fermata_boundary.py,265,for,main,"for name in (""fermata_at_or_adjacent"", ""no_fermata_context""):"
tools/joint_estimator/gen_fermata_boundary.py,117,if,per_stem,if fe is None or start < fe:
tools/joint_estimator/gen_fermata_boundary.py,159,for,_fit,"for k in (0, 1):"
tools/joint_estimator/gen_fermata_boundary.py,186,ternary,_fit,"name = ""fermata_at_or_adjacent"" if fc == ""1"" else ""no_fermata_context"""
tools/joint_estimator/gen_fermata_boundary.py,267,if,main,if cc is None:
tools/joint_estimator/gen_fermata_boundary.py,276,ternary,main,"p = f""{cc['prob']:.4f}"" if cc[""prob""] is not None else ""None"""
tools/joint_estimator/gen_fermata_boundary.py,170,ternary,cells,"key = ""fermata_at_or_adjacent"" if cell else ""no_fermata_context"""
tools/joint_estimator/gen_fermata_boundary.py,177,ternary,cells,"""prob"": (tot_b / tot_e if tot_e else None)}"
tools/joint_estimator/gen_fermata_boundary.py,188,ternary,_fit,"""prob"": (b / e if e else None),"
tools/joint_estimator/gen_fermata_boundary.py,258,ternary,main,"p = f""{cc['prob']:.4f}"" if cc[""prob""] is not None else ""None"""
tools/joint_estimator/gen_fermata_boundary.py,259,ternary,main,"rel = """" if key == ""_marginal"" else (""  [reliable]"" if cc[""reliable""] else ""  [UNRELIABLE <20]"")"
tools/joint_estimator/gen_fermata_boundary.py,269,ternary,main,"rel = ""reliable"" if cc[""reliable""] else ""UNRELIABLE <20 -> pooled"""
tools/joint_estimator/gen_fermata_boundary.py,172,ternary,cells,"""prob"": (b / e if e else None),"
tools/joint_estimator/gen_fermata_boundary.py,259,ternary,main,"rel = """" if key == ""_marginal"" else (""  [reliable]"" if cc[""reliable""] else ""  [UNRELIABLE <20]"")"
tools/joint_estimator/gen_fold_assignment.py,247,if,<module-scope>,"if __name__ == ""__main__"":"
tools/joint_estimator/gen_fold_assignment.py,89,if,enumerate_coverage,if not DEFAULT_CORPUS_DIR.is_dir():
tools/joint_estimator/gen_fold_assignment.py,95,for,enumerate_coverage,for p in ours_files:
tools/joint_estimator/gen_fold_assignment.py,132,if,enumerate_coverage,if len(covered) != EXPECTED_COVERAGE:
tools/joint_estimator/gen_fold_assignment.py,143,for,build_groups,for stem in covered:
tools/joint_estimator/gen_fold_assignment.py,146,for,build_groups,"for wir_path, stems in by_file.items():"
tools/joint_estimator/gen_fold_assignment.py,166,for,assign_folds,for g in shuffled:
tools/joint_estimator/gen_fold_assignment.py,172,for,assign_folds,for f in folds:
tools/joint_estimator/gen_fold_assignment.py,194,for,main,for f in folds:
tools/joint_estimator/gen_fold_assignment.py,242,for,main,for f in folds:
tools/joint_estimator/gen_fold_assignment.py,97,try,enumerate_coverage,try:
tools/joint_estimator/gen_fold_assignment.py,101,if,enumerate_coverage,if not ours_regions:
tools/joint_estimator/gen_fold_assignment.py,105,if,enumerate_coverage,if wir_path is None:
tools/joint_estimator/gen_fold_assignment.py,109,if,enumerate_coverage,if not wir_regions:
tools/joint_estimator/gen_fold_assignment.py,115,if,enumerate_coverage,if m21_path.exists():
tools/joint_estimator/gen_fold_assignment.py,195,for,main,"for s in f[""stems""]:"
tools/joint_estimator/gen_fold_assignment.py,116,try,enumerate_coverage,try:
tools/joint_estimator/gen_input_parity.py,323,if,<module-scope>,"if __name__ == ""__main__"":"
tools/joint_estimator/gen_input_parity.py,54,if,_eqfield,"if name == ""beat"":"
tools/joint_estimator/gen_input_parity.py,84,if,main,if not ADAPTER_FACTS.exists():
tools/joint_estimator/gen_input_parity.py,93,if,main,if ref_hash != adp_hash:
tools/joint_estimator/gen_input_parity.py,104,for,main,for s in sorted(ref_stems - adp_stems):
tools/joint_estimator/gen_input_parity.py,106,for,main,for s in sorted(adp_stems - ref_stems):
tools/joint_estimator/gen_input_parity.py,118,for,main,for stem in common:
tools/joint_estimator/gen_input_parity.py,248,for,main,"for f, s in note_field_stems.items():"
tools/joint_estimator/gen_input_parity.py,250,for,main,"for f, s in event_field_stems.items():"
tools/joint_estimator/gen_input_parity.py,256,for,main,"for name, body in classes.items():"
tools/joint_estimator/gen_input_parity.py,311,if,main,if not annotated:
tools/joint_estimator/gen_input_parity.py,313,for,main,"for name in sorted(annotated, key=lambda k: -annotated[k][""count""]):"
tools/joint_estimator/gen_input_parity.py,76,if,add,"if len(c[""examples""]) < self.cap:"
tools/joint_estimator/gen_input_parity.py,89,ternary,main,"dref = json.loads(DECODE_REF.read_text(encoding=""utf-8"")) if DECODE_REF.exists() else None"
tools/joint_estimator/gen_input_parity.py,124,if,main,"if r.get(""meter"") != a.get(""meter""):"
tools/joint_estimator/gen_input_parity.py,127,if,main,"if r.get(""n_quarter"") != a.get(""n_quarter""):"
tools/joint_estimator/gen_input_parity.py,131,if,main,"if r.get(""multi_meter"") != a.get(""multi_meter""):"
tools/joint_estimator/gen_input_parity.py,140,if,main,if len(rn) != len(an):
tools/joint_estimator/gen_input_parity.py,144,for,main,for n in rn:
tools/joint_estimator/gen_input_parity.py,147,for,main,for n in an:
tools/joint_estimator/gen_input_parity.py,149,for,main,for k in rmap.keys() - amap.keys():
tools/joint_estimator/gen_input_parity.py,152,for,main,for k in amap.keys() - rmap.keys():
tools/joint_estimator/gen_input_parity.py,155,for,main,for k in rmap.keys() & amap.keys():
tools/joint_estimator/gen_input_parity.py,185,if,main,if len(re_) != len(ae):
tools/joint_estimator/gen_input_parity.py,190,for,main,for k in remap.keys() - aemap.keys():
tools/joint_estimator/gen_input_parity.py,193,for,main,for k in aemap.keys() - remap.keys():
tools/joint_estimator/gen_input_parity.py,196,for,main,for k in remap.keys() & aemap.keys():
tools/joint_estimator/gen_input_parity.py,207,if,main,"if dref is not None and stem in dref.get(""identity"", {}):"
tools/joint_estimator/gen_input_parity.py,218,if,main,if piece_ok:
tools/joint_estimator/gen_input_parity.py,261,if,main,if name in stems_of:
tools/joint_estimator/gen_input_parity.py,263,if,main,if name in METRIC_POSITION:
tools/joint_estimator/gen_input_parity.py,316,for,main,"for ex in b[""examples""][:2]:"
tools/joint_estimator/gen_input_parity.py,158,if,main,if len(rl) != len(al):
tools/joint_estimator/gen_input_parity.py,162,for,main,"for rnote, anote in zip(rl, al):"
tools/joint_estimator/gen_input_parity.py,198,for,main,"for idx, name in EVENT_CMP:"
tools/joint_estimator/gen_input_parity.py,209,if,main,"if a.get(""sig_fifths"") != o.get(""sig_fifths""):"
tools/joint_estimator/gen_input_parity.py,213,if,main,"if (a.get(""declared_mode"") or """") != (o.get(""declared_mode"") or """"):"
tools/joint_estimator/gen_input_parity.py,257,ternary,main,"note = (""decode-critical"" if name in DECODE_CRITICAL"
tools/joint_estimator/gen_input_parity.py,166,if,main,if (rnote[6] == 0) != (anote[6] == 0):
tools/joint_estimator/gen_input_parity.py,173,for,main,"for idx, name in NOTE_CMP:"
tools/joint_estimator/gen_input_parity.py,199,if,main,"if not _eqfield(name, aemap[k][idx], remap[k][idx]):"
tools/joint_estimator/gen_input_parity.py,258,ternary,main,"else ""cosmetic (never read by the decode)"" if name in COSMETIC"
tools/joint_estimator/gen_input_parity.py,174,if,main,"if not _eqfield(name, anote[idx], rnote[idx]):"
tools/joint_estimator/gen_label_tables.py,1384,if,<module-scope>,"if __name__ == ""__main__"":"
tools/joint_estimator/gen_label_tables.py,111,if,read_xml_header,if not p.exists():
tools/joint_estimator/gen_label_tables.py,137,for,extract_stem,for r in regs:
tools/joint_estimator/gen_label_tables.py,157,if,_collection_fifths,if tonic is None:
tools/joint_estimator/gen_label_tables.py,177,if,_key_change_kind,if ta == tb and ma != mb:
tools/joint_estimator/gen_label_tables.py,179,if,_key_change_kind,if ma and not mb and tb == (ta + 9) % 12:      # major -> its relative minor
tools/joint_estimator/gen_label_tables.py,181,if,_key_change_kind,if (not ma) and mb and tb == (ta + 3) % 12:    # minor -> its relative major
tools/joint_estimator/gen_label_tables.py,214,for,count_tables,for stem in stems:
tools/joint_estimator/gen_label_tables.py,337,if,_beat_class,if pos != int(pos):
tools/joint_estimator/gen_label_tables.py,340,if,_beat_class,if ib == 1:
tools/joint_estimator/gen_label_tables.py,342,if,_beat_class,if ib == 3 and n_quarter == 4:
tools/joint_estimator/gen_label_tables.py,361,if,katz_distribution,if total == 0:
tools/joint_estimator/gen_label_tables.py,367,for,katz_distribution,"for c, n in sparse.items():"
tools/joint_estimator/gen_label_tables.py,372,while,katz_distribution,while changed:
tools/joint_estimator/gen_label_tables.py,381,for,katz_distribution,"for c in sorted(reliable, key=str):"
tools/joint_estimator/gen_label_tables.py,386,for,katz_distribution,"for b in sorted(buckets, key=str):"
tools/joint_estimator/gen_label_tables.py,413,for,estimate_conditional,"for (cf, o), n in pair_counts.items():"
tools/joint_estimator/gen_label_tables.py,423,for,estimate_conditional,for dk in sorted(full_contexts):
tools/joint_estimator/gen_label_tables.py,474,if,_target_head_rest,"if ""/"" in target:"
tools/joint_estimator/gen_label_tables.py,488,if,_relation_cell,if not resolves:
tools/joint_estimator/gen_label_tables.py,501,if,_applied_rel_parent,if cell == _REL_ELSEWHERE or cell == _REL_RESOLVE:
tools/joint_estimator/gen_label_tables.py,503,if,_applied_rel_parent,"if cell.startswith(_REL_RESOLVE + ""|""):"
tools/joint_estimator/gen_label_tables.py,521,if,_t1_outcome_parent,"if isinstance(to, norm.LabelClass):"
tools/joint_estimator/gen_label_tables.py,527,if,_t1_outcome_parent,if to.startswith(_POOL_INVFREE):
tools/joint_estimator/gen_label_tables.py,529,if,_t1_outcome_parent,if to.startswith(_POOL_FAMILY):
tools/joint_estimator/gen_label_tables.py,542,if,_t3_entry_parent,"if isinstance(cls, norm.LabelClass):"
tools/joint_estimator/gen_label_tables.py,546,if,_t3_entry_parent,if cls.startswith(_POOL_INVFREE):
tools/joint_estimator/gen_label_tables.py,554,if,_t2_parent,"if isinstance(cell, str) and ""|"" in cell:"
tools/joint_estimator/gen_label_tables.py,556,if,_t2_parent,"if isinstance(cell, str) and cell.startswith(""mp:""):"
tools/joint_estimator/gen_label_tables.py,563,if,_t5_parent,"if isinstance(cell, str) and ""|"" in cell:"
tools/joint_estimator/gen_label_tables.py,565,if,_t5_parent,"if isinstance(cell, str) and cell.startswith(""mode:""):"
tools/joint_estimator/gen_label_tables.py,580,for,fit_tables,"for is_major, name in ((True, ""major""), (False, ""minor"")):"
tools/joint_estimator/gen_label_tables.py,645,for,fit_tables,"for ctx, invc in c[""inv_ctx""].items():"
tools/joint_estimator/gen_label_tables.py,655,for,fit_tables,"for dmode, cells in c[""sigprior""].items():"
tools/joint_estimator/gen_label_tables.py,662,for,fit_tables,"for cls, v in c[""boundary""].items():"
tools/joint_estimator/gen_label_tables.py,730,for,check_row_sums,"for mode, rows in tables[""table1_chord_transition""].items():"
tools/joint_estimator/gen_label_tables.py,735,for,check_row_sums,"for ck, row in tables[""table4_bass_inversion""].items():"
tools/joint_estimator/gen_label_tables.py,737,for,check_row_sums,"for dmode, dist in tables[""table5_signature_prior""].items():"
tools/joint_estimator/gen_label_tables.py,739,for,check_row_sums,"for cls, v in tables[""table6_boundary_by_beat_class""].items():"
tools/joint_estimator/gen_label_tables.py,761,for,hand_checks,"for name, mode_bool, fk, tk in ("
tools/joint_estimator/gen_label_tables.py,810,for,main,for i in range(N_FOLDS):
tools/joint_estimator/gen_label_tables.py,816,for,main,"for label, (tables, meta) in fits.items():"
tools/joint_estimator/gen_label_tables.py,827,for,main,"for label, (tables, _m) in fits.items():"
tools/joint_estimator/gen_label_tables.py,844,if,main,if row_problems:
tools/joint_estimator/gen_label_tables.py,847,if,main,"if not recon[""all_ok""]:"
tools/joint_estimator/gen_label_tables.py,852,for,main,"for label, (_t, meta) in fits.items():"
tools/joint_estimator/gen_label_tables.py,859,if,main,"if not all(v[""passes""] for v in capacity.values()):"
tools/joint_estimator/gen_label_tables.py,883,for,main,"for label in [f""fold{i}"" for i in range(N_FOLDS)] + [""all""]:"
tools/joint_estimator/gen_label_tables.py,911,if,_sens_match,"if name == ""V6_to_vihalfdim"":"
tools/joint_estimator/gen_label_tables.py,914,if,_sens_match,"if name == ""vihalfdim_to_IV"":"
tools/joint_estimator/gen_label_tables.py,917,if,_sens_match,"if name == ""i_to_IVraised6"":"
tools/joint_estimator/gen_label_tables.py,920,if,_sens_match,"if name == ""vi_to_appliedTo_vi"":"
tools/joint_estimator/gen_label_tables.py,922,if,_sens_match,"if name == ""applied_not_resolving_to_target"":"
tools/joint_estimator/gen_label_tables.py,924,if,_sens_match,"if name == ""V_to_vi"":"
tools/joint_estimator/gen_label_tables.py,969,for,build_sensitive_report,for stem in covered:
tools/joint_estimator/gen_label_tables.py,1023,for,build_sensitive_report,"for name, desc in _SENS:"
tools/joint_estimator/gen_label_tables.py,1059,for,_base_unigram,"for (a, b), n in trans_mode.items():"
tools/joint_estimator/gen_label_tables.py,1068,if,_lookup_base,if tk in base_dist:
tools/joint_estimator/gen_label_tables.py,1071,for,_lookup_base,for _ in range(5):
tools/joint_estimator/gen_label_tables.py,1084,for,_lookup_relation,for _ in range(6):
tools/joint_estimator/gen_label_tables.py,1103,for,applied_relation_effect,"for is_major, name in ((True, ""major""), (False, ""minor"")):"
tools/joint_estimator/gen_label_tables.py,1162,for,build_inventory,"for label in [f""fold{i}"" for i in range(N_FOLDS)] + [""all""]:"
tools/joint_estimator/gen_label_tables.py,1244,if,_hist_bin,if n == 1:
tools/joint_estimator/gen_label_tables.py,1246,if,_hist_bin,if n < 5:
tools/joint_estimator/gen_label_tables.py,1248,if,_hist_bin,if n < 20:
tools/joint_estimator/gen_label_tables.py,1250,if,_hist_bin,if n < 50:
tools/joint_estimator/gen_label_tables.py,1252,if,_hist_bin,if n < 100:
tools/joint_estimator/gen_label_tables.py,1329,for,write_inventory_summary,"for label in [f""fold{i}"" for i in range(N_FOLDS)] + [""all""]:"
tools/joint_estimator/gen_label_tables.py,1341,for,write_inventory_summary,"for name, hc in inv[""establishment""][""hand_checks_table1""].items():"
tools/joint_estimator/gen_label_tables.py,1346,for,write_inventory_summary,"for cls, v in inv[""per_fold""][""all""][""table6""][""beat_classes""].items():"
tools/joint_estimator/gen_label_tables.py,1355,for,write_inventory_summary,"for name, sc in inv[""sensitive_cells_desk_sim_4_3""].items():"
tools/joint_estimator/gen_label_tables.py,1362,for,write_inventory_summary,"for name in (""major"", ""minor""):"
tools/joint_estimator/gen_label_tables.py,118,ternary,read_xml_header,init_fifths = int(keys[0][0]) if keys else None
tools/joint_estimator/gen_label_tables.py,119,ternary,read_xml_header,"init_mode = (keys[0][1] or """") if keys else """""
tools/joint_estimator/gen_label_tables.py,120,ternary,read_xml_header,"init_meter = (int(times[0][0]), int(times[0][1])) if times else None"
tools/joint_estimator/gen_label_tables.py,159,ternary,_collection_fifths,base = tonic if is_major else (tonic + 3) % 12
tools/joint_estimator/gen_label_tables.py,166,ternary,_fold_fifths_diff,return d - 12 if d > 6 else d
tools/joint_estimator/gen_label_tables.py,221,for,count_tables,for i in range(len(seq) - 1):
tools/joint_estimator/gen_label_tables.py,254,for,count_tables,for s in seq:
tools/joint_estimator/gen_label_tables.py,267,if,count_tables,"if xml and xml[""init_fifths""] is not None:"
tools/joint_estimator/gen_label_tables.py,289,if,count_tables,if stem in OI184_FLAGGED:
tools/joint_estimator/gen_label_tables.py,292,if,count_tables,"if not xml or xml[""init_meter""] is None:"
tools/joint_estimator/gen_label_tables.py,296,if,count_tables,"if xml[""multi_meter""] or meter not in ((4, 4), (3, 4)):"
tools/joint_estimator/gen_label_tables.py,302,for,count_tables,for s in seq:
tools/joint_estimator/gen_label_tables.py,307,if,count_tables,if not measures:
tools/joint_estimator/gen_label_tables.py,310,for,count_tables,"for m in range(1, max(measures) + 1):"
tools/joint_estimator/gen_label_tables.py,319,for,count_tables,"for (m, pos) in label_at:"
tools/joint_estimator/gen_label_tables.py,374,for,katz_distribution,"for b in sorted(buckets, key=str):"
tools/joint_estimator/gen_label_tables.py,395,ternary,_ck,"return cell.key() if isinstance(cell, norm.LabelClass) else str(cell)"
tools/joint_estimator/gen_label_tables.py,415,for,estimate_conditional,for k in context_chain(cf):
tools/joint_estimator/gen_label_tables.py,426,if,estimate_conditional,if chosen == chain[0]:
tools/joint_estimator/gen_label_tables.py,428,if,estimate_conditional,if chosen not in level_meta:
tools/joint_estimator/gen_label_tables.py,451,ternary,_family_key_of,"fam = ""seventh"" if qual in norm._SEVENTH_QUALITIES else ""triad"""
tools/joint_estimator/gen_label_tables.py,490,ternary,_relation_cell,"qf = ""seventh"" if b.quality in norm._SEVENTH_QUALITIES else ""triad"""
tools/joint_estimator/gen_label_tables.py,491,ternary,_relation_cell,"pos = ""inv"" if b.inversion else ""root"""
tools/joint_estimator/gen_label_tables.py,505,if,_applied_rel_parent,"if ""|"" in body:                          # resolve|qf|pos -> resolve|qf"
tools/joint_estimator/gen_label_tables.py,522,if,_t1_outcome_parent,if to.inversion:
tools/joint_estimator/gen_label_tables.py,524,if,_t1_outcome_parent,"if to.quality not in (""triad"", ""seventh""):"
tools/joint_estimator/gen_label_tables.py,543,if,_t3_entry_parent,if cls.inversion:
tools/joint_estimator/gen_label_tables.py,596,if,fit_tables,if rel_dist:
tools/joint_estimator/gen_label_tables.py,609,for,fit_tables,"for dk, row in rows.items():"
tools/joint_estimator/gen_label_tables.py,646,for,fit_tables,"for inv, n in invc.items():"
tools/joint_estimator/gen_label_tables.py,727,if,_check,if abs(s - 1.0) > 1e-9:
tools/joint_estimator/gen_label_tables.py,731,for,check_row_sums,"for ck, row in rows.items():"
tools/joint_estimator/gen_label_tables.py,740,if,check_row_sums,"if v[""prob""] is not None and not (0.0 <= v[""prob""] <= 1.0):"
tools/joint_estimator/gen_label_tables.py,754,for,find,"for (a, b), n in row.items():"
tools/joint_estimator/gen_label_tables.py,829,if,main,if rp:
tools/joint_estimator/gen_label_tables.py,909,ternary,_sens_match,"tgt_a = a.target.split(""/"")[-1].upper() if a.target else """""
tools/joint_estimator/gen_label_tables.py,910,ternary,_sens_match,"tgt_b = b.target.split(""/"")[-1].upper() if b.target else """""
tools/joint_estimator/gen_label_tables.py,952,for,count_over,for stem in stems:
tools/joint_estimator/gen_label_tables.py,971,for,build_sensitive_report,for i in range(len(seq) - 1):
tools/joint_estimator/gen_label_tables.py,991,if,fitted_handling,if row is None:
tools/joint_estimator/gen_label_tables.py,994,if,fitted_handling,"if row.get(""row_type"") == ""applied_relation"":"
tools/joint_estimator/gen_label_tables.py,1010,if,fitted_handling,if tk in dist:
tools/joint_estimator/gen_label_tables.py,1013,for,fitted_handling,for _ in range(5):
tools/joint_estimator/gen_label_tables.py,1025,for,build_sensitive_report,"for (is_major, fc, tc), n in constituents[name].most_common(6):"
tools/joint_estimator/gen_label_tables.py,1047,if,build_sensitive_report,if name in _SENS_DELTA_NOTE:
tools/joint_estimator/gen_label_tables.py,1072,if,_lookup_base,if node in base_dist:
tools/joint_estimator/gen_label_tables.py,1075,if,_lookup_base,if nxt == node:
tools/joint_estimator/gen_label_tables.py,1085,if,_lookup_relation,if node in rel_dist:
tools/joint_estimator/gen_label_tables.py,1088,if,_lookup_relation,if nxt is None or nxt == node:
tools/joint_estimator/gen_label_tables.py,1109,for,applied_relation_effect,"for (a, b), n in rc[""trans""][is_major].items():"
tools/joint_estimator/gen_label_tables.py,1121,for,applied_relation_effect,for tgt in sorted(per_target):
tools/joint_estimator/gen_label_tables.py,1157,for,raw_hist,for n in counter.values():
tools/joint_estimator/gen_label_tables.py,1369,for,write_inventory_summary,"for cell in sorted(ae[""relation_distribution""]):"
tools/joint_estimator/gen_label_tables.py,1373,for,write_inventory_summary,"for tgt in (""IV"", ""iv"", ""V"", ""v""):"
tools/joint_estimator/gen_label_tables.py,225,if,count_tables,if same:
tools/joint_estimator/gen_label_tables.py,256,if,count_tables,if lc.raw_unnormalized:
tools/joint_estimator/gen_label_tables.py,259,if,count_tables,"if s[""is_major""] is None:"
tools/joint_estimator/gen_label_tables.py,272,for,count_tables,for s in seq:
tools/joint_estimator/gen_label_tables.py,303,if,count_tables,"if s[""measure""] == 0:                      # OI-184 (a): pickup measures excluded"
tools/joint_estimator/gen_label_tables.py,311,for,count_tables,for k in range(n_quarter * 4):             # 16th-note grid (0.25 quarter resolution)
tools/joint_estimator/gen_label_tables.py,320,if,count_tables,if pos < 1.0 or pos >= 1.0 + n_quarter:
tools/joint_estimator/gen_label_tables.py,369,ternary,katz_distribution,p = c if p is None else p           # a base cell that is itself sparse survives as itself
tools/joint_estimator/gen_label_tables.py,375,if,katz_distribution,if buckets[b] < thr:
tools/joint_estimator/gen_label_tables.py,387,ternary,katz_distribution,dist[_ck(b)] = residual * (buckets[b] + alpha) / zb if zb > 0 else 0.0
tools/joint_estimator/gen_label_tables.py,450,ternary,_family_key_of,"deg, qual, tgt = parts[0], parts[1], (parts[3] if len(parts) > 3 else """")"
tools/joint_estimator/gen_label_tables.py,597,for,fit_tables,for dk in list(rows.keys()):
tools/joint_estimator/gen_label_tables.py,663,ternary,fit_tables,"p = v[""boundary""] / v[""slots""] if v[""slots""] else None"
tools/joint_estimator/gen_label_tables.py,704,ternary,fit_tables,"""tokens_per_param"": (total_tokens / free_params) if free_params else float(""inf""),"
tools/joint_estimator/gen_label_tables.py,755,if,find,if a.key() == from_key:
tools/joint_estimator/gen_label_tables.py,954,for,count_over,for i in range(len(seq) - 1):
tools/joint_estimator/gen_label_tables.py,973,if,build_sensitive_report,"if a[""tonic""] is None or b[""tonic""] is None:"
tools/joint_estimator/gen_label_tables.py,975,if,build_sensitive_report,"if not (a[""tonic""] == b[""tonic""] and a[""is_major""] == b[""is_major""]):"
tools/joint_estimator/gen_label_tables.py,977,if,build_sensitive_report,"if a[""cls""].raw_unnormalized or b[""cls""].raw_unnormalized:"
tools/joint_estimator/gen_label_tables.py,979,for,build_sensitive_report,"for name, _ in _SENS:"
tools/joint_estimator/gen_label_tables.py,999,for,fitted_handling,for _ in range(6):
tools/joint_estimator/gen_label_tables.py,1014,if,fitted_handling,if node in dist:
tools/joint_estimator/gen_label_tables.py,1017,if,fitted_handling,if nxt == node:
tools/joint_estimator/gen_label_tables.py,1110,if,applied_relation_effect,if not (a.target and not a.raw_unnormalized and not b.raw_unnormalized):
tools/joint_estimator/gen_label_tables.py,1114,if,applied_relation_effect,if cell.startswith(_REL_RESOLVE):
tools/joint_estimator/gen_label_tables.py,1125,if,applied_relation_effect,if resolves_by_target[tgt]:
tools/joint_estimator/gen_label_tables.py,1347,ternary,write_inventory_summary,"p = f""{v['prob']:.4f}"" if v[""prob""] is not None else ""n/a"""
tools/joint_estimator/gen_label_tables.py,1356,ternary,write_inventory_summary,"delta = ""  [delta explained]"" if ""normalized_vs_raw_delta_note"" in sc else """""
tools/joint_estimator/gen_label_tables.py,1374,if,write_inventory_summary,"if tgt in ae[""per_target""] and ae[""per_target""][tgt][""representative""]:"
tools/joint_estimator/gen_label_tables.py,231,if,count_tables,if ac.target and not ac.raw_unnormalized and not bc.raw_unnormalized:
tools/joint_estimator/gen_label_tables.py,239,if,count_tables,if ta is None or tb is None:
tools/joint_estimator/gen_label_tables.py,274,if,count_tables,if cur == prev:
tools/joint_estimator/gen_label_tables.py,277,if,count_tables,"if s[""tonic""] is None:"
tools/joint_estimator/gen_label_tables.py,316,if,count_tables,"if (m, pos) in label_at:"
tools/joint_estimator/gen_label_tables.py,377,if,katz_distribution,if pp is not None and pp != b:
tools/joint_estimator/gen_label_tables.py,599,if,fit_tables,"if fc.target and rows[dk][""context_used""] == _BASE:"
tools/joint_estimator/gen_label_tables.py,757,if,find,if b.key() == to_key:
tools/joint_estimator/gen_label_tables.py,768,ternary,hand_checks,"""mle_prob"": (num / den if den else None)}"
tools/joint_estimator/gen_label_tables.py,820,ternary,main,"fn = out_dir / (f""tables_{label}.json"" if label != ""all"" else ""tables_all.json"")"
tools/joint_estimator/gen_label_tables.py,956,if,count_over,"if a[""tonic""] is None or b[""tonic""] is None:"
tools/joint_estimator/gen_label_tables.py,958,if,count_over,"if not (a[""tonic""] == b[""tonic""] and a[""is_major""] == b[""is_major""]):"
tools/joint_estimator/gen_label_tables.py,960,if,count_over,"if a[""cls""].raw_unnormalized or b[""cls""].raw_unnormalized:"
tools/joint_estimator/gen_label_tables.py,962,for,count_over,"for name, _ in _SENS:"
tools/joint_estimator/gen_label_tables.py,980,if,build_sensitive_report,"if _sens_match(name, a[""cls""], b[""cls""], a[""is_major""]):"
tools/joint_estimator/gen_label_tables.py,989,ternary,fitted_handling,"rows = all_tables[""table1_chord_transition""][""major"" if is_major else ""minor""]"
tools/joint_estimator/gen_label_tables.py,1000,if,fitted_handling,if node in dist:
tools/joint_estimator/gen_label_tables.py,1005,if,fitted_handling,if nxt is None or nxt == node:
tools/joint_estimator/gen_label_tables.py,1040,ternary,build_sensitive_report,"""disposition_all326"": (""own_MLE (>=20)"" if ci[name][""count_overall""] >= THRESHOLD"
tools/joint_estimator/gen_label_tables.py,1342,ternary,write_inventory_summary,"L.append(f""  {name:16s}: {hc['raw_count_pair']}/{hc['raw_count_from_row']} = """
tools/joint_estimator/gen_label_tables.py,243,if,count_tables,"if kind in (""parallel"", ""relative""):"
tools/joint_estimator/gen_label_tables.py,262,ternary,count_tables,"ctx = (lc.degree_base, lc.quality, ""M"" if s[""is_major""] else ""m"")"
tools/joint_estimator/gen_label_tables.py,283,ternary,count_tables,"band = str(diff) if abs(diff) <= 1 else ""far"""
tools/joint_estimator/gen_label_tables.py,284,ternary,count_tables,"lm = ""M"" if s[""is_major""] else ""m"""
tools/joint_estimator/gen_label_tables.py,818,ternary,main,"""source"": ""fold_assignment.json complement"" if label != ""all"" else ""all-326""},"
tools/joint_estimator/gen_label_tables.py,963,if,count_over,"if _sens_match(name, a[""cls""], b[""cls""], a[""is_major""]):"
tools/joint_estimator/gen_label_tables.py,1086,ternary,_lookup_relation,"return round(rel_dist[node], 6), (""own_MLE"" if node == cell else f""pooled -> {node}"")"
tools/joint_estimator/gen_label_tables.py,1136,ternary,applied_relation_effect,"""P_resolve_this_target_raw"": (rc_t / (rc_t + el_t)) if (rc_t + el_t) else None,"
tools/joint_estimator/gen_label_tables.py,1175,ternary,build_inventory,"""per_table_tokens_per_param"": {t: (round(pt_tok[t] / pt_params[t], 2)"
tools/joint_estimator/gen_label_tables.py,1028,ternary,build_sensitive_report,"""mode"": ""major"" if is_major else ""minor"","
tools/joint_estimator/gen_label_tables.py,248,ternary,count_tables,"band = f""cof{dist}"" if dist <= 2 else ""cofFar"""
tools/joint_estimator/gen_label_tables.py,1002,ternary,fitted_handling,"""how"": (""own_MLE"" if node == cell else f""pooled -> {node}""),"
tools/joint_estimator/gen_label_tables.py,247,ternary,count_tables,"mp = f""{'M' if ma else 'm'}{'M' if mb else 'm'}"""
tools/joint_estimator/gen_label_tables.py,247,ternary,count_tables,"mp = f""{'M' if ma else 'm'}{'M' if mb else 'm'}"""
tools/joint_estimator/gen_marginals_ref.py,982,if,<module-scope>,"if __name__ == ""__main__"":"
tools/joint_estimator/gen_marginals_ref.py,116,for,_neumaier_sum,for v in values:
tools/joint_estimator/gen_marginals_ref.py,129,for,_lse,for v in values:
tools/joint_estimator/gen_marginals_ref.py,132,if,_lse,if m == NEG_INF:
tools/joint_estimator/gen_marginals_ref.py,139,if,_lse_add,if acc is None or acc == NEG_INF:
tools/joint_estimator/gen_marginals_ref.py,141,if,_lse_add,if v == NEG_INF:
tools/joint_estimator/gen_marginals_ref.py,254,for,_summarize,"for st, a in alpha_i.items():"
tools/joint_estimator/gen_marginals_ref.py,287,for,_run_forward,"for j in range(1, N + 1):"
tools/joint_estimator/gen_marginals_ref.py,333,if,forward_backward,if not alpha[N]:
tools/joint_estimator/gen_marginals_ref.py,339,for,forward_backward,for st in alpha[N]:
tools/joint_estimator/gen_marginals_ref.py,341,for,forward_backward,"for i in range(N - 1, -1, -1):"
tools/joint_estimator/gen_marginals_ref.py,387,for,forward_backward,"for (i, j, st), ain in ain_store.items():"
tools/joint_estimator/gen_marginals_ref.py,398,for,forward_backward,"for e in range(1, N):"
tools/joint_estimator/gen_marginals_ref.py,414,if,maxplus_logZ,if not alpha[lat.N]:
tools/joint_estimator/gen_marginals_ref.py,433,for,segment_marginal_fields,"for (tonic, is_major, ckey), g in arcs.items():"
tools/joint_estimator/gen_marginals_ref.py,463,for,group_i_key_gap,"for (tonic, is_major) in pd.KEYS_24:"
tools/joint_estimator/gen_marginals_ref.py,474,if,group_i_key_gap,if best_sc == NEG_INF or alt_sc == NEG_INF:
tools/joint_estimator/gen_marginals_ref.py,486,for,build_factor_tables,"for m in (True, False):"
tools/joint_estimator/gen_marginals_ref.py,493,for,build_factor_tables,for a in pd.KEYS_24:
tools/joint_estimator/gen_marginals_ref.py,497,for,build_factor_tables,"for m in (True, False):"
tools/joint_estimator/gen_marginals_ref.py,510,for,committed_segments_from_parity,"for (i, j, tonic, is_major, class_key, root) in parity_stem[""segments""]:"
tools/joint_estimator/gen_marginals_ref.py,597,for,_make_tiny,for i in range(N):
tools/joint_estimator/gen_marginals_ref.py,601,for,_make_tiny,"for (i, j), sts in states.items():"
tools/joint_estimator/gen_marginals_ref.py,608,for,_make_tiny,for a in keys:
tools/joint_estimator/gen_marginals_ref.py,612,for,_make_tiny,for p in classes:
tools/joint_estimator/gen_marginals_ref.py,625,for,_path_score,"for idx, (i, j, st) in enumerate(segs):"
tools/joint_estimator/gen_marginals_ref.py,668,for,establish_synthetic,"for segs, sc in paths:"
tools/joint_estimator/gen_marginals_ref.py,674,for,establish_synthetic,"for segs, sc in paths:"
tools/joint_estimator/gen_marginals_ref.py,684,for,establish_synthetic,"for (i, j), sts in fb[""seg_marg""].items():"
tools/joint_estimator/gen_marginals_ref.py,719,for,establish_fit_arc_agreement,for stem in stems:
tools/joint_estimator/gen_marginals_ref.py,741,if,_spearman,if n < 2:
tools/joint_estimator/gen_marginals_ref.py,763,if,_pearson,if n < 2:
tools/joint_estimator/gen_marginals_ref.py,788,for,run,"for idx, stem in enumerate(stems):"
tools/joint_estimator/gen_marginals_ref.py,831,if,run,if gap_list:
tools/joint_estimator/gen_marginals_ref.py,935,if,run,if not all_pass:
tools/joint_estimator/gen_marginals_ref.py,940,if,run,if write:
tools/joint_estimator/gen_marginals_ref.py,956,if,main,if args.self_check:
tools/joint_estimator/gen_marginals_ref.py,972,if,main,if not fit_sample:
tools/joint_estimator/gen_marginals_ref.py,118,if,_neumaier_sum,if abs(s) >= abs(v):
tools/joint_estimator/gen_marginals_ref.py,130,if,_lse,if v > m:
tools/joint_estimator/gen_marginals_ref.py,143,ternary,_lse_add,m = acc if acc > v else v
tools/joint_estimator/gen_marginals_ref.py,174,if,__init__,if sig_fifths is not None:
tools/joint_estimator/gen_marginals_ref.py,186,if,candidates,if c is None:
tools/joint_estimator/gen_marginals_ref.py,194,if,content,if v is None:
tools/joint_estimator/gen_marginals_ref.py,207,if,cad,if v is None:
tools/joint_estimator/gen_marginals_ref.py,221,if,entry,if self.ftab is not None:
tools/joint_estimator/gen_marginals_ref.py,226,if,key_trans,if self.ftab is not None:
tools/joint_estimator/gen_marginals_ref.py,231,if,chord_trans,if self.ftab is not None:
tools/joint_estimator/gen_marginals_ref.py,255,if,_summarize,if st == START:
tools/joint_estimator/gen_marginals_ref.py,273,if,red_list,if not xs:
tools/joint_estimator/gen_marginals_ref.py,275,if,red_list,if is_max:
tools/joint_estimator/gen_marginals_ref.py,289,for,_run_forward,"for i in range(max(0, j - seg_cap), j):"
tools/joint_estimator/gen_marginals_ref.py,344,for,forward_backward,"for j in range(i + 1, min(N, i + seg_cap) + 1):"
tools/joint_estimator/gen_marginals_ref.py,354,if,forward_backward,if i == 0:
tools/joint_estimator/gen_marginals_ref.py,363,for,forward_backward,"for (st, ap) in arcs:"
tools/joint_estimator/gen_marginals_ref.py,370,for,forward_backward,for pk in src_keys:
tools/joint_estimator/gen_marginals_ref.py,373,for,forward_backward,for ps in alpha[i]:
tools/joint_estimator/gen_marginals_ref.py,389,if,forward_backward,if b is None:
tools/joint_estimator/gen_marginals_ref.py,400,for,forward_backward,"for st, a in alpha[e].items():"
tools/joint_estimator/gen_marginals_ref.py,442,ternary,segment_marginal_fields,denom = span_mass if span_mass > 0.0 else 1.0
tools/joint_estimator/gen_marginals_ref.py,445,ternary,segment_marginal_fields,key_committed = key_labels.index(committed_key) if committed_key in key_labels else -1
tools/joint_estimator/gen_marginals_ref.py,446,ternary,segment_marginal_fields,class_committed = class_labels.index(committed_class) if committed_class in class_labels else -1
tools/joint_estimator/gen_marginals_ref.py,465,if,group_i_key_gap,if root is None:
tools/joint_estimator/gen_marginals_ref.py,468,if,group_i_key_gap,if sc == NEG_INF:
tools/joint_estimator/gen_marginals_ref.py,470,if,group_i_key_gap,"if (tonic, is_major) == best:"
tools/joint_estimator/gen_marginals_ref.py,487,for,build_factor_tables,for pck in keylist:
tools/joint_estimator/gen_marginals_ref.py,494,for,build_factor_tables,for b in pd.KEYS_24:
tools/joint_estimator/gen_marginals_ref.py,498,for,build_factor_tables,for ckey in keylist:
tools/joint_estimator/gen_marginals_ref.py,598,for,_make_tiny,"for j in range(i + 1, min(N, i + seg_cap) + 1):"
tools/joint_estimator/gen_marginals_ref.py,602,for,_make_tiny,"for k, st in enumerate(sts):"
tools/joint_estimator/gen_marginals_ref.py,609,for,_make_tiny,for b in keys:
tools/joint_estimator/gen_marginals_ref.py,613,for,_make_tiny,for c in classes:
tools/joint_estimator/gen_marginals_ref.py,628,if,_path_score,if idx == 0:
tools/joint_estimator/gen_marginals_ref.py,644,if,rec,if pos == lat.N:
tools/joint_estimator/gen_marginals_ref.py,647,for,rec,"for j in range(pos + 1, min(lat.N, pos + lat.seg_cap) + 1):"
tools/joint_estimator/gen_marginals_ref.py,669,for,establish_synthetic,"for (i, j, st) in segs:"
tools/joint_estimator/gen_marginals_ref.py,677,for,establish_synthetic,"for (i, j, _st) in segs:"
tools/joint_estimator/gen_marginals_ref.py,680,for,establish_synthetic,"for e in range(1, lat.N):"
tools/joint_estimator/gen_marginals_ref.py,685,for,establish_synthetic,"for st, g in sts.items():"
tools/joint_estimator/gen_marginals_ref.py,748,while,ranks,while k < n:
tools/joint_estimator/gen_marginals_ref.py,770,ternary,_pearson,return num / (dx * dy) if dx > 0 and dy > 0 else 0.0
tools/joint_estimator/gen_marginals_ref.py,791,if,run,"if not fb.get(""complete""):"
tools/joint_estimator/gen_marginals_ref.py,797,for,run,for s in segments:
tools/joint_estimator/gen_marginals_ref.py,816,if,run,if (idx + 1) % 40 == 0:
tools/joint_estimator/gen_marginals_ref.py,827,ternary,run,modal_frac = sum(modal_flags) / n_mapc if n_mapc else 0.0
tools/joint_estimator/gen_marginals_ref.py,833,for,run,for qi in range(4):
tools/joint_estimator/gen_marginals_ref.py,969,ternary,main,stems = args.stems if args.stems else all_pieces
tools/joint_estimator/gen_marginals_ref.py,175,for,__init__,"for (t, m) in self.key_set:"
tools/joint_estimator/gen_marginals_ref.py,196,if,content,if sp is None:
tools/joint_estimator/gen_marginals_ref.py,259,ternary,_summarize,"key_red[kk] = a if kk not in key_red else reduce_add(key_red[kk], a)"
tools/joint_estimator/gen_marginals_ref.py,270,ternary,red,"return (a if a > b else b) if is_max else _lse_add(a, b)"
tools/joint_estimator/gen_marginals_ref.py,277,for,red_list,for x in xs:
tools/joint_estimator/gen_marginals_ref.py,290,if,_run_forward,if not alpha[i]:
tools/joint_estimator/gen_marginals_ref.py,292,if,_run_forward,if summ[i] is None:
tools/joint_estimator/gen_marginals_ref.py,299,for,_run_forward,for tk in tgt_keys:
tools/joint_estimator/gen_marginals_ref.py,302,for,_run_forward,for st in cands:
tools/joint_estimator/gen_marginals_ref.py,345,for,forward_backward,"for st in lat.candidates(i, j):"
tools/joint_estimator/gen_marginals_ref.py,357,if,forward_backward,if terms:
tools/joint_estimator/gen_marginals_ref.py,374,if,forward_backward,if ps == START:
tools/joint_estimator/gen_marginals_ref.py,381,if,forward_backward,if b != NEG_INF:
tools/joint_estimator/gen_marginals_ref.py,402,if,forward_backward,if b is not None:
tools/joint_estimator/gen_marginals_ref.py,472,if,group_i_key_gap,elif sc > alt_sc:
tools/joint_estimator/gen_marginals_ref.py,490,for,build_factor_tables,for ckey in keylist:
tools/joint_estimator/gen_marginals_ref.py,614,for,_make_tiny,"for m in (True, False):"
tools/joint_estimator/gen_marginals_ref.py,633,if,_path_score,if pt == t and pm == m:
tools/joint_estimator/gen_marginals_ref.py,648,for,rec,"for st in lat.candidates(pos, j):"
tools/joint_estimator/gen_marginals_ref.py,681,if,establish_synthetic,if e in bset:
tools/joint_estimator/gen_marginals_ref.py,750,while,ranks,while k2 + 1 < n and v[order[k2 + 1]] == v[order[k]]:
tools/joint_estimator/gen_marginals_ref.py,753,for,ranks,"for t in range(k, k2 + 1):"
tools/joint_estimator/gen_marginals_ref.py,799,if,run,"if m[""key_masses""]:"
tools/joint_estimator/gen_marginals_ref.py,801,if,run,"if m[""chord_masses""]:"
tools/joint_estimator/gen_marginals_ref.py,805,if,run,"if gap is not None and m[""key_masses""]:"
tools/joint_estimator/gen_marginals_ref.py,837,if,run,if sub:
tools/joint_estimator/gen_marginals_ref.py,979,ternary,main,sys.exit(0 if ok else 1)
tools/joint_estimator/gen_marginals_ref.py,176,if,__init__,"if m and pd.glt._collection_fifths(t, m) == sig_fifths:"
tools/joint_estimator/gen_marginals_ref.py,270,ternary,red,"return (a if a > b else b) if is_max else _lse_add(a, b)"
tools/joint_estimator/gen_marginals_ref.py,278,if,red_list,if x > m:
tools/joint_estimator/gen_marginals_ref.py,304,if,_run_forward,if c == NEG_INF:
tools/joint_estimator/gen_marginals_ref.py,309,if,_run_forward,if start_score is not None:                       # (a) initial
tools/joint_estimator/gen_marginals_ref.py,312,if,_run_forward,if same:                                          # (b) same key: chord + stay
tools/joint_estimator/gen_marginals_ref.py,317,if,_run_forward,if kc != NEG_INF:                                 # (c) key change: key-trans + entry
tools/joint_estimator/gen_marginals_ref.py,320,if,_run_forward,if ain == NEG_INF:
tools/joint_estimator/gen_marginals_ref.py,347,if,forward_backward,if c == NEG_INF:
tools/joint_estimator/gen_marginals_ref.py,350,if,forward_backward,if b is None:
tools/joint_estimator/gen_marginals_ref.py,610,ternary,_make_tiny,"kt[(a, b)] = -0.2 if a == b else -0.85       # stay vs change"
tools/joint_estimator/gen_marginals_ref.py,649,if,rec,"if lat.content(pos, j, st) == NEG_INF:"
tools/joint_estimator/gen_marginals_ref.py,804,ternary,run,"committed_mass = m[""key_masses""][m[""key_committed""]] if m[""key_committed""] >= 0 else 0.0"
tools/joint_estimator/gen_marginals_ref.py,958,ternary,main,"print(""synthetic oracle:"", ""PASS"" if ok else ""FAIL"")"
tools/joint_estimator/gen_marginals_ref.py,961,ternary,main,sys.exit(0 if ok else 1)
tools/joint_estimator/gen_marginals_ref.py,324,ternary,_run_forward,"aj[st] = total if st not in aj else red(aj[st], total)"
tools/joint_estimator/gen_marginals_ref.py,615,ternary,_make_tiny,"ct[(p, c, m)] = -0.25 if p == c else -0.55"
tools/joint_estimator/gen_marginals_ref.py,925,ternary,run,"print(f""  (a)  fwd==bwd logZ      max|delta| = {max_fb_delta:.3e}  {'PASS' if oracle['a_forward_equals_backward_logZ']['pass'] else 'FAIL'}"")"
tools/joint_estimator/gen_marginals_ref.py,926,ternary,run,"print(f""  (a2) maxplus==decoder   max|delta| = {max_maxplus_delta:.3e}  {'PASS' if oracle['a2_maxplus_equals_decoder']['pass'] else 'FAIL'}"")"
tools/joint_estimator/gen_marginals_ref.py,927,ternary,run,"print(f""  (b)  per-span sum==1    max dev    = {max_norm_dev:.3e}  {'PASS' if oracle['b_per_span_normalization']['pass'] else 'FAIL'}"")"
tools/joint_estimator/gen_marginals_ref.py,928,ternary,run,"print(f""  (c)  synthetic vs brute max|delta| = {max(syn_detail['max_abs_logZ_vs_brute'], syn_detail['max_abs_arc_vs_brute'], syn_detail['max_abs_boundary_vs_bru"
tools/joint_estimator/gen_marginals_ref.py,929,ternary,run,"print(f""  (c)  fit-arc agreement  max|delta| = {fit_arc['max_abs_delta_vs_fit_weights']:.3e}  {'PASS' if fit_arc['pass'] else 'FAIL'}  ({len(fit_arc_sample)} pi"
tools/joint_estimator/gen_marginals_ref.py,930,ternary,run,"print(f""  (d)  MAP consistency    spearman={spearman:.4f} modal_overall={modal_frac:.4f} modal_topQ={q_modal[3]:.4f}  {'PASS' if oracle['d_map_consistency']['pa"
tools/joint_estimator/gen_marginals_ref.py,933,ternary,run,"print(f""  ALL: {'PASS' if all_pass else 'FAIL'}"")"
tools/joint_estimator/gen_marginals_ref.py,976,ternary,main,"f""('{weight_identity}')"" + ("" [dry-run subset]"" if dry else """") + "" ..."", flush=True)"
tools/joint_estimator/gen_marginals_ref.py,604,ternary,_make_tiny,"cad[(i, (st[0], st[1]))] = -0.05 * (i + 1) - 0.03 * (0 if st[1] else 1)"
tools/joint_estimator/gen_marginals_ref.py,809,ternary,run,"modal_flags.append(1 if modal_idx == m[""key_committed""] else 0)"
tools/joint_estimator/gen_mode_marginal.py,67,if,<module-scope>,"if __name__ == ""__main__"":"
tools/joint_estimator/gen_note_events.py,479,if,<module-scope>,"if __name__ == ""__main__"":"
tools/joint_estimator/gen_note_events.py,98,for,_measure_map,"for m in part.getElementsByClass(""Measure""):"
tools/joint_estimator/gen_note_events.py,107,if,_time_signature,if not tss:
tools/joint_estimator/gen_note_events.py,118,if,extract_stem,if not xml.exists():
tools/joint_estimator/gen_note_events.py,127,for,extract_stem,"for pi, part in enumerate(score.parts):"
tools/joint_estimator/gen_note_events.py,155,for,extract_stem,for pnotes in parts_notes:
tools/joint_estimator/gen_note_events.py,168,for,extract_stem,"for a, b in zip(bounds, bounds[1:]):"
tools/joint_estimator/gen_note_events.py,178,for,extract_stem,for nd in notes:
tools/joint_estimator/gen_note_events.py,180,for,extract_stem,for ev in events:
tools/joint_estimator/gen_note_events.py,198,if,_melodic,if direction < 0:
tools/joint_estimator/gen_note_events.py,214,if,_melodic,if not contiguous:
tools/joint_estimator/gen_note_events.py,221,if,_tick_to_measure_beat,if not m1_map:
tools/joint_estimator/gen_note_events.py,225,for,_tick_to_measure_beat,"for mn, st in starts:"
tools/joint_estimator/gen_note_events.py,261,for,_mask,for p in pcs:
tools/joint_estimator/gen_note_events.py,280,for,reconcile_stem,"for r in ours.get(""regions"", []):"
tools/joint_estimator/gen_note_events.py,308,if,check_field_invariance,if prev is None:
tools/joint_estimator/gen_note_events.py,313,for,check_field_invariance,"for stem, rec in pieces.items():"
tools/joint_estimator/gen_note_events.py,346,for,fermata_census,"for stem, rec in sorted(pieces.items()):"
tools/joint_estimator/gen_note_events.py,379,for,main,for stem in covered:
tools/joint_estimator/gen_note_events.py,392,if,main,if parse_fail:
tools/joint_estimator/gen_note_events.py,398,for,main,"for stem in (""bwv145.5"", ""bwv352"", ""bwv254""):"
tools/joint_estimator/gen_note_events.py,406,if,main,"if invariance[""ok""] is False:"
tools/joint_estimator/gen_note_events.py,471,for,main,"for stem, r in recon.items():"
tools/joint_estimator/gen_note_events.py,130,for,extract_stem,for n in part.recurse().notes:
tools/joint_estimator/gen_note_events.py,157,for,extract_stem,"for i, nd in enumerate(pnotes):"
tools/joint_estimator/gen_note_events.py,165,ternary,extract_stem,m1_map = _measure_map(score.parts[0]) if score.parts else {}
tools/joint_estimator/gen_note_events.py,170,if,extract_stem,if not sounding:
tools/joint_estimator/gen_note_events.py,200,if,_melodic,if not cand:
tools/joint_estimator/gen_note_events.py,208,if,_melodic,if not cand:
tools/joint_estimator/gen_note_events.py,216,ternary,_melodic,"return ""step"" if abs(other[""midi""] - cur[""midi""]) <= 2 else ""leap"""
tools/joint_estimator/gen_note_events.py,226,if,_tick_to_measure_beat,if st <= tick:
tools/joint_estimator/gen_note_events.py,284,if,reconcile_stem,if base and all(sounding(t) == base for t in inside):
tools/joint_estimator/gen_note_events.py,315,if,check_field_invariance,if pp is None:
tools/joint_estimator/gen_note_events.py,317,for,check_field_invariance,for k in scalars:
tools/joint_estimator/gen_note_events.py,321,if,check_field_invariance,"if len(pp[""notes""]) != len(rec[""notes""]) or len(pp[""events""]) != len(rec[""events""]):"
tools/joint_estimator/gen_note_events.py,325,for,check_field_invariance,"for i, (a, b) in enumerate(zip(pp[""notes""], rec[""notes""])):"
tools/joint_estimator/gen_note_events.py,329,for,check_field_invariance,"for i, (a, b) in enumerate(zip(pp[""events""], rec[""events""])):"
tools/joint_estimator/gen_note_events.py,352,if,fermata_census,if nf == 0:
tools/joint_estimator/gen_note_events.py,372,ternary,main,"prev = json.loads(OUT_JSON.read_text(encoding=""utf-8"")) if OUT_JSON.exists() else None"
tools/joint_estimator/gen_note_events.py,380,try,main,try:
tools/joint_estimator/gen_note_events.py,385,if,main,if rec is None:
tools/joint_estimator/gen_note_events.py,401,if,main,"if r[""matched""] != r[""pc_constant_regions""] or r[""mismatch""] is not None:"
tools/joint_estimator/gen_note_events.py,133,if,extract_stem,if dur <= 0:
tools/joint_estimator/gen_note_events.py,136,try,extract_stem,try:
tools/joint_estimator/gen_note_events.py,145,for,extract_stem,for p in (n.pitches if n.isChord else [n.pitch]):
tools/joint_estimator/gen_note_events.py,179,ternary,extract_stem,"nd[""mc""] = _beat_class(nd[""beat""], n_quarter) if n_quarter else ""sub_tactus"""
tools/joint_estimator/gen_note_events.py,181,ternary,extract_stem,"ev[""mc""] = _beat_class(ev[""beat""], n_quarter) if n_quarter else ""sub_tactus"""
tools/joint_estimator/gen_note_events.py,185,ternary,extract_stem,"""meter"": [beats, bt] if beats is not None else None,"
tools/joint_estimator/gen_note_events.py,287,if,reconcile_stem,if base == want:
tools/joint_estimator/gen_note_events.py,318,if,check_field_invariance,if pp.get(k) != rec.get(k):
tools/joint_estimator/gen_note_events.py,326,if,check_field_invariance,if a[:NOTE_PREEXISTING] != b[:NOTE_PREEXISTING]:
tools/joint_estimator/gen_note_events.py,330,if,check_field_invariance,if a[:EVENT_PREEXISTING] != b[:EVENT_PREEXISTING]:
tools/joint_estimator/gen_note_events.py,145,ternary,extract_stem,for p in (n.pitches if n.isChord else [n.pitch]):
tools/joint_estimator/gen_note_events.py,289,if,reconcile_stem,if cited is None:
tools/joint_estimator/gen_note_events.py,291,if,reconcile_stem,elif mismatch is None:
tools/joint_estimator/gen_note_events.py,460,ternary,main,"+ (f""  (checked {invariance['checked']['notes']} notes[:12] + """
tools/joint_estimator/gen_note_events.py,465,ternary,main,"f""{census['pieces_zero_fermata'] if census['pieces_zero_fermata'] else 'none'}"","
tools/joint_estimator/gen_note_tables.py,1041,if,<module-scope>,"if __name__ == ""__main__"":"
tools/joint_estimator/gen_note_tables.py,104,for,_split_degree,for ch in base:
tools/joint_estimator/gen_note_tables.py,122,if,_chord_root,if num is None:
tools/joint_estimator/gen_note_tables.py,125,if,_chord_root,if (not is_major) and acc == 0 and quality in _DIMQ:
tools/joint_estimator/gen_note_tables.py,140,if,_framework_and_root,if cls.raw_unnormalized:
tools/joint_estimator/gen_note_tables.py,144,if,_framework_and_root,if cls.target:
tools/joint_estimator/gen_note_tables.py,154,if,_framework_and_root,"if q in (""AugSixth"", ""Neapolitan""):             # chromatic — special content, no standard root"
tools/joint_estimator/gen_note_tables.py,156,if,_framework_and_root,if q not in _QUAL_TEMPLATE:
tools/joint_estimator/gen_note_tables.py,159,if,_framework_and_root,if root is None:
tools/joint_estimator/gen_note_tables.py,171,if,member_pcs,if fr is None:
tools/joint_estimator/gen_note_tables.py,175,if,member_pcs,"if q == ""AugSixth"":                             # It6 = flat-6, tonic, sharp-4 of the (target) key"
tools/joint_estimator/gen_note_tables.py,177,if,member_pcs,"if q == ""Neapolitan"":                           # flat-II major triad"
tools/joint_estimator/gen_note_tables.py,180,if,member_pcs,"if cls.inversion.startswith(""9""):               # a ninth carries the ninth as a member"
tools/joint_estimator/gen_note_tables.py,193,if,chord_factor_pcs,if fr is None:
tools/joint_estimator/gen_note_tables.py,196,if,chord_factor_pcs,if root is None:                                # chromatic class — no standard factor roles
tools/joint_estimator/gen_note_tables.py,204,if,note_category,if pc in mem:
tools/joint_estimator/gen_note_tables.py,222,if,spelling_bin,if is_major:
tools/joint_estimator/gen_note_tables.py,227,if,spelling_bin,if -4 <= rel <= 2:
tools/joint_estimator/gen_note_tables.py,229,if,spelling_bin,if rel == 3:
tools/joint_estimator/gen_note_tables.py,231,if,spelling_bin,if rel == 5:
tools/joint_estimator/gen_note_tables.py,240,if,_spelling_parent,"if cell == ""BASE"":"
tools/joint_estimator/gen_note_tables.py,242,if,_spelling_parent,"if cell.startswith(""CLASS:""):"
tools/joint_estimator/gen_note_tables.py,244,if,_spelling_parent,"if cell.startswith(""dia:""):"
tools/joint_estimator/gen_note_tables.py,258,if,gt_segments,if not ours_path.exists():
tools/joint_estimator/gen_note_tables.py,264,for,gt_segments,"for (st, en), d in zip(spans, dregs):"
tools/joint_estimator/gen_note_tables.py,283,if,_seg_idx_for_tick,"if 0 <= i < len(segs) and segs[i][""start""] <= tick < segs[i][""end""]:"
tools/joint_estimator/gen_note_tables.py,306,for,sounding_pcs,"for n in piece[""notes""]:"
tools/joint_estimator/gen_note_tables.py,332,for,excluded_zero_factor_segments,"for i, s in enumerate(segs):"
tools/joint_estimator/gen_note_tables.py,354,if,per_stem_counts,if stem in FLAGGED:
tools/joint_estimator/gen_note_tables.py,356,if,per_stem_counts,"if stem in MULTIMETER or piece[""multi_meter""]:"
tools/joint_estimator/gen_note_tables.py,359,if,per_stem_counts,if meter not in COUNTED_METERS:
tools/joint_estimator/gen_note_tables.py,368,for,per_stem_counts,for sp in excluded:
tools/joint_estimator/gen_note_tables.py,381,for,per_stem_counts,"for _t, _c in Counter(starts).items():"
tools/joint_estimator/gen_note_tables.py,386,for,per_stem_counts,"for n in piece[""notes""]:"
tools/joint_estimator/gen_note_tables.py,422,for,per_stem_counts,"for ev in piece[""events""]:"
tools/joint_estimator/gen_note_tables.py,433,for,per_stem_counts,"for ev in piece[""events""]:"
tools/joint_estimator/gen_note_tables.py,480,for,fit_tables,for sc in stem_counts:
tools/joint_estimator/gen_note_tables.py,500,for,fit_tables,"for combo, cc in emission.items():"
tools/joint_estimator/gen_note_tables.py,508,for,fit_tables,"for cs in (0, 1):"
tools/joint_estimator/gen_note_tables.py,515,for,fit_tables,"for m, name in ((True, ""major""), (False, ""minor"")):"
tools/joint_estimator/gen_note_tables.py,522,for,fit_tables,"for c, (b, s) in boundary.items():"
tools/joint_estimator/gen_note_tables.py,525,for,fit_tables,"for c, (b, s) in boundary_robust.items():"
tools/joint_estimator/gen_note_tables.py,561,for,validate_template,for stem in covered:
tools/joint_estimator/gen_note_tables.py,566,for,validate_template,"for (raw, lk), n in combo_tokens.items():"
tools/joint_estimator/gen_note_tables.py,611,for,hand_checks,"for n in notes_in_span(""bwv145.5"", 12960, 13920):"
tools/joint_estimator/gen_note_tables.py,626,for,hand_checks,"for n in notes_in_span(""bwv352"", 1440, 1920):"
tools/joint_estimator/gen_note_tables.py,637,for,hand_checks,"for stem in sorted(note_events[""pieces""]):"
tools/joint_estimator/gen_note_tables.py,663,for,sanity_anchors,"for stem in sorted(note_events[""pieces""]):"
tools/joint_estimator/gen_note_tables.py,708,for,verify_sample,for j in idxs:
tools/joint_estimator/gen_note_tables.py,768,for,main,for stem in covered:
tools/joint_estimator/gen_note_tables.py,778,for,main,for stem in counted_stems:
tools/joint_estimator/gen_note_tables.py,791,if,main,"if not sample_verif[""sample_pass""]:                     # Task-1 STOP (dispatch): refutes the rule"
tools/joint_estimator/gen_note_tables.py,813,for,main,"for name in [""all""] + [f""fold{i}"" for i in range(N_FOLDS)]:"
tools/joint_estimator/gen_note_tables.py,825,for,main,"for name in [""all""] + [f""fold{i}"" for i in range(N_FOLDS)]:"
tools/joint_estimator/gen_note_tables.py,884,for,main,"for name in [""all""] + [f""fold{i}"" for i in range(N_FOLDS)]:"
tools/joint_estimator/gen_note_tables.py,977,for,_write_excluded_summary,"for name, c in excl_counts[""per_training_fold""].items():"
tools/joint_estimator/gen_note_tables.py,984,for,_write_excluded_summary,"for sm in sample_verif[""samples""]:"
tools/joint_estimator/gen_note_tables.py,1014,for,_write_summary,"for name in [""all""] + [f""fold{i}"" for i in range(N_FOLDS)]:"
tools/joint_estimator/gen_note_tables.py,1022,for,_write_summary,"for k, v in inventory[""emission_headline""][""covariate_support_effect""].items():"
tools/joint_estimator/gen_note_tables.py,1033,for,_write_summary,"for c in (""downbeat"", ""mid_strong"", ""other_tactus"", ""sub_tactus""):"
tools/joint_estimator/gen_note_tables.py,105,if,_split_degree,"if ch == ""b"":"
tools/joint_estimator/gen_note_tables.py,126,if,_chord_root,if num == 7:
tools/joint_estimator/gen_note_tables.py,145,if,_framework_and_root,"if ""/"" in cls.target:                       # multi-level applied — unmappable, counted"
tools/joint_estimator/gen_note_tables.py,149,if,_framework_and_root,if tnum is None:
tools/joint_estimator/gen_note_tables.py,206,ternary,note_category,coll = _MAJ_COLLECTION if is_major else _MIN_COLLECTION
tools/joint_estimator/gen_note_tables.py,207,ternary,note_category,"return ""within"" if (pc - tonic) % 12 in coll else ""outside"""
tools/joint_estimator/gen_note_tables.py,223,if,spelling_bin,if -1 <= rel <= 5:
tools/joint_estimator/gen_note_tables.py,233,ternary,spelling_bin,"return ""chr_flat"" if rel < -4 else ""chr_sharp"""
tools/joint_estimator/gen_note_tables.py,265,if,gt_segments,if st < 0 or en <= st or d.measure_number == 0:
tools/joint_estimator/gen_note_tables.py,291,ternary,_seg_for_tick,return segs[i] if i >= 0 else None
tools/joint_estimator/gen_note_tables.py,308,if,sounding_pcs,if n[6] == 0:                       # OI-184 (a): anacrusis notes excluded
tools/joint_estimator/gen_note_tables.py,310,if,sounding_pcs,"if mode == ""overlap"":"
tools/joint_estimator/gen_note_tables.py,333,if,excluded_zero_factor_segments,"if s[""tonic""] is None or s[""is_major""] is None:"
tools/joint_estimator/gen_note_tables.py,336,if,excluded_zero_factor_segments,if factors is None:
tools/joint_estimator/gen_note_tables.py,340,if,excluded_zero_factor_segments,"if not any(pc in snd for _r, pc in factors):"
tools/joint_estimator/gen_note_tables.py,358,ternary,per_stem_counts,"meter = tuple(piece[""meter""]) if piece[""meter""] else None"
tools/joint_estimator/gen_note_tables.py,382,if,per_stem_counts,if _c > 1:
tools/joint_estimator/gen_note_tables.py,390,if,per_stem_counts,if measure == 0:                            # OI-184 (a): pickup notes excluded
tools/joint_estimator/gen_note_tables.py,393,if,per_stem_counts,if si < 0:
tools/joint_estimator/gen_note_tables.py,397,if,per_stem_counts,if si in excluded_idx:                       # OI-184 interim: note in a left-out span
tools/joint_estimator/gen_note_tables.py,401,if,per_stem_counts,"if seg[""tonic""] is None or seg[""is_major""] is None:"
tools/joint_estimator/gen_note_tables.py,404,if,per_stem_counts,"if seg[""mem""] is None:"
tools/joint_estimator/gen_note_tables.py,424,if,per_stem_counts,if measure == 0:
tools/joint_estimator/gen_note_tables.py,427,if,per_stem_counts,if si >= 0 and si not in excluded_idx:
tools/joint_estimator/gen_note_tables.py,435,if,per_stem_counts,if measure == 0:
tools/joint_estimator/gen_note_tables.py,438,if,per_stem_counts,if si >= 0 and si in excluded_idx:
tools/joint_estimator/gen_note_tables.py,443,if,per_stem_counts,if start in gt_start_set:
tools/joint_estimator/gen_note_tables.py,446,if,per_stem_counts,if start in robust_boundary_ticks:
tools/joint_estimator/gen_note_tables.py,481,for,fit_tables,"for combo, cc in sc[""emission""].items():"
tools/joint_estimator/gen_note_tables.py,483,for,fit_tables,"for m in (True, False):"
tools/joint_estimator/gen_note_tables.py,485,for,fit_tables,for c in boundary:
tools/joint_estimator/gen_note_tables.py,502,for,fit_tables,"for cat, n in cc.items():"
tools/joint_estimator/gen_note_tables.py,562,for,validate_template,"for r in dcml.load_wir_regions(WIR_DIR, stem):"
tools/joint_estimator/gen_note_tables.py,568,if,validate_template,if tonic is None or is_major is None:
tools/joint_estimator/gen_note_tables.py,573,if,validate_template,if mine is None:
tools/joint_estimator/gen_note_tables.py,576,try,validate_template,try:
tools/joint_estimator/gen_note_tables.py,581,if,validate_template,if mine == opcs:
tools/joint_estimator/gen_note_tables.py,628,if,hand_checks,if n[2] == 6:   # F#
tools/joint_estimator/gen_note_tables.py,638,if,hand_checks,if stem in FLAGGED or stem in MULTIMETER:
tools/joint_estimator/gen_note_tables.py,641,for,hand_checks,for s in segs:
tools/joint_estimator/gen_note_tables.py,654,if,hand_checks,"if ""c_minor_V_raised7"" in checks:"
tools/joint_estimator/gen_note_tables.py,664,if,sanity_anchors,if stem in FLAGGED or stem in MULTIMETER:
tools/joint_estimator/gen_note_tables.py,668,for,sanity_anchors,"for n in note_events[""pieces""][stem][""notes""]:"
tools/joint_estimator/gen_note_tables.py,712,if,verify_sample,if stem not in seg_cache:
tools/joint_estimator/gen_note_tables.py,770,if,main,if res is None:
tools/joint_estimator/gen_note_tables.py,807,if,stem_set,"if name == ""all"":"
tools/joint_estimator/gen_note_tables.py,843,if,main,"if not capacity[name][""passes_combined_bound""]:"
tools/joint_estimator/gen_note_tables.py,107,if,_split_degree,"elif ch == ""#"":"
tools/joint_estimator/gen_note_tables.py,128,if,_chord_root,elif num == 6:
tools/joint_estimator/gen_note_tables.py,225,ternary,spelling_bin,"return ""chr_flat"" if rel < -1 else ""chr_sharp"""
tools/joint_estimator/gen_note_tables.py,270,ternary,gt_segments,"mem = member_pcs(cls, tonic, is_major) if (tonic is not None and is_major is not None) else None"
tools/joint_estimator/gen_note_tables.py,311,if,sounding_pcs,if onset < end and onset + dur > start:
tools/joint_estimator/gen_note_tables.py,314,if,sounding_pcs,if start <= onset < end:
tools/joint_estimator/gen_note_tables.py,338,ternary,excluded_zero_factor_segments,"family = ""seventh"" if len(factors) == 4 else ""triad"""
tools/joint_estimator/gen_note_tables.py,430,if,per_stem_counts,if fe is None or start < fe:
tools/joint_estimator/gen_note_tables.py,587,ternary,validate_template,"return {""tokens_checked"": tot, ""agree"": agree, ""agree_pct"": round(100 * agree / tot, 3) if tot else None,"
tools/joint_estimator/gen_note_tables.py,642,if,hand_checks,"if s[""is_major""] is False and s[""cls""].degree_base == ""V"" and s[""mem""] is not None \"
tools/joint_estimator/gen_note_tables.py,669,if,sanity_anchors,if n[6] == 0:
tools/joint_estimator/gen_note_tables.py,672,if,sanity_anchors,"if seg is None or seg[""is_major""] is not False or seg[""cls""].degree_base != ""V"" \"
tools/joint_estimator/gen_note_tables.py,676,if,sanity_anchors,if rel == 5:
tools/joint_estimator/gen_note_tables.py,719,ternary,verify_sample,prev_seg = segs[i - 1] if i - 1 >= 0 else None
tools/joint_estimator/gen_note_tables.py,720,ternary,verify_sample,next_seg = segs[i + 1] if i + 1 < len(segs) else None
tools/joint_estimator/gen_note_tables.py,721,ternary,verify_sample,"prev_pcs = sounding_pcs(piece, prev_seg[""start""], prev_seg[""end""], ""overlap"") if prev_seg else set()"
tools/joint_estimator/gen_note_tables.py,722,ternary,verify_sample,"next_pcs = sounding_pcs(piece, next_seg[""start""], next_seg[""end""], ""overlap"") if next_seg else set()"
tools/joint_estimator/gen_note_tables.py,885,ternary,main,"suffix = ""all"" if name == ""all"" else name.replace(""fold"", ""fold"")"
tools/joint_estimator/gen_note_tables.py,124,ternary,_chord_root,semi = (_MAJ_SCALE if is_major else _MIN_SCALE)[num - 1] + acc
tools/joint_estimator/gen_note_tables.py,523,ternary,fit_tables,"t_bound[c] = {""boundary"": b, ""events"": s, ""prob"": (b / s if s else None)}"
tools/joint_estimator/gen_note_tables.py,526,ternary,fit_tables,"t_bound_robust[c] = {""boundary"": b, ""events"": s, ""prob"": (b / s if s else None)}"
tools/joint_estimator/gen_note_tables.py,646,if,hand_checks,"if lt in s[""mem""]:"
tools/joint_estimator/gen_note_tables.py,678,if,sanity_anchors,elif rel == -2:
tools/joint_estimator/gen_note_tables.py,834,ternary,main,"""combined_tokens_per_param"": round(combined_tokens / combined_params, 2) if combined_params else None,"
tools/joint_estimator/gen_note_tables.py,151,ternary,_framework_and_root,"tacc = sum(1 if c == ""#"" else -1 for c in cls.target if c in ""#b"")"
tools/joint_estimator/gen_note_tables.py,737,ternary,verify_sample,"""prev_segment"": ({""raw"": prev_seg[""raw""], ""pcs"": sorted(prev_pcs)} if prev_seg else None),"
tools/joint_estimator/gen_note_tables.py,738,ternary,verify_sample,"""next_segment"": ({""raw"": next_seg[""raw""], ""pcs"": sorted(next_pcs)} if next_seg else None),"
tools/joint_estimator/gen_note_tables.py,837,ternary,main,"t: (round(p2[""tokens""][t] / p2[""free_params""][t], 2) if p2[""free_params""][t] else None)"
tools/joint_estimator/gen_note_tables.py,181,ternary,member_pcs,"pcs.add((root + (1 if ""b9"" in cls.inversion else 2)) % 12)"
tools/joint_estimator/gen_note_tables.py,152,ternary,_framework_and_root,fw_tonic = (tonic + (_MAJ_SCALE if is_major else _MIN_SCALE)[tnum - 1] + tacc) % 12
tools/joint_estimator/gen_posterior_slice.py,423,if,<module-scope>,"if __name__ == ""__main__"":"
tools/joint_estimator/gen_posterior_slice.py,100,for,key_axis,"for (tonic, is_major) in pd.KEYS_24:"
tools/joint_estimator/gen_posterior_slice.py,124,for,chord_axis,for ckey in vocab.keylist:
tools/joint_estimator/gen_posterior_slice.py,147,for,derive_runner4,"for idx, sc in enumerate(scores):"
tools/joint_estimator/gen_posterior_slice.py,171,for,build_arm,for stem in stems:
tools/joint_estimator/gen_posterior_slice.py,209,for,establish_a,for stem in sorted(ident_arm):
tools/joint_estimator/gen_posterior_slice.py,253,if,establish_a,if verbose:
tools/joint_estimator/gen_posterior_slice.py,268,for,establish_b,for stem in sorted(sel_arm):
tools/joint_estimator/gen_posterior_slice.py,278,if,establish_b,if verbose:
tools/joint_estimator/gen_posterior_slice.py,297,for,render_artifact,for stem in sorted(sel_arm):
tools/joint_estimator/gen_posterior_slice.py,391,if,main,if kl:
tools/joint_estimator/gen_posterior_slice.py,404,if,main,if not (ok_a and ok_b):
tools/joint_estimator/gen_posterior_slice.py,408,if,main,if dry:
tools/joint_estimator/gen_posterior_slice.py,102,if,key_axis,if root is None:
tools/joint_estimator/gen_posterior_slice.py,105,if,key_axis,if sc == pd.NEG_INF:
tools/joint_estimator/gen_posterior_slice.py,107,if,key_axis,"if (tonic, is_major) == committed:"
tools/joint_estimator/gen_posterior_slice.py,127,if,chord_axis,if root is None:
tools/joint_estimator/gen_posterior_slice.py,130,if,chord_axis,if sc == pd.NEG_INF:
tools/joint_estimator/gen_posterior_slice.py,132,if,chord_axis,if ckey == committed_key:
tools/joint_estimator/gen_posterior_slice.py,145,ternary,derive_runner4,best_sc = scores[cidx] if cidx >= 0 else pd.NEG_INF
tools/joint_estimator/gen_posterior_slice.py,148,if,derive_runner4,if idx == cidx:
tools/joint_estimator/gen_posterior_slice.py,150,if,derive_runner4,if sc > alt_sc:
tools/joint_estimator/gen_posterior_slice.py,177,for,build_arm,for s in r.segments:
tools/joint_estimator/gen_posterior_slice.py,210,if,establish_a,if stem not in pc:
tools/joint_estimator/gen_posterior_slice.py,216,if,establish_a,if my_segs != stored_segs:
tools/joint_estimator/gen_posterior_slice.py,237,if,establish_a,if len(stored_post) != len(my_segs_full):
tools/joint_estimator/gen_posterior_slice.py,242,for,establish_a,"for si, (ps, seg) in enumerate(zip(stored_post, my_segs_full)):"
tools/joint_estimator/gen_posterior_slice.py,257,for,establish_a,for line in detail[:20]:
tools/joint_estimator/gen_posterior_slice.py,273,if,establish_b,if mine != ref:
tools/joint_estimator/gen_posterior_slice.py,281,for,establish_b,for line in detail[:20]:
tools/joint_estimator/gen_posterior_slice.py,300,for,render_artifact,"for s in a[""segments""]:"
tools/joint_estimator/gen_posterior_slice.py,377,ternary,main,stems = args.stems if args.stems else all_pieces
tools/joint_estimator/gen_posterior_slice.py,77,ternary,_seg_tuple_from_dict,"(d[""root_pc""] if d[""root_pc""] is not None else None)]"
tools/joint_estimator/gen_posterior_slice.py,83,ternary,_seg_tuple_from_probe,"(seg.get(""root_pc"") if seg.get(""root_pc"") is not None else None)]"
tools/joint_estimator/gen_posterior_slice.py,153,ternary,derive_runner4,"""committed_key"": keys[cidx] if cidx >= 0 else None,"
tools/joint_estimator/gen_posterior_slice.py,154,ternary,derive_runner4,"""committed_key_content_score"": round(best_sc, 4) if best_sc != pd.NEG_INF else None,"
tools/joint_estimator/gen_posterior_slice.py,155,ternary,derive_runner4,"""runner_key"": keys[alt_i] if alt_i >= 0 else None,"
tools/joint_estimator/gen_posterior_slice.py,156,ternary,derive_runner4,"""runner_key_content_score"": round(alt_sc, 4) if alt_sc != pd.NEG_INF else None,"
tools/joint_estimator/gen_posterior_slice.py,157,ternary,derive_runner4,"""gap"": round(best_sc - alt_sc, 4) if (alt_i >= 0 and best_sc != pd.NEG_INF) else None,"
tools/joint_estimator/gen_posterior_slice.py,186,if,build_arm,if need_chord:
tools/joint_estimator/gen_posterior_slice.py,228,if,establish_a,if not equal_score:
tools/joint_estimator/gen_posterior_slice.py,244,if,establish_a,"if (d[""committed_key""] != ps[""committed_key""]"
tools/joint_estimator/gen_posterior_slice.py,302,if,render_artifact,if key_labels is None:
tools/joint_estimator/gen_posterior_slice.py,304,if,render_artifact,"if kx[""keys""] != key_labels:"
tools/joint_estimator/gen_posterior_slice.py,308,if,render_artifact,"if cx[""classes""] != chord_labels:"
tools/joint_estimator/gen_posterior_slice.py,381,ternary,main,"+ ("" [dry-run subset]"" if dry else """") + "" ..."", flush=True)"
tools/joint_estimator/gen_spelling_establishment.py,402,if,<module-scope>,if __name__ == '__main__':
tools/joint_estimator/gen_spelling_establishment.py,54,while,_split_degree,while i < len(base) and base[i] in 'b#':
tools/joint_estimator/gen_spelling_establishment.py,62,if,_degree_lof_offset,if (not is_major) and acc == 0 and quality in _DIM_QUALS:
tools/joint_estimator/gen_spelling_establishment.py,90,if,root_lof,if target:
tools/joint_estimator/gen_spelling_establishment.py,99,if,root_lof,if quality == 'Neapolitan':
tools/joint_estimator/gen_spelling_establishment.py,101,if,root_lof,if quality == 'AugSixth':
tools/joint_estimator/gen_spelling_establishment.py,104,if,root_lof,if num < 0 or quality not in _QUAL_TMPL:
tools/joint_estimator/gen_spelling_establishment.py,113,if,factor_lofs,if rl is None or quality not in _QUAL_TMPL:
tools/joint_estimator/gen_spelling_establishment.py,116,for,factor_lofs,"for k, iv in enumerate(_QUAL_TMPL[quality]):"
tools/joint_estimator/gen_spelling_establishment.py,150,for,compare_cpp_parity,for stem in sorted(selected.keys()):
tools/joint_estimator/gen_spelling_establishment.py,267,for,main,for stem in sorted(selected.keys()):
tools/joint_estimator/gen_spelling_establishment.py,368,if,main,if args.cpp_parity:
tools/joint_estimator/gen_spelling_establishment.py,384,if,main,if parity is not None:
tools/joint_estimator/gen_spelling_establishment.py,63,if,_degree_lof_offset,if num == 7:
tools/joint_estimator/gen_spelling_establishment.py,73,ternary,_key_sig_fifths,return o0 if abs(o0 - ref) <= abs(o1 - ref) else o1
tools/joint_estimator/gen_spelling_establishment.py,91,if,root_lof,if '/' in target:
tools/joint_estimator/gen_spelling_establishment.py,94,if,root_lof,if tnum < 0:
tools/joint_estimator/gen_spelling_establishment.py,151,if,compare_cpp_parity,if stem not in pieces:
tools/joint_estimator/gen_spelling_establishment.py,161,for,compare_cpp_parity,for seg in dec['segments']:
tools/joint_estimator/gen_spelling_establishment.py,268,if,main,if stem not in pieces:
tools/joint_estimator/gen_spelling_establishment.py,277,for,main,for seg in dec['segments']:
tools/joint_estimator/gen_spelling_establishment.py,394,if,main,if not parity['pass']:
tools/joint_estimator/gen_spelling_establishment.py,55,ternary,_split_degree,acc += (1 if base[i] == '#' else -1)
tools/joint_estimator/gen_spelling_establishment.py,61,ternary,_degree_lof_offset,base = (_MAJOR_LOF if is_major else _MINOR_LOF)[num - 1]
tools/joint_estimator/gen_spelling_establishment.py,65,if,_degree_lof_offset,elif num == 6:
tools/joint_estimator/gen_spelling_establishment.py,71,ternary,_key_sig_fifths,ion = (tonic if is_major else tonic + 3) % 12
tools/joint_estimator/gen_spelling_establishment.py,77,ternary,_key_tonic_lof,"return _key_sig_fifths(tonic, is_major, ref) + (0 if is_major else 3)"
tools/joint_estimator/gen_spelling_establishment.py,155,ternary,compare_cpp_parity,ref = sig if sig is not None else 0
tools/joint_estimator/gen_spelling_establishment.py,163,if,compare_cpp_parity,if i < 0 or j <= i or j > len(events):
tools/joint_estimator/gen_spelling_establishment.py,173,if,compare_cpp_parity,if cs is None:
tools/joint_estimator/gen_spelling_establishment.py,178,if,compare_cpp_parity,if cs.get('class_key') != class_key:
tools/joint_estimator/gen_spelling_establishment.py,185,if,compare_cpp_parity,if cs.get('root_lof') != rl:
tools/joint_estimator/gen_spelling_establishment.py,191,for,compare_cpp_parity,"for role, (fpc, flof) in factors.items():"
tools/joint_estimator/gen_spelling_establishment.py,199,if,compare_cpp_parity,if sounding:
tools/joint_estimator/gen_spelling_establishment.py,234,ternary,compare_cpp_parity,'inheritance': (
tools/joint_estimator/gen_spelling_establishment.py,272,ternary,main,ref = sig if sig is not None else 0
tools/joint_estimator/gen_spelling_establishment.py,279,if,main,if i < 0 or j <= i or j > len(events):
tools/joint_estimator/gen_spelling_establishment.py,292,if,main,if rl is None:
tools/joint_estimator/gen_spelling_establishment.py,321,if,main,if sounding:
tools/joint_estimator/gen_spelling_establishment.py,395,for,main,"for key in ('root_divergences', 'bass_divergences', 'factor_divergences'):"
tools/joint_estimator/gen_spelling_establishment.py,193,if,compare_cpp_parity,if cpp_facs.get(fpc) != flof:
tools/joint_estimator/gen_spelling_establishment.py,202,if,compare_cpp_parity,if match:
tools/joint_estimator/gen_spelling_establishment.py,296,if,main,if _pc(rl) != (root_pc % 12) and root_pc >= 0:
tools/joint_estimator/gen_spelling_establishment.py,303,if,main,if not root_notes:
tools/joint_estimator/gen_spelling_establishment.py,326,if,main,if not match:
tools/joint_estimator/gen_spelling_establishment.py,354,ternary,main,root_overall['agree'] / (root_overall['agree'] + root_overall['disagree'])
tools/joint_estimator/gen_spelling_establishment.py,362,ternary,main,bass_overall['agree'] / (bass_overall['agree'] + bass_overall['disagree'])
tools/joint_estimator/gen_spelling_establishment.py,396,for,main,for d in parity[key][:10]:
tools/joint_estimator/gen_spelling_establishment.py,205,if,compare_cpp_parity,if cpp_facs.get(bass_pc) != py_blof:
tools/joint_estimator/gen_spelling_establishment.py,308,if,main,if rl in notated_lofs:
tools/joint_estimator/gen_spelling_establishment.py,330,if,main,if blof == bass_note[4]:
tools/joint_estimator/gen_spelling_establishment.py,288,ternary,main,cell = ('major' if is_major else 'minor') + ' / ' + class_key
tools/joint_estimator/gen_spelling_establishment.py,393,ternary,main,"f""{'PASS' if parity['pass'] else 'FAIL (STOP)'}"")"
tools/joint_estimator/gen_spelling_establishment.py,299,ternary,main,"'mode': 'major' if is_major else 'minor',"
tools/joint_estimator/gen_spelling_establishment.py,316,ternary,main,"'mode': 'major' if is_major else 'minor',"
tools/joint_estimator/gen_spelling_establishment.py,336,ternary,main,"'mode': 'major' if is_major else 'minor', 'role': _role,"
tools/joint_estimator/gen_window_study.py,920,if,<module-scope>,"if __name__ == ""__main__"":"
tools/joint_estimator/gen_window_study.py,167,if,_memo_ssc,if not _MEMO_ON[0]:
tools/joint_estimator/gen_window_study.py,169,if,_memo_ssc,if seg_pcs is None:
tools/joint_estimator/gen_window_study.py,175,if,_memo_ssc,if v is None:
tools/joint_estimator/gen_window_study.py,242,for,gap_for_segment,"for (t, m) in pd.KEYS_24:"
tools/joint_estimator/gen_window_study.py,253,if,gap_for_segment,if best_sc == pd.NEG_INF or alt_sc == pd.NEG_INF:
tools/joint_estimator/gen_window_study.py,262,for,establish_memo,for stem in sample_stems:
tools/joint_estimator/gen_window_study.py,335,if,decode_events,if ev_lo == 0 and ev_hi == len(piece.events):
tools/joint_estimator/gen_window_study.py,359,for,_event_range_for_measures,"for i, e in enumerate(piece.events):"
tools/joint_estimator/gen_window_study.py,375,for,_anchor_regions,for e in ev:
tools/joint_estimator/gen_window_study.py,377,for,_anchor_regions,"for (s0, s1, key, ck, root) in whole_lookup.rows:"
tools/joint_estimator/gen_window_study.py,402,for,measure_piece,for e in piece.events:
tools/joint_estimator/gen_window_study.py,411,for,measure_piece,"for k, (t, _m) in enumerate(queries):"
tools/joint_estimator/gen_window_study.py,418,try,measure_piece,try:
tools/joint_estimator/gen_window_study.py,451,for,measure_piece,"for k, (t, m_c) in enumerate(queries):"
tools/joint_estimator/gen_window_study.py,503,if,_establish_whole,if parity_stem is None:
tools/joint_estimator/gen_window_study.py,528,for,aggregate,for pr in piece_results:
tools/joint_estimator/gen_window_study.py,589,for,aggregate,for s in [str(x) for x in ACC_SPANS]:
tools/joint_estimator/gen_window_study.py,601,for,aggregate,"for stem, d in per_piece_acc.items():"
tools/joint_estimator/gen_window_study.py,627,if,_width_bucket,if width is None:
tools/joint_estimator/gen_window_study.py,629,for,_width_bucket,"for b in (4, 8, 16, 32, 64):"
tools/joint_estimator/gen_window_study.py,648,for,cost_curve,for pr in piece_results:
tools/joint_estimator/gen_window_study.py,672,for,cost_curve,for s in [str(x) for x in SPANS]:
tools/joint_estimator/gen_window_study.py,747,if,run,"if not memo_est.get(""ok""):"
tools/joint_estimator/gen_window_study.py,756,for,run,"for idx, stem in enumerate(stems):"
tools/joint_estimator/gen_window_study.py,765,if,run,if stop_stems:
tools/joint_estimator/gen_window_study.py,832,if,run,if write:
tools/joint_estimator/gen_window_study.py,840,if,run,if write:
tools/joint_estimator/gen_window_study.py,853,for,_print_summary,for s in [str(x) for x in SPANS]:
tools/joint_estimator/gen_window_study.py,863,for,_print_summary,for s in [str(x) for x in ACC_SPANS]:
tools/joint_estimator/gen_window_study.py,869,for,_print_summary,"for w in agg[""worst_key_local_drop_pieces_span8""][:5]:"
tools/joint_estimator/gen_window_study.py,872,for,_print_summary,for s in [str(x) for x in SPANS]:
tools/joint_estimator/gen_window_study.py,878,for,_print_summary,"for k, v in pred.items():"
tools/joint_estimator/gen_window_study.py,892,if,main,if args.stems:
tools/joint_estimator/gen_window_study.py,196,if,chord_trans_logp,if not _MEMO_ON[0]:
tools/joint_estimator/gen_window_study.py,200,if,chord_trans_logp,if v is _MISS:
tools/joint_estimator/gen_window_study.py,205,if,key_trans_logp,if not _MEMO_ON[0]:
tools/joint_estimator/gen_window_study.py,209,if,key_trans_logp,if v is _MISS:
tools/joint_estimator/gen_window_study.py,214,if,entry_logp,if not _MEMO_ON[0]:
tools/joint_estimator/gen_window_study.py,218,if,entry_logp,if v is _MISS:
tools/joint_estimator/gen_window_study.py,244,if,gap_for_segment,if root is None:
tools/joint_estimator/gen_window_study.py,247,if,gap_for_segment,if sc == pd.NEG_INF:
tools/joint_estimator/gen_window_study.py,249,if,gap_for_segment,"if (t, m) == best:"
tools/joint_estimator/gen_window_study.py,269,for,establish_memo,for m_c in centers:
tools/joint_estimator/gen_window_study.py,305,for,__init__,for s in result.segments:
tools/joint_estimator/gen_window_study.py,315,if,at,if 0 <= idx < len(self.rows):
tools/joint_estimator/gen_window_study.py,319,for,at,"for i, (s0, s1, key, ck, root) in enumerate(self.rows):   # boundary guard"
tools/joint_estimator/gen_window_study.py,326,if,gap_at,if self.sub is None:
tools/joint_estimator/gen_window_study.py,350,ternary,_measure_bounds,m_min = min(real) if real else min(meas)
tools/joint_estimator/gen_window_study.py,361,if,_event_range_for_measures,if m_lo <= m <= m_hi:
tools/joint_estimator/gen_window_study.py,365,ternary,_event_range_for_measures,"return (lo, hi) if lo is not None else (0, len(piece.events))"
tools/joint_estimator/gen_window_study.py,403,if,measure_piece,if e[pd.EV_BEAT] == 1.0 and e[pd.EV_MEAS] >= m_min:
tools/joint_estimator/gen_window_study.py,419,if,measure_piece,"if dcml.find_wir_file(str(WIR_DIR), stem):"
tools/joint_estimator/gen_window_study.py,428,if,dcml_at,if dcml_spans is None:
tools/joint_estimator/gen_window_study.py,431,if,dcml_at,if di is None:
tools/joint_estimator/gen_window_study.py,437,if,lookup_for_span,"if span == ""whole"":"
tools/joint_estimator/gen_window_study.py,445,if,lookup_for_span,if sl is None:
tools/joint_estimator/gen_window_study.py,453,if,measure_piece,if w_reading is None:
tools/joint_estimator/gen_window_study.py,464,for,measure_piece,for span in SPANS:
tools/joint_estimator/gen_window_study.py,531,for,aggregate,"for row in pr[""queries""]:"
tools/joint_estimator/gen_window_study.py,605,if,aggregate,if n >= 4 and k8 is not None and kw is not None:
tools/joint_estimator/gen_window_study.py,623,ternary,_fr,return (pair[0] / pair[1]) if pair[1] else None
tools/joint_estimator/gen_window_study.py,630,if,_width_bucket,if width <= b:
tools/joint_estimator/gen_window_study.py,655,if,cost_curve,if not downbeats:
tools/joint_estimator/gen_window_study.py,658,for,cost_curve,for span in SPANS:
tools/joint_estimator/gen_window_study.py,675,if,cost_curve,if vals:
tools/joint_estimator/gen_window_study.py,700,ternary,check_predictions,bounded_frac = None if nb is None else (1.0 - nb)
tools/joint_estimator/gen_window_study.py,759,if,run,"if est.get(""ok"") is False:"
tools/joint_estimator/gen_window_study.py,762,if,run,if (idx + 1) % 10 == 0:
tools/joint_estimator/gen_window_study.py,768,for,run,"for stem, est in stop_stems[:20]:"
tools/joint_estimator/gen_window_study.py,775,ternary,run,"cost_sample = piece_results if len(piece_results) <= 60 else piece_results[::max(1, len(piece_results) // 60)]"
tools/joint_estimator/gen_window_study.py,874,if,_print_summary,if c:
tools/joint_estimator/gen_window_study.py,896,if,main,elif args.stride:
tools/joint_estimator/gen_window_study.py,251,if,gap_for_segment,elif sc > alt_sc:
tools/joint_estimator/gen_window_study.py,268,ternary,establish_memo,"centers = [downs[0], downs[len(downs) // 2], downs[-1]] if downs else []"
tools/joint_estimator/gen_window_study.py,270,for,establish_memo,"for span in (4, 8, 16):"
tools/joint_estimator/gen_window_study.py,317,if,at,if s0 <= tick < s1:
tools/joint_estimator/gen_window_study.py,320,if,at,if s0 <= tick < s1:
tools/joint_estimator/gen_window_study.py,362,if,_event_range_for_measures,if lo is None:
tools/joint_estimator/gen_window_study.py,412,ternary,measure_piece,nxt = q_ticks[k + 1] if k + 1 < len(q_ticks) else piece_end
tools/joint_estimator/gen_window_study.py,421,if,measure_piece,if wir_regions:
tools/joint_estimator/gen_window_study.py,458,ternary,measure_piece,dcml_root = dr.root_pc if dr is not None else None
tools/joint_estimator/gen_window_study.py,459,ternary,measure_piece,"dcml_local = crn._dcml_key_tonic(getattr(dr, ""local_key"", None)) if dr is not None else (None, None)"
tools/joint_estimator/gen_window_study.py,467,if,measure_piece,if r is None:
tools/joint_estimator/gen_window_study.py,479,if,measure_piece,if span in ACC_SPANS and dcml_root is not None:
tools/joint_estimator/gen_window_study.py,534,for,aggregate,for s in span_keys:
tools/joint_estimator/gen_window_study.py,546,for,aggregate,"for idx, s in enumerate(span_keys):"
tools/joint_estimator/gen_window_study.py,553,if,aggregate,if stable_idx < len(span_keys):
tools/joint_estimator/gen_window_study.py,564,for,aggregate,for s in [str(x) for x in ACC_SPANS]:
tools/joint_estimator/gen_window_study.py,581,ternary,frac,return (pair[0] / pair[1]) if pair[1] else None
tools/joint_estimator/gen_window_study.py,659,if,cost_curve,"if span == ""whole"":"
tools/joint_estimator/gen_window_study.py,905,if,main,elif args.limit:
tools/joint_estimator/gen_window_study.py,917,ternary,main,sys.exit(0 if ok else 1)
tools/joint_estimator/gen_window_study.py,285,if,establish_memo,if not ok:
tools/joint_estimator/gen_window_study.py,474,ternary,measure_piece,"win_meas = (m_max - m_min + 1) if span == ""whole"" else min("
tools/joint_estimator/gen_window_study.py,536,if,aggregate,"if not e or ""eq_whole"" not in e:      # {""reading"": None} entries have no eq_whole"
tools/joint_estimator/gen_window_study.py,540,if,aggregate,"if e[""eq_whole""]:"
tools/joint_estimator/gen_window_study.py,548,if,aggregate,"if e and ""eq_whole"" in e:"
tools/joint_estimator/gen_window_study.py,559,if,aggregate,"if e_stab and e_stab.get(""clipped_to_whole""):"
tools/joint_estimator/gen_window_study.py,561,if,aggregate,"if row.get(""whole_gap"") is not None:"
tools/joint_estimator/gen_window_study.py,566,if,aggregate,"if not e or ""root_agree"" not in e:"
tools/joint_estimator/gen_window_study.py,570,if,aggregate,"if e[""root_agree""]:"
tools/joint_estimator/gen_window_study.py,573,if,aggregate,"if e.get(""key_local_scoreable""):"
tools/joint_estimator/gen_window_study.py,595,ternary,aggregate,"""root_delta_vs_whole"": (None if r is None or whole_root is None else round(whole_root - r, 5)),"
tools/joint_estimator/gen_window_study.py,596,ternary,aggregate,"""key_local_delta_vs_whole"": (None if kl is None or whole_keyloc is None else round(whole_keyloc - kl, 5)),"
tools/joint_estimator/gen_window_study.py,666,ternary,cost_curve,"sub = piece if (lo == 0 and hi == N) else pd.sub_piece(piece, list(range(lo, hi)))"
tools/joint_estimator/gen_window_study.py,274,ternary,establish_memo,"sub = piece if (lo == 0 and hi == N) else pd.sub_piece(piece, list(range(lo, hi)))"
tools/joint_estimator/gen_window_study.py,550,if,aggregate,"if not e[""eq_whole""]:"
tools/joint_estimator/gen_window_study.py,555,ternary,aggregate,"bucket = str(SPANS[stable_idx]) if SPANS[stable_idx] == ""whole"" else _width_bucket(width)"
tools/joint_estimator/gen_window_study.py,576,if,aggregate,"if e[""key_local_agree""]:"
tools/joint_estimator/gen_window_study.py,610,ternary,aggregate,"worst.sort(key=lambda x: (x[""key_local_drop_8""] if x[""key_local_drop_8""] is not None else 0), reverse=True)"
tools/joint_estimator/gen_window_study.py,860,ternary,_print_summary,"print(f""  needs-whole-piece fraction: {None if nb is None else round(nb,4)}  """
tools/joint_estimator/gen_window_study.py,861,ternary,_print_summary,"f""(bounded-stable {None if nb is None else round(1-nb,4)})"")"
tools/joint_estimator/gen_window_study.py,915,ternary,main,"+ ("" [dry-run subset]"" if not write else """") + "" ..."", flush=True)"
tools/joint_estimator/gen_window_study.py,381,ternary,_anchor_regions,"duration=max(1.0, (s1 - s0) / TPB), root_pc=root if root is not None else -1,"
tools/joint_estimator/gen_window_study.py,608,ternary,aggregate,"""root_drop_8"": (None if r8 is None or rw is None else round(rw - r8, 4)),"
tools/joint_estimator/gen_window_study.py,857,ternary,_print_summary,"print(f""  span {s:>5}: count {cf if cf is None else round(cf,4)}  dur {du if du is None else round(du,4)}  (n={st['n']})"")"
tools/joint_estimator/gen_window_study.py,857,ternary,_print_summary,"print(f""  span {s:>5}: count {cf if cf is None else round(cf,4)}  dur {du if du is None else round(du,4)}  (n={st['n']})"")"
tools/joint_estimator/gen_window_study.py,865,ternary,_print_summary,"print(f""  span {s:>5}: root {a['root_agree'] if a['root_agree'] is None else round(a['root_agree'],4)} """
tools/joint_estimator/gen_window_study.py,866,ternary,_print_summary,"f""(d {a['root_delta_vs_whole']})   key-local {a['key_local_agree'] if a['key_local_agree'] is None else round(a['key_local_agree'],4)} """
tools/joint_estimator/gen_window_study.py,879,ternary,_print_summary,"print(f""  [{'HIT ' if v.get('hit') else 'MISS'}] {k}: """
tools/joint_estimator/gen_window_study.py,562,ternary,aggregate,"gap_stable.append((row[""whole_gap""], width if width else 0))"
tools/joint_estimator/gen_wir_alignment_probe.py,559,if,<module-scope>,"if __name__ == ""__main__"":"
tools/joint_estimator/gen_wir_alignment_probe.py,90,try,_sha256_file,try:
tools/joint_estimator/gen_wir_alignment_probe.py,111,for,root_score_at_offset,"for (s, e) in ours_spans:"
tools/joint_estimator/gen_wir_alignment_probe.py,114,for,root_score_at_offset,"for (s, e) in dspans:"
tools/joint_estimator/gen_wir_alignment_probe.py,117,if,root_score_at_offset,if len(bounds) < 2:
tools/joint_estimator/gen_wir_alignment_probe.py,122,for,root_score_at_offset,for i in range(len(grid) - 1):
tools/joint_estimator/gen_wir_alignment_probe.py,164,if,anacrusis_facts,if 0 in measure_starts and 1 in measure_starts:
tools/joint_estimator/gen_wir_alignment_probe.py,166,if,anacrusis_facts,if m0_len is not None and derived_mlen:
tools/joint_estimator/gen_wir_alignment_probe.py,182,if,_contingency_class,if ours_pickup and wir_m0:
tools/joint_estimator/gen_wir_alignment_probe.py,184,if,_contingency_class,if ours_pickup and not wir_m0:
tools/joint_estimator/gen_wir_alignment_probe.py,186,if,_contingency_class,if wir_m0 and not ours_pickup:
tools/joint_estimator/gen_wir_alignment_probe.py,201,if,pickup_mapping_facts,if not ours_m0 or not wir_m0:
tools/joint_estimator/gen_wir_alignment_probe.py,208,if,pickup_mapping_facts,if not m0_mapped:
tools/joint_estimator/gen_wir_alignment_probe.py,211,if,pickup_mapping_facts,if o_start <= first_s < o_end:
tools/joint_estimator/gen_wir_alignment_probe.py,238,for,piece_offset_profile,for off in OFFSETS:
tools/joint_estimator/gen_wir_alignment_probe.py,249,if,piece_offset_profile,if defined:
tools/joint_estimator/gen_wir_alignment_probe.py,270,for,iter_covered_stems,"for ours_path in sorted(CORPUS_DIR.glob(""*.ours.json"")):"
tools/joint_estimator/gen_wir_alignment_probe.py,309,for,measure,"for stem, ours_regions, wir_regions in iter_covered_stems():"
tools/joint_estimator/gen_wir_alignment_probe.py,349,if,build_artifact,if oracle_mismatch:
tools/joint_estimator/gen_wir_alignment_probe.py,352,if,build_artifact,if not reconciles:
tools/joint_estimator/gen_wir_alignment_probe.py,497,if,write_summary,"if c[""pickup_flag_vs_measure_length_disagree_stems""]:"
tools/joint_estimator/gen_wir_alignment_probe.py,505,for,write_summary,"for cls in (""both"", ""ours_pickup_only"", ""wir_m0_only"", ""neither""):"
tools/joint_estimator/gen_wir_alignment_probe.py,508,for,write_summary,"for k in (""ours_pickup"", ""no_ours_pickup""):"
tools/joint_estimator/gen_wir_alignment_probe.py,513,for,write_summary,"for r in hm[""pieces""]:"
tools/joint_estimator/gen_wir_alignment_probe.py,528,if,write_summary,if n:
tools/joint_estimator/gen_wir_alignment_probe.py,112,if,root_score_at_offset,if e > s:
tools/joint_estimator/gen_wir_alignment_probe.py,115,if,root_score_at_offset,if e > s:
tools/joint_estimator/gen_wir_alignment_probe.py,125,if,root_score_at_offset,if w <= 0:
tools/joint_estimator/gen_wir_alignment_probe.py,129,if,root_score_at_offset,if oi is None or di is None:
tools/joint_estimator/gen_wir_alignment_probe.py,132,if,root_score_at_offset,if pair is None:
tools/joint_estimator/gen_wir_alignment_probe.py,135,if,root_score_at_offset,"if cmp.roots_agree(ours_regions[oi].root_pc, wir_regions[di].root_pc):"
tools/joint_estimator/gen_wir_alignment_probe.py,213,if,pickup_mapping_facts,elif first_s >= o_end:
tools/joint_estimator/gen_wir_alignment_probe.py,229,ternary,_pct,"return round(100.0 * agree / scored, 4) if scored else None"
tools/joint_estimator/gen_wir_alignment_probe.py,255,ternary,piece_offset_profile,"margin_pp = (round(argmax_pct - pct0, 4)"
tools/joint_estimator/gen_wir_alignment_probe.py,273,try,iter_covered_stems,try:
tools/joint_estimator/gen_wir_alignment_probe.py,278,if,iter_covered_stems,if not ours_regions:
tools/joint_estimator/gen_wir_alignment_probe.py,282,if,iter_covered_stems,if wir_path is None:
tools/joint_estimator/gen_wir_alignment_probe.py,285,try,iter_covered_stems,try:
tools/joint_estimator/gen_wir_alignment_probe.py,290,if,iter_covered_stems,if not wir_regions:
tools/joint_estimator/gen_wir_alignment_probe.py,294,try,iter_covered_stems,try:
tools/joint_estimator/gen_wir_alignment_probe.py,317,if,measure,"if (o_agree, o_scored) != (p_agree, p_scored):"
tools/joint_estimator/gen_wir_alignment_probe.py,532,for,write_summary,for o in OFFSETS:
tools/joint_estimator/gen_wir_alignment_probe.py,109,ternary,root_score_at_offset,"dspans = [(s + off, e + off) if (s >= 0 and e > s) else (-1, -1) for (s, e) in base_dcml_spans]"
tools/joint_estimator/gen_wir_alignment_probe.py,175,ternary,anacrusis_facts,"""m0_span_ticks"": (int(m0_len) if m0_len is not None else None),"
tools/joint_estimator/gen_wir_alignment_probe.py,176,ternary,anacrusis_facts,"""derived_measure_ticks"": (round(derived_mlen, 1) if derived_mlen else None),"
tools/joint_estimator/normalize.py,238,if,<module-scope>,"if __name__ == ""__main__"":"
tools/joint_estimator/normalize.py,111,if,_figure_is_seventh,if fig in _SEVENTH_FIGURES:
tools/joint_estimator/normalize.py,127,if,_derive_quality,if half_dim:
tools/joint_estimator/normalize.py,129,if,_derive_quality,if dim:
tools/joint_estimator/normalize.py,131,if,_derive_quality,if aug:
tools/joint_estimator/normalize.py,135,if,_derive_quality,if is_upper:
tools/joint_estimator/normalize.py,156,while,_peel_applied,while True:
tools/joint_estimator/normalize.py,172,if,normalize_label,if parts is None:
tools/joint_estimator/normalize.py,203,for,_self_test,for stem in covered:
tools/joint_estimator/normalize.py,211,for,_self_test,"for raw, n in raw_hist.most_common():"
tools/joint_estimator/normalize.py,226,for,_self_test,"for n, raw, key in rows[:30]:"
tools/joint_estimator/normalize.py,229,for,_self_test,"for n, raw, key in halfdim:"
tools/joint_estimator/normalize.py,232,for,_self_test,"for raw, n in raw_hist.items():"
tools/joint_estimator/normalize.py,132,if,_derive_quality,if majseven:
tools/joint_estimator/normalize.py,136,if,_derive_quality,if majseven:
tools/joint_estimator/normalize.py,140,if,_derive_quality,if majseven:
tools/joint_estimator/normalize.py,158,if,_peel_applied,if not tgt:
tools/joint_estimator/normalize.py,176,if,normalize_label,if m:
tools/joint_estimator/normalize.py,204,for,_self_test,"for r in dcml.load_wir_regions(WIR_DIR, stem):"
tools/joint_estimator/normalize.py,213,if,_self_test,if lc.raw_unnormalized:
tools/joint_estimator/normalize.py,216,if,_self_test,"if ""/o"" in raw:"
tools/joint_estimator/normalize.py,219,if,_self_test,"if any(tok in prim.replace(""/o"", """") for tok in (""6/5"", ""4/3"", ""4/2"")) or \"
tools/joint_estimator/normalize.py,234,if,_self_test,if crn.split_rn(crn.normalise_rn(dcml._split_rntxt_applied(raw)[0])) is None:
tools/joint_estimator/normalize.py,88,ternary,family,"fam = ""seventh"" if self.quality in _SEVENTH_QUALITIES else ""triad"""
tools/joint_estimator/normalize.py,128,ternary,_derive_quality,"return ""HalfDim7"" if seventh else ""HalfDim"""
tools/joint_estimator/normalize.py,130,ternary,_derive_quality,"return ""Dim7"" if seventh else ""Dim"""
tools/joint_estimator/normalize.py,134,ternary,_derive_quality,"return ""Aug7"" if seventh else ""Aug"""
tools/joint_estimator/normalize.py,138,ternary,_derive_quality,"return ""Dom7"" if seventh else ""Maj"""
tools/joint_estimator/normalize.py,142,ternary,_derive_quality,"return ""Min7"" if seventh else ""Min"""
tools/joint_estimator/probe_decoder.py,1418,if,<module-scope>,"if __name__ == ""__main__"":"
tools/joint_estimator/probe_decoder.py,129,while,class_from_key,while len(parts) < 4:
tools/joint_estimator/probe_decoder.py,156,while,_first_bucket,while cur is not None:
tools/joint_estimator/probe_decoder.py,580,for,_first_present,for k in chain:
tools/joint_estimator/probe_decoder.py,673,if,chromatic_root_pc,if fr is None:
tools/joint_estimator/probe_decoder.py,676,if,chromatic_root_pc,if root is not None:
tools/joint_estimator/probe_decoder.py,678,if,chromatic_root_pc,"if cls.quality == ""AugSixth"":"
tools/joint_estimator/probe_decoder.py,680,if,chromatic_root_pc,"if cls.quality == ""Neapolitan"":"
tools/joint_estimator/probe_decoder.py,706,if,event_bass_pc,if not notes:
tools/joint_estimator/probe_decoder.py,714,for,segment_notes,"for e in range(i, j):"
tools/joint_estimator/probe_decoder.py,740,if,segment_features,if mem is None:
tools/joint_estimator/probe_decoder.py,747,for,segment_features,"for e in range(i, j):"
tools/joint_estimator/probe_decoder.py,758,for,segment_features,"for e in range(i, j):"
tools/joint_estimator/probe_decoder.py,765,if,segment_features,if fac:
tools/joint_estimator/probe_decoder.py,773,for,segment_features,"for idx, e in enumerate(range(i, j)):"
tools/joint_estimator/probe_decoder.py,788,if,score_segment_content,if feat is None:
tools/joint_estimator/probe_decoder.py,802,for,score_hypothesis,"for si, seg in enumerate(hyp):"
tools/joint_estimator/probe_decoder.py,871,if,_fermata_cadence_ctx,if i <= 0 or i >= len(evs):
tools/joint_estimator/probe_decoder.py,877,if,_fermata_cadence_ctx,if i + 1 < len(evs):
tools/joint_estimator/probe_decoder.py,888,if,cadence_site_features,if i <= 0:
tools/joint_estimator/probe_decoder.py,892,if,cadence_site_features,if v is None:
tools/joint_estimator/probe_decoder.py,910,if,cadence_at,if not adapter.cadence_on or i <= 0:
tools/joint_estimator/probe_decoder.py,913,if,cadence_at,if not any(w.values()):                              # weightless: inert factor (fitted decode)
tools/joint_estimator/probe_decoder.py,925,for,cadence_report,"for si, s in enumerate(segments):"
tools/joint_estimator/probe_decoder.py,1047,if,_candidate_keys_for_segment,if sig_key is not None and sig_key in _KEY_COLL and sig_key not in keep:
tools/joint_estimator/probe_decoder.py,1049,for,_candidate_keys_for_segment,for k in (extra_keys or ()):
tools/joint_estimator/probe_decoder.py,1058,for,_candidate_states_for_segment,"for e in range(i, j):"
tools/joint_estimator/probe_decoder.py,1065,for,_candidate_states_for_segment,"for (tonic, is_major) in keys:"
tools/joint_estimator/probe_decoder.py,1093,if,decode_piece,if prune_keys is not None:
tools/joint_estimator/probe_decoder.py,1096,if,decode_piece,if sig_fifths is not None:
tools/joint_estimator/probe_decoder.py,1225,for,decode_piece,"for j in range(1, N + 1):"
tools/joint_estimator/probe_decoder.py,1289,if,decode_piece,if not V[N]:
tools/joint_estimator/probe_decoder.py,1295,for,decode_piece,"for stx, (scx, bix, bsx) in V[N].items():"
tools/joint_estimator/probe_decoder.py,1302,while,decode_piece,while st is not None and st != START:
tools/joint_estimator/probe_decoder.py,1336,for,_segment_posterior,for s in segs:
tools/joint_estimator/probe_decoder.py,1381,for,sub_piece,for i in event_indices:
tools/joint_estimator/probe_decoder.py,1398,if,load_pieces,if tpq != TICKS_PER_QUARTER:
tools/joint_estimator/probe_decoder.py,1402,for,load_pieces,"for stem, p in d[""pieces""].items():"
tools/joint_estimator/probe_decoder.py,1413,if,piece_header,if xml is None:
tools/joint_estimator/probe_decoder.py,135,ternary,mode_name,"return ""major"" if is_major else ""minor"""
tools/joint_estimator/probe_decoder.py,158,if,_first_bucket,if ck in dist:
tools/joint_estimator/probe_decoder.py,160,if,_first_bucket,if ck in seen:
tools/joint_estimator/probe_decoder.py,296,for,__init__,"for mode in (""major"", ""minor""):"
tools/joint_estimator/probe_decoder.py,308,for,__init__,"for _dk, row in self.t4.items():"
tools/joint_estimator/probe_decoder.py,315,for,__init__,"for _dk, row in self.emis.items():"
tools/joint_estimator/probe_decoder.py,344,if,mode_marginal,if self._mode_marginal is None:
tools/joint_estimator/probe_decoder.py,352,for,_count_mode_marginal,for stem in covered:
tools/joint_estimator/probe_decoder.py,371,if,_katz_query,if ck in dist:
tools/joint_estimator/probe_decoder.py,374,if,_katz_query,if bucket is None:
tools/joint_estimator/probe_decoder.py,377,if,_katz_query,if mass <= 0.0:
tools/joint_estimator/probe_decoder.py,380,if,_katz_query,if not is_class:
tools/joint_estimator/probe_decoder.py,383,if,_katz_query,"if self.leftover_mode == ""even"":"
tools/joint_estimator/probe_decoder.py,394,if,_apportion,if v is None:
tools/joint_estimator/probe_decoder.py,409,if,prior_logp,if sig_fifths is None:
tools/joint_estimator/probe_decoder.py,416,if,prior_logp,if cell in dist:
tools/joint_estimator/probe_decoder.py,420,if,prior_logp,if mcell in dist:
tools/joint_estimator/probe_decoder.py,430,if,_entry,if v is None:
tools/joint_estimator/probe_decoder.py,446,if,key_trans_logp,if v is None:
tools/joint_estimator/probe_decoder.py,454,if,_compute_key_trans,if tpa == tb and tpm == mb:
tools/joint_estimator/probe_decoder.py,457,if,_compute_key_trans,"if kind in (""parallel"", ""relative""):"
tools/joint_estimator/probe_decoder.py,464,if,_compute_key_trans,if cell in self.t2:
tools/joint_estimator/probe_decoder.py,467,if,_compute_key_trans,if mp_cell and mp_cell in self.t2:
tools/joint_estimator/probe_decoder.py,475,if,_chord_trans,if v is None:
tools/joint_estimator/probe_decoder.py,491,if,_compute_chord_trans,if pk in rows:
tools/joint_estimator/probe_decoder.py,497,if,_compute_chord_trans,"if str(row.get(""context_used"", """")).startswith(glt._REL):"
tools/joint_estimator/probe_decoder.py,508,if,emission_logp,if dk in self.emis:
tools/joint_estimator/probe_decoder.py,514,if,emission_logp,if p is None or p <= 0.0:
tools/joint_estimator/probe_decoder.py,522,if,spelling_logp,if sbin in dist:
tools/joint_estimator/probe_decoder.py,527,while,spelling_logp,while cur is not None and cur not in seen:
tools/joint_estimator/probe_decoder.py,536,if,bass_logp,if role is None:
tools/joint_estimator/probe_decoder.py,540,if,bass_logp,if dk in self.t4:
tools/joint_estimator/probe_decoder.py,547,if,bass_logp,if p <= 0.0:
tools/joint_estimator/probe_decoder.py,555,if,factor_absent_logp,if rec is None:
tools/joint_estimator/probe_decoder.py,566,if,boundary_logp,if rec is None:
tools/joint_estimator/probe_decoder.py,568,if,boundary_logp,if rec is None:
tools/joint_estimator/probe_decoder.py,576,ternary,_safe_log,return math.log(p) if p and p > 0 else LOG0_FLOOR
tools/joint_estimator/probe_decoder.py,581,if,_first_present,if k in level_map:
tools/joint_estimator/probe_decoder.py,612,for,prepare,for n in self.notes:
tools/joint_estimator/probe_decoder.py,633,if,approach_window_pcs,if v is None:
tools/joint_estimator/probe_decoder.py,651,for,overlap_pcs,"for onset, offset, pc in self._live_notes:"
tools/joint_estimator/probe_decoder.py,695,if,get,if v is None:
tools/joint_estimator/probe_decoder.py,748,for,segment_features,for n in piece.notes_by_event[e]:
tools/joint_estimator/probe_decoder.py,756,ternary,segment_features,"family = ""seventh"" if (fac and len(fac) == 4) else ""triad"""
tools/joint_estimator/probe_decoder.py,760,if,segment_features,if bpc is None:
tools/joint_estimator/probe_decoder.py,766,if,segment_features,if seg_pcs is None:
tools/joint_estimator/probe_decoder.py,768,for,segment_features,"for role, pc in fac:"
tools/joint_estimator/probe_decoder.py,806,if,score_hypothesis,if b is None:
tools/joint_estimator/probe_decoder.py,813,if,score_hypothesis,if si == 0:
tools/joint_estimator/probe_decoder.py,856,ternary,cadence_features,win = approach_pcs if window_pcs is None else window_pcs      # ★R1: the four-beat approach window
tools/joint_estimator/probe_decoder.py,879,if,_fermata_cadence_ctx,"if arr_strong and ferm(i + 1) and evs[i + 1][EV_MC] in (2, 3):   # weak-beat fermata after"
tools/joint_estimator/probe_decoder.py,926,if,cadence_report,if si == 0:
tools/joint_estimator/probe_decoder.py,933,if,cadence_report,if any(fired.values()):
tools/joint_estimator/probe_decoder.py,935,for,cadence_report,"for f, on in fired.items():"
tools/joint_estimator/probe_decoder.py,955,for,__init__,"for mode in (""major"", ""minor""):"
tools/joint_estimator/probe_decoder.py,961,for,__init__,"for k in tables[""table3_entry_chord""]:"
tools/joint_estimator/probe_decoder.py,965,for,__init__,for k in sorted(keys):
tools/joint_estimator/probe_decoder.py,983,for,__init__,for kkey in CHROMATIC_COMPLETION_KEYS:
tools/joint_estimator/probe_decoder.py,1032,ternary,_key_collection,coll = gnt._MAJ_COLLECTION if is_major else gnt._MIN_COLLECTION
tools/joint_estimator/probe_decoder.py,1050,if,_candidate_keys_for_segment,if k in _KEY_COLL and k not in keep:
tools/joint_estimator/probe_decoder.py,1066,for,_candidate_states_for_segment,"for ckey, lc in vocab.classes.items():"
tools/joint_estimator/probe_decoder.py,1098,for,decode_piece,"for (t, m) in key_set:"
tools/joint_estimator/probe_decoder.py,1126,if,_prefix_sig,if bstate == START or bstate is None:
tools/joint_estimator/probe_decoder.py,1130,while,_prefix_sig,while not (s == START or s is None):
tools/joint_estimator/probe_decoder.py,1148,if,_better,if a_score != b_score:
tools/joint_estimator/probe_decoder.py,1152,if,_better,if an != bn:
tools/joint_estimator/probe_decoder.py,1154,if,_better,if at != bt:
tools/joint_estimator/probe_decoder.py,1161,if,_better_prefix,if a_val != b_val:
tools/joint_estimator/probe_decoder.py,1165,if,_better_prefix,if an != bn:
tools/joint_estimator/probe_decoder.py,1167,if,_better_prefix,if at != bt:
tools/joint_estimator/probe_decoder.py,1177,if,candidates,if c is None:
tools/joint_estimator/probe_decoder.py,1189,if,content,if v is None:
tools/joint_estimator/probe_decoder.py,1204,if,summarize,if s is not None:
tools/joint_estimator/probe_decoder.py,1209,for,summarize,"for st, (sc, _bi, _bs) in V[i].items():"
tools/joint_estimator/probe_decoder.py,1227,for,decode_piece,"for i in range(max(0, j - seg_cap), j):"
tools/joint_estimator/probe_decoder.py,1296,if,decode_piece,"if end_state is None or _better(scx, bix, bsx, stx, end_val[0], end_val[1], end_val[2], end_state):"
tools/joint_estimator/probe_decoder.py,1339,for,_segment_posterior,"for (tonic, is_major) in key_set:"
tools/joint_estimator/probe_decoder.py,1350,for,_segment_posterior,"for k, sc in scores.items():"
tools/joint_estimator/probe_decoder.py,1382,for,sub_piece,for n in piece.notes_by_event[i]:
tools/joint_estimator/probe_decoder.py,157,ternary,_first_bucket,"ck = cur.key() if isinstance(cur, norm.LabelClass) else str(cur)"
tools/joint_estimator/probe_decoder.py,250,ternary,weights,return self.w if self.w is not None else identity_weights()
tools/joint_estimator/probe_decoder.py,286,ternary,__init__,self.w = dict(weights) if weights is not None else identity_weights()
tools/joint_estimator/probe_decoder.py,287,ternary,__init__,"suffix = ""all"" if table_set == ""all"" else table_set"
tools/joint_estimator/probe_decoder.py,300,for,__init__,"for _dk, row in rows.items():"
tools/joint_estimator/probe_decoder.py,354,for,_count_mode_marginal,"for r in d[""seq""]:"
tools/joint_estimator/probe_decoder.py,370,ternary,_katz_query,"ck = outcome_cls.key() if isinstance(outcome_cls, norm.LabelClass) else str(outcome_cls)"
tools/joint_estimator/probe_decoder.py,397,for,_apportion,for c in marg:
tools/joint_estimator/probe_decoder.py,407,ternary,prior_logp,"dmode = declared_mode if declared_mode in (""major"", ""minor"") else ""none"""
tools/joint_estimator/probe_decoder.py,413,ternary,prior_logp,"band = str(diff) if abs(diff) <= 1 else ""far"""
tools/joint_estimator/probe_decoder.py,414,ternary,prior_logp,"lm = ""M"" if is_major else ""m"""
tools/joint_estimator/probe_decoder.py,466,ternary,_compute_key_trans,"mp_cell = ""mp:"" + cell.split(""|"", 1)[1] if ""|"" in cell else None"
tools/joint_estimator/probe_decoder.py,528,if,spelling_logp,if cur in dist:
tools/joint_estimator/probe_decoder.py,538,ternary,bass_logp,"mode = ""M"" if is_major else ""m"""
tools/joint_estimator/probe_decoder.py,565,ternary,boundary_logp,"rec = cell if (cell and cell.get(""reliable"") and cell.get(""prob"") is not None) else None"
tools/joint_estimator/probe_decoder.py,613,if,prepare,if n[N_MEAS] == 0:
tools/joint_estimator/probe_decoder.py,616,if,prepare,if 0 <= i < len(self.events) and self.events[i][EV_START] <= n[N_ONSET] < self.events[i][EV_END]:
tools/joint_estimator/probe_decoder.py,637,for,approach_window_pcs,"for onset, offset, pc in self._live_notes:"
tools/joint_estimator/probe_decoder.py,652,if,overlap_pcs,if onset >= end:
tools/joint_estimator/probe_decoder.py,654,if,overlap_pcs,if offset > start:
tools/joint_estimator/probe_decoder.py,769,if,segment_features,if pc not in seg_pcs:
tools/joint_estimator/probe_decoder.py,820,if,score_hypothesis,if same:
tools/joint_estimator/probe_decoder.py,928,ternary,cadence_report,"i = s[""i""] if isinstance(s, dict) else s.i"
tools/joint_estimator/probe_decoder.py,929,ternary,cadence_report,"tonic = s[""tonic_pc""] if isinstance(s, dict) else s.tonic"
tools/joint_estimator/probe_decoder.py,930,ternary,cadence_report,"is_major = s[""is_major""] if isinstance(s, dict) else s.is_major"
tools/joint_estimator/probe_decoder.py,936,if,cadence_report,if on:
tools/joint_estimator/probe_decoder.py,956,for,__init__,"for fromk, row in tables[""table1_chord_transition""][mode].items():"
tools/joint_estimator/probe_decoder.py,962,if,__init__,"if k != ""BASE"" and not k.startswith(""«""):"
tools/joint_estimator/probe_decoder.py,967,if,__init__,"if lc.raw_unnormalized or lc.quality in (""triad"", ""seventh""):"
tools/joint_estimator/probe_decoder.py,985,if,__init__,if lc.key() not in self.classes and not lc.raw_unnormalized:
tools/joint_estimator/probe_decoder.py,1068,if,_candidate_states_for_segment,if root is None or root not in onset_pcs:
tools/joint_estimator/probe_decoder.py,1070,if,_candidate_states_for_segment,if mem is None:
tools/joint_estimator/probe_decoder.py,1073,if,_candidate_states_for_segment,"if present < min(2, len(mem)):"
tools/joint_estimator/probe_decoder.py,1075,if,_candidate_states_for_segment,if (n_onset - present) > max_ncts:
tools/joint_estimator/probe_decoder.py,1099,if,decode_piece,"if m and glt._collection_fifths(t, m) == sig_fifths:"
tools/joint_estimator/probe_decoder.py,1191,if,content,if sp is None:
tools/joint_estimator/probe_decoder.py,1210,if,summarize,if st == START:
tools/joint_estimator/probe_decoder.py,1217,if,summarize,"if (tt, tm) not in key_best or _better_prefix(sc, st, key_best[(tt, tm)],"
tools/joint_estimator/probe_decoder.py,1228,if,decode_piece,if not V[i]:
tools/joint_estimator/probe_decoder.py,1236,for,decode_piece,"for (tt, tm) in tgt_keys:"
tools/joint_estimator/probe_decoder.py,1247,for,decode_piece,"for (tonic, is_major, ckey) in cand_states:"
tools/joint_estimator/probe_decoder.py,1341,if,_segment_posterior,if root is None:
tools/joint_estimator/probe_decoder.py,1344,if,_segment_posterior,if sc != NEG_INF:
tools/joint_estimator/probe_decoder.py,1351,if,_segment_posterior,if k == best:
tools/joint_estimator/probe_decoder.py,1353,if,_segment_posterior,if sc > alt_sc:
tools/joint_estimator/probe_decoder.py,1367,ternary,_key_string,"return _PC_KEYNAME[tonic % 12] + (""maj"" if is_major else ""min"")"
tools/joint_estimator/probe_decoder.py,1384,if,sub_piece,if bass_override is not None:
tools/joint_estimator/probe_decoder.py,355,if,_count_mode_marginal,"if r[""is_major""] is None or r[""cls""].raw_unnormalized:"
tools/joint_estimator/probe_decoder.py,386,ternary,_katz_query,"return (mass * (marg.get(ck, 0) + glt.ALPHA) / denom if denom > 0 else mass), prov"
tools/joint_estimator/probe_decoder.py,398,if,_apportion,"if _first_bucket(dist, class_from_key(c), parent_fn) == bucket:"
tools/joint_estimator/probe_decoder.py,424,ternary,prior_logp,return _safe_log(base / residual_keys if base > 0 else 1e-6)
tools/joint_estimator/probe_decoder.py,462,ternary,_compute_key_trans,"band = f""cof{dist}"" if dist <= 2 else ""cofFar"""
tools/joint_estimator/probe_decoder.py,503,ternary,_compute_chord_trans,"return (_safe_log(p) if p is not None else LOG0_FLOOR), prov"
tools/joint_estimator/probe_decoder.py,564,ternary,boundary_logp,"""fermata_at_or_adjacent"" if ferm_ctx else ""no_fermata_context"")"
tools/joint_estimator/probe_decoder.py,572,ternary,boundary_logp,return math.log(p if is_boundary else (1.0 - p))
tools/joint_estimator/probe_decoder.py,638,if,approach_window_pcs,if onset >= t0:
tools/joint_estimator/probe_decoder.py,640,if,approach_window_pcs,if offset > lo:
tools/joint_estimator/probe_decoder.py,698,ternary,get,"root = fac[0][1] if fac else chromatic_root_pc(cls, tonic, is_major)"
tools/joint_estimator/probe_decoder.py,958,for,__init__,"for o in row[""dist""]:"
tools/joint_estimator/probe_decoder.py,1120,ternary,_canon,"return (st[0], 0 if st[1] else 1, st[2])"
tools/joint_estimator/probe_decoder.py,1238,for,decode_piece,"for (pt, pm), kb in key_best.items():"
tools/joint_estimator/probe_decoder.py,1249,if,decode_piece,if cscore == NEG_INF:
tools/joint_estimator/probe_decoder.py,1258,if,decode_piece,if start_score is not None:
tools/joint_estimator/probe_decoder.py,1265,if,decode_piece,if same:
tools/joint_estimator/probe_decoder.py,1275,if,decode_piece,if ak is not None:
tools/joint_estimator/probe_decoder.py,1280,if,decode_piece,if back is None:
tools/joint_estimator/probe_decoder.py,1284,if,decode_piece,"if cur is None or _better(score, back[0], back[1], st, cur[0], cur[1], cur[2], st):"
tools/joint_estimator/probe_decoder.py,401,ternary,_apportion,"v = (tot if tot > 0 else glt.ALPHA, cnt)"
tools/joint_estimator/probe_decoder.py,432,ternary,_entry,"v = (_safe_log(p) if p is not None else LOG0_FLOOR, prov)"
tools/joint_estimator/probe_decoder.py,501,ternary,_compute_chord_trans,"return (_safe_log(p) if p is not None else LOG0_FLOOR), prov"
tools/joint_estimator/probe_decoder.py,516,ternary,emission_logp,return _safe_log(1.0 / (sum(dist.values()) + 3.0) if dist else 1e-4)
tools/joint_estimator/probe_decoder.py,959,if,__init__,"if not (o.startswith(""«"") or o == ""BASE""):"
tools/joint_estimator/probe_decoder.py,1239,if,decode_piece,if pt == tt and pm == tm:
tools/joint_estimator/probe_decoder.py,1243,if,decode_piece,"if arg_k is None or _better_prefix(val, (pt, pm, key_arg[(pt, pm)]), best_k,"
tools/joint_estimator/probe_decoder.py,1261,if,decode_piece,"if back is None or _better(tin, i, START, st, best_in, back[0], back[1], st):"
tools/joint_estimator/probe_decoder.py,1267,for,decode_piece,"for pck, psc in same.items():"
tools/joint_estimator/probe_decoder.py,1278,if,decode_piece,"if back is None or _better(tin, i, cand_bs, st, best_in, back[0], back[1], st):"
tools/joint_estimator/probe_decoder.py,1358,ternary,_segment_posterior,"""committed_key_content_score"": round(best_sc, 4) if best_sc != NEG_INF else None,"
tools/joint_estimator/probe_decoder.py,1359,ternary,_segment_posterior,"""runner_key"": _key_string(*alt) if alt else None,"
tools/joint_estimator/probe_decoder.py,1360,ternary,_segment_posterior,"""runner_key_content_score"": round(alt_sc, 4) if alt_sc != NEG_INF else None,"
tools/joint_estimator/probe_decoder.py,1361,ternary,_segment_posterior,"""gap"": round(best_sc - alt_sc, 4) if (alt and best_sc != NEG_INF) else None,"
tools/joint_estimator/probe_decoder.py,1385,ternary,sub_piece,m[N_MIDI] = (m[N_PC] + 24) if m[N_PC] == bass_override else (m[N_PC] + 72)
tools/joint_estimator/probe_decoder.py,1404,ternary,load_pieces,"n_quarter=p[""n_quarter""], meter=tuple(p[""meter""]) if p[""meter""] else None)"
tools/joint_estimator/probe_decoder.py,461,ternary,_compute_key_trans,"mp = f""{'M' if tpm else 'm'}{'M' if mb else 'm'}"""
tools/joint_estimator/probe_decoder.py,461,ternary,_compute_key_trans,"mp = f""{'M' if tpm else 'm'}{'M' if mb else 'm'}"""
tools/joint_estimator/probe_decoder.py,1271,if,decode_piece,"if back is None or _better(tin, i, cand_bs, st, best_in, back[0], back[1], st):"
tools/joint_estimator/probe_decoder.py,357,ternary,_count_mode_marginal,"marg[""major"" if r[""is_major""] else ""minor""][r[""cls""].key()] += 1"
tools/joint_estimator/probe_desksim.py,680,if,<module-scope>,"if __name__ == ""__main__"":"
tools/joint_estimator/probe_desksim.py,45,if,_trans_shorthand,"if cls.quality in (""Dim"", ""Dim7""):"
tools/joint_estimator/probe_desksim.py,51,if,_trans_shorthand,if cls.target:
tools/joint_estimator/probe_desksim.py,192,for,_make_piece,"for k, ev in enumerate(ev_specs):"
tools/joint_estimator/probe_desksim.py,223,for,_sum_included,for b in breakdowns[drop_prefix:]:
tools/joint_estimator/probe_desksim.py,250,for,_ev,for pc in pcs:
tools/joint_estimator/probe_desksim.py,255,if,_ev,if beat is not None:
tools/joint_estimator/probe_desksim.py,493,for,run_cadence_fire_establishment,for chk in _FIRE_CHECKS:
tools/joint_estimator/probe_desksim.py,526,if,run_cadence_fire_establishment,if verbose:
tools/joint_estimator/probe_desksim.py,562,for,run_parity,for case in cases:
tools/joint_estimator/probe_desksim.py,587,if,run_parity,if verbose:
tools/joint_estimator/probe_desksim.py,612,if,_score_local,if incoming is not None:
tools/joint_estimator/probe_desksim.py,617,for,_score_local,for b in bd[start:]:
tools/joint_estimator/probe_desksim.py,630,for,run_fitted_probe,"for leftover in (""freq"", ""even""):"
tools/joint_estimator/probe_desksim.py,44,ternary,_trans_shorthand,d = deg if cls.quality in _MAJOR_COLOR else deg.lower()
tools/joint_estimator/probe_desksim.py,47,if,_trans_shorthand,"elif cls.quality in (""HalfDim"", ""HalfDim7""):"
tools/joint_estimator/probe_desksim.py,90,if,prior_logp,if sig_fifths is None:
tools/joint_estimator/probe_desksim.py,103,if,prior_logp,"if (declared_mode == ""minor"" and not is_major) or (declared_mode == ""major"" and is_major):"
tools/joint_estimator/probe_desksim.py,110,if,entry_logp,"if deg == ""VII"" and cls.quality in (""Dim"", ""Dim7""):"
tools/joint_estimator/probe_desksim.py,117,if,key_trans_logp,if pt == tb and pm == mb:
tools/joint_estimator/probe_desksim.py,120,if,key_trans_logp,"if kind == ""relative"":"
tools/joint_estimator/probe_desksim.py,122,if,key_trans_logp,"if kind == ""parallel"":"
tools/joint_estimator/probe_desksim.py,129,if,chord_trans_logp,if key in _T4:
tools/joint_estimator/probe_desksim.py,135,if,emission_logp,"if category == ""member"":"
tools/joint_estimator/probe_desksim.py,138,if,emission_logp,"if category == ""within"":"
tools/joint_estimator/probe_desksim.py,159,if,boundary_logp,"if beat_class == ""downbeat"":"
tools/joint_estimator/probe_desksim.py,161,if,boundary_logp,"if beat_class == ""sub_tactus"":"
tools/joint_estimator/probe_desksim.py,200,for,_make_piece,"for idx, nd in enumerate(ns):"
tools/joint_estimator/probe_desksim.py,224,for,_sum_included,"for f, v in b.items():"
tools/joint_estimator/probe_desksim.py,248,ternary,_ev,b = pcs[0] if bass_pc is None else bass_pc
tools/joint_estimator/probe_desksim.py,498,for,run_cadence_fire_establishment,"for f in (""leading_tone"", ""tritone_pair"", ""dominant_tonic_bass""):"
tools/joint_estimator/probe_desksim.py,512,if,run_cadence_fire_establishment,"if chk.get(""resolution_feature""):"
tools/joint_estimator/probe_desksim.py,528,for,run_cadence_fire_establishment,for r in rows:
tools/joint_estimator/probe_desksim.py,563,for,run_parity,"for label, hyp in case.hyps.items():"
tools/joint_estimator/probe_desksim.py,589,for,run_parity,for case in cases:
tools/joint_estimator/probe_desksim.py,616,ternary,_score_local,start = 1 if incoming is not None else 0
tools/joint_estimator/probe_desksim.py,618,for,_score_local,"for f, v in b.items():"
tools/joint_estimator/probe_desksim.py,641,for,run_fitted_probe,"for bassname, bpc in ((""F#"", 6), (""E"", 4)):"
tools/joint_estimator/probe_desksim.py,670,if,run_fitted_probe,if verbose:
tools/joint_estimator/probe_desksim.py,49,if,_trans_shorthand,"elif cls.quality in (""Aug"", ""Aug7"", ""AugMaj7""):"
tools/joint_estimator/probe_desksim.py,95,if,prior_logp,if diff == 0:
tools/joint_estimator/probe_desksim.py,124,ternary,key_trans_logp,"return -4.83 if glt._cof_distance(pt, tb) == 1 else -6.91"
tools/joint_estimator/probe_desksim.py,140,ternary,emission_logp,return -2.53 if cs else -3.51        # outside
tools/joint_estimator/probe_desksim.py,144,ternary,spelling_logp,"return 1.10 if ((not is_major) and sbin == ""raised7"") else 0.0"
tools/joint_estimator/probe_desksim.py,152,ternary,factor_absent_logp,"return -1.05 if role == ""third"" else -0.80"
tools/joint_estimator/probe_desksim.py,163,ternary,boundary_logp,return -1.39 if is_boundary else -0.29        # tactus / mid_strong
tools/joint_estimator/probe_desksim.py,225,if,_sum_included,if f not in include or f in exclude:
tools/joint_estimator/probe_desksim.py,227,if,_sum_included,"if f == ""key_trans"" and not key_trans_stays and abs(v - (-0.04)) < 1e-9:"
tools/joint_estimator/probe_desksim.py,503,if,run_cadence_fire_establishment,if not match:
tools/joint_estimator/probe_desksim.py,515,for,run_cadence_fire_establishment,"for j in range(1, i):"
tools/joint_estimator/probe_desksim.py,520,if,run_cadence_fire_establishment,if not resolution_ok:
tools/joint_estimator/probe_desksim.py,530,for,run_cadence_fire_establishment,"for f, d in r[""per_feature""].items():"
tools/joint_estimator/probe_desksim.py,533,if,run_cadence_fire_establishment,"if r[""resolution_fires_only_at_arrival""] is not None:"
tools/joint_estimator/probe_desksim.py,573,if,run_parity,"if case.kind == ""synthetic"":"
tools/joint_estimator/probe_desksim.py,582,if,run_parity,if verbose:
tools/joint_estimator/probe_desksim.py,591,for,run_parity,"for lab, h in case.hyps.items():"
tools/joint_estimator/probe_desksim.py,619,if,_score_local,"if f in (""prior"",):          # no signature prior for a local mid-piece span"
tools/joint_estimator/probe_desksim.py,672,for,run_fitted_probe,"for bn, r in rows352.items():"
tools/joint_estimator/probe_desksim.py,97,if,prior_logp,elif abs(diff) == 1:
tools/joint_estimator/probe_desksim.py,139,ternary,emission_logp,return -1.20 if cs else -2.12
tools/joint_estimator/probe_desksim.py,160,ternary,boundary_logp,return -0.43 if is_boundary else -1.05
tools/joint_estimator/probe_desksim.py,162,ternary,boundary_logp,return -3.51 if is_boundary else -0.03
tools/joint_estimator/probe_desksim.py,203,ternary,_make_piece,"midi = (pc + 48) if nd.get(""bass"") else (pc + 72)"
tools/joint_estimator/probe_desksim.py,504,if,run_cadence_fire_establishment,"if (chk[""name""], f) == _DOC_SLIP_KEY:"
tools/joint_estimator/probe_desksim.py,517,if,run_cadence_fire_establishment,if fb[rf]:
tools/joint_estimator/probe_desksim.py,667,ternary,run_fitted_probe,"""winner"": ""split"" if s_split > s_merge else ""merge""}"
tools/joint_estimator/probe_desksim.py,96,ternary,prior_logp,p = 0.38 if is_major else 0.27
tools/joint_estimator/probe_desksim.py,531,ternary,run_cadence_fire_establishment,"mk = ""OK "" if d[""match""] else (""~slip"" if d[""classify""] == ""documented_window_underspec"" else ""STOP"")"
tools/joint_estimator/probe_desksim.py,574,ternary,run_parity,n_struct_fail += (0 if struct_ok else 1)
tools/joint_estimator/probe_desksim.py,583,ternary,run_parity,"mark = ""OK "" if struct_ok else (""-- "" if case.kind == ""corpus"" else ""FAIL"")"
tools/joint_estimator/probe_desksim.py,653,ternary,run_fitted_probe,"""winner"": ""viø7"" if r1 > r2 else ""i""}"
tools/joint_estimator/probe_desksim.py,531,ternary,run_cadence_fire_establishment,"mk = ""OK "" if d[""match""] else (""~slip"" if d[""classify""] == ""documented_window_underspec"" else ""STOP"")"
tools/joint_estimator/probe_desksim.py,539,ternary,run_cadence_fire_establishment,"print(f""  ==> establishment {'STOP (implementation mismatch)' if stop else 'PASS'} """
tools/joint_estimator/probe_desksim.py,583,ternary,run_parity,"mark = ""OK "" if struct_ok else (""-- "" if case.kind == ""corpus"" else ""FAIL"")"
tools/joint_estimator/probe_run.py,693,if,<module-scope>,"if __name__ == ""__main__"":"
tools/joint_estimator/probe_run.py,58,if,render_rn,"if cls.quality in (""Dim"", ""Dim7""):"
tools/joint_estimator/probe_run.py,71,for,_pcs_bitmask,for pc in pcs:
tools/joint_estimator/probe_run.py,80,for,decode_to_regions,for s in result.segments:
tools/joint_estimator/probe_run.py,115,if,grade_regions,if not wir_regions or not ours_regions:
tools/joint_estimator/probe_run.py,119,for,grade_regions,for c in pg.cells:
tools/joint_estimator/probe_run.py,142,if,_delta,if new is None or base is None:
tools/joint_estimator/probe_run.py,179,for,run_corpus,"for idx, stem in enumerate(stem_list):"
tools/joint_estimator/probe_run.py,274,if,run_corpus,if write:
tools/joint_estimator/probe_run.py,279,if,run_corpus,if verbose:
tools/joint_estimator/probe_run.py,361,if,measure_prune_loss,if write:
tools/joint_estimator/probe_run.py,363,if,measure_prune_loss,if verbose:
tools/joint_estimator/probe_run.py,383,for,re_grade_from_artifact,"for stem, rec in dec[""pieces""].items():"
tools/joint_estimator/probe_run.py,418,if,re_grade_from_artifact,if write:
tools/joint_estimator/probe_run.py,420,if,re_grade_from_artifact,if verbose:
tools/joint_estimator/probe_run.py,448,for,add_vs_default,"for stem, rec in dec[""pieces""].items():"
tools/joint_estimator/probe_run.py,475,if,add_vs_default,if write:
tools/joint_estimator/probe_run.py,479,if,add_vs_default,if verbose:
tools/joint_estimator/probe_run.py,491,for,_win_loss,"for stem, g in per_piece_grade.items():"
tools/joint_estimator/probe_run.py,512,for,_print_corpus_report,"for axis, colkey, bkey in ((""key vs LOCAL"", ""key_local_agree_pct"", ""key_local""),"
tools/joint_estimator/probe_run.py,521,if,_print_corpus_report,if result:
tools/joint_estimator/probe_run.py,541,if,run_parity_artifact,if fire_stop:
tools/joint_estimator/probe_run.py,560,if,run_parity_artifact,if write:
tools/joint_estimator/probe_run.py,584,for,write_summaries,"for axis, ck, bk in ((""key vs LOCAL"", ""key_local_agree_pct"", ""key_local""),"
tools/joint_estimator/probe_run.py,597,if,write_summaries,if cf:
tools/joint_estimator/probe_run.py,603,if,write_summaries,if ch:
tools/joint_estimator/probe_run.py,610,for,write_summaries,"for r in wl[""weakest_key_local""]:"
tools/joint_estimator/probe_run.py,613,for,write_summaries,"for r in wl[""strongest_key_local""]:"
tools/joint_estimator/probe_run.py,616,if,write_summaries,if vd:
tools/joint_estimator/probe_run.py,627,try,write_summaries,try:
tools/joint_estimator/probe_run.py,648,for,write_summaries,"for r in p[""structural_parity""]:"
tools/joint_estimator/probe_run.py,652,if,write_summaries,if fe is not None:
tools/joint_estimator/probe_run.py,666,for,write_summaries,"for lo in (""freq"", ""even""):"
tools/joint_estimator/probe_run.py,679,if,main,"if mode in (""parity"", ""all""):"
tools/joint_estimator/probe_run.py,681,if,main,"if mode in (""corpus"", ""all""):"
tools/joint_estimator/probe_run.py,683,if,main,"if mode == ""regrade"":"
tools/joint_estimator/probe_run.py,685,if,main,"if mode in (""regrade"", ""vsdefault""):"
tools/joint_estimator/probe_run.py,687,if,main,"if mode == ""pruneloss"":"
tools/joint_estimator/probe_run.py,689,if,main,"if mode == ""summaries"":"
tools/joint_estimator/probe_run.py,56,ternary,render_rn,d = cls.degree_base if cls.quality in _MAJOR_COLOR else cls.degree_base.lower()
tools/joint_estimator/probe_run.py,60,if,render_rn,"elif cls.quality in (""HalfDim"", ""HalfDim7""):"
tools/joint_estimator/probe_run.py,65,ternary,render_rn,"tgt = (""/"" + cls.target) if cls.target else """""
tools/joint_estimator/probe_run.py,90,for,decode_to_regions,"for e in range(i, j):"
tools/joint_estimator/probe_run.py,132,ternary,_pct,"return round(100.0 * a / b, 2) if b else None"
tools/joint_estimator/probe_run.py,186,if,run_corpus,if r.cadence_fires:
tools/joint_estimator/probe_run.py,190,if,run_corpus,if chrom:
tools/joint_estimator/probe_run.py,200,if,run_corpus,if g is None:
tools/joint_estimator/probe_run.py,205,if,run_corpus,if verbose and (idx % 40 == 0):
tools/joint_estimator/probe_run.py,325,for,grade_at,for stem in PRUNE_LOSS_SAMPLE:
tools/joint_estimator/probe_run.py,389,if,re_grade_from_artifact,if g is None:
tools/joint_estimator/probe_run.py,450,if,add_vs_default,if not dp.exists():
tools/joint_estimator/probe_run.py,459,if,add_vs_default,"if None in (mkl, dkl, mrt, drt):"
tools/joint_estimator/probe_run.py,493,if,_win_loss,if den == 0:
tools/joint_estimator/probe_run.py,622,for,write_summaries,"for r in vd[""largest_key_local_wins""]:"
tools/joint_estimator/probe_run.py,625,for,write_summaries,"for r in vd[""largest_key_local_losses""]:"
tools/joint_estimator/probe_run.py,656,for,write_summaries,for r in fe:
tools/joint_estimator/probe_run.py,669,for,write_summaries,"for bn, rr in f[""bwv352""].items():"
tools/joint_estimator/probe_run.py,678,ternary,main,"mode = argv[0] if argv else ""all"""
tools/joint_estimator/probe_run.py,62,if,render_rn,"elif cls.quality in (""Aug"", ""Aug7"", ""AugMaj7""):"
tools/joint_estimator/probe_run.py,85,ternary,decode_to_regions,"family = ""seventh"" if (fac and len(fac) == 4) else ""triad"""
tools/joint_estimator/probe_run.py,88,ternary,decode_to_regions,bass_role = fac_pc.get(bass) if bass is not None else None
tools/joint_estimator/probe_run.py,332,for,grade_at,for c in pg.cells:
tools/joint_estimator/probe_run.py,359,ternary,measure_prune_loss,"""compute_ratio"": round(lt / tt, 1) if tt else None,"
tools/joint_estimator/probe_run.py,440,ternary,_kl,return (100.0 * a / (a + d)) if (a + d) else None
tools/joint_estimator/probe_run.py,445,ternary,_rt,return (100.0 * a / t) if t else None
tools/joint_estimator/probe_run.py,658,for,write_summaries,"for f, d in r[""per_feature""].items():"
tools/joint_estimator/probe_run.py,64,ternary,render_rn,"fig = (_FIG_SEVENTH if family == ""seventh"" else _FIG_TRIAD).get(bass_role, """")"
tools/joint_estimator/probe_run.py,121,ternary,grade_regions,"agg[""root_agree"" if c[""root_agree""] else ""root_dis""] += w"
tools/joint_estimator/probe_run.py,122,ternary,grade_regions,"agg[""rn_agree"" if c[""rn_agree""] else ""rn_dis""] += w"
tools/joint_estimator/probe_run.py,335,if,grade_at,"if c[""key_verdict_local""] == ""agree"":"
tools/joint_estimator/probe_run.py,661,ternary,write_summaries,"res = ("""" if r[""resolution_fires_only_at_arrival""] is None"
tools/joint_estimator/probe_run.py,337,if,grade_at,"elif c[""key_verdict_local""] == ""disagree"":"
tools/joint_estimator/probe_run.py,659,ternary,write_summaries,"tag = ""OK"" if d[""match""] else (""slip"" if d[""classify""] == ""documented_window_underspec"" else ""STOP"")"
tools/joint_estimator/probe_run.py,100,ternary,decode_to_regions,"root_pc=(root if root is not None else -1),"
tools/joint_estimator/probe_run.py,102,ternary,decode_to_regions,"chord_symbol=f""{pd._PC_KEYNAME[root % 12]}{cls.quality}"" if root is not None else """","
tools/joint_estimator/probe_run.py,105,ternary,decode_to_regions,"bass_pc=(bass if bass is not None else None),"
tools/joint_estimator/probe_run.py,236,ternary,run_corpus,"""leftover_rule"": f""option 2{'a' if LEFTOVER=='freq' else 'b'} ({LEFTOVER})"","
tools/joint_estimator/probe_run.py,334,ternary,grade_at,"g[""ra"" if c[""root_agree""] else ""rd""] += w"
tools/joint_estimator/probe_run.py,523,ternary,_print_corpus_report,"print(f""\nprediction (<+/-1.0pp on every axis): {'HOLDS' if pv['holds'] else 'SURPRISE — '+str(pv['axes_over_1pp'])}"")"
tools/joint_estimator/probe_run.py,654,ternary,write_summaries,"f""{'STOP' if p.get('cadence_fire_stop') else 'PASS'} --"","
tools/joint_estimator/probe_run.py,659,ternary,write_summaries,"tag = ""OK"" if d[""match""] else (""slip"" if d[""classify""] == ""documented_window_underspec"" else ""STOP"")"
tools/joint_estimator/search_direct.py,711,if,<module-scope>,"if __name__ == ""__main__"":"
tools/joint_estimator/search_direct.py,153,for,maxplus_decode,for b in range(n):
tools/joint_estimator/search_direct.py,193,if,maxplus_decode,if not np.isfinite(fin).any():
tools/joint_estimator/search_direct.py,201,while,maxplus_decode,while j > 0:
tools/joint_estimator/search_direct.py,230,for,segments_to_dicts,"for (i, j, tonic, is_major, ckey) in segs:"
tools/joint_estimator/search_direct.py,257,for,establish_decoder,for i in range(n_random):
tools/joint_estimator/search_direct.py,260,for,establish_decoder,for stem in stems:
tools/joint_estimator/search_direct.py,266,for,establish_decoder,"for label, x in arms:"
tools/joint_estimator/search_direct.py,300,for,establish_decoder,"for label, x in arms:"
tools/joint_estimator/search_direct.py,362,for,grade_stems,for stem in store.stems:
tools/joint_estimator/search_direct.py,376,for,grade_stems,for v in per_piece.values():
tools/joint_estimator/search_direct.py,379,for,grade_stems,"for axis, (a, d) in fr_NUM.items():"
tools/joint_estimator/search_direct.py,445,for,coordinate_search,"for si, factors in enumerate(GRID_STAGES):"
tools/joint_estimator/search_direct.py,495,for,starting_points,"for s in range(2, N_STARTS):"
tools/joint_estimator/search_direct.py,511,if,training_stems,"if fit_label == ""all"":"
tools/joint_estimator/search_direct.py,523,for,search_fit,for s in todo:
tools/joint_estimator/search_direct.py,556,if,run,if verbose:
tools/joint_estimator/search_direct.py,560,if,run,if establish:
tools/joint_estimator/search_direct.py,566,if,run,if verbose:
tools/joint_estimator/search_direct.py,576,if,run,if out_path:
tools/joint_estimator/search_direct.py,634,if,main,"if argv and argv[0] == ""--merge"":"
tools/joint_estimator/search_direct.py,638,while,main,while i < len(argv):
tools/joint_estimator/search_direct.py,650,if,main,if fit_label is None:
tools/joint_estimator/search_direct.py,662,if,merge_parts,if not parts:
tools/joint_estimator/search_direct.py,665,for,merge_parts,for p in parts:
tools/joint_estimator/search_direct.py,695,for,merge_parts,"for name, pp in part_prov.items():"
tools/joint_estimator/search_direct.py,705,for,merge_parts,"for fl, rec in sorted(fits.items()):"
tools/joint_estimator/search_direct.py,154,if,maxplus_decode,if b == 0:
tools/joint_estimator/search_direct.py,179,for,maxplus_decode,for s in spans_from[b]:
tools/joint_estimator/search_direct.py,203,if,maxplus_decode,if s < 0:
tools/joint_estimator/search_direct.py,208,if,maxplus_decode,if b == 0:
tools/joint_estimator/search_direct.py,216,if,maxplus_decode,if sm_kc >= ent_kc:
tools/joint_estimator/search_direct.py,269,for,establish_decoder,for stem in stems:
tools/joint_estimator/search_direct.py,301,for,establish_decoder,"for c in (0.5, 2.0, 10.0):"
tools/joint_estimator/search_direct.py,333,for,__init__,"for idx, stem in enumerate(self.stems):"
tools/joint_estimator/search_direct.py,366,if,grade_stems,if not segs:
tools/joint_estimator/search_direct.py,370,if,grade_stems,if want_segments:
tools/joint_estimator/search_direct.py,373,if,grade_stems,if g is not None:
tools/joint_estimator/search_direct.py,392,ternary,_dis_fraction,return (agg[d_key] / tot) if tot else 1.0
tools/joint_estimator/search_direct.py,406,ternary,normalize,return (x / m) if m > 0 else x.copy()
tools/joint_estimator/search_direct.py,414,ternary,generative_scale,return (x / m) if m > 0 else x.copy()
tools/joint_estimator/search_direct.py,434,if,R,if hit is not None:
tools/joint_estimator/search_direct.py,446,for,coordinate_search,for sweep in range(MAX_SWEEPS_PER_STAGE):
tools/joint_estimator/search_direct.py,494,ternary,starting_points,"fi = 5 if fit_label == ""all"" else fold"
tools/joint_estimator/search_direct.py,521,ternary,search_fit,todo = list(range(len(starts))) if start_ids is None else list(start_ids)
tools/joint_estimator/search_direct.py,525,if,search_fit,if verbose:
tools/joint_estimator/search_direct.py,541,if,search_fit,if verbose:
tools/joint_estimator/search_direct.py,552,ternary,run,"fold = None if fit_label == ""all"" else int(fit_label.replace(""fold"", """"))"
tools/joint_estimator/search_direct.py,563,if,run,"if not established[""decoder_vs_pinned""][""pass""]:"
tools/joint_estimator/search_direct.py,639,if,main,"if argv[i] == ""--fit"":"
tools/joint_estimator/search_direct.py,652,ternary,main,"tag = ""all"" if start_ids is None else ""s"" + ""_"".join(str(v) for v in start_ids)"
tools/joint_estimator/search_direct.py,673,for,merge_parts,"for s in d[""starts""]:"
tools/joint_estimator/search_direct.py,682,if,merge_parts,"if d.get(""establishment""):"
tools/joint_estimator/search_direct.py,697,if,merge_parts,if drift:
tools/joint_estimator/search_direct.py,155,if,maxplus_decode,if lat.is_head:
tools/joint_estimator/search_direct.py,164,if,maxplus_decode,if live_k.size == 0:
tools/joint_estimator/search_direct.py,167,for,maxplus_decode,for k in live_k:
tools/joint_estimator/search_direct.py,174,if,maxplus_decode,if stats is not None:
tools/joint_estimator/search_direct.py,181,if,maxplus_decode,if hi_c <= lo_c:
tools/joint_estimator/search_direct.py,187,if,maxplus_decode,if better.any():
tools/joint_estimator/search_direct.py,294,if,establish_decoder,if verbose:
tools/joint_estimator/search_direct.py,303,for,establish_decoder,for stem in stems:
tools/joint_estimator/search_direct.py,338,if,__init__,if verbose and idx % 60 == 0:
tools/joint_estimator/search_direct.py,381,ternary,grade_stems,cols[axis] = (100.0 * agg[a] / tot) if tot else None
tools/joint_estimator/search_direct.py,448,for,coordinate_search,"for ci, name in enumerate(W_NAMES):"
tools/joint_estimator/search_direct.py,477,if,coordinate_search,if verbose:
tools/joint_estimator/search_direct.py,480,if,coordinate_search,if not improved_any:
tools/joint_estimator/search_direct.py,553,ternary,run,"lw = (wf[""all""] if fit_label == ""all"" else wf[""folds""][str(fold)])[""weights""]"
tools/joint_estimator/search_direct.py,557,ternary,run,"where = ""all 326"" if fit_label == ""all"" else f""complement of fold {fold}"""
tools/joint_estimator/search_direct.py,642,if,main,"elif argv[i] == ""--starts"":"
tools/joint_estimator/search_direct.py,674,if,merge_parts,"if s[""start_index""] in seen:"
tools/joint_estimator/search_direct.py,451,if,coordinate_search,if xi > 0:
tools/joint_estimator/search_direct.py,461,for,coordinate_search,for v in cands:
tools/joint_estimator/search_direct.py,470,if,coordinate_search,if best_c is not None:
tools/joint_estimator/search_direct.py,645,if,main,"elif argv[i] == ""--establish"":"
tools/joint_estimator/search_direct.py,295,ternary,establish_decoder,"tag = ""OK"" if path_ok else (""§5-EQUAL"" if score_ok else ""SCORE-MISMATCH"")"
tools/joint_estimator/search_direct.py,452,for,coordinate_search,for f in factors:
tools/joint_estimator/search_direct.py,454,if,coordinate_search,if si == 0:
tools/joint_estimator/search_direct.py,463,if,coordinate_search,if v == xi:
tools/joint_estimator/search_direct.py,468,if,coordinate_search,if r < best_v - IMPROVE_EPS:
tools/joint_estimator/search_direct.py,211,ternary,maxplus_decode,"col = prev[k] + mc.WL[0 if k < 12 else 1][:, c]          # same-key: over previous classes"
tools/joint_estimator/search_direct.py,295,ternary,establish_decoder,"tag = ""OK"" if path_ok else (""§5-EQUAL"" if score_ok else ""SCORE-MISMATCH"")"
tools/joint_estimator/search_direct.py,169,ternary,maxplus_decode,"sm[k] = (prev[k, fc][:, None] + mc.WL[0 if k < 12 else 1][fc]).max(axis=0)"
tools/joint_estimator/search_run.py,514,if,<module-scope>,"if __name__ == ""__main__"":"
tools/joint_estimator/search_run.py,80,for,decode_and_grade,"for idx, stem in enumerate(stems):"
tools/joint_estimator/search_run.py,114,for,gt_modulation_rate,for stem in stems:
tools/joint_estimator/search_run.py,125,for,decode_modulation_rate,"for stem, segs in segments_of.items():"
tools/joint_estimator/search_run.py,139,for,stability_heldout,for fold in range(fw.N_FOLDS):
tools/joint_estimator/search_run.py,169,for,establish_at_selected,for fold in range(fw.N_FOLDS):
tools/joint_estimator/search_run.py,196,if,establish_at_selected,if verbose:
tools/joint_estimator/search_run.py,211,if,main,if missing:
tools/joint_estimator/search_run.py,217,for,main,for fold in range(fw.N_FOLDS):
tools/joint_estimator/search_run.py,229,for,main,for fold in range(fw.N_FOLDS):
tools/joint_estimator/search_run.py,243,for,main,for r in repro:
tools/joint_estimator/search_run.py,248,if,main,if verbose:
tools/joint_estimator/search_run.py,261,for,main,"for axis, (lo, hi) in PREDICTION_BANDS.items():"
tools/joint_estimator/search_run.py,273,for,main,"for name, a in list(arms.items()) + [(""all326_publishable"", all_arm)]:"
tools/joint_estimator/search_run.py,289,if,main,"if not est_sel[""pass""]:"
tools/joint_estimator/search_run.py,294,for,main,"for fl, rec in stab.items():"
tools/joint_estimator/search_run.py,404,for,_paired,"for name, arm in arms.items():"
tools/joint_estimator/search_run.py,413,for,_paired,"for other in (""identity_cv"", ""likelihood_cv""):"
tools/joint_estimator/search_run.py,433,for,write_summary,"for name in (""direct_cv"", ""identity_cv"", ""likelihood_cv"", ""all326_publishable""):"
tools/joint_estimator/search_run.py,438,for,write_summary,for a in A:
tools/joint_estimator/search_run.py,450,for,write_summary,for a in A:
tools/joint_estimator/search_run.py,458,for,write_summary,"for fl, s in sorted(g[""stability""].items()):"
tools/joint_estimator/search_run.py,475,for,write_summary,for n in sd.W_NAMES:
tools/joint_estimator/search_run.py,482,for,write_summary,"for name in (""ground_truth"", ""identity_cv"", ""likelihood_cv"", ""direct_cv"", ""all326_publishable""):"
tools/joint_estimator/search_run.py,488,for,write_summary,"for r in g[""establishment""][""committed_arms_reproduced""]:"
tools/joint_estimator/search_run.py,496,if,write_summary,if se:
tools/joint_estimator/search_run.py,86,if,decode_and_grade,if r.cadence_fires:
tools/joint_estimator/search_run.py,90,if,decode_and_grade,if g is not None:
tools/joint_estimator/search_run.py,92,if,decode_and_grade,if verbose and idx % 40 == 0:
tools/joint_estimator/search_run.py,116,if,gt_modulation_rate,if not regs:
tools/joint_estimator/search_run.py,141,if,stability_heldout,"if fl not in search[""fits""]:"
tools/joint_estimator/search_run.py,147,for,stability_heldout,"for st in sorted(search[""fits""][fl][""starts""], key=lambda s: s[""start_index""]):"
tools/joint_estimator/search_run.py,155,if,stability_heldout,if verbose:
tools/joint_estimator/search_run.py,171,if,establish_at_selected,"if fl not in search[""fits""]:"
tools/joint_estimator/search_run.py,179,for,establish_at_selected,for stem in held:
tools/joint_estimator/search_run.py,221,if,main,if verbose:
tools/joint_estimator/search_run.py,232,for,main,"for arm, wts in ((""direct_cv"", selected[fl][""weights""]),"
tools/joint_estimator/search_run.py,244,if,main,"if not r[""pass""]:"
tools/joint_estimator/search_run.py,406,for,_paired,"for axis, (a, d) in _NUM.items():"
tools/joint_estimator/search_run.py,415,for,_paired,for axis in AXES:
tools/joint_estimator/search_run.py,501,if,write_summary,if si:
tools/joint_estimator/search_run.py,236,for,main,"for k in (""per_piece"", ""cadence"", ""segments""):"
tools/joint_estimator/search_run.py,265,ternary,main,"""vs_identity_pp"": (round(v - cols[""identity_cv""][axis], 2)"
tools/joint_estimator/search_run.py,267,ternary,main,"""vs_likelihood_pp"": (round(v - cols[""likelihood_cv""][axis], 2)"
tools/joint_estimator/search_run.py,494,ternary,write_summary,"f""({'PASS' if e['pass'] else 'FAIL'})"")"
tools/joint_estimator/search_run.py,444,ternary,write_summary,"f""{' *' if d1['excludes_zero'] else '  '}   """
tools/joint_estimator/search_run.py,446,ternary,write_summary,"f""{' *' if d2['excludes_zero'] else ''}"")"
tools/joint_estimator/search_run.py,453,ternary,write_summary,"f""   {'HOLDS' if v['holds'] else '*** MISSED ***'}"")"
tools/joint_estimator/search_run.py,490,ternary,write_summary,"f""{'PASS' if r['pass'] else 'FAIL'}"")"
tools/joint_estimator/search_run.py,499,ternary,write_summary,"f""({'PASS' if se['pass'] else 'FAIL'})"")"
tools/joint_estimator/search_run.py,151,ternary,stability_heldout,"""heldout_columns"": {k: (round(v, 2) if v is not None else None)"
tools/joint_estimator/search_run.py,504,ternary,write_summary,"f""({'PASS' if si['pass'] else 'FAIL'})"")"
tools/notation_seams/analyze_cost_profile.py,307,if,<module-scope>,"if __name__ == ""__main__"":"
tools/notation_seams/analyze_cost_profile.py,46,try,git_hash,try:
tools/notation_seams/analyze_cost_profile.py,57,if,loglog_fit,if n < 3:
tools/notation_seams/analyze_cost_profile.py,74,if,loglog_fit,if base is None:
tools/notation_seams/analyze_cost_profile.py,92,for,loglog_fit,for _ in range(n_boot):
tools/notation_seams/analyze_cost_profile.py,125,if,main,if counts:
tools/notation_seams/analyze_cost_profile.py,131,if,main,if decode:
tools/notation_seams/analyze_cost_profile.py,160,if,main,if content_dp:
tools/notation_seams/analyze_cost_profile.py,177,if,main,if phase_rows:
tools/notation_seams/analyze_cost_profile.py,196,if,main,if counts:
tools/notation_seams/analyze_cost_profile.py,219,if,main,if bf:
tools/notation_seams/analyze_cost_profile.py,248,if,main,if counts:
tools/notation_seams/analyze_cost_profile.py,275,if,main,if counts:
tools/notation_seams/analyze_cost_profile.py,293,if,main,"if fits.get(""decode_vs_events_normal_only""):"
tools/notation_seams/analyze_cost_profile.py,298,if,main,"if fits.get(""buildfacts_vs_events_fullcorpus""):"
tools/notation_seams/analyze_cost_profile.py,301,if,main,if content_dp:
tools/notation_seams/analyze_cost_profile.py,42,ternary,load,"return json.loads(p.read_text(encoding=""utf-8"")) if p.exists() else None"
tools/notation_seams/analyze_cost_profile.py,67,if,fit,if sxx == 0:
tools/notation_seams/analyze_cost_profile.py,81,ternary,loglog_fit,r2 = 1 - ssr / sst if sst > 0 else None
tools/notation_seams/analyze_cost_profile.py,95,if,loglog_fit,if r:
tools/notation_seams/analyze_cost_profile.py,98,ternary,loglog_fit,lo = ks[int(0.025 * len(ks))] if ks else None
tools/notation_seams/analyze_cost_profile.py,99,ternary,loglog_fit,hi = ks[int(0.975 * len(ks))] if ks else None
tools/notation_seams/analyze_cost_profile.py,126,for,main,"for e in counts.get(""perfCorpus"", []) + counts.get(""largeCorpus"", []):"
tools/notation_seams/analyze_cost_profile.py,132,for,main,"for s in decode.get(""scores"", []):"
tools/notation_seams/analyze_cost_profile.py,209,if,predict,if not fit:
tools/notation_seams/analyze_cost_profile.py,220,for,main,"for label, nev in [(""10k_events"", 10000), (""30k_events_gluck_scale"", 30000),"
tools/notation_seams/analyze_cost_profile.py,249,for,main,"for e in counts.get(""perfCorpus"", []) + counts.get(""largeCorpus"", []):"
tools/notation_seams/analyze_cost_profile.py,276,for,main,"for e in counts.get(""perfCorpus"", []) + counts.get(""largeCorpus"", []):"
tools/notation_seams/analyze_cost_profile.py,303,if,main,if cf is not None:
tools/notation_seams/analyze_cost_profile.py,133,if,main,"if ""phase3_decode_ms"" not in s:"
tools/notation_seams/analyze_cost_profile.py,252,if,main,"if not e.get(""adapterOk""):"
tools/notation_seams/analyze_cost_profile.py,277,if,main,"if not e.get(""adapterOk""):"
tools/notation_seams/analyze_cost_profile.py,165,ternary,main,"""dp_frac_pooled"": (1 - agg[""content_frac_pooled""]) if agg.get(""content_frac_pooled"") is not None else None,"
tools/notation_seams/analyze_cost_profile.py,223,ternary,main,"lo = (bf[""A""] * (nev ** bf[""k_ci95""][0])) if bf[""k_ci95""][0] else None"
tools/notation_seams/analyze_cost_profile.py,224,ternary,main,"hi = (bf[""A""] * (nev ** bf[""k_ci95""][1])) if bf[""k_ci95""][1] else None"
tools/notation_seams/analyze_cost_profile.py,148,ternary,main,"""share_phase1"": p1 / tot if tot else None,"
tools/notation_seams/analyze_cost_profile.py,149,ternary,main,"""share_phase2"": p2 / tot if tot else None,"
tools/notation_seams/analyze_cost_profile.py,150,ternary,main,"""share_phase3"": p3 / tot if tot else None,"
tools/notation_seams/analyze_cost_profile.py,151,ternary,main,"""share_phase4"": p4 / tot if tot else None,"
tools/notation_seams/analyze_cost_profile.py,152,ternary,main,"""posterior_slice_share_of_phase4"": (slice_ms / p4) if p4 else None,"
tools/notation_seams/analyze_cost_profile.py,189,ternary,main,"""notes_per_event"": (r[""notes""] / r[""events""]) if r[""events""] else None,"
tools/notation_seams/analyze_cost_profile.py,190,ternary,main,"""decode_ms_per_event"": (r[""phase3_decode_ms""] / r[""events""]) if r[""events""] else None,"
tools/notation_seams/analyze_cost_profile.py,227,ternary,main,"""buildfacts_floor_s_point"": ms / 1000 if ms else None,"
tools/notation_seams/analyze_cost_profile.py,239,ternary,main,"% ((bf[""k""] if bf else 0), (bf[""r2""] if bf else 0)),"
tools/notation_seams/analyze_cost_profile.py,239,ternary,main,"% ((bf[""k""] if bf else 0), (bf[""r2""] if bf else 0)),"
tools/notation_seams/analyze_cost_profile.py,228,ternary,main,"""buildfacts_floor_s_ci95"": [lo / 1000 if lo else None, hi / 1000 if hi else None],"
tools/notation_seams/analyze_cost_profile.py,228,ternary,main,"""buildfacts_floor_s_ci95"": [lo / 1000 if lo else None, hi / 1000 if hi else None],"
tools/notation_seams/analyze_cost_profile.py,262,ternary,main,"""meanUnitMeasures"": (e.get(""measures"") / bd[""nUnits""]) if bd.get(""nUnits"") else None,"
tools/notation_seams/choose_exposure_constants.py,167,if,<module-scope>,"if __name__ == ""__main__"":"
tools/notation_seams/choose_exposure_constants.py,48,if,duration_weighted_rate,if total <= 0:
tools/notation_seams/choose_exposure_constants.py,55,if,count_rate,if not spans:
tools/notation_seams/choose_exposure_constants.py,61,if,main,if not os.path.exists(MEASUREMENT):
tools/notation_seams/choose_exposure_constants.py,75,for,main,"for score in data[""corpus""]:"
tools/notation_seams/choose_exposure_constants.py,96,for,main,"for thr, gate in LEGACY_THRESHOLDS:"
tools/notation_seams/choose_exposure_constants.py,154,if,main,if record_errors:
tools/notation_seams/choose_exposure_constants.py,158,for,main,for r in results:
tools/notation_seams/choose_exposure_constants.py,76,if,main,"if score.get(""recordError""):"
tools/notation_seams/choose_exposure_constants.py,78,for,main,"for r in score[""legacyRegions""]:"
tools/notation_seams/choose_exposure_constants.py,82,for,main,"for s in score[""recordSegments""]:"
tools/notation_seams/choose_exposure_constants.py,103,for,main,for g in gap_values:
tools/notation_seams/choose_exposure_constants.py,80,if,main,if dur > 0:
tools/notation_seams/choose_exposure_constants.py,85,if,main,if gap is None:
tools/notation_seams/choose_exposure_constants.py,88,if,main,if dur > 0:
tools/notation_seams/choose_exposure_constants.py,106,if,main,"if best is None or resid < best[""residual_dur""] \"
tools/notation_seams/choose_exposure_constants.py,114,ternary,main,"record_rate_cnt = count_rate(record_spans, lambda v, gg=best[""chosen_gap_nats""]: v >= gg) \"
tools/notation_seams/choose_exposure_constants.py,122,ternary,main,"""chosen_gap_nats"": round(best[""chosen_gap_nats""], 6) if best else None,"
tools/notation_seams/choose_exposure_constants.py,123,ternary,main,"""record_rate_dur"": round(best[""record_rate_dur""], 6) if best else None,"
tools/notation_seams/choose_exposure_constants.py,125,ternary,main,"""residual_dur"": round(best[""residual_dur""], 6) if best else None,"
tools/notation_seams/choose_exposure_constants.py,161,ternary,main,"(""%.4f"" % r[""chosen_gap_nats""]) if r[""chosen_gap_nats""] is not None else ""none"","
tools/notation_seams/classify_dualarm.py,488,if,<module-scope>,"if __name__ == ""__main__"":"
tools/notation_seams/classify_dualarm.py,82,for,index_by,for it in items or []:
tools/notation_seams/classify_dualarm.py,93,if,implode_key,"if it.get(""kind"") == ""voicing"":"
tools/notation_seams/classify_dualarm.py,116,for,annotation_readings,for it in items or []:
tools/notation_seams/classify_dualarm.py,124,for,implode_readings,for it in items or []:
tools/notation_seams/classify_dualarm.py,143,if,one_sided_class,"if kind not in (""keyBracket"", ""staffText""):"
tools/notation_seams/classify_dualarm.py,145,if,one_sided_class,"if local_seq(lread, tick) == local_seq(rread, tick):"
tools/notation_seams/classify_dualarm.py,166,if,classify_text_pair,if lt == rt:
tools/notation_seams/classify_dualarm.py,170,if,classify_text_pair,if has_grading_token(lt) != has_grading_token(rt):
tools/notation_seams/classify_dualarm.py,174,if,classify_text_pair,"if ""nashville"" in kind and (""?"" in lt) != (""?"" in rt):"
tools/notation_seams/classify_dualarm.py,189,for,classify_annotation,"for key in sorted(set(lidx) | set(ridx), key=lambda k: (k[0] or 0, k[1] or 0, str(k[2]))):"
tools/notation_seams/classify_dualarm.py,223,for,classify_implode,"for key in sorted(set(lidx) | set(ridx), key=lambda k: (k[0] or 0, str(k[1]))):"
tools/notation_seams/classify_dualarm.py,265,for,classify_tuning,"for key in sorted(set(lidx) | set(ridx), key=lambda k: (k[0] or 0, k[1] or 0, k[2] or 0)):"
tools/notation_seams/classify_dualarm.py,294,for,classify_noteseam,"for tick in sorted(set(lidx) | set(ridx), key=lambda t: t if t is not None else 0):"
tools/notation_seams/classify_dualarm.py,386,for,main,"for score in cap.get(""corpus"", []):"
tools/notation_seams/classify_dualarm.py,415,for,main,for surf in totals:
tools/notation_seams/classify_dualarm.py,447,for,main,"for cls in (IDENTICAL, INFERENCE, PRESENTATION, INPUT_SCOPING, UNEXPLAINED):"
tools/notation_seams/classify_dualarm.py,454,for,main,"for surf in (""annotation"", ""implode"", ""tuning"", ""noteSeam""):"
tools/notation_seams/classify_dualarm.py,459,if,main,if unexplained_all:
tools/notation_seams/classify_dualarm.py,471,for,main,for s in per_score:
tools/notation_seams/classify_dualarm.py,117,if,annotation_readings,"if it.get(""staff"") == 0 and it.get(""kind"") in (""roman"", ""symbol""):"
tools/notation_seams/classify_dualarm.py,126,if,implode_readings,"if k == ""bass:roman"":"
tools/notation_seams/classify_dualarm.py,195,if,classify_annotation,if litems and ritems and lt == rt and len(litems) == len(ritems):
tools/notation_seams/classify_dualarm.py,198,if,classify_annotation,if litems and not ritems:
tools/notation_seams/classify_dualarm.py,227,if,classify_implode,"if kind == ""voicing"":"
tools/notation_seams/classify_dualarm.py,240,if,classify_implode,if litems and ritems and lt == rt:
tools/notation_seams/classify_dualarm.py,243,if,classify_implode,if litems and not ritems:
tools/notation_seams/classify_dualarm.py,271,if,classify_tuning,if litems and ritems and lc == rc:
tools/notation_seams/classify_dualarm.py,274,if,classify_tuning,if not (litems and ritems):
tools/notation_seams/classify_dualarm.py,297,if,classify_noteseam,if not (litems and ritems):
tools/notation_seams/classify_dualarm.py,315,if,classify_noteseam,if committed_moved:
tools/notation_seams/classify_dualarm.py,328,if,classify_noteseam,if mode_is_c1:
tools/notation_seams/classify_dualarm.py,333,if,classify_noteseam,if mode_moved:
tools/notation_seams/classify_dualarm.py,339,for,classify_noteseam,"for field in (""symbol"", ""roman"", ""nashville""):"
tools/notation_seams/classify_dualarm.py,349,if,classify_noteseam,"if l.get(""alternatives"") != r.get(""alternatives""):"
tools/notation_seams/classify_dualarm.py,355,if,classify_noteseam,if len(diffs) == n0:
tools/notation_seams/classify_dualarm.py,391,for,main,"for surf, classifier in SURFACE_CLASSIFIERS.items():"
tools/notation_seams/classify_dualarm.py,416,for,main,"for cls, n in totals[surf].items():"
tools/notation_seams/classify_dualarm.py,462,for,main,for e in unexplained_all[:200]:
tools/notation_seams/classify_dualarm.py,465,if,main,if len(unexplained_all) > 200:
tools/notation_seams/classify_dualarm.py,473,for,main,"for surf in s[""surfaces""].values():"
tools/notation_seams/classify_dualarm.py,128,if,implode_readings,"elif k == ""treble:symbol"":"
tools/notation_seams/classify_dualarm.py,193,ternary,classify_annotation,"lt = litems[0].get(""text"") if litems else None"
tools/notation_seams/classify_dualarm.py,194,ternary,classify_annotation,"rt = ritems[0].get(""text"") if ritems else None"
tools/notation_seams/classify_dualarm.py,200,if,classify_annotation,"if kind == ""staffText"" and is_pedal(lt):"
tools/notation_seams/classify_dualarm.py,204,if,classify_annotation,elif ritems and not litems:
tools/notation_seams/classify_dualarm.py,230,if,classify_implode,if lp == rp:
tools/notation_seams/classify_dualarm.py,238,ternary,classify_implode,"lt = litems[0].get(""text"") if litems else None"
tools/notation_seams/classify_dualarm.py,239,ternary,classify_implode,"rt = ritems[0].get(""text"") if ritems else None"
tools/notation_seams/classify_dualarm.py,244,if,classify_implode,"if kind.endswith(""staffText"") and is_pedal(lt):"
tools/notation_seams/classify_dualarm.py,248,if,classify_implode,elif ritems and not litems:
tools/notation_seams/classify_dualarm.py,269,ternary,classify_tuning,"lc = litems[0].get(""cents"") if litems else None"
tools/notation_seams/classify_dualarm.py,270,ternary,classify_tuning,"rc = ritems[0].get(""cents"") if ritems else None"
tools/notation_seams/classify_dualarm.py,340,if,classify_noteseam,if l.get(field) != r.get(field):
tools/notation_seams/classify_dualarm.py,398,for,main,for d in diffs:
tools/notation_seams/classify_dualarm.py,474,for,main,"for cls, n in surf[""diffCounts""].items():"
tools/notation_seams/classify_dualarm.py,205,if,classify_annotation,"if kind == ""staffText"" and is_pedal(rt):"
tools/notation_seams/classify_dualarm.py,228,ternary,classify_implode,"lp = litems[0].get(""pitches"") if litems else None"
tools/notation_seams/classify_dualarm.py,229,ternary,classify_implode,"rp = ritems[0].get(""pitches"") if ritems else None"
tools/notation_seams/classify_dualarm.py,233,ternary,classify_implode,cls = INFERENCE if (litems and ritems) else INFERENCE
tools/notation_seams/classify_dualarm.py,249,if,classify_implode,"if kind.endswith(""staffText"") and is_pedal(rt):"
tools/notation_seams/classify_dualarm.py,343,if,classify_noteseam,if cls == INFERENCE:
tools/notation_seams/classify_dualarm.py,401,if,main,"if d[""class""] == UNEXPLAINED:"
tools/notation_seams/classify_dualarm.py,294,ternary,classify_noteseam,"for tick in sorted(set(lidx) | set(ridx), key=lambda t: t if t is not None else 0):"
tools/notation_seams/gen_callpath_facts.py,344,if,<module-scope>,"if __name__ == ""__main__"":"
tools/notation_seams/gen_callpath_facts.py,110,for,verify_anchors,"for aid, rel, line, needle in ANCHORS:"
tools/notation_seams/gen_callpath_facts.py,125,try,git_hash,try:
tools/notation_seams/gen_callpath_facts.py,317,if,main,if failures:
tools/notation_seams/gen_callpath_facts.py,323,if,main,if args.check:
tools/notation_seams/gen_callpath_facts.py,112,if,verify_anchors,if rel not in cache:
tools/notation_seams/gen_callpath_facts.py,115,if,verify_anchors,if line < 1 or line > len(lines):
tools/notation_seams/gen_callpath_facts.py,119,if,verify_anchors,if needle not in actual:
tools/notation_seams/gen_callpath_facts.py,319,for,main,for f in failures:
tools/notation_seams/gen_editing_cycle.py,183,if,<module-scope>,"if __name__ == ""__main__"":"
tools/notation_seams/gen_editing_cycle.py,54,try,git_hash,try:
tools/notation_seams/gen_editing_cycle.py,117,if,main,if latency:
tools/notation_seams/gen_editing_cycle.py,124,if,main,if decode:
tools/notation_seams/gen_editing_cycle.py,138,for,main,for a in ACTIONS:
tools/notation_seams/gen_editing_cycle.py,178,for,main,for a in per_action:
tools/notation_seams/gen_editing_cycle.py,50,ternary,load,"return json.loads(p.read_text(encoding=""utf-8"")) if p.exists() else None"
tools/notation_seams/gen_editing_cycle.py,118,for,main,"for s in latency.get(""scores"", []):"
tools/notation_seams/gen_editing_cycle.py,125,for,main,"for s in decode.get(""scores"", []):"
tools/notation_seams/gen_editing_cycle.py,141,for,main,for pc in produce_cost:
tools/notation_seams/gen_editing_cycle.py,126,if,main,"if ""phase3_decode_ms"" in s:"
tools/notation_seams/gen_editing_cycle.py,143,if,main,"if isinstance(n, int) and pc.get(""produce_cold_ms"") is not None:"
tools/notation_seams/gen_editing_cycle.py,147,ternary,main,"entry[""multi_note_note""] = (""cost = N x produce_cold_ms; for an N-note selection on a score whose """
tools/notation_seams/gen_ground_truth_inventory.py,186,if,<module-scope>,"if __name__ == ""__main__"":"
tools/notation_seams/gen_ground_truth_inventory.py,80,try,git_hash,try:
tools/notation_seams/gen_ground_truth_inventory.py,89,if,count_tsv_labels,if not tsv_dir.is_dir():
tools/notation_seams/gen_ground_truth_inventory.py,91,for,count_tsv_labels,"for f in tsv_dir.glob(""*.tsv""):"
tools/notation_seams/gen_ground_truth_inventory.py,105,if,max_measure,if not ms3_dir.is_dir():
tools/notation_seams/gen_ground_truth_inventory.py,109,for,max_measure,"for f in ms3_dir.glob(""*.mscx""):"
tools/notation_seams/gen_ground_truth_inventory.py,113,if,max_measure,if scores:
tools/notation_seams/gen_ground_truth_inventory.py,124,if,main,if DCML.is_dir():
tools/notation_seams/gen_ground_truth_inventory.py,181,for,main,"for c in out[""answer_larger_and_more_chromatic_than_a_chorale""][""examples""][:6]:"
tools/notation_seams/gen_ground_truth_inventory.py,93,try,count_tsv_labels,try:
tools/notation_seams/gen_ground_truth_inventory.py,114,try,max_measure,try:
tools/notation_seams/gen_ground_truth_inventory.py,125,for,main,for d in sorted(DCML.iterdir()):
tools/notation_seams/gen_ground_truth_inventory.py,126,if,main,if not d.is_dir():
tools/notation_seams/gen_ground_truth_inventory.py,167,ternary,main,"""verdict"": ""YES"" if larger_and_more_chromatic else ""NO"","
tools/notation_seams/reconcile_switch_goldens.py,411,if,<module-scope>,"if __name__ == ""__main__"":"
tools/notation_seams/reconcile_switch_goldens.py,97,if,classify_text,if o == n:
tools/notation_seams/reconcile_switch_goldens.py,99,if,classify_text,if has_grading_token(o) != has_grading_token(n):
tools/notation_seams/reconcile_switch_goldens.py,101,if,classify_text,"if (""?"" in o) != (""?"" in n):"
tools/notation_seams/reconcile_switch_goldens.py,109,if,git_show,if out.returncode != 0:
tools/notation_seams/reconcile_switch_goldens.py,125,for,classify_tickregional,for tick in sorted(set(oldd) | set(newd)):
tools/notation_seams/reconcile_switch_goldens.py,169,for,classify_implodedchordtrack,for e in old_list:
tools/notation_seams/reconcile_switch_goldens.py,171,for,classify_implodedchordtrack,for e in new_list:
tools/notation_seams/reconcile_switch_goldens.py,173,for,classify_implodedchordtrack,for tick in sorted(set(oldd) | set(newd)):
tools/notation_seams/reconcile_switch_goldens.py,206,if,_ann_kind,"if t.startswith(""[""):"
tools/notation_seams/reconcile_switch_goldens.py,211,if,_ann_kind,"if head[:1] in ""iIvVxX"" or head[:2] in (""It"", ""Ge"", ""Fr"") or head[:1] == ""N"":"
tools/notation_seams/reconcile_switch_goldens.py,231,for,classify_annotation,for e in old_list:
tools/notation_seams/reconcile_switch_goldens.py,233,for,classify_annotation,for e in new_list:
tools/notation_seams/reconcile_switch_goldens.py,235,for,classify_annotation,for tick in sorted(set(oldd) | set(newd)):
tools/notation_seams/reconcile_switch_goldens.py,294,try,main,try:
tools/notation_seams/reconcile_switch_goldens.py,303,if,main,if os.path.exists(args.p6):
tools/notation_seams/reconcile_switch_goldens.py,312,for,main,for fn in goldens:
tools/notation_seams/reconcile_switch_goldens.py,385,for,main,"for cls in (""identical"", INFERENCE, PRESENTATION, INPUT_SCOPING, INERT_AUX, UNEXPLAINED):"
tools/notation_seams/reconcile_switch_goldens.py,389,for,main,for e in unexplained_all[:100]:
tools/notation_seams/reconcile_switch_goldens.py,393,for,main,for g in per_golden:
tools/notation_seams/reconcile_switch_goldens.py,128,if,classify_tickregional,if o is None or n is None:
tools/notation_seams/reconcile_switch_goldens.py,137,if,classify_tickregional,if aux_moved:
tools/notation_seams/reconcile_switch_goldens.py,143,if,classify_tickregional,"if o.get(""root"") != n.get(""root"") or o.get(""quality"") != n.get(""quality""):"
tools/notation_seams/reconcile_switch_goldens.py,159,if,classify_tickregional,if not found:
tools/notation_seams/reconcile_switch_goldens.py,176,if,classify_implodedchordtrack,if len(olds) != 1 or len(news) != 1:
tools/notation_seams/reconcile_switch_goldens.py,185,if,classify_implodedchordtrack,"if o.get(""durationTicks"") != n.get(""durationTicks""):"
tools/notation_seams/reconcile_switch_goldens.py,189,if,classify_implodedchordtrack,"if o.get(""pitches"") != n.get(""pitches""):"
tools/notation_seams/reconcile_switch_goldens.py,193,if,classify_implodedchordtrack,"if o.get(""harmonyText"") != n.get(""harmonyText""):"
tools/notation_seams/reconcile_switch_goldens.py,199,if,classify_implodedchordtrack,if not found:
tools/notation_seams/reconcile_switch_goldens.py,210,ternary,_ann_kind,"head = t[1:] if t[:1] in ""b#"" else t"
tools/notation_seams/reconcile_switch_goldens.py,214,if,_ann_kind,"if head[:1] in ""ABCDEFG"" and (len(head) == 1 or head[1] in ""b#m/0123456789""):"
tools/notation_seams/reconcile_switch_goldens.py,242,if,classify_annotation,if not removed and not added:
tools/notation_seams/reconcile_switch_goldens.py,248,for,classify_annotation,"for (kind, text, key), c in removed.items():"
tools/notation_seams/reconcile_switch_goldens.py,250,for,classify_annotation,"for (kind, text, key), c in added.items():"
tools/notation_seams/reconcile_switch_goldens.py,252,for,classify_annotation,for kind in set(rem_by_kind) | set(add_by_kind):
tools/notation_seams/reconcile_switch_goldens.py,320,for,main,for surf in INVARIANT_SURFACES:
tools/notation_seams/reconcile_switch_goldens.py,326,for,main,"for surf, classifier in SURFACE_CLASSIFIERS.items():"
tools/notation_seams/reconcile_switch_goldens.py,395,for,main,"for s in g[""surfaces""].values():"
tools/notation_seams/reconcile_switch_goldens.py,408,ternary,main,return 0 if ok else 1
tools/notation_seams/reconcile_switch_goldens.py,149,if,classify_tickregional,"elif o.get(""key"") != n.get(""key""):"
tools/notation_seams/reconcile_switch_goldens.py,178,if,classify_implodedchordtrack,if not olds or not news:
tools/notation_seams/reconcile_switch_goldens.py,195,if,classify_implodedchordtrack,if c:
tools/notation_seams/reconcile_switch_goldens.py,256,for,classify_annotation,for i in range(npair):
tools/notation_seams/reconcile_switch_goldens.py,268,for,classify_annotation,"for i in range(npair, len(rem)):"
tools/notation_seams/reconcile_switch_goldens.py,271,for,classify_annotation,"for i in range(npair, len(add)):"
tools/notation_seams/reconcile_switch_goldens.py,323,if,main,if not same:
tools/notation_seams/reconcile_switch_goldens.py,331,for,main,for d in diffs:
tools/notation_seams/reconcile_switch_goldens.py,346,for,main,for d in diffs:
tools/notation_seams/reconcile_switch_goldens.py,370,ternary,main,"""verdict"": ""PASS"" if ok else ""STOP"","
tools/notation_seams/reconcile_switch_goldens.py,396,for,main,"for cls, n in s[""diffCounts""].items():"
tools/notation_seams/reconcile_switch_goldens.py,154,if,classify_tickregional,"elif o.get(""alternatives"") != n.get(""alternatives""):"
tools/notation_seams/reconcile_switch_goldens.py,259,if,classify_annotation,if ot != nt:
tools/notation_seams/reconcile_switch_goldens.py,322,ternary,main,"g[""invariantSurfaces""][surf] = ""identical"" if same else ""CHANGED"""
tools/notation_seams/reconcile_switch_goldens.py,334,if,main,"if d[""class""] == UNEXPLAINED:"
tools/notation_seams/reconcile_switch_goldens.py,348,if,main,"if c in (UNEXPLAINED, INPUT_SCOPING):"
tools/notation_seams/reconcile_switch_goldens.py,352,if,main,if seen[c] <= SPOT:
tools/notation_seams/reconcile_switch_goldens.py,382,ternary,main,"lines.append(""  breaks: %d %s"" % (len(invariant_breaks), """" if not invariant_breaks else invariant_breaks))"
