kind,file,line,name,verdict,reason,flag,fire_route,in_param_manifest
function,src/composing/analysis/joint/jointadapter.cpp,,safeLog,SURVIVES,production-surviving joint module function (notation record path + batch decode),,route-A:tests,no
function,src/composing/analysis/joint/jointadapter.cpp,,distSum,SURVIVES,production-surviving joint module function (notation record path + batch decode),,route-A:tests,no
function,src/composing/analysis/joint/jointadapter.cpp,,distGet,SURVIVES,production-surviving joint module function (notation record path + batch decode),,route-A:tests,no
function,src/composing/analysis/joint/jointadapter.cpp,,roleFigures,SURVIVES,production-surviving joint module function (notation record path + batch decode),,route-A:tests,no
function,src/composing/analysis/joint/jointadapter.cpp,,parseMarginalRoot,SURVIVES,production-surviving joint module function (notation record path + batch decode),,route-A:tests,no
function,src/composing/analysis/joint/jointadapter.cpp,,fillModeMarginal,SURVIVES,production-surviving joint module function (notation record path + batch decode),,route-A:tests,no
function,src/composing/analysis/joint/jointadapter.cpp,,modeName,SURVIVES,production-surviving joint module function (notation record path + batch decode),,route-A:tests,no
function,src/composing/analysis/joint/jointadapter.cpp,,modeMarginal,SURVIVES,production-surviving joint module function (notation record path + batch decode),,route-A:tests,no
function,src/composing/analysis/joint/jointadapter.cpp,,anyCadenceWeight,SURVIVES,production-surviving joint module function (notation record path + batch decode),,route-A:tests,no
function,src/composing/analysis/joint/jointadapter.cpp,,load,SURVIVES,production-surviving joint module function (notation record path + batch decode),,route-A:tests,no
function,src/composing/analysis/joint/jointadapter.cpp,,loadEmbedded,SURVIVES,production-surviving joint module function (notation record path + batch decode),,route-A:tests,no
function,src/composing/analysis/joint/jointadapter.cpp,,firstBucket,SURVIVES,production-surviving joint module function (notation record path + batch decode),,route-A:tests,no
function,src/composing/analysis/joint/jointadapter.cpp,,apportion,SURVIVES,production-surviving joint module function (notation record path + batch decode),,route-A:tests,no
function,src/composing/analysis/joint/jointadapter.cpp,,katzQuery,SURVIVES,production-surviving joint module function (notation record path + batch decode),,route-A:tests,no
function,src/composing/analysis/joint/jointadapter.cpp,,firstPresentDist,SURVIVES,production-surviving joint module function (notation record path + batch decode),,route-A:tests,no
function,src/composing/analysis/joint/jointadapter.cpp,,priorLogp,SURVIVES,production-surviving joint module function (notation record path + batch decode),,route-A:tests,no
function,src/composing/analysis/joint/jointadapter.cpp,,priorTerms,SURVIVES,production-surviving joint module function (notation record path + batch decode),,route-A:tests,no
function,src/composing/analysis/joint/jointadapter.cpp,,entryLogp,SURVIVES,production-surviving joint module function (notation record path + batch decode),,route-A:tests,no
function,src/composing/analysis/joint/jointadapter.cpp,,keyTransLogp,SURVIVES,production-surviving joint module function (notation record path + batch decode),,route-A:tests,no
function,src/composing/analysis/joint/jointadapter.cpp,,chordTransLogp,SURVIVES,production-surviving joint module function (notation record path + batch decode),,route-A:tests,no
function,src/composing/analysis/joint/jointadapter.cpp,,emissionLogp,SURVIVES,production-surviving joint module function (notation record path + batch decode),,route-A:tests,no
function,src/composing/analysis/joint/jointadapter.cpp,,spellingLogp,SURVIVES,production-surviving joint module function (notation record path + batch decode),,route-A:tests,no
function,src/composing/analysis/joint/jointadapter.cpp,,bassLogp,SURVIVES,production-surviving joint module function (notation record path + batch decode),,route-A:tests,no
function,src/composing/analysis/joint/jointadapter.cpp,,factorAbsentLogp,SURVIVES,production-surviving joint module function (notation record path + batch decode),,route-A:tests,no
function,src/composing/analysis/joint/jointadapter.cpp,,boundaryLogp,SURVIVES,production-surviving joint module function (notation record path + batch decode),,route-A:tests,no
function,src/composing/analysis/joint/jointadapter.h,,log0Floor,SURVIVES,production-surviving joint module function (notation record path + batch decode),,route-A:tests,no
function,src/composing/analysis/joint/jointadapter.h,,loaded,SURVIVES,production-surviving joint module function (notation record path + batch decode),,route-A:tests,no
function,src/composing/analysis/joint/jointadapter.h,,error,SURVIVES,production-surviving joint module function (notation record path + batch decode),,route-A:tests,no
function,src/composing/analysis/joint/jointadapter.h,,corpusGitHash,SURVIVES,production-surviving joint module function (notation record path + batch decode),,route-A:tests,no
function,src/composing/analysis/joint/jointadapter.h,,weights,SURVIVES,production-surviving joint module function (notation record path + batch decode),,route-A:tests,no
function,src/composing/analysis/joint/jointadapter.h,,tables,SURVIVES,production-surviving joint module function (notation record path + batch decode),,route-A:tests,no
function,src/composing/analysis/joint/jointadapter.h,,cadenceWeight,SURVIVES,production-surviving joint module function (notation record path + batch decode),,route-A:tests,no
function,src/composing/analysis/joint/jointdecoder.cpp,,popcount,SURVIVES,production-surviving joint module function (notation record path + batch decode),,decode:content-posterior,no
function,src/composing/analysis/joint/jointdecoder.cpp,,stateEnc,SURVIVES,production-surviving joint module function (notation record path + batch decode),,decode:content-posterior,no
function,src/composing/analysis/joint/jointdecoder.cpp,,keyEnc,SURVIVES,production-surviving joint module function (notation record path + batch decode),,decode:content-posterior,no
function,src/composing/analysis/joint/jointdecoder.cpp,,keyString,SURVIVES,production-surviving joint module function (notation record path + batch decode),,decode:content-posterior,no
function,src/composing/analysis/joint/jointdecoder.cpp,,eventBassPc,SURVIVES,production-surviving joint module function (notation record path + batch decode),,decode:content-posterior,no
function,src/composing/analysis/joint/jointdecoder.cpp,,prepare,SURVIVES,production-surviving joint module function (notation record path + batch decode),,decode:DP,no
function,src/composing/analysis/joint/jointdecoder.cpp,,overlapPcs,SURVIVES,production-surviving joint module function (notation record path + batch decode),,decode:DP,no
function,src/composing/analysis/joint/jointdecoder.cpp,,approachWindowPcs,SURVIVES,production-surviving joint module function (notation record path + batch decode),,decode:DP,no
function,src/composing/analysis/joint/jointdecoder.cpp,,chromaticRootPc,SURVIVES,production-surviving joint module function (notation record path + batch decode),,decode:candidate-admission,no
function,src/composing/analysis/joint/jointdecoder.cpp,,get,SURVIVES,production-surviving joint module function (notation record path + batch decode),,decode:DP,no
function,src/composing/analysis/joint/jointdecoder.cpp,,Vocabulary,SURVIVES,production-surviving joint module function (notation record path + batch decode),,decode:DP,no
function,src/composing/analysis/joint/jointdecoder.cpp,,find,SURVIVES,production-surviving joint module function (notation record path + batch decode),,decode:DP,no
function,src/composing/analysis/joint/jointdecoder.cpp,,segmentFeatures,SURVIVES,production-surviving joint module function (notation record path + batch decode),,decode:content-posterior,no
function,src/composing/analysis/joint/jointdecoder.cpp,,weightedContent,SURVIVES,production-surviving joint module function (notation record path + batch decode),,decode:content-posterior,no
function,src/composing/analysis/joint/jointdecoder.cpp,,cadenceFired,SURVIVES,production-surviving joint module function (notation record path + batch decode),,decode:content-posterior,no
function,src/composing/analysis/joint/jointdecoder.cpp,,candidateKeys,SURVIVES,production-surviving joint module function (notation record path + batch decode),,decode:candidate-admission,no
function,src/composing/analysis/joint/jointdecoder.cpp,,candidateStates,SURVIVES,production-surviving joint module function (notation record path + batch decode),,decode:candidate-admission,no
function,src/composing/analysis/joint/jointdecoder.cpp,,segmentContentScore,SURVIVES,production-surviving joint module function (notation record path + batch decode),,decode:content-posterior,no
function,src/composing/analysis/joint/jointdecoder.cpp,,computePosteriorSlice,SURVIVES,production-surviving joint module function (notation record path + batch decode),,decode:content-posterior,no
function,src/composing/analysis/joint/jointdecoder.cpp,,decodePiece,SURVIVES,production-surviving joint module function (notation record path + batch decode),,decode:DP,no
function,src/composing/analysis/joint/jointdecoder.cpp,,loadPiecesFromNoteEvents,SURVIVES,production-surviving joint module function (notation record path + batch decode),,decode:DP,no
function,src/composing/analysis/joint/jointdecoder.h,,ordered,SURVIVES,production-surviving joint module function (notation record path + batch decode),,route-A:tests,no
function,src/composing/analysis/joint/jointfactadapter.cpp,,round4,SURVIVES,production-surviving joint module function (notation record path + batch decode),,fact-adapter (buildAdapterFacts; not a decode branch),no
function,src/composing/analysis/joint/jointfactadapter.cpp,,beatClass,SURVIVES,production-surviving joint module function (notation record path + batch decode),,fact-adapter (buildAdapterFacts; not a decode branch),no
function,src/composing/analysis/joint/jointfactadapter.cpp,,beatDurTicks,SURVIVES,production-surviving joint module function (notation record path + batch decode),,fact-adapter (buildAdapterFacts; not a decode branch),no
function,src/composing/analysis/joint/jointfactadapter.cpp,,buildGrid,SURVIVES,production-surviving joint module function (notation record path + batch decode),,fact-adapter (buildAdapterFacts; not a decode branch),no
function,src/composing/analysis/joint/jointfactadapter.cpp,,gridIndexOf,SURVIVES,production-surviving joint module function (notation record path + batch decode),,fact-adapter (buildAdapterFacts; not a decode branch),no
function,src/composing/analysis/joint/jointfactadapter.cpp,,measureNumberOf,SURVIVES,production-surviving joint module function (notation record path + batch decode),,fact-adapter (buildAdapterFacts; not a decode branch),no
function,src/composing/analysis/joint/jointfactadapter.cpp,,notePaddedBeat,SURVIVES,production-surviving joint module function (notation record path + batch decode),,fact-adapter (buildAdapterFacts; not a decode branch),no
function,src/composing/analysis/joint/jointfactadapter.cpp,,buildEventMeasMap,SURVIVES,production-surviving joint module function (notation record path + batch decode),,fact-adapter (buildAdapterFacts; not a decode branch),no
function,src/composing/analysis/joint/jointfactadapter.cpp,,eventMeasureBeat,SURVIVES,production-surviving joint module function (notation record path + batch decode),,fact-adapter (buildAdapterFacts; not a decode branch),no
function,src/composing/analysis/joint/jointfactadapter.cpp,,melodic,SURVIVES,production-surviving joint module function (notation record path + batch decode),,fact-adapter (buildAdapterFacts; not a decode branch),no
function,src/composing/analysis/joint/jointfactadapter.cpp,,buildAdapterFacts,SURVIVES,production-surviving joint module function (notation record path + batch decode),,fact-adapter (buildAdapterFacts; not a decode branch),no
function,src/composing/analysis/joint/jointnotationproducer.cpp,,produceNotationRecord,SURVIVES,production-surviving joint module function (notation record path + batch decode),,record-assembly,no
function,src/composing/analysis/joint/jointnotationproducer.cpp,,produceNotationRecord,SURVIVES,production-surviving joint module function (notation record path + batch decode),,record-assembly,no
function,src/composing/analysis/joint/jointnotationproducer.cpp,,spanViewSegments,SURVIVES,production-surviving joint module function (notation record path + batch decode),,record-assembly,no
function,src/composing/analysis/joint/jointnotationproducer.cpp,,noteView,SURVIVES,production-surviving joint module function (notation record path + batch decode),,record-assembly,no
function,src/composing/analysis/joint/jointnotationrecord.cpp,,recordDiatonicToKey,SURVIVES,production-surviving joint module function (notation record path + batch decode),,record-assembly,no
function,src/composing/analysis/joint/jointnotationrecord.cpp,,recordAugSixthSubType,SURVIVES,production-surviving joint module function (notation record path + batch decode),,record-assembly,no
function,src/composing/analysis/joint/jointnotationrecord.cpp,,degreeFromLofDiff,SURVIVES,production-surviving joint module function (notation record path + batch decode),,record-assembly,no
function,src/composing/analysis/joint/jointnotationrecord.cpp,,computeModalReading,SURVIVES,production-surviving joint module function (notation record path + batch decode),,record-assembly,no
function,src/composing/analysis/joint/jointnotationrecord.cpp,,bassFactorRole,SURVIVES,production-surviving joint module function (notation record path + batch decode),,record-assembly,no
function,src/composing/analysis/joint/jointnotationrecord.cpp,,assembleNotationRecord,SURVIVES,production-surviving joint module function (notation record path + batch decode),,record-assembly,no
function,src/composing/analysis/joint/jointprimitives.cpp,,degreeNum,SURVIVES,production-surviving joint module function (notation record path + batch decode),,route-A:tests,no
function,src/composing/analysis/joint/jointprimitives.cpp,,qualTemplates,SURVIVES,production-surviving joint module function (notation record path + batch decode),,route-A:tests,no
function,src/composing/analysis/joint/jointprimitives.cpp,,isDimQuality,SURVIVES,production-surviving joint module function (notation record path + batch decode),,route-A:tests,no
function,src/composing/analysis/joint/jointprimitives.cpp,,maskOf,SURVIVES,production-surviving joint module function (notation record path + batch decode),,route-A:tests,no
function,src/composing/analysis/joint/jointprimitives.cpp,,majRelColl,SURVIVES,production-surviving joint module function (notation record path + batch decode),,route-A:tests,no
function,src/composing/analysis/joint/jointprimitives.cpp,,minRelColl,SURVIVES,production-surviving joint module function (notation record path + batch decode),,route-A:tests,no
function,src/composing/analysis/joint/jointprimitives.cpp,,pythonMod,SURVIVES,production-surviving joint module function (notation record path + batch decode),,route-A:tests,no
function,src/composing/analysis/joint/jointprimitives.cpp,,splitDegree,SURVIVES,production-surviving joint module function (notation record path + batch decode),,route-A:tests,no
function,src/composing/analysis/joint/jointprimitives.cpp,,chordRoot,SURVIVES,production-surviving joint module function (notation record path + batch decode),,route-A:tests,no
function,src/composing/analysis/joint/jointprimitives.cpp,,splitByPipe,SURVIVES,production-surviving joint module function (notation record path + batch decode),,route-A:tests,no
function,src/composing/analysis/joint/jointprimitives.cpp,,familyKeyOf,SURVIVES,production-surviving joint module function (notation record path + batch decode),,route-A:tests,no
function,src/composing/analysis/joint/jointprimitives.cpp,,startsWith,SURVIVES,production-surviving joint module function (notation record path + batch decode),,route-A:tests,no
function,src/composing/analysis/joint/jointprimitives.cpp,,pcToFifths,SURVIVES,production-surviving joint module function (notation record path + batch decode),,route-A:tests,no
function,src/composing/analysis/joint/jointprimitives.cpp,,pcKeyName,SURVIVES,production-surviving joint module function (notation record path + batch decode),,route-A:tests,no
function,src/composing/analysis/joint/jointprimitives.cpp,,frameworkAndRoot,SURVIVES,production-surviving joint module function (notation record path + batch decode),,route-A:tests,no
function,src/composing/analysis/joint/jointprimitives.cpp,,memberPcs,SURVIVES,production-surviving joint module function (notation record path + batch decode),,route-A:tests,no
function,src/composing/analysis/joint/jointprimitives.cpp,,chordFactorPcs,SURVIVES,production-surviving joint module function (notation record path + batch decode),,route-A:tests,no
function,src/composing/analysis/joint/jointprimitives.cpp,,noteCategory,SURVIVES,production-surviving joint module function (notation record path + batch decode),,route-A:tests,no
function,src/composing/analysis/joint/jointprimitives.cpp,,intervalLof,SURVIVES,production-surviving joint module function (notation record path + batch decode),,route-A:tests,no
function,src/composing/analysis/joint/jointprimitives.cpp,,degreeLofOffset,SURVIVES,production-surviving joint module function (notation record path + batch decode),,route-A:tests,no
function,src/composing/analysis/joint/jointprimitives.cpp,,frameworkTonicLof,SURVIVES,production-surviving joint module function (notation record path + batch decode),,route-A:tests,no
function,src/composing/analysis/joint/jointprimitives.cpp,,keySignatureFifths,SURVIVES,production-surviving joint module function (notation record path + batch decode),,route-A:tests,no
function,src/composing/analysis/joint/jointprimitives.cpp,,rootSpellingLof,SURVIVES,production-surviving joint module function (notation record path + batch decode),,route-A:tests,no
function,src/composing/analysis/joint/jointprimitives.cpp,,factorSpellingLof,SURVIVES,production-surviving joint module function (notation record path + batch decode),,route-A:tests,no
function,src/composing/analysis/joint/jointprimitives.cpp,,keyCollectionMask,SURVIVES,production-surviving joint module function (notation record path + batch decode),,route-A:tests,no
function,src/composing/analysis/joint/jointprimitives.cpp,,spellingBin,SURVIVES,production-surviving joint module function (notation record path + batch decode),,route-A:tests,no
function,src/composing/analysis/joint/jointprimitives.cpp,,spellingParent,SURVIVES,production-surviving joint module function (notation record path + batch decode),,route-A:tests,no
function,src/composing/analysis/joint/jointprimitives.cpp,,emitDisplay,SURVIVES,production-surviving joint module function (notation record path + batch decode),,route-A:tests,no
function,src/composing/analysis/joint/jointprimitives.cpp,,emitContextChain,SURVIVES,production-surviving joint module function (notation record path + batch decode),,route-A:tests,no
function,src/composing/analysis/joint/jointprimitives.cpp,,collectionFifths,SURVIVES,production-surviving joint module function (notation record path + batch decode),,route-A:tests,no
function,src/composing/analysis/joint/jointprimitives.cpp,,foldFifthsDiff,SURVIVES,production-surviving joint module function (notation record path + batch decode),,route-A:tests,no
function,src/composing/analysis/joint/jointprimitives.cpp,,cofDistance,SURVIVES,production-surviving joint module function (notation record path + batch decode),,route-A:tests,no
function,src/composing/analysis/joint/jointprimitives.cpp,,keyChangeKind,SURVIVES,production-surviving joint module function (notation record path + batch decode),,route-A:tests,no
function,src/composing/analysis/joint/jointprimitives.cpp,,t1CtxChain,SURVIVES,production-surviving joint module function (notation record path + batch decode),,route-A:tests,no
function,src/composing/analysis/joint/jointprimitives.cpp,,t4CtxChain,SURVIVES,production-surviving joint module function (notation record path + batch decode),,route-A:tests,no
function,src/composing/analysis/joint/jointprimitives.cpp,,t1OutcomeParent,SURVIVES,production-surviving joint module function (notation record path + batch decode),,route-A:tests,no
function,src/composing/analysis/joint/jointprimitives.cpp,,t3EntryParent,SURVIVES,production-surviving joint module function (notation record path + batch decode),,route-A:tests,no
function,src/composing/analysis/joint/jointprimitives.cpp,,appliedRelParent,SURVIVES,production-surviving joint module function (notation record path + batch decode),,route-A:tests,no
function,src/composing/analysis/joint/jointprimitives.cpp,,relationCell,SURVIVES,production-surviving joint module function (notation record path + batch decode),,route-A:tests,no
function,src/composing/analysis/joint/jointprimitives.h,,neumaierSum,SURVIVES,production-surviving joint module function (notation record path + batch decode),,route-A:tests,no
function,src/composing/analysis/joint/jointprimitives.h,,keyStr,SURVIVES,production-surviving joint module function (notation record path + batch decode),,route-A:tests,no
function,src/composing/analysis/joint/jointprimitives.h,,ofClass,SURVIVES,production-surviving joint module function (notation record path + batch decode),,route-A:tests,no
function,src/composing/analysis/joint/jointprimitives.h,,ofStr,SURVIVES,production-surviving joint module function (notation record path + batch decode),,route-A:tests,no
function,src/composing/analysis/joint/jointrender.cpp,,jointOursQuality,SURVIVES,production-surviving joint module function (notation record path + batch decode),,record-assembly,no
function,src/composing/analysis/joint/jointrender.cpp,,jointChordSymbol,SURVIVES,production-surviving joint module function (notation record path + batch decode),,record-assembly,no
function,src/composing/analysis/joint/jointrender.cpp,,jointRenderRn,SURVIVES,production-surviving joint module function (notation record path + batch decode),,record-assembly,no
function,src/composing/analysis/joint/jointtables.cpp,,parseRoot,SURVIVES,production-surviving joint module function (notation record path + batch decode),,route-A:tests,no
function,src/composing/analysis/joint/jointtables.cpp,,readRoot,SURVIVES,production-surviving joint module function (notation record path + batch decode),,route-A:tests,no
function,src/composing/analysis/joint/jointtables.cpp,,parseDist,SURVIVES,production-surviving joint module function (notation record path + batch decode),,route-A:tests,no
function,src/composing/analysis/joint/jointtables.cpp,,parseKatz,SURVIVES,production-surviving joint module function (notation record path + batch decode),,route-A:tests,no
function,src/composing/analysis/joint/jointtables.cpp,,parseBoundaryCell,SURVIVES,production-surviving joint module function (notation record path + batch decode),,route-A:tests,no
function,src/composing/analysis/joint/jointtables.cpp,,buildTables,SURVIVES,production-surviving joint module function (notation record path + batch decode),,route-A:tests,no
function,src/composing/analysis/joint/jointtables.cpp,,load,SURVIVES,production-surviving joint module function (notation record path + batch decode),,route-A:tests,no
function,src/composing/analysis/joint/jointtables.cpp,,loadEmbedded,SURVIVES,production-surviving joint module function (notation record path + batch decode),,route-A:tests,no
function,src/composing/analysis/joint/jointweights.cpp,,get,SURVIVES,production-surviving joint module function (notation record path + batch decode),,route-A:tests,no
function,src/composing/analysis/joint/jointweights.cpp,,identityWeights,SURVIVES,production-surviving joint module function (notation record path + batch decode),,route-A:tests,no
function,src/composing/analysis/joint/jointweights.cpp,,selectedWeights,SURVIVES,production-surviving joint module function (notation record path + batch decode),,route-A:tests,no
function,src/composing/analysis/joint/labelclass.cpp,,m_rawUnnormalized,SURVIVES,production-surviving joint module function (notation record path + batch decode),,route-A:tests,no
function,src/composing/analysis/joint/labelclass.cpp,,key,SURVIVES,production-surviving joint module function (notation record path + batch decode),,route-A:tests,no
function,src/composing/analysis/joint/labelclass.cpp,,inversionFree,SURVIVES,production-surviving joint module function (notation record path + batch decode),,route-A:tests,no
function,src/composing/analysis/joint/labelclass.cpp,,family,SURVIVES,production-surviving joint module function (notation record path + batch decode),,route-A:tests,no
function,src/composing/analysis/joint/labelclass.cpp,,isSeventhQuality,SURVIVES,production-surviving joint module function (notation record path + batch decode),,route-A:tests,no
function,src/composing/analysis/joint/labelclass.cpp,,classFromKey,SURVIVES,production-surviving joint module function (notation record path + batch decode),,route-A:tests,no
function,src/composing/analysis/joint/labelclass.h,,degreeBase,SURVIVES,production-surviving joint module function (notation record path + batch decode),,route-A:tests,no
function,src/composing/analysis/joint/labelclass.h,,quality,SURVIVES,production-surviving joint module function (notation record path + batch decode),,route-A:tests,no
function,src/composing/analysis/joint/labelclass.h,,inversion,SURVIVES,production-surviving joint module function (notation record path + batch decode),,route-A:tests,no
function,src/composing/analysis/joint/labelclass.h,,target,SURVIVES,production-surviving joint module function (notation record path + batch decode),,route-A:tests,no
function,src/composing/analysis/joint/labelclass.h,,rawUnnormalized,SURVIVES,production-surviving joint module function (notation record path + batch decode),,route-A:tests,no
decl,src/composing/analysis/joint/jointadapter.h,46,log0Floor,SURVIVES,declaration of the surviving joint module (public/struct surface),,n/a:structural (route-A:tests exercises the reader),no
decl,src/composing/analysis/joint/jointadapter.h,47,safeLog,SURVIVES,declaration of the surviving joint module (public/struct surface),,n/a:structural (route-A:tests exercises the reader),no
decl,src/composing/analysis/joint/jointadapter.h,70,cadenceWeight,SURVIVES,declaration of the surviving joint module (public/struct surface),,n/a:structural (route-A:tests exercises the reader),no
decl,src/composing/analysis/joint/jointadapter.h,71,anyCadenceWeight,SURVIVES,declaration of the surviving joint module (public/struct surface),,n/a:structural (route-A:tests exercises the reader),no
decl,src/composing/analysis/joint/jointadapter.h,74,priorLogp,SURVIVES,declaration of the surviving joint module (public/struct surface),,n/a:structural (route-A:tests exercises the reader),no
decl,src/composing/analysis/joint/jointadapter.h,79,entryLogp,SURVIVES,declaration of the surviving joint module (public/struct surface),,n/a:structural (route-A:tests exercises the reader),no
decl,src/composing/analysis/joint/jointadapter.h,80,keyTransLogp,SURVIVES,declaration of the surviving joint module (public/struct surface),,n/a:structural (route-A:tests exercises the reader),no
decl,src/composing/analysis/joint/jointadapter.h,81,chordTransLogp,SURVIVES,declaration of the surviving joint module (public/struct surface),,n/a:structural (route-A:tests exercises the reader),no
decl,src/composing/analysis/joint/jointadapter.h,84,spellingLogp,SURVIVES,declaration of the surviving joint module (public/struct surface),,n/a:structural (route-A:tests exercises the reader),no
decl,src/composing/analysis/joint/jointadapter.h,87,factorAbsentLogp,SURVIVES,declaration of the surviving joint module (public/struct surface),,n/a:structural (route-A:tests exercises the reader),no
decl,src/composing/analysis/joint/jointadapter.h,88,boundaryLogp,SURVIVES,declaration of the surviving joint module (public/struct surface),,n/a:structural (route-A:tests exercises the reader),no
decl,src/composing/analysis/joint/jointadapter.h,93,modeName,SURVIVES,declaration of the surviving joint module (public/struct surface),,n/a:structural (route-A:tests exercises the reader),no
decl,src/composing/analysis/joint/jointadapter.h,94,modeMarginal,SURVIVES,declaration of the surviving joint module (public/struct surface),,n/a:structural (route-A:tests exercises the reader),no
decl,src/composing/analysis/joint/jointadapter.h,97,firstBucket,SURVIVES,declaration of the surviving joint module (public/struct surface),,n/a:structural (route-A:tests exercises the reader),no
decl,src/composing/analysis/joint/jointdecoder.h,73,prepare,SURVIVES,declaration of the surviving joint module (public/struct surface),,n/a:structural (route-A:tests exercises the reader),no
decl,src/composing/analysis/joint/jointdecoder.h,74,overlapPcs,SURVIVES,declaration of the surviving joint module (public/struct surface),,n/a:structural (route-A:tests exercises the reader),no
decl,src/composing/analysis/joint/jointdecoder.h,75,approachWindowPcs,SURVIVES,declaration of the surviving joint module (public/struct surface),,n/a:structural (route-A:tests exercises the reader),no
decl,src/composing/analysis/joint/jointdecoder.h,88,get,SURVIVES,declaration of the surviving joint module (public/struct surface),,n/a:structural (route-A:tests exercises the reader),no
decl,src/composing/analysis/joint/jointdecoder.h,95,chromaticRootPc,SURVIVES,declaration of the surviving joint module (public/struct surface),,n/a:structural (route-A:tests exercises the reader),no
decl,src/composing/analysis/joint/jointdecoder.h,102,Vocabulary,SURVIVES,declaration of the surviving joint module (public/struct surface),,n/a:structural (route-A:tests exercises the reader),no
decl,src/composing/analysis/joint/jointdecoder.h,104,find,SURVIVES,declaration of the surviving joint module (public/struct surface),,n/a:structural (route-A:tests exercises the reader),no
decl,src/composing/analysis/joint/jointdecoder.h,175,loadPiecesFromNoteEvents,SURVIVES,declaration of the surviving joint module (public/struct surface),,n/a:structural (route-A:tests exercises the reader),no
decl,src/composing/analysis/joint/jointnotationproducer.h,88,spanViewSegments,SURVIVES,declaration of the surviving joint module (public/struct surface),,n/a:structural (route-A:tests exercises the reader),no
decl,src/composing/analysis/joint/jointnotationproducer.h,102,noteView,SURVIVES,declaration of the surviving joint module (public/struct surface),,n/a:structural (route-A:tests exercises the reader),no
decl,src/composing/analysis/joint/jointnotationrecord.h,178,recordDiatonicToKey,SURVIVES,declaration of the surviving joint module (public/struct surface),,n/a:structural (route-A:tests exercises the reader),no
decl,src/composing/analysis/joint/jointnotationrecord.h,184,recordAugSixthSubType,SURVIVES,declaration of the surviving joint module (public/struct surface),,n/a:structural (route-A:tests exercises the reader),no
decl,src/composing/analysis/joint/jointprimitives.h,100,startsWith,SURVIVES,declaration of the surviving joint module (public/struct surface),,n/a:structural (route-A:tests exercises the reader),no
decl,src/composing/analysis/joint/jointprimitives.h,104,pcToFifths,SURVIVES,declaration of the surviving joint module (public/struct surface),,n/a:structural (route-A:tests exercises the reader),no
decl,src/composing/analysis/joint/jointprimitives.h,109,pcKeyName,SURVIVES,declaration of the surviving joint module (public/struct surface),,n/a:structural (route-A:tests exercises the reader),no
decl,src/composing/analysis/joint/jointprimitives.h,120,frameworkAndRoot,SURVIVES,declaration of the surviving joint module (public/struct surface),,n/a:structural (route-A:tests exercises the reader),no
decl,src/composing/analysis/joint/jointprimitives.h,122,memberPcs,SURVIVES,declaration of the surviving joint module (public/struct surface),,n/a:structural (route-A:tests exercises the reader),no
decl,src/composing/analysis/joint/jointprimitives.h,124,chordFactorPcs,SURVIVES,declaration of the surviving joint module (public/struct surface),,n/a:structural (route-A:tests exercises the reader),no
decl,src/composing/analysis/joint/jointprimitives.h,126,noteCategory,SURVIVES,declaration of the surviving joint module (public/struct surface),,n/a:structural (route-A:tests exercises the reader),no
decl,src/composing/analysis/joint/jointprimitives.h,128,keyCollectionMask,SURVIVES,declaration of the surviving joint module (public/struct surface),,n/a:structural (route-A:tests exercises the reader),no
decl,src/composing/analysis/joint/jointprimitives.h,135,keySignatureFifths,SURVIVES,declaration of the surviving joint module (public/struct surface),,n/a:structural (route-A:tests exercises the reader),no
decl,src/composing/analysis/joint/jointprimitives.h,142,rootSpellingLof,SURVIVES,declaration of the surviving joint module (public/struct surface),,n/a:structural (route-A:tests exercises the reader),no
decl,src/composing/analysis/joint/jointprimitives.h,147,factorSpellingLof,SURVIVES,declaration of the surviving joint module (public/struct surface),,n/a:structural (route-A:tests exercises the reader),no
decl,src/composing/analysis/joint/jointprimitives.h,150,spellingBin,SURVIVES,declaration of the surviving joint module (public/struct surface),,n/a:structural (route-A:tests exercises the reader),no
decl,src/composing/analysis/joint/jointprimitives.h,152,spellingParent,SURVIVES,declaration of the surviving joint module (public/struct surface),,n/a:structural (route-A:tests exercises the reader),no
decl,src/composing/analysis/joint/jointprimitives.h,156,emitDisplay,SURVIVES,declaration of the surviving joint module (public/struct surface),,n/a:structural (route-A:tests exercises the reader),no
decl,src/composing/analysis/joint/jointprimitives.h,162,collectionFifths,SURVIVES,declaration of the surviving joint module (public/struct surface),,n/a:structural (route-A:tests exercises the reader),no
decl,src/composing/analysis/joint/jointprimitives.h,163,foldFifthsDiff,SURVIVES,declaration of the surviving joint module (public/struct surface),,n/a:structural (route-A:tests exercises the reader),no
decl,src/composing/analysis/joint/jointprimitives.h,164,cofDistance,SURVIVES,declaration of the surviving joint module (public/struct surface),,n/a:structural (route-A:tests exercises the reader),no
decl,src/composing/analysis/joint/jointprimitives.h,165,keyChangeKind,SURVIVES,declaration of the surviving joint module (public/struct surface),,n/a:structural (route-A:tests exercises the reader),no
decl,src/composing/analysis/joint/jointprimitives.h,168,t1CtxChain,SURVIVES,declaration of the surviving joint module (public/struct surface),,n/a:structural (route-A:tests exercises the reader),no
decl,src/composing/analysis/joint/jointprimitives.h,169,t4CtxChain,SURVIVES,declaration of the surviving joint module (public/struct surface),,n/a:structural (route-A:tests exercises the reader),no
decl,src/composing/analysis/joint/jointprimitives.h,183,t1OutcomeParent,SURVIVES,declaration of the surviving joint module (public/struct surface),,n/a:structural (route-A:tests exercises the reader),no
decl,src/composing/analysis/joint/jointprimitives.h,184,t3EntryParent,SURVIVES,declaration of the surviving joint module (public/struct surface),,n/a:structural (route-A:tests exercises the reader),no
decl,src/composing/analysis/joint/jointprimitives.h,185,appliedRelParent,SURVIVES,declaration of the surviving joint module (public/struct surface),,n/a:structural (route-A:tests exercises the reader),no
decl,src/composing/analysis/joint/jointprimitives.h,188,relationCell,SURVIVES,declaration of the surviving joint module (public/struct surface),,n/a:structural (route-A:tests exercises the reader),no
decl,src/composing/analysis/joint/jointrender.h,51,jointOursQuality,SURVIVES,declaration of the surviving joint module (public/struct surface),,n/a:structural (route-A:tests exercises the reader),no
decl,src/composing/analysis/joint/jointrender.h,56,jointChordSymbol,SURVIVES,declaration of the surviving joint module (public/struct surface),,n/a:structural (route-A:tests exercises the reader),no
decl,src/composing/analysis/joint/jointrender.h,63,jointRenderRn,SURVIVES,declaration of the surviving joint module (public/struct surface),,n/a:structural (route-A:tests exercises the reader),no
decl,src/composing/analysis/joint/jointtables.h,81,load,SURVIVES,declaration of the surviving joint module (public/struct surface),,n/a:structural (route-A:tests exercises the reader),no
decl,src/composing/analysis/joint/jointtables.h,87,loadEmbedded,SURVIVES,declaration of the surviving joint module (public/struct surface),,n/a:structural (route-A:tests exercises the reader),no
decl,src/composing/analysis/joint/jointweights.h,53,get,SURVIVES,declaration of the surviving joint module (public/struct surface),,n/a:structural (route-A:tests exercises the reader),no
decl,src/composing/analysis/joint/jointweights.h,58,identityWeights,SURVIVES,declaration of the surviving joint module (public/struct surface),,n/a:structural (route-A:tests exercises the reader),no
decl,src/composing/analysis/joint/jointweights.h,64,selectedWeights,SURVIVES,declaration of the surviving joint module (public/struct surface),,n/a:structural (route-A:tests exercises the reader),no
decl,src/composing/analysis/joint/labelclass.h,45,LabelClass,SURVIVES,declaration of the surviving joint module (public/struct surface),,n/a:structural (route-A:tests exercises the reader),no
decl,src/composing/analysis/joint/labelclass.h,56,key,SURVIVES,declaration of the surviving joint module (public/struct surface),,n/a:structural (route-A:tests exercises the reader),no
decl,src/composing/analysis/joint/labelclass.h,60,inversionFree,SURVIVES,declaration of the surviving joint module (public/struct surface),,n/a:structural (route-A:tests exercises the reader),no
decl,src/composing/analysis/joint/labelclass.h,64,family,SURVIVES,declaration of the surviving joint module (public/struct surface),,n/a:structural (route-A:tests exercises the reader),no
decl,src/composing/analysis/joint/labelclass.h,79,isSeventhQuality,SURVIVES,declaration of the surviving joint module (public/struct surface),,n/a:structural (route-A:tests exercises the reader),no
decl,src/composing/analysis/joint/labelclass.h,84,classFromKey,SURVIVES,declaration of the surviving joint module (public/struct surface),,n/a:structural (route-A:tests exercises the reader),no
branch,src/composing/analysis/joint/jointadapter.cpp,40,,NO-ISSUE,ordinary control-flow / guard (recorded claim),,route-A:tests,no
branch,src/composing/analysis/joint/jointadapter.cpp,62,,NO-ISSUE,ordinary control-flow / guard (recorded claim),,route-A:tests,no
branch,src/composing/analysis/joint/jointadapter.cpp,76,,NO-ISSUE,ordinary control-flow / guard (recorded claim),,route-A:tests,no
branch,src/composing/analysis/joint/jointadapter.cpp,78,,NO-ISSUE,ordinary control-flow / guard (recorded claim),,route-A:tests,no
branch,src/composing/analysis/joint/jointadapter.cpp,88,,NO-ISSUE,ordinary control-flow / guard (recorded claim),,route-A:tests,no
branch,src/composing/analysis/joint/jointadapter.cpp,115,,NO-ISSUE,ordinary control-flow / guard (recorded claim),,route-A:tests,no
branch,src/composing/analysis/joint/jointadapter.cpp,120,,NO-ISSUE,ordinary control-flow / guard (recorded claim),,route-A:tests,no
branch,src/composing/analysis/joint/jointadapter.cpp,126,,NO-ISSUE,ordinary control-flow / guard (recorded claim),,route-A:tests,no
branch,src/composing/analysis/joint/jointadapter.cpp,140,,NO-ISSUE,ordinary control-flow / guard (recorded claim),,route-A:tests,no
branch,src/composing/analysis/joint/jointadapter.cpp,147,,NO-ISSUE,ordinary control-flow / guard (recorded claim),,route-A:tests,no
branch,src/composing/analysis/joint/jointadapter.cpp,153,,NO-ISSUE,ordinary control-flow / guard (recorded claim),,route-A:tests,no
branch,src/composing/analysis/joint/jointadapter.cpp,168,,NO-ISSUE,ordinary control-flow / guard (recorded claim),,route-A:tests,no
branch,src/composing/analysis/joint/jointadapter.cpp,173,,NO-ISSUE,ordinary control-flow / guard (recorded claim),,route-A:tests,no
branch,src/composing/analysis/joint/jointadapter.cpp,189,,NO-ISSUE,ordinary control-flow / guard (recorded claim),,route-A:tests,no
branch,src/composing/analysis/joint/jointadapter.cpp,192,,NO-ISSUE,ordinary control-flow / guard (recorded claim),,route-A:tests,no
branch,src/composing/analysis/joint/jointadapter.cpp,197,,NO-ISSUE,ordinary control-flow / guard (recorded claim),,route-A:tests,no
branch,src/composing/analysis/joint/jointadapter.cpp,210,,NO-ISSUE,ordinary control-flow / guard (recorded claim),,route-A:tests,no
branch,src/composing/analysis/joint/jointadapter.cpp,217,,NO-ISSUE,ordinary control-flow / guard (recorded claim),,route-A:tests,no
branch,src/composing/analysis/joint/jointadapter.cpp,222,,NO-ISSUE,ordinary control-flow / guard (recorded claim),,route-A:tests,no
branch,src/composing/analysis/joint/jointadapter.cpp,232,,NO-ISSUE,ordinary control-flow / guard (recorded claim),,route-A:tests,no
branch,src/composing/analysis/joint/jointadapter.cpp,236,,NO-ISSUE,ordinary control-flow / guard (recorded claim),,route-A:tests,no
branch,src/composing/analysis/joint/jointadapter.cpp,240,,NO-ISSUE,ordinary control-flow / guard (recorded claim),,route-A:tests,no
branch,src/composing/analysis/joint/jointadapter.cpp,243,,NO-ISSUE,ordinary control-flow / guard (recorded claim),,route-A:tests,no
branch,src/composing/analysis/joint/jointadapter.cpp,247,,NO-ISSUE,ordinary control-flow / guard (recorded claim),,route-A:tests,no
branch,src/composing/analysis/joint/jointadapter.cpp,252,,NO-ISSUE,ordinary control-flow / guard (recorded claim),,route-A:tests,no
branch,src/composing/analysis/joint/jointadapter.cpp,253,,NO-ISSUE,ordinary control-flow / guard (recorded claim),,route-A:tests,no
branch,src/composing/analysis/joint/jointadapter.cpp,261,,NO-ISSUE,ordinary control-flow / guard (recorded claim),,route-A:tests,no
branch,src/composing/analysis/joint/jointadapter.cpp,273,,NO-ISSUE,ordinary control-flow / guard (recorded claim),,route-A:tests,no
branch,src/composing/analysis/joint/jointadapter.cpp,276,,NO-ISSUE,ordinary control-flow / guard (recorded claim),,route-A:tests,no
branch,src/composing/analysis/joint/jointadapter.cpp,277,,NO-ISSUE,ordinary control-flow / guard (recorded claim),,route-A:tests,no
branch,src/composing/analysis/joint/jointadapter.cpp,279,,NO-ISSUE,ordinary control-flow / guard (recorded claim),,route-A:tests,no
branch,src/composing/analysis/joint/jointadapter.cpp,284,,NO-ISSUE,ordinary control-flow / guard (recorded claim),,route-A:tests,no
branch,src/composing/analysis/joint/jointadapter.cpp,285,,NO-ISSUE,ordinary control-flow / guard (recorded claim),,route-A:tests,no
branch,src/composing/analysis/joint/jointadapter.cpp,287,,NO-ISSUE,ordinary control-flow / guard (recorded claim),,route-A:tests,no
branch,src/composing/analysis/joint/jointadapter.cpp,291,,NO-ISSUE,ordinary control-flow / guard (recorded claim),,route-A:tests,no
branch,src/composing/analysis/joint/jointadapter.cpp,297,,NO-ISSUE,ordinary control-flow / guard (recorded claim),,route-A:tests,no
branch,src/composing/analysis/joint/jointadapter.cpp,303,,NO-ISSUE,ordinary control-flow / guard (recorded claim),,route-A:tests,no
branch,src/composing/analysis/joint/jointadapter.cpp,319,,NO-ISSUE,ordinary control-flow / guard (recorded claim),,route-A:tests,no
branch,src/composing/analysis/joint/jointadapter.cpp,327,,NO-ISSUE,ordinary control-flow / guard (recorded claim),,route-A:tests,no
branch,src/composing/analysis/joint/jointadapter.cpp,332,,NO-ISSUE,ordinary control-flow / guard (recorded claim),,route-A:tests,no
branch,src/composing/analysis/joint/jointadapter.cpp,336,,NO-ISSUE,ordinary control-flow / guard (recorded claim),,route-A:tests,no
branch,src/composing/analysis/joint/jointadapter.cpp,336,,NO-ISSUE,ordinary control-flow / guard (recorded claim),,route-A:tests,no
branch,src/composing/analysis/joint/jointadapter.cpp,337,,NO-ISSUE,ordinary control-flow / guard (recorded claim),,route-A:tests,no
branch,src/composing/analysis/joint/jointadapter.cpp,340,,NO-ISSUE,ordinary control-flow / guard (recorded claim),,route-A:tests,no
branch,src/composing/analysis/joint/jointadapter.cpp,344,,NO-ISSUE,ordinary control-flow / guard (recorded claim),,route-A:tests,no
branch,src/composing/analysis/joint/jointadapter.cpp,346,,NO-ISSUE,ordinary control-flow / guard (recorded claim),,route-A:tests,no
branch,src/composing/analysis/joint/jointadapter.cpp,357,,NO-ISSUE,ordinary control-flow / guard (recorded claim),,route-A:tests,no
branch,src/composing/analysis/joint/jointadapter.cpp,366,,NO-ISSUE,ordinary control-flow / guard (recorded claim),,route-A:tests,no
branch,src/composing/analysis/joint/jointadapter.cpp,374,,NO-ISSUE,ordinary control-flow / guard (recorded claim),,route-A:tests,no
branch,src/composing/analysis/joint/jointadapter.cpp,381,,NO-ISSUE,ordinary control-flow / guard (recorded claim),,route-A:tests,no
branch,src/composing/analysis/joint/jointadapter.cpp,383,,NO-ISSUE,ordinary control-flow / guard (recorded claim),,route-A:tests,no
branch,src/composing/analysis/joint/jointadapter.cpp,387,,NO-ISSUE,ordinary control-flow / guard (recorded claim),,route-A:tests,no
branch,src/composing/analysis/joint/jointadapter.cpp,391,,NO-ISSUE,ordinary control-flow / guard (recorded claim),,route-A:tests,no
branch,src/composing/analysis/joint/jointadapter.cpp,402,,NO-ISSUE,ordinary control-flow / guard (recorded claim),,route-A:tests,no
branch,src/composing/analysis/joint/jointadapter.cpp,408,,NO-ISSUE,ordinary control-flow / guard (recorded claim),,route-A:tests,no
branch,src/composing/analysis/joint/jointadapter.cpp,412,,NO-ISSUE,ordinary control-flow / guard (recorded claim),,route-A:tests,no
branch,src/composing/analysis/joint/jointadapter.cpp,413,,NO-ISSUE,ordinary control-flow / guard (recorded claim),,route-A:tests,no
branch,src/composing/analysis/joint/jointadapter.cpp,424,,NO-ISSUE,ordinary control-flow / guard (recorded claim),,route-A:tests,no
branch,src/composing/analysis/joint/jointadapter.cpp,425,,NO-ISSUE,ordinary control-flow / guard (recorded claim),,route-A:tests,no
branch,src/composing/analysis/joint/jointadapter.cpp,432,,NO-ISSUE,ordinary control-flow / guard (recorded claim),,route-A:tests,no
branch,src/composing/analysis/joint/jointadapter.cpp,446,,NO-ISSUE,ordinary control-flow / guard (recorded claim),,route-A:tests,no
branch,src/composing/analysis/joint/jointadapter.cpp,449,,NO-ISSUE,ordinary control-flow / guard (recorded claim),,route-A:tests,no
branch,src/composing/analysis/joint/jointadapter.cpp,453,,NO-ISSUE,ordinary control-flow / guard (recorded claim),,route-A:tests,no
branch,src/composing/analysis/joint/jointadapter.cpp,459,,NO-ISSUE,ordinary control-flow / guard (recorded claim),,route-A:tests,no
branch,src/composing/analysis/joint/jointadapter.cpp,466,,NO-ISSUE,ordinary control-flow / guard (recorded claim),,route-A:tests,no
branch,src/composing/analysis/joint/jointadapter.cpp,476,,NO-ISSUE,ordinary control-flow / guard (recorded claim),,route-A:tests,no
branch,src/composing/analysis/joint/jointadapter.cpp,486,,NO-ISSUE,ordinary control-flow / guard (recorded claim),,route-A:tests,no
branch,src/composing/analysis/joint/jointadapter.cpp,490,,NO-ISSUE,ordinary control-flow / guard (recorded claim),,route-A:tests,no
branch,src/composing/analysis/joint/jointadapter.cpp,494,,NO-ISSUE,ordinary control-flow / guard (recorded claim),,route-A:tests,no
branch,src/composing/analysis/joint/jointadapter.cpp,496,,NO-ISSUE,ordinary control-flow / guard (recorded claim),,route-A:tests,no
branch,src/composing/analysis/joint/jointadapter.cpp,501,,NO-ISSUE,ordinary control-flow / guard (recorded claim),,route-A:tests,no
branch,src/composing/analysis/joint/jointadapter.cpp,505,,NO-ISSUE,ordinary control-flow / guard (recorded claim),,route-A:tests,no
branch,src/composing/analysis/joint/jointdecoder.cpp,61,,NO-ISSUE,ordinary control-flow / guard (recorded claim),,decode:DP,no
branch,src/composing/analysis/joint/jointdecoder.cpp,66,,NO-ISSUE,ordinary control-flow / guard (recorded claim),,decode:DP,no
branch,src/composing/analysis/joint/jointdecoder.cpp,71,,NO-ISSUE,ordinary control-flow / guard (recorded claim),,decode:DP,no
branch,src/composing/analysis/joint/jointdecoder.cpp,76,,NO-ISSUE,ordinary control-flow / guard (recorded claim),,decode:DP,no
branch,src/composing/analysis/joint/jointdecoder.cpp,82,,NO-ISSUE,ordinary control-flow / guard (recorded claim),,decode:DP,no
branch,src/composing/analysis/joint/jointdecoder.cpp,103,,NO-ISSUE,ordinary control-flow / guard (recorded claim),,decode:DP,no
branch,src/composing/analysis/joint/jointdecoder.cpp,109,,NO-ISSUE,ordinary control-flow / guard (recorded claim),,decode:DP,no
branch,src/composing/analysis/joint/jointdecoder.cpp,126,,NO-ISSUE,ordinary control-flow / guard (recorded claim),,decode:DP,no
branch,src/composing/analysis/joint/jointdecoder.cpp,136,,NO-ISSUE,ordinary control-flow / guard (recorded claim),,decode:DP,no
branch,src/composing/analysis/joint/jointdecoder.cpp,149,,NO-ISSUE,ordinary control-flow / guard (recorded claim),,decode:DP,no
branch,src/composing/analysis/joint/jointdecoder.cpp,159,,NO-ISSUE,ordinary control-flow / guard (recorded claim),,decode:DP,no
branch,src/composing/analysis/joint/jointdecoder.cpp,162,,NO-ISSUE,ordinary control-flow / guard (recorded claim),,decode:DP,no
branch,src/composing/analysis/joint/jointdecoder.cpp,175,,NO-ISSUE,ordinary control-flow / guard (recorded claim),,decode:DP,no
branch,src/composing/analysis/joint/jointdecoder.cpp,178,,NO-ISSUE,ordinary control-flow / guard (recorded claim),,decode:DP,no
branch,src/composing/analysis/joint/jointdecoder.cpp,190,,NO-ISSUE,ordinary control-flow / guard (recorded claim),,decode:DP,no
branch,src/composing/analysis/joint/jointdecoder.cpp,193,,NO-ISSUE,ordinary control-flow / guard (recorded claim),,decode:DP,no
branch,src/composing/analysis/joint/jointdecoder.cpp,196,,NO-ISSUE,ordinary control-flow / guard (recorded claim),,decode:DP,no
branch,src/composing/analysis/joint/jointdecoder.cpp,199,,NO-ISSUE,ordinary control-flow / guard (recorded claim),,decode:DP,no
branch,src/composing/analysis/joint/jointdecoder.cpp,209,,NO-ISSUE,ordinary control-flow / guard (recorded claim),,decode:DP,no
branch,src/composing/analysis/joint/jointdecoder.cpp,215,,NO-ISSUE,ordinary control-flow / guard (recorded claim),,decode:DP,no
branch,src/composing/analysis/joint/jointdecoder.cpp,219,,NO-ISSUE,ordinary control-flow / guard (recorded claim),,decode:DP,no
branch,src/composing/analysis/joint/jointdecoder.cpp,235,,NO-ISSUE,ordinary control-flow / guard (recorded claim),,decode:DP,no
branch,src/composing/analysis/joint/jointdecoder.cpp,242,,NO-ISSUE,ordinary control-flow / guard (recorded claim),,decode:DP,no
branch,src/composing/analysis/joint/jointdecoder.cpp,249,,NO-ISSUE,ordinary control-flow / guard (recorded claim),,decode:DP,no
branch,src/composing/analysis/joint/jointdecoder.cpp,253,,NO-ISSUE,ordinary control-flow / guard (recorded claim),,decode:DP,no
branch,src/composing/analysis/joint/jointdecoder.cpp,262,,NO-ISSUE,ordinary control-flow / guard (recorded claim),,decode:DP,no
branch,src/composing/analysis/joint/jointdecoder.cpp,272,,NO-ISSUE,ordinary control-flow / guard (recorded claim),,decode:DP,no
branch,src/composing/analysis/joint/jointdecoder.cpp,289,,NO-ISSUE,ordinary control-flow / guard (recorded claim),,decode:DP,no
branch,src/composing/analysis/joint/jointdecoder.cpp,307,,NO-ISSUE,ordinary control-flow / guard (recorded claim),,decode:DP,no
branch,src/composing/analysis/joint/jointdecoder.cpp,309,,NO-ISSUE,ordinary control-flow / guard (recorded claim),,decode:DP,no
branch,src/composing/analysis/joint/jointdecoder.cpp,315,,NO-ISSUE,ordinary control-flow / guard (recorded claim),,decode:DP,no
branch,src/composing/analysis/joint/jointdecoder.cpp,319,,NO-ISSUE,ordinary control-flow / guard (recorded claim),,decode:DP,no
branch,src/composing/analysis/joint/jointdecoder.cpp,323,,NO-ISSUE,ordinary control-flow / guard (recorded claim),,decode:DP,no
branch,src/composing/analysis/joint/jointdecoder.cpp,325,,NO-ISSUE,ordinary control-flow / guard (recorded claim),,decode:DP,no
branch,src/composing/analysis/joint/jointdecoder.cpp,376,,NO-ISSUE,ordinary control-flow / guard (recorded claim),,decode:DP,no
branch,src/composing/analysis/joint/jointdecoder.cpp,380,,NO-ISSUE,ordinary control-flow / guard (recorded claim),,decode:DP,no
branch,src/composing/analysis/joint/jointdecoder.cpp,382,,NO-ISSUE,ordinary control-flow / guard (recorded claim),,decode:DP,no
branch,src/composing/analysis/joint/jointdecoder.cpp,406,,NO-ISSUE,ordinary control-flow / guard (recorded claim),,decode:DP,no
branch,src/composing/analysis/joint/jointdecoder.cpp,416,,NO-ISSUE,ordinary control-flow / guard (recorded claim),,decode:DP,no
branch,src/composing/analysis/joint/jointdecoder.cpp,438,,NO-ISSUE,ordinary control-flow / guard (recorded claim),,decode:DP,no
branch,src/composing/analysis/joint/jointdecoder.cpp,441,,NO-ISSUE,ordinary control-flow / guard (recorded claim),,decode:DP,no
branch,src/composing/analysis/joint/jointdecoder.cpp,445,,NO-ISSUE,ordinary control-flow / guard (recorded claim),,decode:DP,no
branch,src/composing/analysis/joint/jointdecoder.cpp,448,,NO-ISSUE,ordinary control-flow / guard (recorded claim),,decode:DP,no
branch,src/composing/analysis/joint/jointdecoder.cpp,463,,NO-ISSUE,ordinary control-flow / guard (recorded claim),,decode:DP,no
branch,src/composing/analysis/joint/jointdecoder.cpp,493,,NO-ISSUE,ordinary control-flow / guard (recorded claim),,decode:DP,no
branch,src/composing/analysis/joint/jointdecoder.cpp,497,,NO-ISSUE,ordinary control-flow / guard (recorded claim),,decode:DP,no
branch,src/composing/analysis/joint/jointdecoder.cpp,501,,NO-ISSUE,ordinary control-flow / guard (recorded claim),,decode:DP,no
branch,src/composing/analysis/joint/jointdecoder.cpp,504,,NO-ISSUE,ordinary control-flow / guard (recorded claim),,decode:DP,no
branch,src/composing/analysis/joint/jointdecoder.cpp,516,,NO-ISSUE,ordinary control-flow / guard (recorded claim),,decode:DP,no
branch,src/composing/analysis/joint/jointdecoder.cpp,521,,NO-ISSUE,ordinary control-flow / guard (recorded claim),,decode:DP,no
branch,src/composing/analysis/joint/jointdecoder.cpp,524,,NO-ISSUE,ordinary control-flow / guard (recorded claim),,decode:DP,no
branch,src/composing/analysis/joint/jointdecoder.cpp,552,,NO-ISSUE,ordinary control-flow / guard (recorded claim),,decode:DP,no
branch,src/composing/analysis/joint/jointdecoder.cpp,554,,NO-ISSUE,ordinary control-flow / guard (recorded claim),,decode:DP,no
branch,src/composing/analysis/joint/jointdecoder.cpp,581,,NO-ISSUE,ordinary control-flow / guard (recorded claim),,decode:DP,no
branch,src/composing/analysis/joint/jointdecoder.cpp,584,,NO-ISSUE,ordinary control-flow / guard (recorded claim),,decode:DP,no
branch,src/composing/analysis/joint/jointdecoder.cpp,591,,NO-ISSUE,ordinary control-flow / guard (recorded claim),,decode:DP,no
branch,src/composing/analysis/joint/jointdecoder.cpp,601,,NO-ISSUE,ordinary control-flow / guard (recorded claim),,decode:DP,no
branch,src/composing/analysis/joint/jointdecoder.cpp,613,,NO-ISSUE,ordinary control-flow / guard (recorded claim),,decode:DP,no
branch,src/composing/analysis/joint/jointdecoder.cpp,619,,NO-ISSUE,ordinary control-flow / guard (recorded claim),,decode:DP,no
branch,src/composing/analysis/joint/jointdecoder.cpp,627,,NO-ISSUE,ordinary control-flow / guard (recorded claim),,decode:DP,no
branch,src/composing/analysis/joint/jointdecoder.cpp,643,,NO-ISSUE,ordinary control-flow / guard (recorded claim),,decode:DP,no
branch,src/composing/analysis/joint/jointdecoder.cpp,653,,NO-ISSUE,ordinary control-flow / guard (recorded claim),,decode:DP,no
branch,src/composing/analysis/joint/jointdecoder.cpp,661,,NO-ISSUE,ordinary control-flow / guard (recorded claim),,decode:DP,no
branch,src/composing/analysis/joint/jointdecoder.cpp,666,,NO-ISSUE,ordinary control-flow / guard (recorded claim),,decode:DP,no
branch,src/composing/analysis/joint/jointdecoder.cpp,671,,NO-ISSUE,ordinary control-flow / guard (recorded claim),,decode:DP,no
branch,src/composing/analysis/joint/jointdecoder.cpp,677,,NO-ISSUE,ordinary control-flow / guard (recorded claim),,decode:DP,no
branch,src/composing/analysis/joint/jointdecoder.cpp,686,,NO-ISSUE,ordinary control-flow / guard (recorded claim),,decode:DP,no
branch,src/composing/analysis/joint/jointdecoder.cpp,706,,NO-ISSUE,ordinary control-flow / guard (recorded claim),,decode:DP,no
branch,src/composing/analysis/joint/jointdecoder.cpp,716,,NO-ISSUE,ordinary control-flow / guard (recorded claim),,decode:DP,no
branch,src/composing/analysis/joint/jointdecoder.cpp,722,,NO-ISSUE,ordinary control-flow / guard (recorded claim),,decode:DP,no
branch,src/composing/analysis/joint/jointdecoder.cpp,735,,NO-ISSUE,ordinary control-flow / guard (recorded claim),,decode:DP,no
branch,src/composing/analysis/joint/jointdecoder.cpp,748,,NO-ISSUE,ordinary control-flow / guard (recorded claim),,decode:DP,no
branch,src/composing/analysis/joint/jointdecoder.cpp,753,,NO-ISSUE,ordinary control-flow / guard (recorded claim),,decode:DP,no
branch,src/composing/analysis/joint/jointdecoder.cpp,759,,NO-ISSUE,ordinary control-flow / guard (recorded claim),,decode:DP,no
branch,src/composing/analysis/joint/jointdecoder.cpp,773,,NO-ISSUE,ordinary control-flow / guard (recorded claim),,decode:DP,no
branch,src/composing/analysis/joint/jointdecoder.cpp,784,,NO-ISSUE,ordinary control-flow / guard (recorded claim),,decode:DP,no
branch,src/composing/analysis/joint/jointdecoder.cpp,787,,NO-ISSUE,ordinary control-flow / guard (recorded claim),,decode:DP,no
branch,src/composing/analysis/joint/jointdecoder.cpp,795,,NO-ISSUE,ordinary control-flow / guard (recorded claim),,decode:DP,no
branch,src/composing/analysis/joint/jointdecoder.cpp,801,,NO-ISSUE,ordinary control-flow / guard (recorded claim),,decode:DP,no
branch,src/composing/analysis/joint/jointdecoder.cpp,809,,NO-ISSUE,ordinary control-flow / guard (recorded claim),,decode:DP,no
branch,src/composing/analysis/joint/jointdecoder.cpp,811,,NO-ISSUE,ordinary control-flow / guard (recorded claim),,decode:DP,no
branch,src/composing/analysis/joint/jointdecoder.cpp,816,,NO-ISSUE,ordinary control-flow / guard (recorded claim),,decode:DP,no
branch,src/composing/analysis/joint/jointdecoder.cpp,822,,NO-ISSUE,ordinary control-flow / guard (recorded claim),,decode:DP,no
branch,src/composing/analysis/joint/jointdecoder.cpp,827,,NO-ISSUE,ordinary control-flow / guard (recorded claim),,decode:DP,no
branch,src/composing/analysis/joint/jointdecoder.cpp,838,,NO-ISSUE,ordinary control-flow / guard (recorded claim),,decode:DP,no
branch,src/composing/analysis/joint/jointdecoder.cpp,848,,NO-ISSUE,ordinary control-flow / guard (recorded claim),,decode:DP,no
branch,src/composing/analysis/joint/jointdecoder.cpp,863,,NO-ISSUE,ordinary control-flow / guard (recorded claim),,decode:DP,no
branch,src/composing/analysis/joint/jointdecoder.cpp,898,,NO-ISSUE,ordinary control-flow / guard (recorded claim),,decode:DP,no
branch,src/composing/analysis/joint/jointdecoder.cpp,906,,NO-ISSUE,ordinary control-flow / guard (recorded claim),,decode:DP,no
branch,src/composing/analysis/joint/jointdecoder.cpp,928,,NO-ISSUE,ordinary control-flow / guard (recorded claim),,decode:DP,no
branch,src/composing/analysis/joint/jointdecoder.cpp,947,,NO-ISSUE,ordinary control-flow / guard (recorded claim),,decode:DP,no
branch,src/composing/analysis/joint/jointfactadapter.cpp,69,,NO-ISSUE,ordinary control-flow / guard (recorded claim),,fact-adapter (buildAdapterFacts; not a decode branch),no
branch,src/composing/analysis/joint/jointfactadapter.cpp,72,,NO-ISSUE,ordinary control-flow / guard (recorded claim),,fact-adapter (buildAdapterFacts; not a decode branch),no
branch,src/composing/analysis/joint/jointfactadapter.cpp,76,,NO-ISSUE,ordinary control-flow / guard (recorded claim),,fact-adapter (buildAdapterFacts; not a decode branch),no
branch,src/composing/analysis/joint/jointfactadapter.cpp,79,,NO-ISSUE,ordinary control-flow / guard (recorded claim),,fact-adapter (buildAdapterFacts; not a decode branch),no
branch,src/composing/analysis/joint/jointfactadapter.cpp,116,,NO-ISSUE,ordinary control-flow / guard (recorded claim),,fact-adapter (buildAdapterFacts; not a decode branch),no
branch,src/composing/analysis/joint/jointfactadapter.cpp,119,,NO-ISSUE,ordinary control-flow / guard (recorded claim),,fact-adapter (buildAdapterFacts; not a decode branch),no
branch,src/composing/analysis/joint/jointfactadapter.cpp,134,,NO-ISSUE,ordinary control-flow / guard (recorded claim),,fact-adapter (buildAdapterFacts; not a decode branch),no
branch,src/composing/analysis/joint/jointfactadapter.cpp,144,,NO-ISSUE,ordinary control-flow / guard (recorded claim),,fact-adapter (buildAdapterFacts; not a decode branch),no
branch,src/composing/analysis/joint/jointfactadapter.cpp,148,,NO-ISSUE,ordinary control-flow / guard (recorded claim),,fact-adapter (buildAdapterFacts; not a decode branch),no
branch,src/composing/analysis/joint/jointfactadapter.cpp,154,,NO-ISSUE,ordinary control-flow / guard (recorded claim),,fact-adapter (buildAdapterFacts; not a decode branch),no
branch,src/composing/analysis/joint/jointfactadapter.cpp,159,,NO-ISSUE,ordinary control-flow / guard (recorded claim),,fact-adapter (buildAdapterFacts; not a decode branch),no
branch,src/composing/analysis/joint/jointfactadapter.cpp,160,,NO-ISSUE,ordinary control-flow / guard (recorded claim),,fact-adapter (buildAdapterFacts; not a decode branch),no
branch,src/composing/analysis/joint/jointfactadapter.cpp,165,,NO-ISSUE,ordinary control-flow / guard (recorded claim),,fact-adapter (buildAdapterFacts; not a decode branch),no
branch,src/composing/analysis/joint/jointfactadapter.cpp,172,,NO-ISSUE,ordinary control-flow / guard (recorded claim),,fact-adapter (buildAdapterFacts; not a decode branch),no
branch,src/composing/analysis/joint/jointfactadapter.cpp,178,,NO-ISSUE,ordinary control-flow / guard (recorded claim),,fact-adapter (buildAdapterFacts; not a decode branch),no
branch,src/composing/analysis/joint/jointfactadapter.cpp,185,,NO-ISSUE,ordinary control-flow / guard (recorded claim),,fact-adapter (buildAdapterFacts; not a decode branch),no
branch,src/composing/analysis/joint/jointfactadapter.cpp,196,,NO-ISSUE,ordinary control-flow / guard (recorded claim),,fact-adapter (buildAdapterFacts; not a decode branch),no
branch,src/composing/analysis/joint/jointfactadapter.cpp,207,,NO-ISSUE,ordinary control-flow / guard (recorded claim),,fact-adapter (buildAdapterFacts; not a decode branch),no
branch,src/composing/analysis/joint/jointfactadapter.cpp,214,,NO-ISSUE,ordinary control-flow / guard (recorded claim),,fact-adapter (buildAdapterFacts; not a decode branch),no
branch,src/composing/analysis/joint/jointfactadapter.cpp,218,,NO-ISSUE,ordinary control-flow / guard (recorded claim),,fact-adapter (buildAdapterFacts; not a decode branch),no
branch,src/composing/analysis/joint/jointfactadapter.cpp,220,,NO-ISSUE,ordinary control-flow / guard (recorded claim),,fact-adapter (buildAdapterFacts; not a decode branch),no
branch,src/composing/analysis/joint/jointfactadapter.cpp,258,,NO-ISSUE,ordinary control-flow / guard (recorded claim),,fact-adapter (buildAdapterFacts; not a decode branch),no
branch,src/composing/analysis/joint/jointfactadapter.cpp,264,,NO-ISSUE,ordinary control-flow / guard (recorded claim),,fact-adapter (buildAdapterFacts; not a decode branch),no
branch,src/composing/analysis/joint/jointfactadapter.cpp,290,,NO-ISSUE,ordinary control-flow / guard (recorded claim),,fact-adapter (buildAdapterFacts; not a decode branch),no
branch,src/composing/analysis/joint/jointfactadapter.cpp,290,,NO-ISSUE,ordinary control-flow / guard (recorded claim),,fact-adapter (buildAdapterFacts; not a decode branch),no
branch,src/composing/analysis/joint/jointfactadapter.cpp,291,,NO-ISSUE,ordinary control-flow / guard (recorded claim),,fact-adapter (buildAdapterFacts; not a decode branch),no
branch,src/composing/analysis/joint/jointfactadapter.cpp,291,,NO-ISSUE,ordinary control-flow / guard (recorded claim),,fact-adapter (buildAdapterFacts; not a decode branch),no
branch,src/composing/analysis/joint/jointfactadapter.cpp,297,,NO-ISSUE,ordinary control-flow / guard (recorded claim),,fact-adapter (buildAdapterFacts; not a decode branch),no
branch,src/composing/analysis/joint/jointfactadapter.cpp,304,,NO-ISSUE,ordinary control-flow / guard (recorded claim),,fact-adapter (buildAdapterFacts; not a decode branch),no
branch,src/composing/analysis/joint/jointfactadapter.cpp,308,,NO-ISSUE,ordinary control-flow / guard (recorded claim),,fact-adapter (buildAdapterFacts; not a decode branch),no
branch,src/composing/analysis/joint/jointfactadapter.cpp,314,,NO-ISSUE,ordinary control-flow / guard (recorded claim),,fact-adapter (buildAdapterFacts; not a decode branch),no
branch,src/composing/analysis/joint/jointfactadapter.cpp,316,,NO-ISSUE,ordinary control-flow / guard (recorded claim),,fact-adapter (buildAdapterFacts; not a decode branch),no
branch,src/composing/analysis/joint/jointfactadapter.cpp,319,,NO-ISSUE,ordinary control-flow / guard (recorded claim),,fact-adapter (buildAdapterFacts; not a decode branch),no
branch,src/composing/analysis/joint/jointfactadapter.cpp,329,,NO-ISSUE,ordinary control-flow / guard (recorded claim),,fact-adapter (buildAdapterFacts; not a decode branch),no
branch,src/composing/analysis/joint/jointfactadapter.cpp,344,,NO-ISSUE,ordinary control-flow / guard (recorded claim),,fact-adapter (buildAdapterFacts; not a decode branch),no
branch,src/composing/analysis/joint/jointfactadapter.cpp,348,,NO-ISSUE,ordinary control-flow / guard (recorded claim),,fact-adapter (buildAdapterFacts; not a decode branch),no
branch,src/composing/analysis/joint/jointfactadapter.cpp,358,,NO-ISSUE,ordinary control-flow / guard (recorded claim),,fact-adapter (buildAdapterFacts; not a decode branch),no
branch,src/composing/analysis/joint/jointfactadapter.cpp,362,,NO-ISSUE,ordinary control-flow / guard (recorded claim),,fact-adapter (buildAdapterFacts; not a decode branch),no
branch,src/composing/analysis/joint/jointfactadapter.cpp,364,,NO-ISSUE,ordinary control-flow / guard (recorded claim),,fact-adapter (buildAdapterFacts; not a decode branch),no
branch,src/composing/analysis/joint/jointfactadapter.cpp,381,,NO-ISSUE,ordinary control-flow / guard (recorded claim),,fact-adapter (buildAdapterFacts; not a decode branch),no
branch,src/composing/analysis/joint/jointfactadapter.cpp,382,,NO-ISSUE,ordinary control-flow / guard (recorded claim),,fact-adapter (buildAdapterFacts; not a decode branch),no
branch,src/composing/analysis/joint/jointfactadapter.cpp,383,,NO-ISSUE,ordinary control-flow / guard (recorded claim),,fact-adapter (buildAdapterFacts; not a decode branch),no
branch,src/composing/analysis/joint/jointfactadapter.cpp,393,,NO-ISSUE,ordinary control-flow / guard (recorded claim),,fact-adapter (buildAdapterFacts; not a decode branch),no
branch,src/composing/analysis/joint/jointfactadapter.cpp,396,,NO-ISSUE,ordinary control-flow / guard (recorded claim),,fact-adapter (buildAdapterFacts; not a decode branch),no
branch,src/composing/analysis/joint/jointfactadapter.cpp,399,,NO-ISSUE,ordinary control-flow / guard (recorded claim),,fact-adapter (buildAdapterFacts; not a decode branch),no
branch,src/composing/analysis/joint/jointfactadapter.cpp,411,,NO-ISSUE,ordinary control-flow / guard (recorded claim),,fact-adapter (buildAdapterFacts; not a decode branch),no
branch,src/composing/analysis/joint/jointfactadapter.cpp,417,,NO-ISSUE,ordinary control-flow / guard (recorded claim),,fact-adapter (buildAdapterFacts; not a decode branch),no
branch,src/composing/analysis/joint/jointfactadapter.cpp,418,,NO-ISSUE,ordinary control-flow / guard (recorded claim),,fact-adapter (buildAdapterFacts; not a decode branch),no
branch,src/composing/analysis/joint/jointfactadapter.cpp,431,,NO-ISSUE,ordinary control-flow / guard (recorded claim),,fact-adapter (buildAdapterFacts; not a decode branch),no
branch,src/composing/analysis/joint/jointfactadapter.cpp,447,,NO-ISSUE,ordinary control-flow / guard (recorded claim),,fact-adapter (buildAdapterFacts; not a decode branch),no
branch,src/composing/analysis/joint/jointfactadapter.cpp,450,,NO-ISSUE,ordinary control-flow / guard (recorded claim),,fact-adapter (buildAdapterFacts; not a decode branch),no
branch,src/composing/analysis/joint/jointfactadapter.cpp,472,,NO-ISSUE,ordinary control-flow / guard (recorded claim),,fact-adapter (buildAdapterFacts; not a decode branch),no
branch,src/composing/analysis/joint/jointfactadapter.cpp,474,,NO-ISSUE,ordinary control-flow / guard (recorded claim),,fact-adapter (buildAdapterFacts; not a decode branch),no
branch,src/composing/analysis/joint/jointfactadapter.cpp,479,,NO-ISSUE,ordinary control-flow / guard (recorded claim),,fact-adapter (buildAdapterFacts; not a decode branch),no
branch,src/composing/analysis/joint/jointfactadapter.cpp,489,,NO-ISSUE,ordinary control-flow / guard (recorded claim),,fact-adapter (buildAdapterFacts; not a decode branch),no
branch,src/composing/analysis/joint/jointnotationproducer.cpp,42,,NO-ISSUE,ordinary control-flow / guard (recorded claim),,record-assembly,no
branch,src/composing/analysis/joint/jointnotationproducer.cpp,50,,NO-ISSUE,ordinary control-flow / guard (recorded claim),,record-assembly,no
branch,src/composing/analysis/joint/jointnotationproducer.cpp,68,,NO-ISSUE,ordinary control-flow / guard (recorded claim),,record-assembly,no
branch,src/composing/analysis/joint/jointnotationproducer.cpp,80,,NO-ISSUE,ordinary control-flow / guard (recorded claim),,record-assembly,no
branch,src/composing/analysis/joint/jointnotationproducer.cpp,85,,NO-ISSUE,ordinary control-flow / guard (recorded claim),,record-assembly,no
branch,src/composing/analysis/joint/jointnotationproducer.cpp,97,,NO-ISSUE,ordinary control-flow / guard (recorded claim),,record-assembly,no
branch,src/composing/analysis/joint/jointnotationproducer.cpp,101,,NO-ISSUE,ordinary control-flow / guard (recorded claim),,record-assembly,no
branch,src/composing/analysis/joint/jointnotationrecord.cpp,49,,NO-ISSUE,ordinary control-flow / guard (recorded claim),,record-assembly,no
branch,src/composing/analysis/joint/jointnotationrecord.cpp,53,,NO-ISSUE,ordinary control-flow / guard (recorded claim),,record-assembly,no
branch,src/composing/analysis/joint/jointnotationrecord.cpp,57,,NO-ISSUE,ordinary control-flow / guard (recorded claim),,record-assembly,no
branch,src/composing/analysis/joint/jointnotationrecord.cpp,75,,NO-ISSUE,ordinary control-flow / guard (recorded claim),,record-assembly,no
branch,src/composing/analysis/joint/jointnotationrecord.cpp,82,,NO-ISSUE,ordinary control-flow / guard (recorded claim),,record-assembly,no
branch,src/composing/analysis/joint/jointnotationrecord.cpp,85,,NO-ISSUE,ordinary control-flow / guard (recorded claim),,record-assembly,no
branch,src/composing/analysis/joint/jointnotationrecord.cpp,127,,NO-ISSUE,ordinary control-flow / guard (recorded claim),,record-assembly,no
branch,src/composing/analysis/joint/jointnotationrecord.cpp,132,,NO-ISSUE,ordinary control-flow / guard (recorded claim),,record-assembly,no
branch,src/composing/analysis/joint/jointnotationrecord.cpp,164,,NO-ISSUE,ordinary control-flow / guard (recorded claim),,record-assembly,no
branch,src/composing/analysis/joint/jointnotationrecord.cpp,168,,NO-ISSUE,ordinary control-flow / guard (recorded claim),,record-assembly,no
branch,src/composing/analysis/joint/jointnotationrecord.cpp,185,,NO-ISSUE,ordinary control-flow / guard (recorded claim),,record-assembly,no
branch,src/composing/analysis/joint/jointnotationrecord.cpp,201,,NO-ISSUE,ordinary control-flow / guard (recorded claim),,record-assembly,no
branch,src/composing/analysis/joint/jointnotationrecord.cpp,221,,NO-ISSUE,ordinary control-flow / guard (recorded claim),,record-assembly,no
branch,src/composing/analysis/joint/jointnotationrecord.cpp,228,,NO-ISSUE,ordinary control-flow / guard (recorded claim),,record-assembly,no
branch,src/composing/analysis/joint/jointnotationrecord.cpp,242,,NO-ISSUE,ordinary control-flow / guard (recorded claim),,record-assembly,no
branch,src/composing/analysis/joint/jointnotationrecord.cpp,250,,NO-ISSUE,ordinary control-flow / guard (recorded claim),,record-assembly,no
branch,src/composing/analysis/joint/jointnotationrecord.cpp,253,,NO-ISSUE,ordinary control-flow / guard (recorded claim),,record-assembly,no
branch,src/composing/analysis/joint/jointprimitives.cpp,53,,NO-ISSUE,ordinary control-flow / guard (recorded claim),,route-A:tests,no
branch,src/composing/analysis/joint/jointprimitives.cpp,90,,NO-ISSUE,ordinary control-flow / guard (recorded claim),,route-A:tests,no
branch,src/composing/analysis/joint/jointprimitives.cpp,98,,NO-ISSUE,ordinary control-flow / guard (recorded claim),,route-A:tests,no
branch,src/composing/analysis/joint/jointprimitives.cpp,100,,NO-ISSUE,ordinary control-flow / guard (recorded claim),,route-A:tests,no
branch,src/composing/analysis/joint/jointprimitives.cpp,114,,NO-ISSUE,ordinary control-flow / guard (recorded claim),,route-A:tests,no
branch,src/composing/analysis/joint/jointprimitives.cpp,117,,NO-ISSUE,ordinary control-flow / guard (recorded claim),,route-A:tests,no
branch,src/composing/analysis/joint/jointprimitives.cpp,118,,NO-ISSUE,ordinary control-flow / guard (recorded claim),,route-A:tests,no
branch,src/composing/analysis/joint/jointprimitives.cpp,119,,NO-ISSUE,ordinary control-flow / guard (recorded claim),,route-A:tests,no
branch,src/composing/analysis/joint/jointprimitives.cpp,121,,NO-ISSUE,ordinary control-flow / guard (recorded claim),,route-A:tests,no
branch,src/composing/analysis/joint/jointprimitives.cpp,136,,NO-ISSUE,ordinary control-flow / guard (recorded claim),,route-A:tests,no
branch,src/composing/analysis/joint/jointprimitives.cpp,150,,NO-ISSUE,ordinary control-flow / guard (recorded claim),,route-A:tests,no
branch,src/composing/analysis/joint/jointprimitives.cpp,151,,NO-ISSUE,ordinary control-flow / guard (recorded claim),,route-A:tests,no
branch,src/composing/analysis/joint/jointprimitives.cpp,152,,NO-ISSUE,ordinary control-flow / guard (recorded claim),,route-A:tests,no
branch,src/composing/analysis/joint/jointprimitives.cpp,153,,NO-ISSUE,ordinary control-flow / guard (recorded claim),,route-A:tests,no
branch,src/composing/analysis/joint/jointprimitives.cpp,180,,NO-ISSUE,ordinary control-flow / guard (recorded claim),,route-A:tests,no
branch,src/composing/analysis/joint/jointprimitives.cpp,187,,NO-ISSUE,ordinary control-flow / guard (recorded claim),,route-A:tests,no
branch,src/composing/analysis/joint/jointprimitives.cpp,188,,NO-ISSUE,ordinary control-flow / guard (recorded claim),,route-A:tests,no
branch,src/composing/analysis/joint/jointprimitives.cpp,202,,NO-ISSUE,ordinary control-flow / guard (recorded claim),,route-A:tests,no
branch,src/composing/analysis/joint/jointprimitives.cpp,207,,NO-ISSUE,ordinary control-flow / guard (recorded claim),,route-A:tests,no
branch,src/composing/analysis/joint/jointprimitives.cpp,209,,NO-ISSUE,ordinary control-flow / guard (recorded claim),,route-A:tests,no
branch,src/composing/analysis/joint/jointprimitives.cpp,213,,NO-ISSUE,ordinary control-flow / guard (recorded claim),,route-A:tests,no
branch,src/composing/analysis/joint/jointprimitives.cpp,216,,NO-ISSUE,ordinary control-flow / guard (recorded claim),,route-A:tests,no
branch,src/composing/analysis/joint/jointprimitives.cpp,223,,NO-ISSUE,ordinary control-flow / guard (recorded claim),,route-A:tests,no
branch,src/composing/analysis/joint/jointprimitives.cpp,227,,NO-ISSUE,ordinary control-flow / guard (recorded claim),,route-A:tests,no
branch,src/composing/analysis/joint/jointprimitives.cpp,241,,NO-ISSUE,ordinary control-flow / guard (recorded claim),,route-A:tests,no
branch,src/composing/analysis/joint/jointprimitives.cpp,245,,NO-ISSUE,ordinary control-flow / guard (recorded claim),,route-A:tests,no
branch,src/composing/analysis/joint/jointprimitives.cpp,248,,NO-ISSUE,ordinary control-flow / guard (recorded claim),,route-A:tests,no
branch,src/composing/analysis/joint/jointprimitives.cpp,256,,NO-ISSUE,ordinary control-flow / guard (recorded claim),,route-A:tests,no
branch,src/composing/analysis/joint/jointprimitives.cpp,257,,NO-ISSUE,ordinary control-flow / guard (recorded claim),,route-A:tests,no
branch,src/composing/analysis/joint/jointprimitives.cpp,266,,NO-ISSUE,ordinary control-flow / guard (recorded claim),,route-A:tests,no
branch,src/composing/analysis/joint/jointprimitives.cpp,281,,NO-ISSUE,ordinary control-flow / guard (recorded claim),,route-A:tests,no
branch,src/composing/analysis/joint/jointprimitives.cpp,284,,NO-ISSUE,ordinary control-flow / guard (recorded claim),,route-A:tests,no
branch,src/composing/analysis/joint/jointprimitives.cpp,285,,NO-ISSUE,ordinary control-flow / guard (recorded claim),,route-A:tests,no
branch,src/composing/analysis/joint/jointprimitives.cpp,312,,NO-ISSUE,ordinary control-flow / guard (recorded claim),,route-A:tests,no
branch,src/composing/analysis/joint/jointprimitives.cpp,313,,NO-ISSUE,ordinary control-flow / guard (recorded claim),,route-A:tests,no
branch,src/composing/analysis/joint/jointprimitives.cpp,314,,NO-ISSUE,ordinary control-flow / guard (recorded claim),,route-A:tests,no
branch,src/composing/analysis/joint/jointprimitives.cpp,315,,NO-ISSUE,ordinary control-flow / guard (recorded claim),,route-A:tests,no
branch,src/composing/analysis/joint/jointprimitives.cpp,316,,NO-ISSUE,ordinary control-flow / guard (recorded claim),,route-A:tests,no
branch,src/composing/analysis/joint/jointprimitives.cpp,317,,NO-ISSUE,ordinary control-flow / guard (recorded claim),,route-A:tests,no
branch,src/composing/analysis/joint/jointprimitives.cpp,318,,NO-ISSUE,ordinary control-flow / guard (recorded claim),,route-A:tests,no
branch,src/composing/analysis/joint/jointprimitives.cpp,319,,NO-ISSUE,ordinary control-flow / guard (recorded claim),,route-A:tests,no
branch,src/composing/analysis/joint/jointprimitives.cpp,320,,NO-ISSUE,ordinary control-flow / guard (recorded claim),,route-A:tests,no
branch,src/composing/analysis/joint/jointprimitives.cpp,321,,NO-ISSUE,ordinary control-flow / guard (recorded claim),,route-A:tests,no
branch,src/composing/analysis/joint/jointprimitives.cpp,332,,NO-ISSUE,ordinary control-flow / guard (recorded claim),,route-A:tests,no
branch,src/composing/analysis/joint/jointprimitives.cpp,333,,NO-ISSUE,ordinary control-flow / guard (recorded claim),,route-A:tests,no
branch,src/composing/analysis/joint/jointprimitives.cpp,334,,NO-ISSUE,ordinary control-flow / guard (recorded claim),,route-A:tests,no
branch,src/composing/analysis/joint/jointprimitives.cpp,336,,NO-ISSUE,ordinary control-flow / guard (recorded claim),,route-A:tests,no
branch,src/composing/analysis/joint/jointprimitives.cpp,348,,NO-ISSUE,ordinary control-flow / guard (recorded claim),,route-A:tests,no
branch,src/composing/analysis/joint/jointprimitives.cpp,350,,NO-ISSUE,ordinary control-flow / guard (recorded claim),,route-A:tests,no
branch,src/composing/analysis/joint/jointprimitives.cpp,365,,NO-ISSUE,ordinary control-flow / guard (recorded claim),,route-A:tests,no
branch,src/composing/analysis/joint/jointprimitives.cpp,370,,NO-ISSUE,ordinary control-flow / guard (recorded claim),,route-A:tests,no
branch,src/composing/analysis/joint/jointprimitives.cpp,372,,NO-ISSUE,ordinary control-flow / guard (recorded claim),,route-A:tests,no
branch,src/composing/analysis/joint/jointprimitives.cpp,382,,NO-ISSUE,ordinary control-flow / guard (recorded claim),,route-A:tests,no
branch,src/composing/analysis/joint/jointprimitives.cpp,385,,NO-ISSUE,ordinary control-flow / guard (recorded claim),,route-A:tests,no
branch,src/composing/analysis/joint/jointprimitives.cpp,391,,NO-ISSUE,ordinary control-flow / guard (recorded claim),,route-A:tests,no
branch,src/composing/analysis/joint/jointprimitives.cpp,395,,NO-ISSUE,ordinary control-flow / guard (recorded claim),,route-A:tests,no
branch,src/composing/analysis/joint/jointprimitives.cpp,396,,NO-ISSUE,ordinary control-flow / guard (recorded claim),,route-A:tests,no
branch,src/composing/analysis/joint/jointprimitives.cpp,399,,NO-ISSUE,ordinary control-flow / guard (recorded claim),,route-A:tests,no
branch,src/composing/analysis/joint/jointprimitives.cpp,406,,NO-ISSUE,ordinary control-flow / guard (recorded claim),,route-A:tests,no
branch,src/composing/analysis/joint/jointprimitives.cpp,416,,NO-ISSUE,ordinary control-flow / guard (recorded claim),,route-A:tests,no
branch,src/composing/analysis/joint/jointprimitives.cpp,424,,NO-ISSUE,ordinary control-flow / guard (recorded claim),,route-A:tests,no
branch,src/composing/analysis/joint/jointprimitives.cpp,426,,NO-ISSUE,ordinary control-flow / guard (recorded claim),,route-A:tests,no
branch,src/composing/analysis/joint/jointprimitives.cpp,443,,NO-ISSUE,ordinary control-flow / guard (recorded claim),,route-A:tests,no
branch,src/composing/analysis/joint/jointprimitives.cpp,444,,NO-ISSUE,ordinary control-flow / guard (recorded claim),,route-A:tests,no
branch,src/composing/analysis/joint/jointprimitives.cpp,447,,NO-ISSUE,ordinary control-flow / guard (recorded claim),,route-A:tests,no
branch,src/composing/analysis/joint/jointprimitives.cpp,449,,NO-ISSUE,ordinary control-flow / guard (recorded claim),,route-A:tests,no
branch,src/composing/analysis/joint/jointprimitives.cpp,452,,NO-ISSUE,ordinary control-flow / guard (recorded claim),,route-A:tests,no
branch,src/composing/analysis/joint/jointprimitives.cpp,455,,NO-ISSUE,ordinary control-flow / guard (recorded claim),,route-A:tests,no
branch,src/composing/analysis/joint/jointprimitives.cpp,458,,NO-ISSUE,ordinary control-flow / guard (recorded claim),,route-A:tests,no
branch,src/composing/analysis/joint/jointprimitives.cpp,463,,NO-ISSUE,ordinary control-flow / guard (recorded claim),,route-A:tests,no
branch,src/composing/analysis/joint/jointprimitives.cpp,466,,NO-ISSUE,ordinary control-flow / guard (recorded claim),,route-A:tests,no
branch,src/composing/analysis/joint/jointprimitives.cpp,469,,NO-ISSUE,ordinary control-flow / guard (recorded claim),,route-A:tests,no
branch,src/composing/analysis/joint/jointprimitives.cpp,473,,NO-ISSUE,ordinary control-flow / guard (recorded claim),,route-A:tests,no
branch,src/composing/analysis/joint/jointprimitives.cpp,481,,NO-ISSUE,ordinary control-flow / guard (recorded claim),,route-A:tests,no
branch,src/composing/analysis/joint/jointprimitives.cpp,488,,NO-ISSUE,ordinary control-flow / guard (recorded claim),,route-A:tests,no
branch,src/composing/analysis/joint/jointprimitives.cpp,490,,NO-ISSUE,ordinary control-flow / guard (recorded claim),,route-A:tests,no
branch,src/composing/analysis/joint/jointprimitives.cpp,496,,NO-ISSUE,ordinary control-flow / guard (recorded claim),,route-A:tests,no
branch,src/composing/analysis/joint/jointprimitives.cpp,503,,NO-ISSUE,ordinary control-flow / guard (recorded claim),,route-A:tests,no
branch,src/composing/analysis/joint/jointprimitives.cpp,516,,NO-ISSUE,ordinary control-flow / guard (recorded claim),,route-A:tests,no
branch,src/composing/analysis/joint/jointprimitives.cpp,519,,NO-ISSUE,ordinary control-flow / guard (recorded claim),,route-A:tests,no
branch,src/composing/analysis/joint/jointprimitives.cpp,522,,NO-ISSUE,ordinary control-flow / guard (recorded claim),,route-A:tests,no
branch,src/composing/analysis/joint/jointprimitives.cpp,545,,NO-ISSUE,ordinary control-flow / guard (recorded claim),,route-A:tests,no
branch,src/composing/analysis/joint/jointprimitives.cpp,547,,NO-ISSUE,ordinary control-flow / guard (recorded claim),,route-A:tests,no
branch,src/composing/analysis/joint/jointprimitives.cpp,550,,NO-ISSUE,ordinary control-flow / guard (recorded claim),,route-A:tests,no
branch,src/composing/analysis/joint/jointprimitives.cpp,556,,NO-ISSUE,ordinary control-flow / guard (recorded claim),,route-A:tests,no
branch,src/composing/analysis/joint/jointprimitives.cpp,559,,NO-ISSUE,ordinary control-flow / guard (recorded claim),,route-A:tests,no
branch,src/composing/analysis/joint/jointprimitives.cpp,567,,NO-ISSUE,ordinary control-flow / guard (recorded claim),,route-A:tests,no
branch,src/composing/analysis/joint/jointprimitives.cpp,569,,NO-ISSUE,ordinary control-flow / guard (recorded claim),,route-A:tests,no
branch,src/composing/analysis/joint/jointprimitives.cpp,574,,NO-ISSUE,ordinary control-flow / guard (recorded claim),,route-A:tests,no
branch,src/composing/analysis/joint/jointprimitives.cpp,583,,NO-ISSUE,ordinary control-flow / guard (recorded claim),,route-A:tests,no
branch,src/composing/analysis/joint/jointprimitives.cpp,587,,NO-ISSUE,ordinary control-flow / guard (recorded claim),,route-A:tests,no
branch,src/composing/analysis/joint/jointprimitives.cpp,590,,NO-ISSUE,ordinary control-flow / guard (recorded claim),,route-A:tests,no
branch,src/composing/analysis/joint/jointprimitives.cpp,604,,NO-ISSUE,ordinary control-flow / guard (recorded claim),,route-A:tests,no
branch,src/composing/analysis/joint/jointprimitives.cpp,615,,NO-ISSUE,ordinary control-flow / guard (recorded claim),,route-A:tests,no
branch,src/composing/analysis/joint/jointprimitives.cpp,618,,NO-ISSUE,ordinary control-flow / guard (recorded claim),,route-A:tests,no
branch,src/composing/analysis/joint/jointprimitives.cpp,619,,NO-ISSUE,ordinary control-flow / guard (recorded claim),,route-A:tests,no
branch,src/composing/analysis/joint/jointprimitives.h,72,,NO-ISSUE,ordinary control-flow / guard (recorded claim),,route-A:tests,no
branch,src/composing/analysis/joint/jointprimitives.h,176,,NO-ISSUE,ordinary control-flow / guard (recorded claim),,route-A:tests,no
branch,src/composing/analysis/joint/jointrender.cpp,44,,NO-ISSUE,ordinary control-flow / guard (recorded claim),,record-assembly,no
branch,src/composing/analysis/joint/jointrender.cpp,51,,NO-ISSUE,ordinary control-flow / guard (recorded claim),,record-assembly,no
branch,src/composing/analysis/joint/jointrender.cpp,66,,NO-ISSUE,ordinary control-flow / guard (recorded claim),,record-assembly,no
branch,src/composing/analysis/joint/jointrender.cpp,72,,NO-ISSUE,ordinary control-flow / guard (recorded claim),,record-assembly,no
branch,src/composing/analysis/joint/jointrender.cpp,74,,NO-ISSUE,ordinary control-flow / guard (recorded claim),,record-assembly,no
branch,src/composing/analysis/joint/jointrender.cpp,76,,NO-ISSUE,ordinary control-flow / guard (recorded claim),,record-assembly,no
branch,src/composing/analysis/joint/jointrender.cpp,80,,NO-ISSUE,ordinary control-flow / guard (recorded claim),,record-assembly,no
branch,src/composing/analysis/joint/jointrender.cpp,81,,NO-ISSUE,ordinary control-flow / guard (recorded claim),,record-assembly,no
branch,src/composing/analysis/joint/jointrender.cpp,81,,NO-ISSUE,ordinary control-flow / guard (recorded claim),,record-assembly,no
branch,src/composing/analysis/joint/jointrender.cpp,81,,NO-ISSUE,ordinary control-flow / guard (recorded claim),,record-assembly,no
branch,src/composing/analysis/joint/jointrender.cpp,83,,NO-ISSUE,ordinary control-flow / guard (recorded claim),,record-assembly,no
branch,src/composing/analysis/joint/jointrender.cpp,86,,NO-ISSUE,ordinary control-flow / guard (recorded claim),,record-assembly,no
branch,src/composing/analysis/joint/jointtables.cpp,43,,NO-ISSUE,ordinary control-flow / guard (recorded claim),,route-A:tests,no
branch,src/composing/analysis/joint/jointtables.cpp,47,,NO-ISSUE,ordinary control-flow / guard (recorded claim),,route-A:tests,no
branch,src/composing/analysis/joint/jointtables.cpp,61,,NO-ISSUE,ordinary control-flow / guard (recorded claim),,route-A:tests,no
branch,src/composing/analysis/joint/jointtables.cpp,67,,NO-ISSUE,ordinary control-flow / guard (recorded claim),,route-A:tests,no
branch,src/composing/analysis/joint/jointtables.cpp,98,,NO-ISSUE,ordinary control-flow / guard (recorded claim),,route-A:tests,no
branch,src/composing/analysis/joint/jointtables.cpp,114,,NO-ISSUE,ordinary control-flow / guard (recorded claim),,route-A:tests,no
branch,src/composing/analysis/joint/jointtables.cpp,119,,NO-ISSUE,ordinary control-flow / guard (recorded claim),,route-A:tests,no
branch,src/composing/analysis/joint/jointtables.cpp,195,,NO-ISSUE,ordinary control-flow / guard (recorded claim),,route-A:tests,no
branch,src/composing/analysis/joint/jointtables.cpp,208,,NO-ISSUE,ordinary control-flow / guard (recorded claim),,route-A:tests,no
branch,src/composing/analysis/joint/jointtables.cpp,213,,NO-ISSUE,ordinary control-flow / guard (recorded claim),,route-A:tests,no
branch,src/composing/analysis/joint/jointweights.cpp,44,,NO-ISSUE,ordinary control-flow / guard (recorded claim),,route-A:tests,no
branch,src/composing/analysis/joint/jointweights.cpp,57,,NO-ISSUE,ordinary control-flow / guard (recorded claim),,route-A:tests,no
branch,src/composing/analysis/joint/labelclass.cpp,57,,NO-ISSUE,ordinary control-flow / guard (recorded claim),,route-A:tests,no
branch,src/composing/analysis/joint/labelclass.cpp,71,,NO-ISSUE,ordinary control-flow / guard (recorded claim),,route-A:tests,no
branch,src/composing/analysis/joint/labelclass.cpp,87,,NO-ISSUE,ordinary control-flow / guard (recorded claim),,route-A:tests,no
literal,src/composing/analysis/joint/jointadapter.cpp,36,1.0,ESTABLISHED,structural/theory constant or byte-established probe_decoder-parity reference value,,n/a:structural (route-A:tests exercises the reader),no
literal,src/composing/analysis/joint/jointadapter.cpp,40,0.0,ESTABLISHED,structural/theory constant or byte-established probe_decoder-parity reference value,,n/a:structural (route-A:tests exercises the reader),no
literal,src/composing/analysis/joint/jointadapter.cpp,59,0.0,ESTABLISHED,structural/theory constant or byte-established probe_decoder-parity reference value,,n/a:structural (route-A:tests exercises the reader),no
literal,src/composing/analysis/joint/jointadapter.cpp,126,0.0,ESTABLISHED,structural/theory constant or byte-established probe_decoder-parity reference value,,n/a:structural (route-A:tests exercises the reader),no
literal,src/composing/analysis/joint/jointadapter.cpp,214,0.0,ESTABLISHED,structural/theory constant or byte-established probe_decoder-parity reference value,,n/a:structural (route-A:tests exercises the reader),no
literal,src/composing/analysis/joint/jointadapter.cpp,222,0.0,ESTABLISHED,structural/theory constant or byte-established probe_decoder-parity reference value,,n/a:structural (route-A:tests exercises the reader),no
literal,src/composing/analysis/joint/jointadapter.cpp,239,0.0,ESTABLISHED,structural/theory constant or byte-established probe_decoder-parity reference value,,n/a:structural (route-A:tests exercises the reader),no
literal,src/composing/analysis/joint/jointadapter.cpp,240,0.0,ESTABLISHED,structural/theory constant or byte-established probe_decoder-parity reference value,,n/a:structural (route-A:tests exercises the reader),no
literal,src/composing/analysis/joint/jointadapter.cpp,252,0.0,ESTABLISHED,structural/theory constant or byte-established probe_decoder-parity reference value,,n/a:structural (route-A:tests exercises the reader),no
literal,src/composing/analysis/joint/jointadapter.cpp,253,0.0,ESTABLISHED,structural/theory constant or byte-established probe_decoder-parity reference value,,n/a:structural (route-A:tests exercises the reader),no
literal,src/composing/analysis/joint/jointadapter.cpp,275,1.0,ESTABLISHED,structural/theory constant or byte-established probe_decoder-parity reference value,,n/a:structural (route-A:tests exercises the reader),no
literal,src/composing/analysis/joint/jointadapter.cpp,280,1.0,ESTABLISHED,structural/theory constant or byte-established probe_decoder-parity reference value,,n/a:structural (route-A:tests exercises the reader),no
literal,src/composing/analysis/joint/jointadapter.cpp,280,24.0,ESTABLISHED,structural/theory constant or byte-established probe_decoder-parity reference value,,n/a:structural (route-A:tests exercises the reader),no
literal,src/composing/analysis/joint/jointadapter.cpp,294,0.0,ESTABLISHED,structural/theory constant or byte-established probe_decoder-parity reference value,,n/a:structural (route-A:tests exercises the reader),no
literal,src/composing/analysis/joint/jointadapter.cpp,302,24,ESTABLISHED,structural/theory constant or byte-established probe_decoder-parity reference value,,n/a:structural (route-A:tests exercises the reader),no
literal,src/composing/analysis/joint/jointadapter.cpp,303,0.0,ESTABLISHED,structural/theory constant or byte-established probe_decoder-parity reference value,,n/a:structural (route-A:tests exercises the reader),no
literal,src/composing/analysis/joint/jointadapter.cpp,303,1e-6,ESTABLISHED,structural/theory constant or byte-established probe_decoder-parity reference value,,n/a:structural (route-A:tests exercises the reader),no
literal,src/composing/analysis/joint/jointadapter.cpp,328,1e-6,ESTABLISHED,structural/theory constant or byte-established probe_decoder-parity reference value,,n/a:structural (route-A:tests exercises the reader),no
literal,src/composing/analysis/joint/jointadapter.cpp,337,2,ESTABLISHED,structural/theory constant or byte-established probe_decoder-parity reference value,,n/a:structural (route-A:tests exercises the reader),no
literal,src/composing/analysis/joint/jointadapter.cpp,350,1e-6,ESTABLISHED,structural/theory constant or byte-established probe_decoder-parity reference value,,n/a:structural (route-A:tests exercises the reader),no
literal,src/composing/analysis/joint/jointadapter.cpp,412,0.0,ESTABLISHED,structural/theory constant or byte-established probe_decoder-parity reference value,,n/a:structural (route-A:tests exercises the reader),no
literal,src/composing/analysis/joint/jointadapter.cpp,413,1.0,ESTABLISHED,structural/theory constant or byte-established probe_decoder-parity reference value,,n/a:structural (route-A:tests exercises the reader),no
literal,src/composing/analysis/joint/jointadapter.cpp,413,3.0,ESTABLISHED,structural/theory constant or byte-established probe_decoder-parity reference value,,n/a:structural (route-A:tests exercises the reader),no
literal,src/composing/analysis/joint/jointadapter.cpp,413,1e-4,ESTABLISHED,structural/theory constant or byte-established probe_decoder-parity reference value,,n/a:structural (route-A:tests exercises the reader),no
literal,src/composing/analysis/joint/jointadapter.cpp,438,1e-4,ESTABLISHED,structural/theory constant or byte-established probe_decoder-parity reference value,,n/a:structural (route-A:tests exercises the reader),no
literal,src/composing/analysis/joint/jointadapter.cpp,447,0.02,ESTABLISHED,structural/theory constant or byte-established probe_decoder-parity reference value,,n/a:structural (route-A:tests exercises the reader),no
literal,src/composing/analysis/joint/jointadapter.cpp,462,0.0,ESTABLISHED,structural/theory constant or byte-established probe_decoder-parity reference value,,n/a:structural (route-A:tests exercises the reader),no
literal,src/composing/analysis/joint/jointadapter.cpp,464,0.0,ESTABLISHED,structural/theory constant or byte-established probe_decoder-parity reference value,,n/a:structural (route-A:tests exercises the reader),no
literal,src/composing/analysis/joint/jointadapter.cpp,466,0.0,ESTABLISHED,structural/theory constant or byte-established probe_decoder-parity reference value,,n/a:structural (route-A:tests exercises the reader),no
literal,src/composing/analysis/joint/jointadapter.cpp,467,0.01,ESTABLISHED,structural/theory constant or byte-established probe_decoder-parity reference value,,n/a:structural (route-A:tests exercises the reader),no
literal,src/composing/analysis/joint/jointadapter.cpp,477,0.05,ESTABLISHED,structural/theory constant or byte-established probe_decoder-parity reference value,,n/a:structural (route-A:tests exercises the reader),no
literal,src/composing/analysis/joint/jointadapter.cpp,489,0.0,ESTABLISHED,structural/theory constant or byte-established probe_decoder-parity reference value,,n/a:structural (route-A:tests exercises the reader),no
literal,src/composing/analysis/joint/jointadapter.cpp,502,0.0,ESTABLISHED,structural/theory constant or byte-established probe_decoder-parity reference value,,n/a:structural (route-A:tests exercises the reader),no
literal,src/composing/analysis/joint/jointadapter.cpp,504,1e-6,ESTABLISHED,structural/theory constant or byte-established probe_decoder-parity reference value,,n/a:structural (route-A:tests exercises the reader),no
literal,src/composing/analysis/joint/jointadapter.cpp,504,1.0,ESTABLISHED,structural/theory constant or byte-established probe_decoder-parity reference value,,n/a:structural (route-A:tests exercises the reader),no
literal,src/composing/analysis/joint/jointadapter.cpp,504,1e-6,ESTABLISHED,structural/theory constant or byte-established probe_decoder-parity reference value,,n/a:structural (route-A:tests exercises the reader),no
literal,src/composing/analysis/joint/jointadapter.cpp,505,1.0,ESTABLISHED,structural/theory constant or byte-established probe_decoder-parity reference value,,n/a:structural (route-A:tests exercises the reader),no
literal,src/composing/analysis/joint/jointadapter.h,46,1e-9,ESTABLISHED,structural/theory constant or byte-established probe_decoder-parity reference value,,n/a:structural (route-A:tests exercises the reader),no
literal,src/composing/analysis/joint/jointdecoder.cpp,39,6,UNFIT,ratified but hand-chosen DECODE HYPERPARAMETER (sweepable): topK key prune / seg_cap,hyperparameter,route-A:tests,no
literal,src/composing/analysis/joint/jointdecoder.cpp,40,4,ESTABLISHED,structural/theory constant or byte-established probe_decoder-parity reference value,,route-A:tests,no
literal,src/composing/analysis/joint/jointdecoder.cpp,40,480,ESTABLISHED,structural/theory constant or byte-established probe_decoder-parity reference value,,route-A:tests,no
literal,src/composing/analysis/joint/jointdecoder.cpp,44,4,ESTABLISHED,structural/theory constant or byte-established probe_decoder-parity reference value,,route-A:tests,no
literal,src/composing/analysis/joint/jointdecoder.cpp,45,3,ESTABLISHED,structural/theory constant or byte-established probe_decoder-parity reference value,,route-A:tests,no
literal,src/composing/analysis/joint/jointdecoder.cpp,131,3,ESTABLISHED,structural/theory constant or byte-established probe_decoder-parity reference value,,route-A:tests,no
literal,src/composing/analysis/joint/jointdecoder.cpp,131,3,ESTABLISHED,structural/theory constant or byte-established probe_decoder-parity reference value,,route-A:tests,no
literal,src/composing/analysis/joint/jointdecoder.cpp,158,3,ESTABLISHED,structural/theory constant or byte-established probe_decoder-parity reference value,,route-A:tests,no
literal,src/composing/analysis/joint/jointdecoder.cpp,163,2,ESTABLISHED,structural/theory constant or byte-established probe_decoder-parity reference value,,route-A:tests,no
literal,src/composing/analysis/joint/jointdecoder.cpp,174,3,ESTABLISHED,structural/theory constant or byte-established probe_decoder-parity reference value,,route-A:tests,no
literal,src/composing/analysis/joint/jointdecoder.cpp,179,2,ESTABLISHED,structural/theory constant or byte-established probe_decoder-parity reference value,,route-A:tests,no
literal,src/composing/analysis/joint/jointdecoder.cpp,279,0.0,ESTABLISHED,structural/theory constant or byte-established probe_decoder-parity reference value,,route-A:tests,no
literal,src/composing/analysis/joint/jointdecoder.cpp,279,0.0,ESTABLISHED,structural/theory constant or byte-established probe_decoder-parity reference value,,route-A:tests,no
literal,src/composing/analysis/joint/jointdecoder.cpp,279,0.0,ESTABLISHED,structural/theory constant or byte-established probe_decoder-parity reference value,,route-A:tests,no
literal,src/composing/analysis/joint/jointdecoder.cpp,279,0.0,ESTABLISHED,structural/theory constant or byte-established probe_decoder-parity reference value,,route-A:tests,no
literal,src/composing/analysis/joint/jointdecoder.cpp,279,0.0,ESTABLISHED,structural/theory constant or byte-established probe_decoder-parity reference value,,route-A:tests,no
literal,src/composing/analysis/joint/jointdecoder.cpp,306,4,ESTABLISHED,structural/theory constant or byte-established probe_decoder-parity reference value,,route-A:tests,no
literal,src/composing/analysis/joint/jointdecoder.cpp,346,5,ESTABLISHED,structural/theory constant or byte-established probe_decoder-parity reference value,,route-A:tests,no
literal,src/composing/analysis/joint/jointdecoder.cpp,350,5,ESTABLISHED,structural/theory constant or byte-established probe_decoder-parity reference value,,route-A:tests,no
literal,src/composing/analysis/joint/jointdecoder.cpp,356,4,ESTABLISHED,structural/theory constant or byte-established probe_decoder-parity reference value,,route-A:tests,no
literal,src/composing/analysis/joint/jointdecoder.cpp,358,11,ESTABLISHED,structural/theory constant or byte-established probe_decoder-parity reference value,,route-A:tests,no
literal,src/composing/analysis/joint/jointdecoder.cpp,359,5,ESTABLISHED,structural/theory constant or byte-established probe_decoder-parity reference value,,route-A:tests,no
literal,src/composing/analysis/joint/jointdecoder.cpp,360,7,ESTABLISHED,structural/theory constant or byte-established probe_decoder-parity reference value,,route-A:tests,no
literal,src/composing/analysis/joint/jointdecoder.cpp,382,2,ESTABLISHED,structural/theory constant or byte-established probe_decoder-parity reference value,,route-A:tests,no
literal,src/composing/analysis/joint/jointdecoder.cpp,382,3,ESTABLISHED,structural/theory constant or byte-established probe_decoder-parity reference value,,route-A:tests,no
literal,src/composing/analysis/joint/jointdecoder.cpp,389,4,ESTABLISHED,structural/theory constant or byte-established probe_decoder-parity reference value,,route-A:tests,no
literal,src/composing/analysis/joint/jointdecoder.cpp,392,2,ESTABLISHED,structural/theory constant or byte-established probe_decoder-parity reference value,,route-A:tests,no
literal,src/composing/analysis/joint/jointdecoder.cpp,393,3,ESTABLISHED,structural/theory constant or byte-established probe_decoder-parity reference value,,route-A:tests,no
literal,src/composing/analysis/joint/jointdecoder.cpp,402,24,ESTABLISHED,structural/theory constant or byte-established probe_decoder-parity reference value,,route-A:tests,no
literal,src/composing/analysis/joint/jointdecoder.cpp,403,12,ESTABLISHED,structural/theory constant or byte-established probe_decoder-parity reference value,,route-A:tests,no
literal,src/composing/analysis/joint/jointdecoder.cpp,445,2,ESTABLISHED,structural/theory constant or byte-established probe_decoder-parity reference value,,route-A:tests,no
literal,src/composing/analysis/joint/jointdecoder.cpp,494,12,ESTABLISHED,structural/theory constant or byte-established probe_decoder-parity reference value,,route-A:tests,no
literal,src/composing/analysis/joint/jointdecoder.cpp,553,12,ESTABLISHED,structural/theory constant or byte-established probe_decoder-parity reference value,,route-A:tests,no
literal,src/composing/analysis/joint/jointdecoder.cpp,563,0.0,ESTABLISHED,structural/theory constant or byte-established probe_decoder-parity reference value,,route-A:tests,no
literal,src/composing/analysis/joint/jointdecoder.cpp,569,0.0,ESTABLISHED,structural/theory constant or byte-established probe_decoder-parity reference value,,route-A:tests,no
literal,src/composing/analysis/joint/jointdecoder.cpp,637,4,ESTABLISHED,structural/theory constant or byte-established probe_decoder-parity reference value,,route-A:tests,no
literal,src/composing/analysis/joint/jointdecoder.cpp,638,100000,ESTABLISHED,structural/theory constant or byte-established probe_decoder-parity reference value,,route-A:tests,no
literal,src/composing/analysis/joint/jointdecoder.cpp,672,0.0,ESTABLISHED,structural/theory constant or byte-established probe_decoder-parity reference value,,route-A:tests,no
literal,src/composing/analysis/joint/jointdecoder.cpp,676,4,ESTABLISHED,structural/theory constant or byte-established probe_decoder-parity reference value,,route-A:tests,no
literal,src/composing/analysis/joint/jointdecoder.cpp,678,4,ESTABLISHED,structural/theory constant or byte-established probe_decoder-parity reference value,,route-A:tests,no
literal,src/composing/analysis/joint/jointdecoder.cpp,683,4,ESTABLISHED,structural/theory constant or byte-established probe_decoder-parity reference value,,route-A:tests,no
literal,src/composing/analysis/joint/jointdecoder.cpp,685,4,ESTABLISHED,structural/theory constant or byte-established probe_decoder-parity reference value,,route-A:tests,no
literal,src/composing/analysis/joint/jointdecoder.cpp,698,0.0,ESTABLISHED,structural/theory constant or byte-established probe_decoder-parity reference value,,route-A:tests,no
literal,src/composing/analysis/joint/jointdecoder.cpp,771,2,ESTABLISHED,structural/theory constant or byte-established probe_decoder-parity reference value,,route-A:tests,no
literal,src/composing/analysis/joint/jointdecoder.cpp,925,2,ESTABLISHED,structural/theory constant or byte-established probe_decoder-parity reference value,,route-A:tests,no
literal,src/composing/analysis/joint/jointdecoder.cpp,926,3,ESTABLISHED,structural/theory constant or byte-established probe_decoder-parity reference value,,route-A:tests,no
literal,src/composing/analysis/joint/jointdecoder.cpp,927,4,ESTABLISHED,structural/theory constant or byte-established probe_decoder-parity reference value,,route-A:tests,no
literal,src/composing/analysis/joint/jointdecoder.cpp,928,5,ESTABLISHED,structural/theory constant or byte-established probe_decoder-parity reference value,,route-A:tests,no
literal,src/composing/analysis/joint/jointdecoder.cpp,928,5,ESTABLISHED,structural/theory constant or byte-established probe_decoder-parity reference value,,route-A:tests,no
literal,src/composing/analysis/joint/jointdecoder.cpp,937,2,ESTABLISHED,structural/theory constant or byte-established probe_decoder-parity reference value,,route-A:tests,no
literal,src/composing/analysis/joint/jointdecoder.cpp,938,3,ESTABLISHED,structural/theory constant or byte-established probe_decoder-parity reference value,,route-A:tests,no
literal,src/composing/analysis/joint/jointdecoder.cpp,939,4,ESTABLISHED,structural/theory constant or byte-established probe_decoder-parity reference value,,route-A:tests,no
literal,src/composing/analysis/joint/jointdecoder.cpp,940,5,ESTABLISHED,structural/theory constant or byte-established probe_decoder-parity reference value,,route-A:tests,no
literal,src/composing/analysis/joint/jointdecoder.cpp,941,6,ESTABLISHED,structural/theory constant or byte-established probe_decoder-parity reference value,,route-A:tests,no
literal,src/composing/analysis/joint/jointdecoder.cpp,942,7,ESTABLISHED,structural/theory constant or byte-established probe_decoder-parity reference value,,route-A:tests,no
literal,src/composing/analysis/joint/jointdecoder.cpp,943,8,ESTABLISHED,structural/theory constant or byte-established probe_decoder-parity reference value,,route-A:tests,no
literal,src/composing/analysis/joint/jointdecoder.cpp,944,9,ESTABLISHED,structural/theory constant or byte-established probe_decoder-parity reference value,,route-A:tests,no
literal,src/composing/analysis/joint/jointdecoder.cpp,945,10,ESTABLISHED,structural/theory constant or byte-established probe_decoder-parity reference value,,route-A:tests,no
literal,src/composing/analysis/joint/jointdecoder.cpp,946,11,ESTABLISHED,structural/theory constant or byte-established probe_decoder-parity reference value,,route-A:tests,no
literal,src/composing/analysis/joint/jointdecoder.cpp,947,12,ESTABLISHED,structural/theory constant or byte-established probe_decoder-parity reference value,,route-A:tests,no
literal,src/composing/analysis/joint/jointdecoder.cpp,947,12,ESTABLISHED,structural/theory constant or byte-established probe_decoder-parity reference value,,route-A:tests,no
literal,src/composing/analysis/joint/jointdecoder.h,50,0.0,ESTABLISHED,structural/theory constant or byte-established probe_decoder-parity reference value,,n/a:structural (route-A:tests exercises the reader),no
literal,src/composing/analysis/joint/jointdecoder.h,56,0.0,ESTABLISHED,structural/theory constant or byte-established probe_decoder-parity reference value,,n/a:structural (route-A:tests exercises the reader),no
literal,src/composing/analysis/joint/jointdecoder.h,71,3,ESTABLISHED,structural/theory constant or byte-established probe_decoder-parity reference value,,n/a:structural (route-A:tests exercises the reader),no
literal,src/composing/analysis/joint/jointdecoder.h,122,0.0,ESTABLISHED,structural/theory constant or byte-established probe_decoder-parity reference value,,n/a:structural (route-A:tests exercises the reader),no
literal,src/composing/analysis/joint/jointfactadapter.cpp,53,480,ESTABLISHED,structural/theory constant or byte-established probe_decoder-parity reference value,,fact-adapter (buildAdapterFacts; not a decode branch),no
literal,src/composing/analysis/joint/jointfactadapter.cpp,56,2,ESTABLISHED,structural/theory constant or byte-established probe_decoder-parity reference value,,fact-adapter (buildAdapterFacts; not a decode branch),no
literal,src/composing/analysis/joint/jointfactadapter.cpp,56,3,ESTABLISHED,structural/theory constant or byte-established probe_decoder-parity reference value,,fact-adapter (buildAdapterFacts; not a decode branch),no
literal,src/composing/analysis/joint/jointfactadapter.cpp,58,2,ESTABLISHED,structural/theory constant or byte-established probe_decoder-parity reference value,,fact-adapter (buildAdapterFacts; not a decode branch),no
literal,src/composing/analysis/joint/jointfactadapter.cpp,62,10000.0,ESTABLISHED,structural/theory constant or byte-established probe_decoder-parity reference value,,fact-adapter (buildAdapterFacts; not a decode branch),no
literal,src/composing/analysis/joint/jointfactadapter.cpp,62,10000.0,ESTABLISHED,structural/theory constant or byte-established probe_decoder-parity reference value,,fact-adapter (buildAdapterFacts; not a decode branch),no
literal,src/composing/analysis/joint/jointfactadapter.cpp,79,3,ESTABLISHED,structural/theory constant or byte-established probe_decoder-parity reference value,,fact-adapter (buildAdapterFacts; not a decode branch),no
literal,src/composing/analysis/joint/jointfactadapter.cpp,79,4,ESTABLISHED,structural/theory constant or byte-established probe_decoder-parity reference value,,fact-adapter (buildAdapterFacts; not a decode branch),no
literal,src/composing/analysis/joint/jointfactadapter.cpp,119,8,ESTABLISHED,structural/theory constant or byte-established probe_decoder-parity reference value,,fact-adapter (buildAdapterFacts; not a decode branch),no
literal,src/composing/analysis/joint/jointfactadapter.cpp,119,3,ESTABLISHED,structural/theory constant or byte-established probe_decoder-parity reference value,,fact-adapter (buildAdapterFacts; not a decode branch),no
literal,src/composing/analysis/joint/jointfactadapter.cpp,119,3,ESTABLISHED,structural/theory constant or byte-established probe_decoder-parity reference value,,fact-adapter (buildAdapterFacts; not a decode branch),no
literal,src/composing/analysis/joint/jointfactadapter.cpp,120,3,ESTABLISHED,structural/theory constant or byte-established probe_decoder-parity reference value,,fact-adapter (buildAdapterFacts; not a decode branch),no
literal,src/composing/analysis/joint/jointfactadapter.cpp,120,4,ESTABLISHED,structural/theory constant or byte-established probe_decoder-parity reference value,,fact-adapter (buildAdapterFacts; not a decode branch),no
literal,src/composing/analysis/joint/jointfactadapter.cpp,120,8,ESTABLISHED,structural/theory constant or byte-established probe_decoder-parity reference value,,fact-adapter (buildAdapterFacts; not a decode branch),no
literal,src/composing/analysis/joint/jointfactadapter.cpp,122,4,ESTABLISHED,structural/theory constant or byte-established probe_decoder-parity reference value,,fact-adapter (buildAdapterFacts; not a decode branch),no
literal,src/composing/analysis/joint/jointfactadapter.cpp,176,1000000,ESTABLISHED,structural/theory constant or byte-established probe_decoder-parity reference value,,fact-adapter (buildAdapterFacts; not a decode branch),no
literal,src/composing/analysis/joint/jointfactadapter.cpp,195,2,ESTABLISHED,structural/theory constant or byte-established probe_decoder-parity reference value,,fact-adapter (buildAdapterFacts; not a decode branch),no
literal,src/composing/analysis/joint/jointfactadapter.cpp,215,1.0,ESTABLISHED,structural/theory constant or byte-established probe_decoder-parity reference value,,fact-adapter (buildAdapterFacts; not a decode branch),no
literal,src/composing/analysis/joint/jointfactadapter.cpp,223,1.0,ESTABLISHED,structural/theory constant or byte-established probe_decoder-parity reference value,,fact-adapter (buildAdapterFacts; not a decode branch),no
literal,src/composing/analysis/joint/jointfactadapter.cpp,259,1.0,ESTABLISHED,structural/theory constant or byte-established probe_decoder-parity reference value,,fact-adapter (buildAdapterFacts; not a decode branch),no
literal,src/composing/analysis/joint/jointfactadapter.cpp,263,2,ESTABLISHED,structural/theory constant or byte-established probe_decoder-parity reference value,,fact-adapter (buildAdapterFacts; not a decode branch),no
literal,src/composing/analysis/joint/jointfactadapter.cpp,272,1.0,ESTABLISHED,structural/theory constant or byte-established probe_decoder-parity reference value,,fact-adapter (buildAdapterFacts; not a decode branch),no
literal,src/composing/analysis/joint/jointfactadapter.cpp,283,2,ESTABLISHED,structural/theory constant or byte-established probe_decoder-parity reference value,,fact-adapter (buildAdapterFacts; not a decode branch),no
literal,src/composing/analysis/joint/jointfactadapter.cpp,307,2,ESTABLISHED,structural/theory constant or byte-established probe_decoder-parity reference value,,fact-adapter (buildAdapterFacts; not a decode branch),no
literal,src/composing/analysis/joint/jointfactadapter.cpp,319,2,ESTABLISHED,structural/theory constant or byte-established probe_decoder-parity reference value,,fact-adapter (buildAdapterFacts; not a decode branch),no
literal,src/composing/analysis/joint/jointfactadapter.cpp,352,4,ESTABLISHED,structural/theory constant or byte-established probe_decoder-parity reference value,,fact-adapter (buildAdapterFacts; not a decode branch),no
literal,src/composing/analysis/joint/jointfactadapter.cpp,407,12,ESTABLISHED,structural/theory constant or byte-established probe_decoder-parity reference value,,fact-adapter (buildAdapterFacts; not a decode branch),no
literal,src/composing/analysis/joint/jointfactadapter.cpp,407,12,ESTABLISHED,structural/theory constant or byte-established probe_decoder-parity reference value,,fact-adapter (buildAdapterFacts; not a decode branch),no
literal,src/composing/analysis/joint/jointfactadapter.cpp,407,12,ESTABLISHED,structural/theory constant or byte-established probe_decoder-parity reference value,,fact-adapter (buildAdapterFacts; not a decode branch),no
literal,src/composing/analysis/joint/jointnotationproducer.cpp,57,4,UNFIT,ratified but hand-chosen DECODE HYPERPARAMETER (sweepable): topK key prune / seg_cap,hyperparameter,record-assembly,no
literal,src/composing/analysis/joint/jointnotationrecord.cpp,79,12,ESTABLISHED,structural/theory constant or byte-established probe_decoder-parity reference value,,record-assembly,no
literal,src/composing/analysis/joint/jointnotationrecord.cpp,79,12,ESTABLISHED,structural/theory constant or byte-established probe_decoder-parity reference value,,record-assembly,no
literal,src/composing/analysis/joint/jointnotationrecord.cpp,79,12,ESTABLISHED,structural/theory constant or byte-established probe_decoder-parity reference value,,record-assembly,no
literal,src/composing/analysis/joint/jointnotationrecord.cpp,80,3,ESTABLISHED,structural/theory constant or byte-established probe_decoder-parity reference value,,record-assembly,no
literal,src/composing/analysis/joint/jointnotationrecord.cpp,80,12,ESTABLISHED,structural/theory constant or byte-established probe_decoder-parity reference value,,record-assembly,no
literal,src/composing/analysis/joint/jointnotationrecord.cpp,81,2,ESTABLISHED,structural/theory constant or byte-established probe_decoder-parity reference value,,record-assembly,no
literal,src/composing/analysis/joint/jointnotationrecord.cpp,81,12,ESTABLISHED,structural/theory constant or byte-established probe_decoder-parity reference value,,record-assembly,no
literal,src/composing/analysis/joint/jointnotationrecord.cpp,101,7,ESTABLISHED,structural/theory constant or byte-established probe_decoder-parity reference value,,record-assembly,no
literal,src/composing/analysis/joint/jointnotationrecord.cpp,101,5,ESTABLISHED,structural/theory constant or byte-established probe_decoder-parity reference value,,record-assembly,no
literal,src/composing/analysis/joint/jointnotationrecord.cpp,101,2,ESTABLISHED,structural/theory constant or byte-established probe_decoder-parity reference value,,record-assembly,no
literal,src/composing/analysis/joint/jointnotationrecord.cpp,101,6,ESTABLISHED,structural/theory constant or byte-established probe_decoder-parity reference value,,record-assembly,no
literal,src/composing/analysis/joint/jointnotationrecord.cpp,101,3,ESTABLISHED,structural/theory constant or byte-established probe_decoder-parity reference value,,record-assembly,no
literal,src/composing/analysis/joint/jointnotationrecord.cpp,101,7,ESTABLISHED,structural/theory constant or byte-established probe_decoder-parity reference value,,record-assembly,no
literal,src/composing/analysis/joint/jointnotationrecord.cpp,101,4,ESTABLISHED,structural/theory constant or byte-established probe_decoder-parity reference value,,record-assembly,no
literal,src/composing/analysis/joint/jointnotationrecord.cpp,102,7,ESTABLISHED,structural/theory constant or byte-established probe_decoder-parity reference value,,record-assembly,no
literal,src/composing/analysis/joint/jointnotationrecord.cpp,102,7,ESTABLISHED,structural/theory constant or byte-established probe_decoder-parity reference value,,record-assembly,no
literal,src/composing/analysis/joint/jointnotationrecord.cpp,102,7,ESTABLISHED,structural/theory constant or byte-established probe_decoder-parity reference value,,record-assembly,no
literal,src/composing/analysis/joint/jointnotationrecord.cpp,127,3,ESTABLISHED,structural/theory constant or byte-established probe_decoder-parity reference value,,record-assembly,no
literal,src/composing/analysis/joint/jointnotationrecord.cpp,137,12,ESTABLISHED,structural/theory constant or byte-established probe_decoder-parity reference value,,record-assembly,no
literal,src/composing/analysis/joint/jointnotationrecord.cpp,137,12,ESTABLISHED,structural/theory constant or byte-established probe_decoder-parity reference value,,record-assembly,no
literal,src/composing/analysis/joint/jointnotationrecord.cpp,137,12,ESTABLISHED,structural/theory constant or byte-established probe_decoder-parity reference value,,record-assembly,no
literal,src/composing/analysis/joint/jointnotationrecord.cpp,236,4,ESTABLISHED,structural/theory constant or byte-established probe_decoder-parity reference value,,record-assembly,no
literal,src/composing/analysis/joint/jointprimitives.cpp,50,2,ESTABLISHED,structural/theory constant or byte-established probe_decoder-parity reference value,,n/a:structural (route-A:tests exercises the reader),no
literal,src/composing/analysis/joint/jointprimitives.cpp,50,3,ESTABLISHED,structural/theory constant or byte-established probe_decoder-parity reference value,,n/a:structural (route-A:tests exercises the reader),no
literal,src/composing/analysis/joint/jointprimitives.cpp,50,4,ESTABLISHED,structural/theory constant or byte-established probe_decoder-parity reference value,,n/a:structural (route-A:tests exercises the reader),no
literal,src/composing/analysis/joint/jointprimitives.cpp,50,5,ESTABLISHED,structural/theory constant or byte-established probe_decoder-parity reference value,,n/a:structural (route-A:tests exercises the reader),no
literal,src/composing/analysis/joint/jointprimitives.cpp,50,6,ESTABLISHED,structural/theory constant or byte-established probe_decoder-parity reference value,,n/a:structural (route-A:tests exercises the reader),no
literal,src/composing/analysis/joint/jointprimitives.cpp,50,7,ESTABLISHED,structural/theory constant or byte-established probe_decoder-parity reference value,,n/a:structural (route-A:tests exercises the reader),no
literal,src/composing/analysis/joint/jointprimitives.cpp,57,7,ESTABLISHED,structural/theory constant or byte-established probe_decoder-parity reference value,,n/a:structural (route-A:tests exercises the reader),no
literal,src/composing/analysis/joint/jointprimitives.cpp,57,2,ESTABLISHED,structural/theory constant or byte-established probe_decoder-parity reference value,,n/a:structural (route-A:tests exercises the reader),no
literal,src/composing/analysis/joint/jointprimitives.cpp,57,4,ESTABLISHED,structural/theory constant or byte-established probe_decoder-parity reference value,,n/a:structural (route-A:tests exercises the reader),no
literal,src/composing/analysis/joint/jointprimitives.cpp,57,5,ESTABLISHED,structural/theory constant or byte-established probe_decoder-parity reference value,,n/a:structural (route-A:tests exercises the reader),no
literal,src/composing/analysis/joint/jointprimitives.cpp,57,7,ESTABLISHED,structural/theory constant or byte-established probe_decoder-parity reference value,,n/a:structural (route-A:tests exercises the reader),no
literal,src/composing/analysis/joint/jointprimitives.cpp,57,9,ESTABLISHED,structural/theory constant or byte-established probe_decoder-parity reference value,,n/a:structural (route-A:tests exercises the reader),no
literal,src/composing/analysis/joint/jointprimitives.cpp,57,11,ESTABLISHED,structural/theory constant or byte-established probe_decoder-parity reference value,,n/a:structural (route-A:tests exercises the reader),no
literal,src/composing/analysis/joint/jointprimitives.cpp,58,7,ESTABLISHED,structural/theory constant or byte-established probe_decoder-parity reference value,,n/a:structural (route-A:tests exercises the reader),no
literal,src/composing/analysis/joint/jointprimitives.cpp,58,2,ESTABLISHED,structural/theory constant or byte-established probe_decoder-parity reference value,,n/a:structural (route-A:tests exercises the reader),no
literal,src/composing/analysis/joint/jointprimitives.cpp,58,3,ESTABLISHED,structural/theory constant or byte-established probe_decoder-parity reference value,,n/a:structural (route-A:tests exercises the reader),no
literal,src/composing/analysis/joint/jointprimitives.cpp,58,5,ESTABLISHED,structural/theory constant or byte-established probe_decoder-parity reference value,,n/a:structural (route-A:tests exercises the reader),no
literal,src/composing/analysis/joint/jointprimitives.cpp,58,7,ESTABLISHED,structural/theory constant or byte-established probe_decoder-parity reference value,,n/a:structural (route-A:tests exercises the reader),no
literal,src/composing/analysis/joint/jointprimitives.cpp,58,8,ESTABLISHED,structural/theory constant or byte-established probe_decoder-parity reference value,,n/a:structural (route-A:tests exercises the reader),no
literal,src/composing/analysis/joint/jointprimitives.cpp,58,10,ESTABLISHED,structural/theory constant or byte-established probe_decoder-parity reference value,,n/a:structural (route-A:tests exercises the reader),no
literal,src/composing/analysis/joint/jointprimitives.cpp,64,4,ESTABLISHED,structural/theory constant or byte-established probe_decoder-parity reference value,,n/a:structural (route-A:tests exercises the reader),no
literal,src/composing/analysis/joint/jointprimitives.cpp,64,7,ESTABLISHED,structural/theory constant or byte-established probe_decoder-parity reference value,,n/a:structural (route-A:tests exercises the reader),no
literal,src/composing/analysis/joint/jointprimitives.cpp,64,3,ESTABLISHED,structural/theory constant or byte-established probe_decoder-parity reference value,,n/a:structural (route-A:tests exercises the reader),no
literal,src/composing/analysis/joint/jointprimitives.cpp,64,7,ESTABLISHED,structural/theory constant or byte-established probe_decoder-parity reference value,,n/a:structural (route-A:tests exercises the reader),no
literal,src/composing/analysis/joint/jointprimitives.cpp,64,3,ESTABLISHED,structural/theory constant or byte-established probe_decoder-parity reference value,,n/a:structural (route-A:tests exercises the reader),no
literal,src/composing/analysis/joint/jointprimitives.cpp,64,6,ESTABLISHED,structural/theory constant or byte-established probe_decoder-parity reference value,,n/a:structural (route-A:tests exercises the reader),no
literal,src/composing/analysis/joint/jointprimitives.cpp,64,4,ESTABLISHED,structural/theory constant or byte-established probe_decoder-parity reference value,,n/a:structural (route-A:tests exercises the reader),no
literal,src/composing/analysis/joint/jointprimitives.cpp,64,8,ESTABLISHED,structural/theory constant or byte-established probe_decoder-parity reference value,,n/a:structural (route-A:tests exercises the reader),no
literal,src/composing/analysis/joint/jointprimitives.cpp,65,4,ESTABLISHED,structural/theory constant or byte-established probe_decoder-parity reference value,,n/a:structural (route-A:tests exercises the reader),no
literal,src/composing/analysis/joint/jointprimitives.cpp,65,7,ESTABLISHED,structural/theory constant or byte-established probe_decoder-parity reference value,,n/a:structural (route-A:tests exercises the reader),no
literal,src/composing/analysis/joint/jointprimitives.cpp,65,10,ESTABLISHED,structural/theory constant or byte-established probe_decoder-parity reference value,,n/a:structural (route-A:tests exercises the reader),no
literal,src/composing/analysis/joint/jointprimitives.cpp,65,4,ESTABLISHED,structural/theory constant or byte-established probe_decoder-parity reference value,,n/a:structural (route-A:tests exercises the reader),no
literal,src/composing/analysis/joint/jointprimitives.cpp,65,7,ESTABLISHED,structural/theory constant or byte-established probe_decoder-parity reference value,,n/a:structural (route-A:tests exercises the reader),no
literal,src/composing/analysis/joint/jointprimitives.cpp,65,11,ESTABLISHED,structural/theory constant or byte-established probe_decoder-parity reference value,,n/a:structural (route-A:tests exercises the reader),no
literal,src/composing/analysis/joint/jointprimitives.cpp,65,3,ESTABLISHED,structural/theory constant or byte-established probe_decoder-parity reference value,,n/a:structural (route-A:tests exercises the reader),no
literal,src/composing/analysis/joint/jointprimitives.cpp,65,7,ESTABLISHED,structural/theory constant or byte-established probe_decoder-parity reference value,,n/a:structural (route-A:tests exercises the reader),no
literal,src/composing/analysis/joint/jointprimitives.cpp,65,10,ESTABLISHED,structural/theory constant or byte-established probe_decoder-parity reference value,,n/a:structural (route-A:tests exercises the reader),no
literal,src/composing/analysis/joint/jointprimitives.cpp,66,3,ESTABLISHED,structural/theory constant or byte-established probe_decoder-parity reference value,,n/a:structural (route-A:tests exercises the reader),no
literal,src/composing/analysis/joint/jointprimitives.cpp,66,7,ESTABLISHED,structural/theory constant or byte-established probe_decoder-parity reference value,,n/a:structural (route-A:tests exercises the reader),no
literal,src/composing/analysis/joint/jointprimitives.cpp,66,11,ESTABLISHED,structural/theory constant or byte-established probe_decoder-parity reference value,,n/a:structural (route-A:tests exercises the reader),no
literal,src/composing/analysis/joint/jointprimitives.cpp,66,3,ESTABLISHED,structural/theory constant or byte-established probe_decoder-parity reference value,,n/a:structural (route-A:tests exercises the reader),no
literal,src/composing/analysis/joint/jointprimitives.cpp,66,6,ESTABLISHED,structural/theory constant or byte-established probe_decoder-parity reference value,,n/a:structural (route-A:tests exercises the reader),no
literal,src/composing/analysis/joint/jointprimitives.cpp,66,9,ESTABLISHED,structural/theory constant or byte-established probe_decoder-parity reference value,,n/a:structural (route-A:tests exercises the reader),no
literal,src/composing/analysis/joint/jointprimitives.cpp,66,3,ESTABLISHED,structural/theory constant or byte-established probe_decoder-parity reference value,,n/a:structural (route-A:tests exercises the reader),no
literal,src/composing/analysis/joint/jointprimitives.cpp,66,6,ESTABLISHED,structural/theory constant or byte-established probe_decoder-parity reference value,,n/a:structural (route-A:tests exercises the reader),no
literal,src/composing/analysis/joint/jointprimitives.cpp,66,10,ESTABLISHED,structural/theory constant or byte-established probe_decoder-parity reference value,,n/a:structural (route-A:tests exercises the reader),no
literal,src/composing/analysis/joint/jointprimitives.cpp,67,3,ESTABLISHED,structural/theory constant or byte-established probe_decoder-parity reference value,,n/a:structural (route-A:tests exercises the reader),no
literal,src/composing/analysis/joint/jointprimitives.cpp,67,6,ESTABLISHED,structural/theory constant or byte-established probe_decoder-parity reference value,,n/a:structural (route-A:tests exercises the reader),no
literal,src/composing/analysis/joint/jointprimitives.cpp,67,4,ESTABLISHED,structural/theory constant or byte-established probe_decoder-parity reference value,,n/a:structural (route-A:tests exercises the reader),no
literal,src/composing/analysis/joint/jointprimitives.cpp,67,8,ESTABLISHED,structural/theory constant or byte-established probe_decoder-parity reference value,,n/a:structural (route-A:tests exercises the reader),no
literal,src/composing/analysis/joint/jointprimitives.cpp,67,10,ESTABLISHED,structural/theory constant or byte-established probe_decoder-parity reference value,,n/a:structural (route-A:tests exercises the reader),no
literal,src/composing/analysis/joint/jointprimitives.cpp,67,4,ESTABLISHED,structural/theory constant or byte-established probe_decoder-parity reference value,,n/a:structural (route-A:tests exercises the reader),no
literal,src/composing/analysis/joint/jointprimitives.cpp,67,8,ESTABLISHED,structural/theory constant or byte-established probe_decoder-parity reference value,,n/a:structural (route-A:tests exercises the reader),no
literal,src/composing/analysis/joint/jointprimitives.cpp,67,11,ESTABLISHED,structural/theory constant or byte-established probe_decoder-parity reference value,,n/a:structural (route-A:tests exercises the reader),no
literal,src/composing/analysis/joint/jointprimitives.cpp,87,2,ESTABLISHED,structural/theory constant or byte-established probe_decoder-parity reference value,,n/a:structural (route-A:tests exercises the reader),no
literal,src/composing/analysis/joint/jointprimitives.cpp,87,4,ESTABLISHED,structural/theory constant or byte-established probe_decoder-parity reference value,,n/a:structural (route-A:tests exercises the reader),no
literal,src/composing/analysis/joint/jointprimitives.cpp,87,5,ESTABLISHED,structural/theory constant or byte-established probe_decoder-parity reference value,,n/a:structural (route-A:tests exercises the reader),no
literal,src/composing/analysis/joint/jointprimitives.cpp,87,7,ESTABLISHED,structural/theory constant or byte-established probe_decoder-parity reference value,,n/a:structural (route-A:tests exercises the reader),no
literal,src/composing/analysis/joint/jointprimitives.cpp,87,9,ESTABLISHED,structural/theory constant or byte-established probe_decoder-parity reference value,,n/a:structural (route-A:tests exercises the reader),no
literal,src/composing/analysis/joint/jointprimitives.cpp,87,11,ESTABLISHED,structural/theory constant or byte-established probe_decoder-parity reference value,,n/a:structural (route-A:tests exercises the reader),no
literal,src/composing/analysis/joint/jointprimitives.cpp,88,2,ESTABLISHED,structural/theory constant or byte-established probe_decoder-parity reference value,,n/a:structural (route-A:tests exercises the reader),no
literal,src/composing/analysis/joint/jointprimitives.cpp,88,3,ESTABLISHED,structural/theory constant or byte-established probe_decoder-parity reference value,,n/a:structural (route-A:tests exercises the reader),no
literal,src/composing/analysis/joint/jointprimitives.cpp,88,5,ESTABLISHED,structural/theory constant or byte-established probe_decoder-parity reference value,,n/a:structural (route-A:tests exercises the reader),no
literal,src/composing/analysis/joint/jointprimitives.cpp,88,7,ESTABLISHED,structural/theory constant or byte-established probe_decoder-parity reference value,,n/a:structural (route-A:tests exercises the reader),no
literal,src/composing/analysis/joint/jointprimitives.cpp,88,8,ESTABLISHED,structural/theory constant or byte-established probe_decoder-parity reference value,,n/a:structural (route-A:tests exercises the reader),no
literal,src/composing/analysis/joint/jointprimitives.cpp,88,10,ESTABLISHED,structural/theory constant or byte-established probe_decoder-parity reference value,,n/a:structural (route-A:tests exercises the reader),no
literal,src/composing/analysis/joint/jointprimitives.cpp,88,9,ESTABLISHED,structural/theory constant or byte-established probe_decoder-parity reference value,,n/a:structural (route-A:tests exercises the reader),no
literal,src/composing/analysis/joint/jointprimitives.cpp,88,11,ESTABLISHED,structural/theory constant or byte-established probe_decoder-parity reference value,,n/a:structural (route-A:tests exercises the reader),no
literal,src/composing/analysis/joint/jointprimitives.cpp,119,7,ESTABLISHED,structural/theory constant or byte-established probe_decoder-parity reference value,,n/a:structural (route-A:tests exercises the reader),no
literal,src/composing/analysis/joint/jointprimitives.cpp,120,11,ESTABLISHED,structural/theory constant or byte-established probe_decoder-parity reference value,,n/a:structural (route-A:tests exercises the reader),no
literal,src/composing/analysis/joint/jointprimitives.cpp,121,6,ESTABLISHED,structural/theory constant or byte-established probe_decoder-parity reference value,,n/a:structural (route-A:tests exercises the reader),no
literal,src/composing/analysis/joint/jointprimitives.cpp,122,9,ESTABLISHED,structural/theory constant or byte-established probe_decoder-parity reference value,,n/a:structural (route-A:tests exercises the reader),no
literal,src/composing/analysis/joint/jointprimitives.cpp,152,3,ESTABLISHED,structural/theory constant or byte-established probe_decoder-parity reference value,,n/a:structural (route-A:tests exercises the reader),no
literal,src/composing/analysis/joint/jointprimitives.cpp,152,3,ESTABLISHED,structural/theory constant or byte-established probe_decoder-parity reference value,,n/a:structural (route-A:tests exercises the reader),no
literal,src/composing/analysis/joint/jointprimitives.cpp,166,12,ESTABLISHED,structural/theory constant or byte-established probe_decoder-parity reference value,,n/a:structural (route-A:tests exercises the reader),no
literal,src/composing/analysis/joint/jointprimitives.cpp,166,5,ESTABLISHED,structural/theory constant or byte-established probe_decoder-parity reference value,,n/a:structural (route-A:tests exercises the reader),no
literal,src/composing/analysis/joint/jointprimitives.cpp,166,2,ESTABLISHED,structural/theory constant or byte-established probe_decoder-parity reference value,,n/a:structural (route-A:tests exercises the reader),no
literal,src/composing/analysis/joint/jointprimitives.cpp,166,3,ESTABLISHED,structural/theory constant or byte-established probe_decoder-parity reference value,,n/a:structural (route-A:tests exercises the reader),no
literal,src/composing/analysis/joint/jointprimitives.cpp,166,4,ESTABLISHED,structural/theory constant or byte-established probe_decoder-parity reference value,,n/a:structural (route-A:tests exercises the reader),no
literal,src/composing/analysis/joint/jointprimitives.cpp,166,6,ESTABLISHED,structural/theory constant or byte-established probe_decoder-parity reference value,,n/a:structural (route-A:tests exercises the reader),no
literal,src/composing/analysis/joint/jointprimitives.cpp,166,4,ESTABLISHED,structural/theory constant or byte-established probe_decoder-parity reference value,,n/a:structural (route-A:tests exercises the reader),no
literal,src/composing/analysis/joint/jointprimitives.cpp,166,3,ESTABLISHED,structural/theory constant or byte-established probe_decoder-parity reference value,,n/a:structural (route-A:tests exercises the reader),no
literal,src/composing/analysis/joint/jointprimitives.cpp,166,2,ESTABLISHED,structural/theory constant or byte-established probe_decoder-parity reference value,,n/a:structural (route-A:tests exercises the reader),no
literal,src/composing/analysis/joint/jointprimitives.cpp,166,5,ESTABLISHED,structural/theory constant or byte-established probe_decoder-parity reference value,,n/a:structural (route-A:tests exercises the reader),no
literal,src/composing/analysis/joint/jointprimitives.cpp,172,12,ESTABLISHED,structural/theory constant or byte-established probe_decoder-parity reference value,,n/a:structural (route-A:tests exercises the reader),no
literal,src/composing/analysis/joint/jointprimitives.cpp,246,8,ESTABLISHED,structural/theory constant or byte-established probe_decoder-parity reference value,,n/a:structural (route-A:tests exercises the reader),no
literal,src/composing/analysis/joint/jointprimitives.cpp,246,6,ESTABLISHED,structural/theory constant or byte-established probe_decoder-parity reference value,,n/a:structural (route-A:tests exercises the reader),no
literal,src/composing/analysis/joint/jointprimitives.cpp,249,5,ESTABLISHED,structural/theory constant or byte-established probe_decoder-parity reference value,,n/a:structural (route-A:tests exercises the reader),no
literal,src/composing/analysis/joint/jointprimitives.cpp,249,8,ESTABLISHED,structural/theory constant or byte-established probe_decoder-parity reference value,,n/a:structural (route-A:tests exercises the reader),no
literal,src/composing/analysis/joint/jointprimitives.cpp,257,2,ESTABLISHED,structural/theory constant or byte-established probe_decoder-parity reference value,,n/a:structural (route-A:tests exercises the reader),no
literal,src/composing/analysis/joint/jointprimitives.cpp,269,4,ESTABLISHED,structural/theory constant or byte-established probe_decoder-parity reference value,,n/a:structural (route-A:tests exercises the reader),no
literal,src/composing/analysis/joint/jointprimitives.cpp,298,7,ESTABLISHED,structural/theory constant or byte-established probe_decoder-parity reference value,,n/a:structural (route-A:tests exercises the reader),no
literal,src/composing/analysis/joint/jointprimitives.cpp,298,2,ESTABLISHED,structural/theory constant or byte-established probe_decoder-parity reference value,,n/a:structural (route-A:tests exercises the reader),no
literal,src/composing/analysis/joint/jointprimitives.cpp,298,4,ESTABLISHED,structural/theory constant or byte-established probe_decoder-parity reference value,,n/a:structural (route-A:tests exercises the reader),no
literal,src/composing/analysis/joint/jointprimitives.cpp,298,3,ESTABLISHED,structural/theory constant or byte-established probe_decoder-parity reference value,,n/a:structural (route-A:tests exercises the reader),no
literal,src/composing/analysis/joint/jointprimitives.cpp,298,5,ESTABLISHED,structural/theory constant or byte-established probe_decoder-parity reference value,,n/a:structural (route-A:tests exercises the reader),no
literal,src/composing/analysis/joint/jointprimitives.cpp,299,7,ESTABLISHED,structural/theory constant or byte-established probe_decoder-parity reference value,,n/a:structural (route-A:tests exercises the reader),no
literal,src/composing/analysis/joint/jointprimitives.cpp,299,2,ESTABLISHED,structural/theory constant or byte-established probe_decoder-parity reference value,,n/a:structural (route-A:tests exercises the reader),no
literal,src/composing/analysis/joint/jointprimitives.cpp,299,3,ESTABLISHED,structural/theory constant or byte-established probe_decoder-parity reference value,,n/a:structural (route-A:tests exercises the reader),no
literal,src/composing/analysis/joint/jointprimitives.cpp,299,4,ESTABLISHED,structural/theory constant or byte-established probe_decoder-parity reference value,,n/a:structural (route-A:tests exercises the reader),no
literal,src/composing/analysis/joint/jointprimitives.cpp,299,2,ESTABLISHED,structural/theory constant or byte-established probe_decoder-parity reference value,,n/a:structural (route-A:tests exercises the reader),no
literal,src/composing/analysis/joint/jointprimitives.cpp,303,2,ESTABLISHED,structural/theory constant or byte-established probe_decoder-parity reference value,,n/a:structural (route-A:tests exercises the reader),no
literal,src/composing/analysis/joint/jointprimitives.cpp,303,12,ESTABLISHED,structural/theory constant or byte-established probe_decoder-parity reference value,,n/a:structural (route-A:tests exercises the reader),no
literal,src/composing/analysis/joint/jointprimitives.cpp,304,7,ESTABLISHED,structural/theory constant or byte-established probe_decoder-parity reference value,,n/a:structural (route-A:tests exercises the reader),no
literal,src/composing/analysis/joint/jointprimitives.cpp,304,5,ESTABLISHED,structural/theory constant or byte-established probe_decoder-parity reference value,,n/a:structural (route-A:tests exercises the reader),no
literal,src/composing/analysis/joint/jointprimitives.cpp,304,2,ESTABLISHED,structural/theory constant or byte-established probe_decoder-parity reference value,,n/a:structural (route-A:tests exercises the reader),no
literal,src/composing/analysis/joint/jointprimitives.cpp,304,2,ESTABLISHED,structural/theory constant or byte-established probe_decoder-parity reference value,,n/a:structural (route-A:tests exercises the reader),no
literal,src/composing/analysis/joint/jointprimitives.cpp,304,3,ESTABLISHED,structural/theory constant or byte-established probe_decoder-parity reference value,,n/a:structural (route-A:tests exercises the reader),no
literal,src/composing/analysis/joint/jointprimitives.cpp,304,3,ESTABLISHED,structural/theory constant or byte-established probe_decoder-parity reference value,,n/a:structural (route-A:tests exercises the reader),no
literal,src/composing/analysis/joint/jointprimitives.cpp,304,4,ESTABLISHED,structural/theory constant or byte-established probe_decoder-parity reference value,,n/a:structural (route-A:tests exercises the reader),no
literal,src/composing/analysis/joint/jointprimitives.cpp,304,4,ESTABLISHED,structural/theory constant or byte-established probe_decoder-parity reference value,,n/a:structural (route-A:tests exercises the reader),no
literal,src/composing/analysis/joint/jointprimitives.cpp,305,6,ESTABLISHED,structural/theory constant or byte-established probe_decoder-parity reference value,,n/a:structural (route-A:tests exercises the reader),no
literal,src/composing/analysis/joint/jointprimitives.cpp,305,6,ESTABLISHED,structural/theory constant or byte-established probe_decoder-parity reference value,,n/a:structural (route-A:tests exercises the reader),no
literal,src/composing/analysis/joint/jointprimitives.cpp,305,4,ESTABLISHED,structural/theory constant or byte-established probe_decoder-parity reference value,,n/a:structural (route-A:tests exercises the reader),no
literal,src/composing/analysis/joint/jointprimitives.cpp,305,4,ESTABLISHED,structural/theory constant or byte-established probe_decoder-parity reference value,,n/a:structural (route-A:tests exercises the reader),no
literal,src/composing/analysis/joint/jointprimitives.cpp,305,3,ESTABLISHED,structural/theory constant or byte-established probe_decoder-parity reference value,,n/a:structural (route-A:tests exercises the reader),no
literal,src/composing/analysis/joint/jointprimitives.cpp,305,3,ESTABLISHED,structural/theory constant or byte-established probe_decoder-parity reference value,,n/a:structural (route-A:tests exercises the reader),no
literal,src/composing/analysis/joint/jointprimitives.cpp,305,2,ESTABLISHED,structural/theory constant or byte-established probe_decoder-parity reference value,,n/a:structural (route-A:tests exercises the reader),no
literal,src/composing/analysis/joint/jointprimitives.cpp,305,2,ESTABLISHED,structural/theory constant or byte-established probe_decoder-parity reference value,,n/a:structural (route-A:tests exercises the reader),no
literal,src/composing/analysis/joint/jointprimitives.cpp,305,5,ESTABLISHED,structural/theory constant or byte-established probe_decoder-parity reference value,,n/a:structural (route-A:tests exercises the reader),no
literal,src/composing/analysis/joint/jointprimitives.cpp,305,7,ESTABLISHED,structural/theory constant or byte-established probe_decoder-parity reference value,,n/a:structural (route-A:tests exercises the reader),no
literal,src/composing/analysis/joint/jointprimitives.cpp,312,12,ESTABLISHED,structural/theory constant or byte-established probe_decoder-parity reference value,,n/a:structural (route-A:tests exercises the reader),no
literal,src/composing/analysis/joint/jointprimitives.cpp,312,12,ESTABLISHED,structural/theory constant or byte-established probe_decoder-parity reference value,,n/a:structural (route-A:tests exercises the reader),no
literal,src/composing/analysis/joint/jointprimitives.cpp,312,12,ESTABLISHED,structural/theory constant or byte-established probe_decoder-parity reference value,,n/a:structural (route-A:tests exercises the reader),no
literal,src/composing/analysis/joint/jointprimitives.cpp,314,3,ESTABLISHED,structural/theory constant or byte-established probe_decoder-parity reference value,,n/a:structural (route-A:tests exercises the reader),no
literal,src/composing/analysis/joint/jointprimitives.cpp,314,3,ESTABLISHED,structural/theory constant or byte-established probe_decoder-parity reference value,,n/a:structural (route-A:tests exercises the reader),no
literal,src/composing/analysis/joint/jointprimitives.cpp,315,4,ESTABLISHED,structural/theory constant or byte-established probe_decoder-parity reference value,,n/a:structural (route-A:tests exercises the reader),no
literal,src/composing/analysis/joint/jointprimitives.cpp,315,4,ESTABLISHED,structural/theory constant or byte-established probe_decoder-parity reference value,,n/a:structural (route-A:tests exercises the reader),no
literal,src/composing/analysis/joint/jointprimitives.cpp,316,6,ESTABLISHED,structural/theory constant or byte-established probe_decoder-parity reference value,,n/a:structural (route-A:tests exercises the reader),no
literal,src/composing/analysis/joint/jointprimitives.cpp,316,6,ESTABLISHED,structural/theory constant or byte-established probe_decoder-parity reference value,,n/a:structural (route-A:tests exercises the reader),no
literal,src/composing/analysis/joint/jointprimitives.cpp,317,7,ESTABLISHED,structural/theory constant or byte-established probe_decoder-parity reference value,,n/a:structural (route-A:tests exercises the reader),no
literal,src/composing/analysis/joint/jointprimitives.cpp,318,8,ESTABLISHED,structural/theory constant or byte-established probe_decoder-parity reference value,,n/a:structural (route-A:tests exercises the reader),no
literal,src/composing/analysis/joint/jointprimitives.cpp,318,8,ESTABLISHED,structural/theory constant or byte-established probe_decoder-parity reference value,,n/a:structural (route-A:tests exercises the reader),no
literal,src/composing/analysis/joint/jointprimitives.cpp,319,9,ESTABLISHED,structural/theory constant or byte-established probe_decoder-parity reference value,,n/a:structural (route-A:tests exercises the reader),no
literal,src/composing/analysis/joint/jointprimitives.cpp,319,9,ESTABLISHED,structural/theory constant or byte-established probe_decoder-parity reference value,,n/a:structural (route-A:tests exercises the reader),no
literal,src/composing/analysis/joint/jointprimitives.cpp,320,10,ESTABLISHED,structural/theory constant or byte-established probe_decoder-parity reference value,,n/a:structural (route-A:tests exercises the reader),no
literal,src/composing/analysis/joint/jointprimitives.cpp,320,2,ESTABLISHED,structural/theory constant or byte-established probe_decoder-parity reference value,,n/a:structural (route-A:tests exercises the reader),no
literal,src/composing/analysis/joint/jointprimitives.cpp,321,11,ESTABLISHED,structural/theory constant or byte-established probe_decoder-parity reference value,,n/a:structural (route-A:tests exercises the reader),no
literal,src/composing/analysis/joint/jointprimitives.cpp,321,5,ESTABLISHED,structural/theory constant or byte-established probe_decoder-parity reference value,,n/a:structural (route-A:tests exercises the reader),no
literal,src/composing/analysis/joint/jointprimitives.cpp,334,7,ESTABLISHED,structural/theory constant or byte-established probe_decoder-parity reference value,,n/a:structural (route-A:tests exercises the reader),no
literal,src/composing/analysis/joint/jointprimitives.cpp,335,5,ESTABLISHED,structural/theory constant or byte-established probe_decoder-parity reference value,,n/a:structural (route-A:tests exercises the reader),no
literal,src/composing/analysis/joint/jointprimitives.cpp,336,6,ESTABLISHED,structural/theory constant or byte-established probe_decoder-parity reference value,,n/a:structural (route-A:tests exercises the reader),no
literal,src/composing/analysis/joint/jointprimitives.cpp,337,3,ESTABLISHED,structural/theory constant or byte-established probe_decoder-parity reference value,,n/a:structural (route-A:tests exercises the reader),no
literal,src/composing/analysis/joint/jointprimitives.cpp,340,7,ESTABLISHED,structural/theory constant or byte-established probe_decoder-parity reference value,,n/a:structural (route-A:tests exercises the reader),no
literal,src/composing/analysis/joint/jointprimitives.cpp,348,3,ESTABLISHED,structural/theory constant or byte-established probe_decoder-parity reference value,,n/a:structural (route-A:tests exercises the reader),no
literal,src/composing/analysis/joint/jointprimitives.cpp,382,3,ESTABLISHED,structural/theory constant or byte-established probe_decoder-parity reference value,,n/a:structural (route-A:tests exercises the reader),no
literal,src/composing/analysis/joint/jointprimitives.cpp,383,2,ESTABLISHED,structural/theory constant or byte-established probe_decoder-parity reference value,,n/a:structural (route-A:tests exercises the reader),no
literal,src/composing/analysis/joint/jointprimitives.cpp,397,5,ESTABLISHED,structural/theory constant or byte-established probe_decoder-parity reference value,,n/a:structural (route-A:tests exercises the reader),no
literal,src/composing/analysis/joint/jointprimitives.cpp,424,7,ESTABLISHED,structural/theory constant or byte-established probe_decoder-parity reference value,,n/a:structural (route-A:tests exercises the reader),no
literal,src/composing/analysis/joint/jointprimitives.cpp,435,9,ESTABLISHED,structural/theory constant or byte-established probe_decoder-parity reference value,,n/a:structural (route-A:tests exercises the reader),no
literal,src/composing/analysis/joint/jointprimitives.cpp,436,11,ESTABLISHED,structural/theory constant or byte-established probe_decoder-parity reference value,,n/a:structural (route-A:tests exercises the reader),no
literal,src/composing/analysis/joint/jointprimitives.cpp,444,5,ESTABLISHED,structural/theory constant or byte-established probe_decoder-parity reference value,,n/a:structural (route-A:tests exercises the reader),no
literal,src/composing/analysis/joint/jointprimitives.cpp,449,4,ESTABLISHED,structural/theory constant or byte-established probe_decoder-parity reference value,,n/a:structural (route-A:tests exercises the reader),no
literal,src/composing/analysis/joint/jointprimitives.cpp,449,2,ESTABLISHED,structural/theory constant or byte-established probe_decoder-parity reference value,,n/a:structural (route-A:tests exercises the reader),no
literal,src/composing/analysis/joint/jointprimitives.cpp,452,3,ESTABLISHED,structural/theory constant or byte-established probe_decoder-parity reference value,,n/a:structural (route-A:tests exercises the reader),no
literal,src/composing/analysis/joint/jointprimitives.cpp,455,5,ESTABLISHED,structural/theory constant or byte-established probe_decoder-parity reference value,,n/a:structural (route-A:tests exercises the reader),no
literal,src/composing/analysis/joint/jointprimitives.cpp,458,4,ESTABLISHED,structural/theory constant or byte-established probe_decoder-parity reference value,,n/a:structural (route-A:tests exercises the reader),no
literal,src/composing/analysis/joint/jointprimitives.cpp,496,3,ESTABLISHED,structural/theory constant or byte-established probe_decoder-parity reference value,,n/a:structural (route-A:tests exercises the reader),no
literal,src/composing/analysis/joint/jointprimitives.cpp,502,12,ESTABLISHED,structural/theory constant or byte-established probe_decoder-parity reference value,,n/a:structural (route-A:tests exercises the reader),no
literal,src/composing/analysis/joint/jointprimitives.cpp,503,6,ESTABLISHED,structural/theory constant or byte-established probe_decoder-parity reference value,,n/a:structural (route-A:tests exercises the reader),no
literal,src/composing/analysis/joint/jointprimitives.cpp,503,12,ESTABLISHED,structural/theory constant or byte-established probe_decoder-parity reference value,,n/a:structural (route-A:tests exercises the reader),no
literal,src/composing/analysis/joint/jointprimitives.cpp,508,7,ESTABLISHED,structural/theory constant or byte-established probe_decoder-parity reference value,,n/a:structural (route-A:tests exercises the reader),no
literal,src/composing/analysis/joint/jointprimitives.cpp,508,12,ESTABLISHED,structural/theory constant or byte-established probe_decoder-parity reference value,,n/a:structural (route-A:tests exercises the reader),no
literal,src/composing/analysis/joint/jointprimitives.cpp,509,7,ESTABLISHED,structural/theory constant or byte-established probe_decoder-parity reference value,,n/a:structural (route-A:tests exercises the reader),no
literal,src/composing/analysis/joint/jointprimitives.cpp,509,12,ESTABLISHED,structural/theory constant or byte-established probe_decoder-parity reference value,,n/a:structural (route-A:tests exercises the reader),no
literal,src/composing/analysis/joint/jointprimitives.cpp,511,12,ESTABLISHED,structural/theory constant or byte-established probe_decoder-parity reference value,,n/a:structural (route-A:tests exercises the reader),no
literal,src/composing/analysis/joint/jointprimitives.cpp,519,9,ESTABLISHED,structural/theory constant or byte-established probe_decoder-parity reference value,,n/a:structural (route-A:tests exercises the reader),no
literal,src/composing/analysis/joint/jointprimitives.cpp,522,3,ESTABLISHED,structural/theory constant or byte-established probe_decoder-parity reference value,,n/a:structural (route-A:tests exercises the reader),no
literal,src/composing/analysis/joint/jointprimitives.h,68,0.0,ESTABLISHED,structural/theory constant or byte-established probe_decoder-parity reference value,,n/a:structural (route-A:tests exercises the reader),no
literal,src/composing/analysis/joint/jointprimitives.h,68,0.0,ESTABLISHED,structural/theory constant or byte-established probe_decoder-parity reference value,,n/a:structural (route-A:tests exercises the reader),no
literal,src/composing/analysis/joint/jointtables.h,72,0.0,ESTABLISHED,structural/theory constant or byte-established probe_decoder-parity reference value,,n/a:structural (route-A:tests exercises the reader),no
literal,src/composing/analysis/joint/jointweights.cpp,30,13,ESTABLISHED,structural/theory constant or byte-established probe_decoder-parity reference value,,n/a:structural (route-A:tests exercises the reader),no
literal,src/composing/analysis/joint/jointweights.cpp,36,9,ESTABLISHED,structural/theory constant or byte-established probe_decoder-parity reference value,,n/a:structural (route-A:tests exercises the reader),no
literal,src/composing/analysis/joint/jointweights.cpp,44,0.0,ESTABLISHED,structural/theory constant or byte-established probe_decoder-parity reference value,,n/a:structural (route-A:tests exercises the reader),no
literal,src/composing/analysis/joint/jointweights.cpp,51,1.0,ESTABLISHED,structural/theory constant or byte-established probe_decoder-parity reference value,,n/a:structural (route-A:tests exercises the reader),no
literal,src/composing/analysis/joint/jointweights.cpp,58,0.0,ESTABLISHED,structural/theory constant or byte-established probe_decoder-parity reference value,,n/a:structural (route-A:tests exercises the reader),no
literal,src/composing/analysis/joint/jointweights.h,43,13,ESTABLISHED,structural/theory constant or byte-established probe_decoder-parity reference value,,n/a:structural (route-A:tests exercises the reader),no
literal,src/composing/analysis/joint/jointweights.h,45,9,ESTABLISHED,structural/theory constant or byte-established probe_decoder-parity reference value,,n/a:structural (route-A:tests exercises the reader),no
literal,src/composing/analysis/joint/labelclass.cpp,30,8,ESTABLISHED,structural/theory constant or byte-established probe_decoder-parity reference value,,n/a:structural (route-A:tests exercises the reader),no
literal,src/composing/analysis/joint/labelclass.cpp,82,4,ESTABLISHED,structural/theory constant or byte-established probe_decoder-parity reference value,,n/a:structural (route-A:tests exercises the reader),no
literal,src/composing/analysis/joint/labelclass.cpp,85,4,ESTABLISHED,structural/theory constant or byte-established probe_decoder-parity reference value,,n/a:structural (route-A:tests exercises the reader),no
literal,src/composing/analysis/joint/labelclass.cpp,95,2,ESTABLISHED,structural/theory constant or byte-established probe_decoder-parity reference value,,n/a:structural (route-A:tests exercises the reader),no
literal,src/composing/analysis/joint/labelclass.cpp,95,3,ESTABLISHED,structural/theory constant or byte-established probe_decoder-parity reference value,,n/a:structural (route-A:tests exercises the reader),no
crosslayer,src/composing/analysis/joint/jointadapter.cpp,23,jointadapter.h,FORWARD-OK,forward cross-layer include (joint -> L1 note_model / engraving score model / muse framework),,n/a:structural (route-A:tests exercises the reader),no
crosslayer,src/composing/analysis/joint/jointadapter.cpp,31,jointembeddedartifacts.h,FORWARD-OK,forward cross-layer include (joint -> L1 note_model / engraving score model / muse framework),,n/a:structural (route-A:tests exercises the reader),no
crosslayer,src/composing/analysis/joint/jointadapter.cpp,32,serialization/json.h,FORWARD-OK,forward cross-layer include (joint -> L1 note_model / engraving score model / muse framework),,n/a:structural (route-A:tests exercises the reader),no
crosslayer,src/composing/analysis/joint/jointadapter.cpp,33,types/bytearray.h,FORWARD-OK,forward cross-layer include (joint -> L1 note_model / engraving score model / muse framework),,n/a:structural (route-A:tests exercises the reader),no
crosslayer,src/composing/analysis/joint/jointadapter.h,32,jointprimitives.h,FORWARD-OK,forward cross-layer include (joint -> L1 note_model / engraving score model / muse framework),,n/a:structural (route-A:tests exercises the reader),no
crosslayer,src/composing/analysis/joint/jointadapter.h,33,jointtables.h,FORWARD-OK,forward cross-layer include (joint -> L1 note_model / engraving score model / muse framework),,n/a:structural (route-A:tests exercises the reader),no
crosslayer,src/composing/analysis/joint/jointadapter.h,34,jointweights.h,FORWARD-OK,forward cross-layer include (joint -> L1 note_model / engraving score model / muse framework),,n/a:structural (route-A:tests exercises the reader),no
crosslayer,src/composing/analysis/joint/jointdecoder.cpp,23,jointdecoder.h,FORWARD-OK,forward cross-layer include (joint -> L1 note_model / engraving score model / muse framework),,route-A:tests,no
crosslayer,src/composing/analysis/joint/jointdecoder.cpp,33,serialization/json.h,FORWARD-OK,forward cross-layer include (joint -> L1 note_model / engraving score model / muse framework),,route-A:tests,no
crosslayer,src/composing/analysis/joint/jointdecoder.cpp,34,types/bytearray.h,FORWARD-OK,forward cross-layer include (joint -> L1 note_model / engraving score model / muse framework),,route-A:tests,no
crosslayer,src/composing/analysis/joint/jointdecoder.h,33,jointadapter.h,FORWARD-OK,forward cross-layer include (joint -> L1 note_model / engraving score model / muse framework),,n/a:structural (route-A:tests exercises the reader),no
crosslayer,src/composing/analysis/joint/jointdecoder.h,34,jointprimitives.h,FORWARD-OK,forward cross-layer include (joint -> L1 note_model / engraving score model / muse framework),,n/a:structural (route-A:tests exercises the reader),no
crosslayer,src/composing/analysis/joint/jointdecoder.h,35,jointtables.h,FORWARD-OK,forward cross-layer include (joint -> L1 note_model / engraving score model / muse framework),,n/a:structural (route-A:tests exercises the reader),no
crosslayer,src/composing/analysis/joint/jointfactadapter.cpp,23,jointfactadapter.h,FORWARD-OK,forward cross-layer include (joint -> L1 note_model / engraving score model / muse framework),,fact-adapter (buildAdapterFacts; not a decode branch),no
crosslayer,src/composing/analysis/joint/jointfactadapter.cpp,34,composing/analysis/notemodel/note_model.h,FORWARD-OK,forward cross-layer include (joint -> L1 note_model / engraving score model / muse framework),,fact-adapter (buildAdapterFacts; not a decode branch),no
crosslayer,src/composing/analysis/joint/jointfactadapter.cpp,37,engraving/dom/measure.h,FORWARD-OK,forward cross-layer include (joint -> L1 note_model / engraving score model / muse framework),,fact-adapter (buildAdapterFacts; not a decode branch),no
crosslayer,src/composing/analysis/joint/jointfactadapter.cpp,38,engraving/dom/part.h,FORWARD-OK,forward cross-layer include (joint -> L1 note_model / engraving score model / muse framework),,fact-adapter (buildAdapterFacts; not a decode branch),no
crosslayer,src/composing/analysis/joint/jointfactadapter.cpp,39,engraving/dom/score.h,FORWARD-OK,forward cross-layer include (joint -> L1 note_model / engraving score model / muse framework),,fact-adapter (buildAdapterFacts; not a decode branch),no
crosslayer,src/composing/analysis/joint/jointfactadapter.cpp,40,engraving/dom/staff.h,FORWARD-OK,forward cross-layer include (joint -> L1 note_model / engraving score model / muse framework),,fact-adapter (buildAdapterFacts; not a decode branch),no
crosslayer,src/composing/analysis/joint/jointfactadapter.cpp,41,engraving/types/fraction.h,FORWARD-OK,forward cross-layer include (joint -> L1 note_model / engraving score model / muse framework),,fact-adapter (buildAdapterFacts; not a decode branch),no
crosslayer,src/composing/analysis/joint/jointfactadapter.cpp,42,engraving/dom/pitchspelling.h,FORWARD-OK,forward cross-layer include (joint -> L1 note_model / engraving score model / muse framework),,fact-adapter (buildAdapterFacts; not a decode branch),no
crosslayer,src/composing/analysis/joint/jointfactadapter.cpp,43,engraving/types/types.h,FORWARD-OK,forward cross-layer include (joint -> L1 note_model / engraving score model / muse framework),,fact-adapter (buildAdapterFacts; not a decode branch),no
crosslayer,src/composing/analysis/joint/jointfactadapter.h,31,jointdecoder.h,FORWARD-OK,forward cross-layer include (joint -> L1 note_model / engraving score model / muse framework),,n/a:structural (route-A:tests exercises the reader),no
crosslayer,src/composing/analysis/joint/jointnotationproducer.cpp,23,jointnotationproducer.h,FORWARD-OK,forward cross-layer include (joint -> L1 note_model / engraving score model / muse framework),,record-assembly,no
crosslayer,src/composing/analysis/joint/jointnotationproducer.cpp,25,jointfactadapter.h,FORWARD-OK,forward cross-layer include (joint -> L1 note_model / engraving score model / muse framework),,record-assembly,no
crosslayer,src/composing/analysis/joint/jointnotationproducer.cpp,26,jointweights.h,FORWARD-OK,forward cross-layer include (joint -> L1 note_model / engraving score model / muse framework),,record-assembly,no
crosslayer,src/composing/analysis/joint/jointnotationproducer.h,31,jointnotationrecord.h,FORWARD-OK,forward cross-layer include (joint -> L1 note_model / engraving score model / muse framework),,n/a:structural (route-A:tests exercises the reader),no
crosslayer,src/composing/analysis/joint/jointnotationrecord.cpp,23,jointnotationrecord.h,FORWARD-OK,forward cross-layer include (joint -> L1 note_model / engraving score model / muse framework),,record-assembly,no
crosslayer,src/composing/analysis/joint/jointnotationrecord.cpp,28,jointembeddedartifacts.h,FORWARD-OK,forward cross-layer include (joint -> L1 note_model / engraving score model / muse framework),,record-assembly,no
crosslayer,src/composing/analysis/joint/jointnotationrecord.cpp,29,jointrender.h,FORWARD-OK,forward cross-layer include (joint -> L1 note_model / engraving score model / muse framework),,record-assembly,no
crosslayer,src/composing/analysis/joint/jointnotationrecord.h,30,jointadapter.h,FORWARD-OK,forward cross-layer include (joint -> L1 note_model / engraving score model / muse framework),,n/a:structural (route-A:tests exercises the reader),no
crosslayer,src/composing/analysis/joint/jointnotationrecord.h,31,jointdecoder.h,FORWARD-OK,forward cross-layer include (joint -> L1 note_model / engraving score model / muse framework),,n/a:structural (route-A:tests exercises the reader),no
crosslayer,src/composing/analysis/joint/jointnotationrecord.h,32,jointprimitives.h,FORWARD-OK,forward cross-layer include (joint -> L1 note_model / engraving score model / muse framework),,n/a:structural (route-A:tests exercises the reader),no
crosslayer,src/composing/analysis/joint/jointprimitives.cpp,23,jointprimitives.h,FORWARD-OK,forward cross-layer include (joint -> L1 note_model / engraving score model / muse framework),,n/a:structural (route-A:tests exercises the reader),no
crosslayer,src/composing/analysis/joint/jointprimitives.cpp,31,composing/analysis/chord/analysisutils.h,BACK-EDGE-NOTE,"joint -> chord/analysisutils.h for normalizePc — sanctioned dependency-free pc leaf (OI-93/OI-86 sibling); a layering smell, not a heavy coupling",back-edge,n/a:structural (route-A:tests exercises the reader),no
crosslayer,src/composing/analysis/joint/jointprimitives.h,33,labelclass.h,FORWARD-OK,forward cross-layer include (joint -> L1 note_model / engraving score model / muse framework),,n/a:structural (route-A:tests exercises the reader),no
crosslayer,src/composing/analysis/joint/jointrender.cpp,23,jointrender.h,FORWARD-OK,forward cross-layer include (joint -> L1 note_model / engraving score model / muse framework),,record-assembly,no
crosslayer,src/composing/analysis/joint/jointrender.cpp,29,jointprimitives.h,FORWARD-OK,forward cross-layer include (joint -> L1 note_model / engraving score model / muse framework),,record-assembly,no
crosslayer,src/composing/analysis/joint/jointrender.h,29,labelclass.h,FORWARD-OK,forward cross-layer include (joint -> L1 note_model / engraving score model / muse framework),,n/a:structural (route-A:tests exercises the reader),no
crosslayer,src/composing/analysis/joint/jointtables.cpp,23,jointtables.h,FORWARD-OK,forward cross-layer include (joint -> L1 note_model / engraving score model / muse framework),,n/a:structural (route-A:tests exercises the reader),no
crosslayer,src/composing/analysis/joint/jointtables.cpp,30,jointembeddedartifacts.h,FORWARD-OK,forward cross-layer include (joint -> L1 note_model / engraving score model / muse framework),,n/a:structural (route-A:tests exercises the reader),no
crosslayer,src/composing/analysis/joint/jointtables.cpp,31,serialization/json.h,FORWARD-OK,forward cross-layer include (joint -> L1 note_model / engraving score model / muse framework),,n/a:structural (route-A:tests exercises the reader),no
crosslayer,src/composing/analysis/joint/jointtables.cpp,32,types/bytearray.h,FORWARD-OK,forward cross-layer include (joint -> L1 note_model / engraving score model / muse framework),,n/a:structural (route-A:tests exercises the reader),no
crosslayer,src/composing/analysis/joint/jointweights.cpp,23,jointweights.h,FORWARD-OK,forward cross-layer include (joint -> L1 note_model / engraving score model / muse framework),,n/a:structural (route-A:tests exercises the reader),no
crosslayer,src/composing/analysis/joint/jointweights.cpp,25,jointembeddedartifacts.h,FORWARD-OK,forward cross-layer include (joint -> L1 note_model / engraving score model / muse framework),,n/a:structural (route-A:tests exercises the reader),no
crosslayer,src/composing/analysis/joint/jointweights.cpp,26,serialization/json.h,FORWARD-OK,forward cross-layer include (joint -> L1 note_model / engraving score model / muse framework),,n/a:structural (route-A:tests exercises the reader),no
crosslayer,src/composing/analysis/joint/jointweights.cpp,27,types/bytearray.h,FORWARD-OK,forward cross-layer include (joint -> L1 note_model / engraving score model / muse framework),,n/a:structural (route-A:tests exercises the reader),no
crosslayer,src/composing/analysis/joint/labelclass.cpp,23,labelclass.h,FORWARD-OK,forward cross-layer include (joint -> L1 note_model / engraving score model / muse framework),,n/a:structural (route-A:tests exercises the reader),no
field,src/composing/analysis/joint/jointdecoder.h,50,beat,SURVIVES,internal decode/table/value-type state of the surviving module,,n/a:structural (route-A:tests exercises the reader),no
field,src/composing/analysis/joint/jointdecoder.h,55,start,SURVIVES,internal decode/table/value-type state of the surviving module,,n/a:structural (route-A:tests exercises the reader),no
field,src/composing/analysis/joint/jointdecoder.h,56,beat,SURVIVES,internal decode/table/value-type state of the surviving module,,n/a:structural (route-A:tests exercises the reader),no
field,src/composing/analysis/joint/jointdecoder.h,61,stem,SURVIVES,internal decode/table/value-type state of the surviving module,,n/a:structural (route-A:tests exercises the reader),no
field,src/composing/analysis/joint/jointdecoder.h,62,events,SURVIVES,internal decode/table/value-type state of the surviving module,,n/a:structural (route-A:tests exercises the reader),no
field,src/composing/analysis/joint/jointdecoder.h,63,notes,SURVIVES,internal decode/table/value-type state of the surviving module,,n/a:structural (route-A:tests exercises the reader),no
field,src/composing/analysis/joint/jointdecoder.h,64,nQuarter,SURVIVES,internal decode/table/value-type state of the surviving module,,n/a:structural (route-A:tests exercises the reader),no
field,src/composing/analysis/joint/jointdecoder.h,67,notesByEvent,SURVIVES,internal decode/table/value-type state of the surviving module,,n/a:structural (route-A:tests exercises the reader),no
field,src/composing/analysis/joint/jointdecoder.h,68,evBass,SURVIVES,internal decode/table/value-type state of the surviving module,,n/a:structural (route-A:tests exercises the reader),no
field,src/composing/analysis/joint/jointdecoder.h,69,evOnsetPcs,SURVIVES,internal decode/table/value-type state of the surviving module,,n/a:structural (route-A:tests exercises the reader),no
field,src/composing/analysis/joint/jointdecoder.h,70,evFermCtx,SURVIVES,internal decode/table/value-type state of the surviving module,,n/a:structural (route-A:tests exercises the reader),no
field,src/composing/analysis/joint/jointdecoder.h,71,liveNotes,SURVIVES,internal decode/table/value-type state of the surviving module,,n/a:structural (route-A:tests exercises the reader),no
field,src/composing/analysis/joint/jointdecoder.h,80,mem,SURVIVES,internal decode/table/value-type state of the surviving module,,n/a:structural (route-A:tests exercises the reader),no
field,src/composing/analysis/joint/jointdecoder.h,81,fac,SURVIVES,internal decode/table/value-type state of the surviving module,,n/a:structural (route-A:tests exercises the reader),no
field,src/composing/analysis/joint/jointdecoder.h,82,root,SURVIVES,internal decode/table/value-type state of the surviving module,,n/a:structural (route-A:tests exercises the reader),no
field,src/composing/analysis/joint/jointdecoder.h,112,i,PUBLISHED,"derived fact on the module OUTPUT surface (notation record / decode output), consumed by a reader",,n/a:structural (route-A:tests exercises the reader),no
field,src/composing/analysis/joint/jointdecoder.h,113,isMajor,PUBLISHED,"derived fact on the module OUTPUT surface (notation record / decode output), consumed by a reader",,n/a:structural (route-A:tests exercises the reader),no
field,src/composing/analysis/joint/jointdecoder.h,114,classKey,PUBLISHED,"derived fact on the module OUTPUT surface (notation record / decode output), consumed by a reader",,n/a:structural (route-A:tests exercises the reader),no
field,src/composing/analysis/joint/jointdecoder.h,115,rootPc,PUBLISHED,"derived fact on the module OUTPUT surface (notation record / decode output), consumed by a reader",,n/a:structural (route-A:tests exercises the reader),no
field,src/composing/analysis/joint/jointdecoder.h,116,target,PUBLISHED,"derived fact on the module OUTPUT surface (notation record / decode output), consumed by a reader",,n/a:structural (route-A:tests exercises the reader),no
field,src/composing/analysis/joint/jointdecoder.h,120,stem,PUBLISHED,"derived fact on the module OUTPUT surface (notation record / decode output), consumed by a reader",,n/a:structural (route-A:tests exercises the reader),no
field,src/composing/analysis/joint/jointdecoder.h,121,segments,PUBLISHED,"derived fact on the module OUTPUT surface (notation record / decode output), consumed by a reader",,n/a:structural (route-A:tests exercises the reader),no
field,src/composing/analysis/joint/jointdecoder.h,122,totalScore,PUBLISHED,"derived fact on the module OUTPUT surface (notation record / decode output), consumed by a reader",,n/a:structural (route-A:tests exercises the reader),no
field,src/composing/analysis/joint/jointdecoder.h,123,nEvents,PUBLISHED,"derived fact on the module OUTPUT surface (notation record / decode output), consumed by a reader",,n/a:structural (route-A:tests exercises the reader),no
field,src/composing/analysis/joint/jointdecoder.h,124,complete,PUBLISHED,"derived fact on the module OUTPUT surface (notation record / decode output), consumed by a reader",,n/a:structural (route-A:tests exercises the reader),no
field,src/composing/analysis/joint/jointdecoder.h,139,labels,PUBLISHED,"derived fact on the module OUTPUT surface (notation record / decode output), consumed by a reader",,n/a:structural (route-A:tests exercises the reader),no
field,src/composing/analysis/joint/jointdecoder.h,140,scores,PUBLISHED,"derived fact on the module OUTPUT surface (notation record / decode output), consumed by a reader",,n/a:structural (route-A:tests exercises the reader),no
field,src/composing/analysis/joint/jointdecoder.h,141,committed,PUBLISHED,"derived fact on the module OUTPUT surface (notation record / decode output), consumed by a reader",,n/a:structural (route-A:tests exercises the reader),no
field,src/composing/analysis/joint/jointdecoder.h,144,keyAxis,PUBLISHED,"derived fact on the module OUTPUT surface (notation record / decode output), consumed by a reader",,n/a:structural (route-A:tests exercises the reader),no
field,src/composing/analysis/joint/jointdecoder.h,145,chordAxis,PUBLISHED,"derived fact on the module OUTPUT surface (notation record / decode output), consumed by a reader",,n/a:structural (route-A:tests exercises the reader),no
field,src/composing/analysis/joint/jointdecoder.h,170,ok,SURVIVES,internal decode/table/value-type state of the surviving module,,n/a:structural (route-A:tests exercises the reader),no
field,src/composing/analysis/joint/jointdecoder.h,171,error,SURVIVES,internal decode/table/value-type state of the surviving module,,n/a:structural (route-A:tests exercises the reader),no
field,src/composing/analysis/joint/jointdecoder.h,172,ticksPerQuarter,SURVIVES,internal decode/table/value-type state of the surviving module,,n/a:structural (route-A:tests exercises the reader),no
field,src/composing/analysis/joint/jointdecoder.h,173,pieces,SURVIVES,internal decode/table/value-type state of the surviving module,,n/a:structural (route-A:tests exercises the reader),no
field,src/composing/analysis/joint/jointfactadapter.h,73,ok,SURVIVES,internal decode/table/value-type state of the surviving module,,n/a:structural (route-A:tests exercises the reader),no
field,src/composing/analysis/joint/jointfactadapter.h,74,error,SURVIVES,internal decode/table/value-type state of the surviving module,,n/a:structural (route-A:tests exercises the reader),no
field,src/composing/analysis/joint/jointfactadapter.h,76,piece,SURVIVES,internal decode/table/value-type state of the surviving module,,n/a:structural (route-A:tests exercises the reader),no
field,src/composing/analysis/joint/jointfactadapter.h,77,meterBeats,SURVIVES,internal decode/table/value-type state of the surviving module,,n/a:structural (route-A:tests exercises the reader),no
field,src/composing/analysis/joint/jointfactadapter.h,78,meterBeatType,SURVIVES,internal decode/table/value-type state of the surviving module,,n/a:structural (route-A:tests exercises the reader),no
field,src/composing/analysis/joint/jointfactadapter.h,79,multiMeter,SURVIVES,internal decode/table/value-type state of the surviving module,,n/a:structural (route-A:tests exercises the reader),no
field,src/composing/analysis/joint/jointfactadapter.h,81,sigFifths,SURVIVES,internal decode/table/value-type state of the surviving module,,n/a:structural (route-A:tests exercises the reader),no
field,src/composing/analysis/joint/jointfactadapter.h,82,declaredMode,SURVIVES,internal decode/table/value-type state of the surviving module,,n/a:structural (route-A:tests exercises the reader),no
field,src/composing/analysis/joint/jointnotationproducer.h,56,ok,PUBLISHED,"derived fact on the module OUTPUT surface (notation record / decode output), consumed by a reader",,n/a:structural (route-A:tests exercises the reader),no
field,src/composing/analysis/joint/jointnotationproducer.h,57,error,PUBLISHED,"derived fact on the module OUTPUT surface (notation record / decode output), consumed by a reader",,n/a:structural (route-A:tests exercises the reader),no
field,src/composing/analysis/joint/jointnotationproducer.h,58,record,PUBLISHED,"derived fact on the module OUTPUT surface (notation record / decode output), consumed by a reader",,n/a:structural (route-A:tests exercises the reader),no
field,src/composing/analysis/joint/jointnotationproducer.h,96,found,PUBLISHED,"derived fact on the module OUTPUT surface (notation record / decode output), consumed by a reader",,n/a:structural (route-A:tests exercises the reader),no
field,src/composing/analysis/joint/jointnotationproducer.h,97,segmentIndex,PUBLISHED,"derived fact on the module OUTPUT surface (notation record / decode output), consumed by a reader",,n/a:structural (route-A:tests exercises the reader),no
field,src/composing/analysis/joint/jointnotationproducer.h,98,segment,PUBLISHED,"derived fact on the module OUTPUT surface (notation record / decode output), consumed by a reader",,n/a:structural (route-A:tests exercises the reader),no
field,src/composing/analysis/joint/jointnotationproducer.h,99,slice,PUBLISHED,"derived fact on the module OUTPUT surface (notation record / decode output), consumed by a reader",,n/a:structural (route-A:tests exercises the reader),no
field,src/composing/analysis/joint/jointnotationrecord.h,59,tableArtifacts,PUBLISHED,"derived fact on the module OUTPUT surface (notation record / decode output), consumed by a reader",,n/a:structural (route-A:tests exercises the reader),no
field,src/composing/analysis/joint/jointnotationrecord.h,60,weightVectorIdentity,PUBLISHED,"derived fact on the module OUTPUT surface (notation record / decode output), consumed by a reader",,n/a:structural (route-A:tests exercises the reader),no
field,src/composing/analysis/joint/jointnotationrecord.h,61,decoderVersion,PUBLISHED,"derived fact on the module OUTPUT surface (notation record / decode output), consumed by a reader",,n/a:structural (route-A:tests exercises the reader),no
field,src/composing/analysis/joint/jointnotationrecord.h,62,corpusGitHash,PUBLISHED,"derived fact on the module OUTPUT surface (notation record / decode output), consumed by a reader",,n/a:structural (route-A:tests exercises the reader),no
field,src/composing/analysis/joint/jointnotationrecord.h,69,eventIndex,PUBLISHED,"derived fact on the module OUTPUT surface (notation record / decode output), consumed by a reader",,n/a:structural (route-A:tests exercises the reader),no
field,src/composing/analysis/joint/jointnotationrecord.h,70,bassPc,PUBLISHED,"derived fact on the module OUTPUT surface (notation record / decode output), consumed by a reader",,n/a:structural (route-A:tests exercises the reader),no
field,src/composing/analysis/joint/jointnotationrecord.h,71,role,PUBLISHED,"derived fact on the module OUTPUT surface (notation record / decode output), consumed by a reader",,n/a:structural (route-A:tests exercises the reader),no
field,src/composing/analysis/joint/jointnotationrecord.h,72,spellingLof,PUBLISHED,"derived fact on the module OUTPUT surface (notation record / decode output), consumed by a reader",,n/a:structural (route-A:tests exercises the reader),no
field,src/composing/analysis/joint/jointnotationrecord.h,80,startTick,PUBLISHED,"derived fact on the module OUTPUT surface (notation record / decode output), consumed by a reader",,n/a:structural (route-A:tests exercises the reader),no
field,src/composing/analysis/joint/jointnotationrecord.h,81,tonicPc,PUBLISHED,"derived fact on the module OUTPUT surface (notation record / decode output), consumed by a reader",,n/a:structural (route-A:tests exercises the reader),no
field,src/composing/analysis/joint/jointnotationrecord.h,82,isMajor,PUBLISHED,"derived fact on the module OUTPUT surface (notation record / decode output), consumed by a reader",,n/a:structural (route-A:tests exercises the reader),no
field,src/composing/analysis/joint/jointnotationrecord.h,83,key,PUBLISHED,"derived fact on the module OUTPUT surface (notation record / decode output), consumed by a reader",,n/a:structural (route-A:tests exercises the reader),no
field,src/composing/analysis/joint/jointnotationrecord.h,84,classKey,PUBLISHED,"derived fact on the module OUTPUT surface (notation record / decode output), consumed by a reader",,n/a:structural (route-A:tests exercises the reader),no
field,src/composing/analysis/joint/jointnotationrecord.h,85,target,PUBLISHED,"derived fact on the module OUTPUT surface (notation record / decode output), consumed by a reader",,n/a:structural (route-A:tests exercises the reader),no
field,src/composing/analysis/joint/jointnotationrecord.h,86,rootPc,PUBLISHED,"derived fact on the module OUTPUT surface (notation record / decode output), consumed by a reader",,n/a:structural (route-A:tests exercises the reader),no
field,src/composing/analysis/joint/jointnotationrecord.h,89,keySignatureFifths,PUBLISHED,"derived fact on the module OUTPUT surface (notation record / decode output), consumed by a reader",,n/a:structural (route-A:tests exercises the reader),no
field,src/composing/analysis/joint/jointnotationrecord.h,90,rootSpellingLof,PUBLISHED,"derived fact on the module OUTPUT surface (notation record / decode output), consumed by a reader",,n/a:structural (route-A:tests exercises the reader),no
field,src/composing/analysis/joint/jointnotationrecord.h,92,members,PUBLISHED,"derived fact on the module OUTPUT surface (notation record / decode output), consumed by a reader",,n/a:structural (route-A:tests exercises the reader),no
field,src/composing/analysis/joint/jointnotationrecord.h,94,memberPcs,PUBLISHED,"derived fact on the module OUTPUT surface (notation record / decode output), consumed by a reader",,n/a:structural (route-A:tests exercises the reader),no
field,src/composing/analysis/joint/jointnotationrecord.h,96,chordSymbol,PUBLISHED,"derived fact on the module OUTPUT surface (notation record / decode output), consumed by a reader",,n/a:structural (route-A:tests exercises the reader),no
field,src/composing/analysis/joint/jointnotationrecord.h,97,romanNumeral,PUBLISHED,"derived fact on the module OUTPUT surface (notation record / decode output), consumed by a reader",,n/a:structural (route-A:tests exercises the reader),no
field,src/composing/analysis/joint/jointnotationrecord.h,98,diatonicToKey,PUBLISHED,"derived fact on the module OUTPUT surface (notation record / decode output), consumed by a reader",,n/a:structural (route-A:tests exercises the reader),no
field,src/composing/analysis/joint/jointnotationrecord.h,99,bassPerEvent,PUBLISHED,"derived fact on the module OUTPUT surface (notation record / decode output), consumed by a reader",,n/a:structural (route-A:tests exercises the reader),no
field,src/composing/analysis/joint/jointnotationrecord.h,100,augSixthSubType,PUBLISHED,published on the §3 notation output surface but UNCONSUMED outside joint/ (declared dormancy — named future consumer: the presentation layer),published-unconsumed,n/a:structural (route-A:tests exercises the reader),no
field,src/composing/analysis/joint/jointnotationrecord.h,112,pcOffset,PUBLISHED,published on the §3 notation output surface but UNCONSUMED outside joint/ (declared dormancy — named future consumer: the presentation layer),published-unconsumed,n/a:structural (route-A:tests exercises the reader),no
field,src/composing/analysis/joint/jointnotationrecord.h,113,notatedLofOffset,PUBLISHED,published on the §3 notation output surface but UNCONSUMED outside joint/ (declared dormancy — named future consumer: the presentation layer),published-unconsumed,n/a:structural (route-A:tests exercises the reader),no
field,src/composing/analysis/joint/jointnotationrecord.h,115,durationTicks,PUBLISHED,published on the §3 notation output surface but UNCONSUMED outside joint/ (declared dormancy — named future consumer: the presentation layer),published-unconsumed,n/a:structural (route-A:tests exercises the reader),no
field,src/composing/analysis/joint/jointnotationrecord.h,116,onsetCount,PUBLISHED,published on the §3 notation output surface but UNCONSUMED outside joint/ (declared dormancy — named future consumer: the presentation layer),published-unconsumed,n/a:structural (route-A:tests exercises the reader),no
field,src/composing/analysis/joint/jointnotationrecord.h,120,degree,PUBLISHED,published on the §3 notation output surface but UNCONSUMED outside joint/ (declared dormancy — named future consumer: the presentation layer),published-unconsumed,n/a:structural (route-A:tests exercises the reader),no
field,src/composing/analysis/joint/jointnotationrecord.h,121,inflections,PUBLISHED,published on the §3 notation output surface but UNCONSUMED outside joint/ (declared dormancy — named future consumer: the presentation layer),published-unconsumed,n/a:structural (route-A:tests exercises the reader),no
field,src/composing/analysis/joint/jointnotationrecord.h,126,startTick,PUBLISHED,published on the §3 notation output surface but UNCONSUMED outside joint/ (declared dormancy — named future consumer: the presentation layer),published-unconsumed,n/a:structural (route-A:tests exercises the reader),no
field,src/composing/analysis/joint/jointnotationrecord.h,127,tonicPc,PUBLISHED,published on the §3 notation output surface but UNCONSUMED outside joint/ (declared dormancy — named future consumer: the presentation layer),published-unconsumed,n/a:structural (route-A:tests exercises the reader),no
field,src/composing/analysis/joint/jointnotationrecord.h,128,isMajor,PUBLISHED,published on the §3 notation output surface but UNCONSUMED outside joint/ (declared dormancy — named future consumer: the presentation layer),published-unconsumed,n/a:structural (route-A:tests exercises the reader),no
field,src/composing/analysis/joint/jointnotationrecord.h,129,degrees,PUBLISHED,published on the §3 notation output surface but UNCONSUMED outside joint/ (declared dormancy — named future consumer: the presentation layer),published-unconsumed,n/a:structural (route-A:tests exercises the reader),no
field,src/composing/analysis/joint/jointnotationrecord.h,134,stem,PUBLISHED,"derived fact on the module OUTPUT surface (notation record / decode output), consumed by a reader",,n/a:structural (route-A:tests exercises the reader),no
field,src/composing/analysis/joint/jointnotationrecord.h,137,spanStartTick,PUBLISHED,"derived fact on the module OUTPUT surface (notation record / decode output), consumed by a reader",,n/a:structural (route-A:tests exercises the reader),no
field,src/composing/analysis/joint/jointnotationrecord.h,138,sigFifths,PUBLISHED,"derived fact on the module OUTPUT surface (notation record / decode output), consumed by a reader",,n/a:structural (route-A:tests exercises the reader),no
field,src/composing/analysis/joint/jointnotationrecord.h,139,declaredMode,PUBLISHED,"derived fact on the module OUTPUT surface (notation record / decode output), consumed by a reader",,n/a:structural (route-A:tests exercises the reader),no
field,src/composing/analysis/joint/jointnotationrecord.h,143,provenance,PUBLISHED,"derived fact on the module OUTPUT surface (notation record / decode output), consumed by a reader",,n/a:structural (route-A:tests exercises the reader),no
field,src/composing/analysis/joint/jointnotationrecord.h,146,segments,PUBLISHED,"derived fact on the module OUTPUT surface (notation record / decode output), consumed by a reader",,n/a:structural (route-A:tests exercises the reader),no
field,src/composing/analysis/joint/jointnotationrecord.h,149,slices,PUBLISHED,"derived fact on the module OUTPUT surface (notation record / decode output), consumed by a reader",,n/a:structural (route-A:tests exercises the reader),no
field,src/composing/analysis/joint/jointnotationrecord.h,152,modalReading,PUBLISHED,"derived fact on the module OUTPUT surface (notation record / decode output), consumed by a reader",,n/a:structural (route-A:tests exercises the reader),no
field,src/composing/analysis/joint/jointprimitives.h,84,role,SURVIVES,internal decode/table/value-type state of the surviving module,,n/a:structural (route-A:tests exercises the reader),no
field,src/composing/analysis/joint/jointprimitives.h,85,pc,SURVIVES,internal decode/table/value-type state of the surviving module,,n/a:structural (route-A:tests exercises the reader),no
field,src/composing/analysis/joint/jointprimitives.h,92,valid,SURVIVES,internal decode/table/value-type state of the surviving module,,n/a:structural (route-A:tests exercises the reader),no
field,src/composing/analysis/joint/jointprimitives.h,93,fwTonic,SURVIVES,internal decode/table/value-type state of the surviving module,,n/a:structural (route-A:tests exercises the reader),no
field,src/composing/analysis/joint/jointprimitives.h,94,fwMajor,SURVIVES,internal decode/table/value-type state of the surviving module,,n/a:structural (route-A:tests exercises the reader),no
field,src/composing/analysis/joint/jointprimitives.h,95,hasRoot,SURVIVES,internal decode/table/value-type state of the surviving module,,n/a:structural (route-A:tests exercises the reader),no
field,src/composing/analysis/joint/jointprimitives.h,96,root,SURVIVES,internal decode/table/value-type state of the surviving module,,n/a:structural (route-A:tests exercises the reader),no
field,src/composing/analysis/joint/jointprimitives.h,173,isClass,SURVIVES,internal decode/table/value-type state of the surviving module,,n/a:structural (route-A:tests exercises the reader),no
field,src/composing/analysis/joint/jointprimitives.h,174,cls,SURVIVES,internal decode/table/value-type state of the surviving module,,n/a:structural (route-A:tests exercises the reader),no
field,src/composing/analysis/joint/jointprimitives.h,175,str,SURVIVES,internal decode/table/value-type state of the surviving module,,n/a:structural (route-A:tests exercises the reader),no
field,src/composing/analysis/joint/jointtables.h,55,contextUsed,SURVIVES,internal decode/table/value-type state of the surviving module,,n/a:structural (route-A:tests exercises the reader),no
field,src/composing/analysis/joint/jointtables.h,56,dist,SURVIVES,internal decode/table/value-type state of the surviving module,,n/a:structural (route-A:tests exercises the reader),no
field,src/composing/analysis/joint/jointtables.h,63,rows,SURVIVES,internal decode/table/value-type state of the surviving module,,n/a:structural (route-A:tests exercises the reader),no
field,src/composing/analysis/joint/jointtables.h,64,levels,SURVIVES,internal decode/table/value-type state of the surviving module,,n/a:structural (route-A:tests exercises the reader),no
field,src/composing/analysis/joint/jointtables.h,70,present,SURVIVES,internal decode/table/value-type state of the surviving module,,n/a:structural (route-A:tests exercises the reader),no
field,src/composing/analysis/joint/jointtables.h,71,reliable,SURVIVES,internal decode/table/value-type state of the surviving module,,n/a:structural (route-A:tests exercises the reader),no
field,src/composing/analysis/joint/jointtables.h,72,prob,SURVIVES,internal decode/table/value-type state of the surviving module,,n/a:structural (route-A:tests exercises the reader),no
field,src/composing/analysis/joint/jointweights.h,49,w,SURVIVES,internal decode/table/value-type state of the surviving module,,n/a:structural (route-A:tests exercises the reader),no
