kind,file,ident,line,verdict_class,verdict,reason
file,src/composing/CMakeLists.txt,L3+,,SCOPE,L3+,build file — non-source
file,src/composing/analysis/CMakeLists.txt,L3+,,SCOPE,L3+,build file — non-source
file,src/composing/analysis/chord/analysisutils.h,L3+,,SCOPE,L3+,chord/decode layer (L4) — deferred to the L4 certification audit (chordslicedecoder is the L4 survivor; chordanalyzer.h types consumed cross-layer)
file,src/composing/analysis/chord/chordanalyzer.cpp,RETIRES,,SCOPE,RETIRES,R1 legacy chord competition + Gates A-L; R9 file-split — retires at E4 (roadmap R1/R9)
file,src/composing/analysis/chord/chordanalyzer.h,L3+,,SCOPE,L3+,chord/decode layer (L4) — deferred to the L4 certification audit (chordslicedecoder is the L4 survivor; chordanalyzer.h types consumed cross-layer)
file,src/composing/analysis/chord/chorddiagnose.cpp,L3+,,SCOPE,L3+,chord/decode layer (L4) — deferred to the L4 certification audit (chordslicedecoder is the L4 survivor; chordanalyzer.h types consumed cross-layer)
file,src/composing/analysis/chord/chordpostpasses.cpp,L3+,,SCOPE,L3+,chord/decode layer (L4) — deferred to the L4 certification audit (chordslicedecoder is the L4 survivor; chordanalyzer.h types consumed cross-layer)
file,src/composing/analysis/chord/chordslicedecoder.cpp,L3+,,SCOPE,L3+,chord/decode layer (L4) — deferred to the L4 certification audit (chordslicedecoder is the L4 survivor; chordanalyzer.h types consumed cross-layer)
file,src/composing/analysis/chord/chordslicedecoder.h,L3+,,SCOPE,L3+,chord/decode layer (L4) — deferred to the L4 certification audit (chordslicedecoder is the L4 survivor; chordanalyzer.h types consumed cross-layer)
file,src/composing/analysis/chord/chordsymbolformatter.cpp,L3+,,SCOPE,L3+,chord/decode layer (L4) — deferred to the L4 certification audit (chordslicedecoder is the L4 survivor; chordanalyzer.h types consumed cross-layer)
file,src/composing/analysis/chord/chordvoicing.cpp,L3+,,SCOPE,L3+,chord/decode layer (L4) — deferred to the L4 certification audit (chordslicedecoder is the L4 survivor; chordanalyzer.h types consumed cross-layer)
file,src/composing/analysis/chord/postscoringgates.cpp,RETIRES,,SCOPE,RETIRES,R1 legacy post-scoring Gates I/K/L — retires with the legacy competition at E4
file,src/composing/analysis/decode/chordpathdecoder.h,L3+,,SCOPE,L3+,L3 key-mode decoder scaffolding — deferred to the L3 audit
file,src/composing/analysis/engravingbridge/phraseboundaryview.cpp,L1,,CODE,SURVIVES,ASSUMES: peak = local max above mean+k*SD (THEORY: Simple-Picker); marker spikes strictly exceed max surface strength (by spikeCeilingFactor>1) | PUBLISHES: computePhraseBoundaryProfile/phraseBoundaryTicks + pure helpers (changeRatio/localChangeProfile/maxNormalizeInPlace/pickPeaks) | CONSUMERS: see phraseboundaryview.h (dormant) | EDGES: changeRatio 0 when a+b==0; maxNormalize no-op on non-positive max; empty profile safe
file,src/composing/analysis/engravingbridge/phraseboundaryview.h,L1,,CODE,SURVIVES,"ASSUMES: phrase ends are readable from the notated surface alone, key/chord/function-agnostic (THEORY: local-change surface cues; design cowork_phrase_boundary_design.md §4) — MUST be cadence-agnostic (cadence CONSUMES it — circularity guard) | PUBLISHES: PhraseBoundaryParams, VoiceBoundaryProfile, PhraseBoundaryProfile, phraseBoundaryTicks() | CONSUMERS: DORMANT/gated-off on production (joint-key re-key pass gated OFF; batch diagnostics) — becomes load-bearing at L5 engage | EDGES: null score → empty set; all-zero profile → no picks; one-sided change-ratio at ends"
file,src/composing/analysis/engravingbridge/regiontonecollector.cpp,L1,,CODE,SURVIVES,"ASSUMES: the 0.3 repetition boost, 1.5 cross-voice boost, and the >=3-pc dense-start look-ahead exclusion reproduce the legacy analysis weighting (ASSUMPTION: hand-set; kept byte-identical to legacy on purpose) | PUBLISHES: weightedPcView impl (the real derived view) | CONSUMERS: batch_analyze:2706, notation bridge collectRegionTones wrapper | EDGES: regionDuration<=0 guarded; durInRegion<=0 skipped; totalWeight==0 skipped; pedal pass only when pedals present"
file,src/composing/analysis/engravingbridge/regiontonecollector.h,L1,,CODE,SURVIVES-MIXED,"ASSUMES: eligibility = show && !drumset && !chordTrack (FACT: matches notation predicate); weightedPcView reproduces legacy collectRegionTones EXCEPT tie + no-cap corrections | PUBLISHES: staffIsEligible/isChordTrackStaff, soundingAt/collectSoundingAt/buildTones, weightedPcView/collectRegionTones | CONSUMERS: L2(via note_model eligibility), L4 chord scoring (weightedPcView/buildTones), notation bridge, batch | EDGES: see impl; excludeStaves/grace/non-playing filtered by passes()"
file,src/composing/analysis/engravingbridge/regiontoneprimitives.cpp,L1,,CODE,SURVIVES-MIXED,"ASSUMES: pitchContextOverSpan weighting (durationQn x timeDecay x lookahead x beatWeight) is the L3 key-window evidence model (THEORY: windowed pitch salience); Jaccard sub-boundary distance detects onset change (L2-legacy) | PUBLISHES: soundingAt/buildTones/weightedPcView helpers, collectPitchContext(legacy)/pitchContextOverSpan(L3), detectOnset/BassMovementSubBoundaries(L2-legacy) | CONSUMERS: keymodesequence:89 (pitchContextOverSpan, LIVE L3), keyresolver seed (collectPitchContext, retires R5), bridge (sub-boundary pass-throughs) | EDGES: onsets<2 → no sub-boundary; empty context safe; lookahead multiplier applied by flag"
file,src/composing/analysis/engravingbridge/spellingview.cpp,L1,,CODE,SURVIVES,ASSUMES: line-of-fifths = tpc - TPC_C (FACT) | PUBLISHES: lineOfFifths/sharpFlatSense/spanSpelling impls | CONSUMERS: see spellingview.h | EDGES: tpcIsValid skips invalid; centroid 0.0 on empty
file,src/composing/analysis/engravingbridge/spellingview.h,L1,,CODE,SURVIVES,"ASSUMES: tpc is a line-of-fifths spelling carried losslessly by L1 (FACT: engraving Tpc); tpcIsValid (not >=0) is the correct presence test (FACT: flat side is negative) | PUBLISHES: lineOfFifths/sharpFlatSense/spanSpelling — the SINGLE tpc-spelling interpreter | CONSUMERS: dormant L4 spelling-pin (lineOfFifths); Phase-B L3 key-spelling term (spanSpelling/sharpFlatSense — ZERO consumers today) | EDGES: invalid tpc → kNoLineOfFifths sentinel (-23, cannot collide); empty span → count 0, centroid 0.0"
file,src/composing/analysis/function/forwardoverride.cpp,L3+,,SCOPE,L3+,function layer (L5) — deferred to the L5 audit (harmonicfunctionlayer rename R7; forwardoverride/resolver are Tier-1 armed traps)
file,src/composing/analysis/function/forwardoverride.h,L3+,,SCOPE,L3+,function layer (L5) — deferred to the L5 audit (harmonicfunctionlayer rename R7; forwardoverride/resolver are Tier-1 armed traps)
file,src/composing/analysis/function/functioncadence.cpp,L3+,,SCOPE,L3+,function layer (L5) — deferred to the L5 audit (harmonicfunctionlayer rename R7; forwardoverride/resolver are Tier-1 armed traps)
file,src/composing/analysis/function/functioncadence.h,L3+,,SCOPE,L3+,function layer (L5) — deferred to the L5 audit (harmonicfunctionlayer rename R7; forwardoverride/resolver are Tier-1 armed traps)
file,src/composing/analysis/function/functionmodulation.cpp,L3+,,SCOPE,L3+,function layer (L5) — deferred to the L5 audit (harmonicfunctionlayer rename R7; forwardoverride/resolver are Tier-1 armed traps)
file,src/composing/analysis/function/functionmodulation.h,L3+,,SCOPE,L3+,function layer (L5) — deferred to the L5 audit (harmonicfunctionlayer rename R7; forwardoverride/resolver are Tier-1 armed traps)
file,src/composing/analysis/function/functionoutput.cpp,L3+,,SCOPE,L3+,function layer (L5) — deferred to the L5 audit (harmonicfunctionlayer rename R7; forwardoverride/resolver are Tier-1 armed traps)
file,src/composing/analysis/function/functionoutput.h,L3+,,SCOPE,L3+,function layer (L5) — deferred to the L5 audit (harmonicfunctionlayer rename R7; forwardoverride/resolver are Tier-1 armed traps)
file,src/composing/analysis/function/functionprogression.cpp,L3+,,SCOPE,L3+,function layer (L5) — deferred to the L5 audit (harmonicfunctionlayer rename R7; forwardoverride/resolver are Tier-1 armed traps)
file,src/composing/analysis/function/functionprogression.h,L3+,,SCOPE,L3+,function layer (L5) — deferred to the L5 audit (harmonicfunctionlayer rename R7; forwardoverride/resolver are Tier-1 armed traps)
file,src/composing/analysis/function/functionrelationallabel.cpp,L3+,,SCOPE,L3+,function layer (L5) — deferred to the L5 audit (harmonicfunctionlayer rename R7; forwardoverride/resolver are Tier-1 armed traps)
file,src/composing/analysis/function/functionrelationallabel.h,L3+,,SCOPE,L3+,function layer (L5) — deferred to the L5 audit (harmonicfunctionlayer rename R7; forwardoverride/resolver are Tier-1 armed traps)
file,src/composing/analysis/function/functionresolver.cpp,L3+,,SCOPE,L3+,function layer (L5) — deferred to the L5 audit (harmonicfunctionlayer rename R7; forwardoverride/resolver are Tier-1 armed traps)
file,src/composing/analysis/function/functionresolver.h,L3+,,SCOPE,L3+,function layer (L5) — deferred to the L5 audit (harmonicfunctionlayer rename R7; forwardoverride/resolver are Tier-1 armed traps)
file,src/composing/analysis/function/functionromannumeral.cpp,L3+,,SCOPE,L3+,function layer (L5) — deferred to the L5 audit (harmonicfunctionlayer rename R7; forwardoverride/resolver are Tier-1 armed traps)
file,src/composing/analysis/function/functionromannumeral.h,L3+,,SCOPE,L3+,function layer (L5) — deferred to the L5 audit (harmonicfunctionlayer rename R7; forwardoverride/resolver are Tier-1 armed traps)
file,src/composing/analysis/function/harmonicfunctionlayer.cpp,L3+,,SCOPE,L3+,function layer (L5) — deferred to the L5 audit (harmonicfunctionlayer rename R7; forwardoverride/resolver are Tier-1 armed traps)
file,src/composing/analysis/function/harmonicfunctionlayer.h,L3+,,SCOPE,L3+,function layer (L5) — deferred to the L5 audit (harmonicfunctionlayer rename R7; forwardoverride/resolver are Tier-1 armed traps)
file,src/composing/analysis/function/tonicizationlabeler.cpp,L3+,,SCOPE,L3+,function layer (L5) — deferred to the L5 audit (harmonicfunctionlayer rename R7; forwardoverride/resolver are Tier-1 armed traps)
file,src/composing/analysis/function/tonicizationlabeler.h,L3+,,SCOPE,L3+,function layer (L5) — deferred to the L5 audit (harmonicfunctionlayer rename R7; forwardoverride/resolver are Tier-1 armed traps)
file,src/composing/analysis/grouping/groupinglayer.cpp,L3+,,SCOPE,L3+,grouping for display (L6) — deferred to the L6 audit
file,src/composing/analysis/grouping/groupinglayer.h,L3+,,SCOPE,L3+,grouping for display (L6) — deferred to the L6 audit
file,src/composing/analysis/harmony/harmonicsegmenter.cpp,RETIRES,,SCOPE,RETIRES,L2-LEGACY greedy-expand segmenter impl — retires R6; #12-check kAnchorMinScore/kRound2MinScore + greedy-expand interpretation
file,src/composing/analysis/harmony/harmonicsegmenter.h,RETIRES,,SCOPE,RETIRES,"L2-LEGACY greedy-expand segmenter — retires R6 (segment-first spine), superseded by the change-point slicer; #12-check the anchor thresholds"
file,src/composing/analysis/key/keymodeanalyzer.cpp,L3+,,SCOPE,L3+,key/mode layer (L3) — deferred to the L3 audit (keyresolver shrinks R5; keymodesequence is the L3 survivor)
file,src/composing/analysis/key/keymodeanalyzer.h,L3+,,SCOPE,L3+,key/mode layer (L3) — deferred to the L3 audit (keyresolver shrinks R5; keymodesequence is the L3 survivor)
file,src/composing/analysis/key/keymodeformatting.cpp,L3+,,SCOPE,L3+,key/mode layer (L3) — deferred to the L3 audit (keyresolver shrinks R5; keymodesequence is the L3 survivor)
file,src/composing/analysis/key/keymodesequence.cpp,L3+,,SCOPE,L3+,key/mode layer (L3) — deferred to the L3 audit (keyresolver shrinks R5; keymodesequence is the L3 survivor)
file,src/composing/analysis/key/keymodesequence.h,L3+,,SCOPE,L3+,key/mode layer (L3) — deferred to the L3 audit (keyresolver shrinks R5; keymodesequence is the L3 survivor)
file,src/composing/analysis/key/keyresolver.cpp,L3+,,SCOPE,L3+,key/mode layer (L3) — deferred to the L3 audit (keyresolver shrinks R5; keymodesequence is the L3 survivor)
file,src/composing/analysis/key/keyresolver.h,L3+,,SCOPE,L3+,key/mode layer (L3) — deferred to the L3 audit (keyresolver shrinks R5; keymodesequence is the L3 survivor)
file,src/composing/analysis/key/modepriorpresets.cpp,L3+,,SCOPE,L3+,key/mode layer (L3) — deferred to the L3 audit (keyresolver shrinks R5; keymodesequence is the L3 survivor)
file,src/composing/analysis/key/modepriorpresets.h,L3+,,SCOPE,L3+,key/mode layer (L3) — deferred to the L3 audit (keyresolver shrinks R5; keymodesequence is the L3 survivor)
file,src/composing/analysis/notemodel/note_model.cpp,L1,,CODE,SURVIVES,"ASSUMES: playTicksFraction() is the authoritative tie-resolved span (FACT: DOM); staffIsEligible at onset tick is the eligibility fact | PUBLISHES: build/extend/overlapping/onsetIn impls; NoteQueryIndex (max-release segment tree) | CONSUMERS: same as note_model.h | EDGES: null score / no firstMeasure → empty model; extend clamps at score bounds, no-op on non-positive/covered; INT_MIN padded leaves pruned"
file,src/composing/analysis/notemodel/note_model.h,L1,,CODE,SURVIVES,"ASSUMES: MuseScore DOM tie/play/visible flags are authoritative (FACT: DOM API); one onset per tied group (THEORY: Pardo&Birmingham / music21 chordify lineage) | PUBLISHES: NoteEvent{11 fields}, NoteModel query API, NoteQueryIndex — the single source of 'what sounds' | CONSUMERS: L2 slicer, L1.5 views, L3 key path, L4 decoder (all downstream) | EDGES: empty/backwards/silent span → no notes; grace/muted/invisible/non-tonal KEPT+flagged; N==0 index safe"
file,src/composing/analysis/param/paramoverride.cpp,L3+,,SCOPE,L3+,"param-override infrastructure — deferred (cross-cutting, not L1/L2)"
file,src/composing/analysis/param/paramoverride.h,L3+,,SCOPE,L3+,"param-override infrastructure — deferred (cross-cutting, not L1/L2)"
file,src/composing/analysis/progression/progressionrecognizer.cpp,L3+,,SCOPE,L3+,progression recognizer (L5 input) — deferred to the L5 audit
file,src/composing/analysis/progression/progressionrecognizer.h,L3+,,SCOPE,L3+,progression recognizer (L5 input) — deferred to the L5 audit
file,src/composing/analysis/region/harmonicrhythm.h,L3+,,SCOPE,L3+,region orchestration (L3 seam); regionanalyzer.cpp EMBEDS the legacy greedy-expand segmenter retiring R6 — deferred to the L3 audit
file,src/composing/analysis/region/regionanalyzer.cpp,L3+,,SCOPE,L3+,region orchestration (L3 seam); regionanalyzer.cpp EMBEDS the legacy greedy-expand segmenter retiring R6 — deferred to the L3 audit
file,src/composing/analysis/region/regionanalyzer.h,L3+,,SCOPE,L3+,region orchestration (L3 seam); regionanalyzer.cpp EMBEDS the legacy greedy-expand segmenter retiring R6 — deferred to the L3 audit
file,src/composing/analysis/region/sparsechordrefinement.cpp,L3+,,SCOPE,L3+,region orchestration (L3 seam); regionanalyzer.cpp EMBEDS the legacy greedy-expand segmenter retiring R6 — deferred to the L3 audit
file,src/composing/analysis/region/sparsechordrefinement.h,L3+,,SCOPE,L3+,region orchestration (L3 seam); regionanalyzer.cpp EMBEDS the legacy greedy-expand segmenter retiring R6 — deferred to the L3 audit
file,src/composing/analysis/scoreharvest/metricweights.cpp,L1,,CODE,SURVIVES-MIXED,"ASSUMES: the hard-coded 1.0/0.85/0.75/0.5 beat table IS the metric-salience fact (ASSUMPTION: hand-set, no fit record) | PUBLISHES: beat-weight impls, buildPedalWindowIndex | CONSUMERS: see metricweights.h | EDGES: pedal: skips sostenuto/soft (magic strings); staff bounds + eligibility guarded; empty windows sorted"
file,src/composing/analysis/scoreharvest/metricweights.h,L1,,CODE,SURVIVES-MIXED,"ASSUMES: beat-strength from the notated time signature is preference-free metric evidence (FACT: engraving TimeSigFrac); metric weight in [0.5,1.0] | PUBLISHES: beat-weight table, sliding-window constants, pedal-window index, timeDecay, distinctPitchClasses | CONSUMERS: L4 membership (regionMetricWeightForOnsetTick), L3 key window (LOOKBACK/DECAY, beatTypeToWeight), pedal reader | EDGES: null score / no measure / timesig num|den<=0 → SUBBEAT fallback (0.5)"
file,src/composing/analysis/section/cadencekeyanchor.cpp,L3+,,SCOPE,L3+,section / cadence / joint-key (L3-L5); cadencekeyanchor R3 diagnostic — deferred
file,src/composing/analysis/section/cadencekeyanchor.h,L3+,,SCOPE,L3+,section / cadence / joint-key (L3-L5); cadencekeyanchor R3 diagnostic — deferred
file,src/composing/analysis/section/jointkeydecision.cpp,L3+,,SCOPE,L3+,section / cadence / joint-key (L3-L5); cadencekeyanchor R3 diagnostic — deferred
file,src/composing/analysis/section/jointkeydecision.h,L3+,,SCOPE,L3+,section / cadence / joint-key (L3-L5); cadencekeyanchor R3 diagnostic — deferred
file,src/composing/analysis/section/localmodulationdetector.cpp,L3+,,SCOPE,L3+,section / cadence / joint-key (L3-L5); cadencekeyanchor R3 diagnostic — deferred
file,src/composing/analysis/section/localmodulationdetector.h,L3+,,SCOPE,L3+,section / cadence / joint-key (L3-L5); cadencekeyanchor R3 diagnostic — deferred
file,src/composing/analysis/section/sectionanalyzer.cpp,L3+,,SCOPE,L3+,section / cadence / joint-key (L3-L5); cadencekeyanchor R3 diagnostic — deferred
file,src/composing/analysis/section/sectionanalyzer.h,L3+,,SCOPE,L3+,section / cadence / joint-key (L3-L5); cadencekeyanchor R3 diagnostic — deferred
file,src/composing/analysis/section/sectioncadencedetection.cpp,L3+,,SCOPE,L3+,section / cadence / joint-key (L3-L5); cadencekeyanchor R3 diagnostic — deferred
file,src/composing/analysis/slicing/slicer.cpp,L2,,CODE,SURVIVES,"ASSUMES: union of eligible onsets+releases, clipped to loaded span, tiles the domain (FACT, provable) | PUBLISHES: changePointSlices impl | CONSUMERS: regionanalyzer:632/704 (LIVE), batch_analyze ×5, chordslicedecoder(dormant), phraseboundaryview(dormant) | EDGES: all handled explicitly in-code (see header); clip documented byte-identical on whole-score live path"
file,src/composing/analysis/slicing/slicer.h,L2,,CODE,SURVIVES,"ASSUMES: a chord can change ONLY at a boundary tick (THEORY: change-point/salami-slice, Pardo&Birmingham); eligibility is L1's fact, not re-decided | PUBLISHES: Slice{start,end}, changePointSlices() — the exhaustive constant-sonority grid | CONSUMERS: L3 decoder (regionanalyzer seam), L4, L6 | EDGES: <2 boundaries → empty; zero-width note dedups away; clip inert on whole-score; single-tick loaded span → empty"
file,src/composing/analysis/types/analysistypes.h,L3+,,SCOPE,L3+,shared analysis types (cross-layer) — deferred; note: carries metric/spelling/tone type decls consumed by L1
file,src/composing/analysis/vocabulary/harmonicvocabulary.cpp,L3+,,SCOPE,L3+,harmonic vocabulary (L4) — deferred to the L4 audit
file,src/composing/analysis/vocabulary/harmonicvocabulary.h,L3+,,SCOPE,L3+,harmonic vocabulary (L4) — deferred to the L4 audit
file,src/composing/analysis/voiceleading/textureclassifier.cpp,L3+,,SCOPE,L3+,voice-leading analysis (L4/L5); voicelinearview is a derived view but serves L4+ selection — deferred (boundary note in report P3)
file,src/composing/analysis/voiceleading/textureclassifier.h,L3+,,SCOPE,L3+,voice-leading analysis (L4/L5); voicelinearview is a derived view but serves L4+ selection — deferred (boundary note in report P3)
file,src/composing/analysis/voiceleading/textureclassifierreference.h,L3+,,SCOPE,L3+,voice-leading analysis (L4/L5); voicelinearview is a derived view but serves L4+ selection — deferred (boundary note in report P3)
file,src/composing/analysis/voiceleading/voiceleadingprofiles.cpp,L3+,,SCOPE,L3+,voice-leading analysis (L4/L5); voicelinearview is a derived view but serves L4+ selection — deferred (boundary note in report P3)
file,src/composing/analysis/voiceleading/voiceleadingprofiles.h,L3+,,SCOPE,L3+,voice-leading analysis (L4/L5); voicelinearview is a derived view but serves L4+ selection — deferred (boundary note in report P3)
file,src/composing/analysis/voiceleading/voicelinearview.cpp,L3+,,SCOPE,L3+,voice-leading analysis (L4/L5); voicelinearview is a derived view but serves L4+ selection — deferred (boundary note in report P3)
file,src/composing/analysis/voiceleading/voicelinearview.h,L3+,,SCOPE,L3+,voice-leading analysis (L4/L5); voicelinearview is a derived view but serves L4+ selection — deferred (boundary note in report P3)
file,src/composing/analyzed_section.h,L3+,,SCOPE,L3+,public output DTO — not L1/L2 analysis
file,src/composing/composingconfiguration.cpp,L3+,,SCOPE,L3+,module configuration — not L1/L2 analysis
file,src/composing/composingconfiguration.h,L3+,,SCOPE,L3+,module configuration — not L1/L2 analysis
file,src/composing/composingmodule.cpp,L3+,,SCOPE,L3+,module registration/wiring — not L1/L2 analysis
file,src/composing/composingmodule.h,L3+,,SCOPE,L3+,module registration/wiring — not L1/L2 analysis
file,src/composing/icomposinganalysisconfiguration.h,L3+,,SCOPE,L3+,config interface — not L1/L2 analysis
file,src/composing/icomposingchordstaffconfiguration.h,L3+,,SCOPE,L3+,config interface — not L1/L2 analysis
file,src/composing/icomposingconfiguration.h,L3+,,SCOPE,L3+,config interface — not L1/L2 analysis
file,src/composing/intonation/CMakeLists.txt,L3+,,SCOPE,L3+,"tuning subsystem — outside the harmonic-analysis layer stack (separate concern), not L1/L2"
file,src/composing/intonation/equal_temperament.h,L3+,,SCOPE,L3+,"tuning subsystem — outside the harmonic-analysis layer stack (separate concern), not L1/L2"
file,src/composing/intonation/just_intonation.h,L3+,,SCOPE,L3+,"tuning subsystem — outside the harmonic-analysis layer stack (separate concern), not L1/L2"
file,src/composing/intonation/kirnberger.h,L3+,,SCOPE,L3+,"tuning subsystem — outside the harmonic-analysis layer stack (separate concern), not L1/L2"
file,src/composing/intonation/pythagorean.h,L3+,,SCOPE,L3+,"tuning subsystem — outside the harmonic-analysis layer stack (separate concern), not L1/L2"
file,src/composing/intonation/quarter_comma_meantone.h,L3+,,SCOPE,L3+,"tuning subsystem — outside the harmonic-analysis layer stack (separate concern), not L1/L2"
file,src/composing/intonation/tuning_keys.h,L3+,,SCOPE,L3+,"tuning subsystem — outside the harmonic-analysis layer stack (separate concern), not L1/L2"
file,src/composing/intonation/tuning_registry.cpp,L3+,,SCOPE,L3+,"tuning subsystem — outside the harmonic-analysis layer stack (separate concern), not L1/L2"
file,src/composing/intonation/tuning_system.h,L3+,,SCOPE,L3+,"tuning subsystem — outside the harmonic-analysis layer stack (separate concern), not L1/L2"
file,src/composing/intonation/tuning_utils.h,L3+,,SCOPE,L3+,"tuning subsystem — outside the harmonic-analysis layer stack (separate concern), not L1/L2"
file,src/composing/intonation/werckmeister.h,L3+,,SCOPE,L3+,"tuning subsystem — outside the harmonic-analysis layer stack (separate concern), not L1/L2"
file,src/composing/tests/CMakeLists.txt,L3+,,SCOPE,L3+,test / fixture / test-data — out of L1/L2 source scope (L1/L2 regression tests noted in report P3)
file,src/composing/tests/analyzechord_robustness_tests.cpp,L3+,,SCOPE,L3+,test / fixture / test-data — out of L1/L2 source scope (L1/L2 regression tests noted in report P3)
file,src/composing/tests/cadencekeyanchor_tests.cpp,L3+,,SCOPE,L3+,test / fixture / test-data — out of L1/L2 source scope (L1/L2 regression tests noted in report P3)
file,src/composing/tests/chord_branch_tests.cpp,L3+,,SCOPE,L3+,test / fixture / test-data — out of L1/L2 source scope (L1/L2 regression tests noted in report P3)
file,src/composing/tests/chord_mismatch_report.txt,L3+,,SCOPE,L3+,test / fixture / test-data — out of L1/L2 source scope (L1/L2 regression tests noted in report P3)
file,src/composing/tests/chordanalyzer_musicxml_tests.cpp,L3+,,SCOPE,L3+,test / fixture / test-data — out of L1/L2 source scope (L1/L2 regression tests noted in report P3)
file,src/composing/tests/chordanalyzer_tests.cpp,L3+,,SCOPE,L3+,test / fixture / test-data — out of L1/L2 source scope (L1/L2 regression tests noted in report P3)
file,src/composing/tests/chordsymbolformatter_branch_tests.cpp,L3+,,SCOPE,L3+,test / fixture / test-data — out of L1/L2 source scope (L1/L2 regression tests noted in report P3)
file,src/composing/tests/chordvoicing_tests.cpp,L3+,,SCOPE,L3+,test / fixture / test-data — out of L1/L2 source scope (L1/L2 regression tests noted in report P3)
file,src/composing/tests/comparison_utils.h,L3+,,SCOPE,L3+,test / fixture / test-data — out of L1/L2 source scope (L1/L2 regression tests noted in report P3)
file,src/composing/tests/comparison_utils_tests.cpp,L3+,,SCOPE,L3+,test / fixture / test-data — out of L1/L2 source scope (L1/L2 regression tests noted in report P3)
file,src/composing/tests/data/chordanalyzer_catalog_jazz.musicxml,L3+,,SCOPE,L3+,test / fixture / test-data — out of L1/L2 source scope (L1/L2 regression tests noted in report P3)
file,src/composing/tests/data/chordanalyzer_catalog_standard.musicxml,L3+,,SCOPE,L3+,test / fixture / test-data — out of L1/L2 source scope (L1/L2 regression tests noted in report P3)
file,src/composing/tests/data/chordanalyzer_context.musicxml,L3+,,SCOPE,L3+,test / fixture / test-data — out of L1/L2 source scope (L1/L2 regression tests noted in report P3)
file,src/composing/tests/data/eb_compound.mscx,L3+,,SCOPE,L3+,test / fixture / test-data — out of L1/L2 source scope (L1/L2 regression tests noted in report P3)
file,src/composing/tests/data/eb_compound.musicxml,L3+,,SCOPE,L3+,test / fixture / test-data — out of L1/L2 source scope (L1/L2 regression tests noted in report P3)
file,src/composing/tests/data/eb_dense.mscx,L3+,,SCOPE,L3+,test / fixture / test-data — out of L1/L2 source scope (L1/L2 regression tests noted in report P3)
file,src/composing/tests/data/eb_dense.musicxml,L3+,,SCOPE,L3+,test / fixture / test-data — out of L1/L2 source scope (L1/L2 regression tests noted in report P3)
file,src/composing/tests/data/eb_pedal.mscx,L3+,,SCOPE,L3+,test / fixture / test-data — out of L1/L2 source scope (L1/L2 regression tests noted in report P3)
file,src/composing/tests/data/eb_pedal.musicxml,L3+,,SCOPE,L3+,test / fixture / test-data — out of L1/L2 source scope (L1/L2 regression tests noted in report P3)
file,src/composing/tests/data/eb_steps.mscx,L3+,,SCOPE,L3+,test / fixture / test-data — out of L1/L2 source scope (L1/L2 regression tests noted in report P3)
file,src/composing/tests/data/eb_steps.musicxml,L3+,,SCOPE,L3+,test / fixture / test-data — out of L1/L2 source scope (L1/L2 regression tests noted in report P3)
file,src/composing/tests/data/francis-poulenc-o-magnum-mysterium.mxl,L3+,,SCOPE,L3+,test / fixture / test-data — out of L1/L2 source scope (L1/L2 regression tests noted in report P3)
file,src/composing/tests/data/jazz_smoke_test.mscx,L3+,,SCOPE,L3+,test / fixture / test-data — out of L1/L2 source scope (L1/L2 regression tests noted in report P3)
file,src/composing/tests/data/mono_smoke_test.mscx,L3+,,SCOPE,L3+,test / fixture / test-data — out of L1/L2 source scope (L1/L2 regression tests noted in report P3)
file,src/composing/tests/data/mono_smoke_test.musicxml,L3+,,SCOPE,L3+,test / fixture / test-data — out of L1/L2 source scope (L1/L2 regression tests noted in report P3)
file,src/composing/tests/data/nm_dense_start.mscx,L3+,,SCOPE,L3+,test / fixture / test-data — out of L1/L2 source scope (L1/L2 regression tests noted in report P3)
file,src/composing/tests/data/nm_dense_start.musicxml,L3+,,SCOPE,L3+,test / fixture / test-data — out of L1/L2 source scope (L1/L2 regression tests noted in report P3)
file,src/composing/tests/data/nm_flags.mscx,L3+,,SCOPE,L3+,test / fixture / test-data — out of L1/L2 source scope (L1/L2 regression tests noted in report P3)
file,src/composing/tests/data/nm_flags.musicxml,L3+,,SCOPE,L3+,test / fixture / test-data — out of L1/L2 source scope (L1/L2 regression tests noted in report P3)
file,src/composing/tests/data/nm_grace.mscx,L3+,,SCOPE,L3+,test / fixture / test-data — out of L1/L2 source scope (L1/L2 regression tests noted in report P3)
file,src/composing/tests/data/nm_grace.musicxml,L3+,,SCOPE,L3+,test / fixture / test-data — out of L1/L2 source scope (L1/L2 regression tests noted in report P3)
file,src/composing/tests/data/nm_long_sustain.mscx,L3+,,SCOPE,L3+,test / fixture / test-data — out of L1/L2 source scope (L1/L2 regression tests noted in report P3)
file,src/composing/tests/data/nm_long_sustain.musicxml,L3+,,SCOPE,L3+,test / fixture / test-data — out of L1/L2 source scope (L1/L2 regression tests noted in report P3)
file,src/composing/tests/data/nm_slice_held_melody.mscx,L3+,,SCOPE,L3+,test / fixture / test-data — out of L1/L2 source scope (L1/L2 regression tests noted in report P3)
file,src/composing/tests/data/nm_slice_held_melody.musicxml,L3+,,SCOPE,L3+,test / fixture / test-data — out of L1/L2 source scope (L1/L2 regression tests noted in report P3)
file,src/composing/tests/data/nm_slice_ineligible.mscx,L3+,,SCOPE,L3+,test / fixture / test-data — out of L1/L2 source scope (L1/L2 regression tests noted in report P3)
file,src/composing/tests/data/nm_slice_ineligible.musicxml,L3+,,SCOPE,L3+,test / fixture / test-data — out of L1/L2 source scope (L1/L2 regression tests noted in report P3)
file,src/composing/tests/data/nm_slice_passing.mscx,L3+,,SCOPE,L3+,test / fixture / test-data — out of L1/L2 source scope (L1/L2 regression tests noted in report P3)
file,src/composing/tests/data/nm_slice_passing.musicxml,L3+,,SCOPE,L3+,test / fixture / test-data — out of L1/L2 source scope (L1/L2 regression tests noted in report P3)
file,src/composing/tests/data/nm_slice_release.mscx,L3+,,SCOPE,L3+,test / fixture / test-data — out of L1/L2 source scope (L1/L2 regression tests noted in report P3)
file,src/composing/tests/data/nm_slice_release.musicxml,L3+,,SCOPE,L3+,test / fixture / test-data — out of L1/L2 source scope (L1/L2 regression tests noted in report P3)
file,src/composing/tests/data/nm_slice_rest.mscx,L3+,,SCOPE,L3+,test / fixture / test-data — out of L1/L2 source scope (L1/L2 regression tests noted in report P3)
file,src/composing/tests/data/nm_slice_rest.musicxml,L3+,,SCOPE,L3+,test / fixture / test-data — out of L1/L2 source scope (L1/L2 regression tests noted in report P3)
file,src/composing/tests/data/nm_solid_theory.mscx,L3+,,SCOPE,L3+,test / fixture / test-data — out of L1/L2 source scope (L1/L2 regression tests noted in report P3)
file,src/composing/tests/data/nm_staff_eligibility.mscx,L3+,,SCOPE,L3+,test / fixture / test-data — out of L1/L2 source scope (L1/L2 regression tests noted in report P3)
file,src/composing/tests/data/nm_staff_eligibility.musicxml,L3+,,SCOPE,L3+,test / fixture / test-data — out of L1/L2 source scope (L1/L2 regression tests noted in report P3)
file,src/composing/tests/data/nm_tie_chain.mscx,L3+,,SCOPE,L3+,test / fixture / test-data — out of L1/L2 source scope (L1/L2 regression tests noted in report P3)
file,src/composing/tests/data/nm_tie_chain.musicxml,L3+,,SCOPE,L3+,test / fixture / test-data — out of L1/L2 source scope (L1/L2 regression tests noted in report P3)
file,src/composing/tests/data/nm_two_staff.mscx,L3+,,SCOPE,L3+,test / fixture / test-data — out of L1/L2 source scope (L1/L2 regression tests noted in report P3)
file,src/composing/tests/data/nm_two_staff.musicxml,L3+,,SCOPE,L3+,test / fixture / test-data — out of L1/L2 source scope (L1/L2 regression tests noted in report P3)
file,src/composing/tests/data/nm_unison.mscx,L3+,,SCOPE,L3+,test / fixture / test-data — out of L1/L2 source scope (L1/L2 regression tests noted in report P3)
file,src/composing/tests/data/nm_unison.musicxml,L3+,,SCOPE,L3+,test / fixture / test-data — out of L1/L2 source scope (L1/L2 regression tests noted in report P3)
file,src/composing/tests/data/organ-sonata-n1-in-e-flat-major-bwv-525-i-allegro.mxl,L3+,,SCOPE,L3+,test / fixture / test-data — out of L1/L2 source scope (L1/L2 regression tests noted in report P3)
file,src/composing/tests/data/pb_chorale.mscx,L3+,,SCOPE,L3+,test / fixture / test-data — out of L1/L2 source scope (L1/L2 regression tests noted in report P3)
file,src/composing/tests/data/reachback_anchor.mscx,L3+,,SCOPE,L3+,test / fixture / test-data — out of L1/L2 source scope (L1/L2 regression tests noted in report P3)
file,src/composing/tests/data/reachback_anchor.musicxml,L3+,,SCOPE,L3+,test / fixture / test-data — out of L1/L2 source scope (L1/L2 regression tests noted in report P3)
file,src/composing/tests/data/s1c_a_minor_amb.mscx,L3+,,SCOPE,L3+,test / fixture / test-data — out of L1/L2 source scope (L1/L2 regression tests noted in report P3)
file,src/composing/tests/data/s1c_c_major.mscx,L3+,,SCOPE,L3+,test / fixture / test-data — out of L1/L2 source scope (L1/L2 regression tests noted in report P3)
file,src/composing/tests/data/s1c_c_minor.mscx,L3+,,SCOPE,L3+,test / fixture / test-data — out of L1/L2 source scope (L1/L2 regression tests noted in report P3)
file,src/composing/tests/data/s1c_g_dom7.mscx,L3+,,SCOPE,L3+,test / fixture / test-data — out of L1/L2 source scope (L1/L2 regression tests noted in report P3)
file,src/composing/tests/data/s1c_g_minor.mscx,L3+,,SCOPE,L3+,test / fixture / test-data — out of L1/L2 source scope (L1/L2 regression tests noted in report P3)
file,src/composing/tests/data/s1c_modulation_cg.mscx,L3+,,SCOPE,L3+,test / fixture / test-data — out of L1/L2 source scope (L1/L2 regression tests noted in report P3)
file,src/composing/tests/data/s1c_modulation_cg.musicxml,L3+,,SCOPE,L3+,test / fixture / test-data — out of L1/L2 source scope (L1/L2 regression tests noted in report P3)
file,src/composing/tests/data/s1c_partial_cm.mscx,L3+,,SCOPE,L3+,test / fixture / test-data — out of L1/L2 source scope (L1/L2 regression tests noted in report P3)
file,src/composing/tests/data/s1c_seg_absorb.mscx,L3+,,SCOPE,L3+,test / fixture / test-data — out of L1/L2 source scope (L1/L2 regression tests noted in report P3)
file,src/composing/tests/data/s1c_seg_changes.mscx,L3+,,SCOPE,L3+,test / fixture / test-data — out of L1/L2 source scope (L1/L2 regression tests noted in report P3)
file,src/composing/tests/data/s1c_seg_merge.mscx,L3+,,SCOPE,L3+,test / fixture / test-data — out of L1/L2 source scope (L1/L2 regression tests noted in report P3)
file,src/composing/tests/data/s1c_unison_c.mscx,L3+,,SCOPE,L3+,test / fixture / test-data — out of L1/L2 source scope (L1/L2 regression tests noted in report P3)
file,src/composing/tests/data/solid theory.musicxml,L3+,,SCOPE,L3+,test / fixture / test-data — out of L1/L2 source scope (L1/L2 regression tests noted in report P3)
file,src/composing/tests/decode_chord_tests.cpp,L3+,,SCOPE,L3+,test / fixture / test-data — out of L1/L2 source scope (L1/L2 regression tests noted in report P3)
file,src/composing/tests/decode_keymode_tests.cpp,L3+,,SCOPE,L3+,test / fixture / test-data — out of L1/L2 source scope (L1/L2 regression tests noted in report P3)
file,src/composing/tests/decode_tests.cpp,L3+,,SCOPE,L3+,test / fixture / test-data — out of L1/L2 source scope (L1/L2 regression tests noted in report P3)
file,src/composing/tests/diagnose_tests.cpp,L3+,,SCOPE,L3+,test / fixture / test-data — out of L1/L2 source scope (L1/L2 regression tests noted in report P3)
file,src/composing/tests/engravingbridge_branch_tests.cpp,L3+,,SCOPE,L3+,test / fixture / test-data — out of L1/L2 source scope (L1/L2 regression tests noted in report P3)
file,src/composing/tests/environment.cpp,L3+,,SCOPE,L3+,test / fixture / test-data — out of L1/L2 source scope (L1/L2 regression tests noted in report P3)
file,src/composing/tests/forwardoverride_tests.cpp,L3+,,SCOPE,L3+,test / fixture / test-data — out of L1/L2 source scope (L1/L2 regression tests noted in report P3)
file,src/composing/tests/functioncadence_tests.cpp,L3+,,SCOPE,L3+,test / fixture / test-data — out of L1/L2 source scope (L1/L2 regression tests noted in report P3)
file,src/composing/tests/functionlayer_tests.cpp,L3+,,SCOPE,L3+,test / fixture / test-data — out of L1/L2 source scope (L1/L2 regression tests noted in report P3)
file,src/composing/tests/functionmodulation_tests.cpp,L3+,,SCOPE,L3+,test / fixture / test-data — out of L1/L2 source scope (L1/L2 regression tests noted in report P3)
file,src/composing/tests/functionoutput_tests.cpp,L3+,,SCOPE,L3+,test / fixture / test-data — out of L1/L2 source scope (L1/L2 regression tests noted in report P3)
file,src/composing/tests/functionprogression_tests.cpp,L3+,,SCOPE,L3+,test / fixture / test-data — out of L1/L2 source scope (L1/L2 regression tests noted in report P3)
file,src/composing/tests/functionrelationallabel_tests.cpp,L3+,,SCOPE,L3+,test / fixture / test-data — out of L1/L2 source scope (L1/L2 regression tests noted in report P3)
file,src/composing/tests/functionresolver_tests.cpp,L3+,,SCOPE,L3+,test / fixture / test-data — out of L1/L2 source scope (L1/L2 regression tests noted in report P3)
file,src/composing/tests/functionromannumeral_tests.cpp,L3+,,SCOPE,L3+,test / fixture / test-data — out of L1/L2 source scope (L1/L2 regression tests noted in report P3)
file,src/composing/tests/gater_tests.cpp,L3+,,SCOPE,L3+,test / fixture / test-data — out of L1/L2 source scope (L1/L2 regression tests noted in report P3)
file,src/composing/tests/grouping_tests.cpp,L3+,,SCOPE,L3+,test / fixture / test-data — out of L1/L2 source scope (L1/L2 regression tests noted in report P3)
file,src/composing/tests/harmonicvocabulary_tests.cpp,L3+,,SCOPE,L3+,test / fixture / test-data — out of L1/L2 source scope (L1/L2 regression tests noted in report P3)
file,src/composing/tests/jointkeydecision_tests.cpp,L3+,,SCOPE,L3+,test / fixture / test-data — out of L1/L2 source scope (L1/L2 regression tests noted in report P3)
file,src/composing/tests/keymode_branch_tests.cpp,L3+,,SCOPE,L3+,test / fixture / test-data — out of L1/L2 source scope (L1/L2 regression tests noted in report P3)
file,src/composing/tests/keymodeanalyzer_tests.cpp,L3+,,SCOPE,L3+,test / fixture / test-data — out of L1/L2 source scope (L1/L2 regression tests noted in report P3)
file,src/composing/tests/l3_coverage_tests.cpp,L3+,,SCOPE,L3+,test / fixture / test-data — out of L1/L2 source scope (L1/L2 regression tests noted in report P3)
file,src/composing/tests/localmodulationdetector_tests.cpp,L3+,,SCOPE,L3+,test / fixture / test-data — out of L1/L2 source scope (L1/L2 regression tests noted in report P3)
file,src/composing/tests/modepriorpresets_tests.cpp,L3+,,SCOPE,L3+,test / fixture / test-data — out of L1/L2 source scope (L1/L2 regression tests noted in report P3)
file,src/composing/tests/nashville_tests.cpp,L3+,,SCOPE,L3+,test / fixture / test-data — out of L1/L2 source scope (L1/L2 regression tests noted in report P3)
file,src/composing/tests/note_model_tests.cpp,L3+,,SCOPE,L3+,test / fixture / test-data — out of L1/L2 source scope (L1/L2 regression tests noted in report P3)
file,src/composing/tests/paramoverride_tests.cpp,L3+,,SCOPE,L3+,test / fixture / test-data — out of L1/L2 source scope (L1/L2 regression tests noted in report P3)
file,src/composing/tests/phraseboundaryview_tests.cpp,L3+,,SCOPE,L3+,test / fixture / test-data — out of L1/L2 source scope (L1/L2 regression tests noted in report P3)
file,src/composing/tests/postscoringgates_tests.cpp,L3+,,SCOPE,L3+,test / fixture / test-data — out of L1/L2 source scope (L1/L2 regression tests noted in report P3)
file,src/composing/tests/progressionrecognizer_tests.cpp,L3+,,SCOPE,L3+,test / fixture / test-data — out of L1/L2 source scope (L1/L2 regression tests noted in report P3)
file,src/composing/tests/reachback_tests.cpp,L3+,,SCOPE,L3+,test / fixture / test-data — out of L1/L2 source scope (L1/L2 regression tests noted in report P3)
file,src/composing/tests/regionanalysis_tests.cpp,L3+,,SCOPE,L3+,test / fixture / test-data — out of L1/L2 source scope (L1/L2 regression tests noted in report P3)
file,src/composing/tests/slicer_tests.cpp,L3+,,SCOPE,L3+,test / fixture / test-data — out of L1/L2 source scope (L1/L2 regression tests noted in report P3)
file,src/composing/tests/spellingview_tests.cpp,L3+,,SCOPE,L3+,test / fixture / test-data — out of L1/L2 source scope (L1/L2 regression tests noted in report P3)
file,src/composing/tests/synthetic_tests.cpp,L3+,,SCOPE,L3+,test / fixture / test-data — out of L1/L2 source scope (L1/L2 regression tests noted in report P3)
file,src/composing/tests/test_helpers.h,L3+,,SCOPE,L3+,test / fixture / test-data — out of L1/L2 source scope (L1/L2 regression tests noted in report P3)
file,src/composing/tests/tonicizationlabeler_tests.cpp,L3+,,SCOPE,L3+,test / fixture / test-data — out of L1/L2 source scope (L1/L2 regression tests noted in report P3)
file,src/composing/tests/tuning_tests.cpp,L3+,,SCOPE,L3+,test / fixture / test-data — out of L1/L2 source scope (L1/L2 regression tests noted in report P3)
file,src/composing/tests/verify_chord_track.py,L3+,,SCOPE,L3+,test / fixture / test-data — out of L1/L2 source scope (L1/L2 regression tests noted in report P3)
file,src/composing/tests/voiceleading_tests.cpp,L3+,,SCOPE,L3+,test / fixture / test-data — out of L1/L2 source scope (L1/L2 regression tests noted in report P3)
function,src/composing/analysis/engravingbridge/phraseboundaryview.cpp,isEligible,61,CODE,SURVIVES,fire=LIVE (spine/derived-view) — SURVIVES; premise = file-level; no separate premise
function,src/composing/analysis/engravingbridge/phraseboundaryview.cpp,collectVoiceLines,70,CODE,SURVIVES,fire=LIVE (spine/derived-view) — SURVIVES; premise = file-level; no separate premise
function,src/composing/analysis/engravingbridge/phraseboundaryview.cpp,collectMarkerTicks,98,CODE,SURVIVES,fire=LIVE (spine/derived-view) — SURVIVES; premise = file-level; no separate premise
function,src/composing/analysis/engravingbridge/phraseboundaryview.cpp,changeRatio,222,CODE,SURVIVES,fire=LIVE (spine/derived-view) — SURVIVES; premise = file-level; no separate premise
function,src/composing/analysis/engravingbridge/phraseboundaryview.cpp,localChangeProfile,231,CODE,SURVIVES,fire=LIVE (spine/derived-view) — SURVIVES; premise = file-level; no separate premise
function,src/composing/analysis/engravingbridge/phraseboundaryview.cpp,maxNormalizeInPlace,243,CODE,SURVIVES,fire=LIVE (spine/derived-view) — SURVIVES; premise = file-level; no separate premise
function,src/composing/analysis/engravingbridge/phraseboundaryview.cpp,pickPeaks,257,CODE,SURVIVES,fire=LIVE (spine/derived-view) — SURVIVES; premise = file-level; no separate premise
function,src/composing/analysis/engravingbridge/phraseboundaryview.cpp,computePhraseBoundaryProfile,285,CODE,SURVIVES,fire=DORMANT — production fire-rate 0 — batch diagnostics + gated-off joint-key only
function,src/composing/analysis/engravingbridge/phraseboundaryview.cpp,phraseBoundaryTicks,461,CODE,SURVIVES,"fire=DORMANT — production fire-rate 0 — diagnostic/gated consumers only (declared dormancy, L5 engage)"
function,src/composing/analysis/engravingbridge/regiontonecollector.cpp,weightedPcView,45,CODE,SURVIVES,fire=LIVE (spine/derived-view) — SURVIVES; premise = file-level; no separate premise
function,src/composing/analysis/engravingbridge/regiontonecollector.cpp,collectRegionTones,397,CODE,SURVIVES,fire=LIVE (spine/derived-view) — SURVIVES; premise = file-level; no separate premise
function,src/composing/analysis/engravingbridge/regiontonecollector.h,isChordTrackStaff,73,CODE,SURVIVES-MIXED,fire=LIVE (spine/derived-view) — SURVIVES; premise = file-level; no separate premise
function,src/composing/analysis/engravingbridge/regiontonecollector.h,staffIsEligible,92,CODE,SURVIVES-MIXED,fire=LIVE (spine/derived-view) — SURVIVES; premise = file-level; no separate premise
function,src/composing/analysis/engravingbridge/regiontoneprimitives.cpp,soundingAt,47,CODE,SURVIVES-MIXED,fire=LIVE (spine/derived-view) — SURVIVES; premise = file-level; no separate premise
function,src/composing/analysis/engravingbridge/regiontoneprimitives.cpp,collectSoundingAt,91,CODE,SURVIVES-MIXED,fire=LIVE (spine/derived-view) — SURVIVES; premise = file-level; no separate premise
function,src/composing/analysis/engravingbridge/regiontoneprimitives.cpp,buildTones,102,CODE,SURVIVES-MIXED,fire=LIVE (spine/derived-view) — SURVIVES; premise = file-level; no separate premise
function,src/composing/analysis/engravingbridge/regiontoneprimitives.cpp,collectPitchContext,124,CODE,RETIRES,fire=LIVE — legacy DOM-walk key-context builder — retires R5 with the legacy key resolver (seed S2); pitchContextOverSpan is the survivor
function,src/composing/analysis/engravingbridge/regiontoneprimitives.cpp,beatWeightForOnsetTick,210,CODE,SURVIVES-MIXED,fire=LIVE (spine/derived-view) — SURVIVES; premise = file-level; no separate premise
function,src/composing/analysis/engravingbridge/regiontoneprimitives.cpp,pitchContextOverSpan,218,CODE,SURVIVES-MIXED,fire=LIVE (spine/derived-view) — SURVIVES; premise = file-level; no separate premise
function,src/composing/analysis/engravingbridge/regiontoneprimitives.cpp,detectOnsetSubBoundaries,280,CODE,RETIRES,fire=COND — L2-legacy Pass-2 Jaccard sub-boundary — retires R6; exposed via bridge pass-through
function,src/composing/analysis/engravingbridge/regiontoneprimitives.cpp,detectBassMovementSubBoundaries,371,CODE,RETIRES,fire=COND — L2-legacy Pass-2b bass-movement sub-boundary — retires R6; exposed via bridge pass-through
function,src/composing/analysis/engravingbridge/regiontoneprimitives.cpp,findTemporalContext,452,CODE,SURVIVES-MIXED,fire=LIVE (spine/derived-view) — SURVIVES; premise = file-level; no separate premise
function,src/composing/analysis/engravingbridge/spellingview.cpp,lineOfFifths,36,CODE,SURVIVES,fire=DORMANT — production fire-rate 0 — only the dormant L4 spelling-pin (chordslicedecoder:610) + tests
function,src/composing/analysis/engravingbridge/spellingview.cpp,sharpFlatSense,44,CODE,SURVIVES,fire=DORMANT — ZERO consumers (Phase-B) — declared dormancy
function,src/composing/analysis/engravingbridge/spellingview.cpp,spanSpelling,53,CODE,SURVIVES,fire=DORMANT — ZERO consumers anywhere (Phase-B L3 key-spelling term) — declared dormancy
function,src/composing/analysis/notemodel/note_model.cpp,makeEvent,47,CODE,SURVIVES,fire=LIVE (spine/derived-view) — SURVIVES; premise = file-level; no separate premise
function,src/composing/analysis/notemodel/note_model.cpp,scoreSpan,75,CODE,SURVIVES,fire=LIVE (spine/derived-view) — SURVIVES; premise = file-level; no separate premise
function,src/composing/analysis/notemodel/note_model.cpp,build,89,CODE,SURVIVES,fire=LIVE (spine/derived-view) — SURVIVES; premise = file-level; no separate premise
function,src/composing/analysis/notemodel/note_model.cpp,build,99,CODE,SURVIVES,fire=LIVE (spine/derived-view) — SURVIVES; premise = file-level; no separate premise
function,src/composing/analysis/notemodel/note_model.cpp,rebuildForLoadedSpan,118,CODE,SURVIVES,fire=LIVE (spine/derived-view) — SURVIVES; premise = file-level; no separate premise
function,src/composing/analysis/notemodel/note_model.cpp,extend,204,CODE,SURVIVES,"fire=DORMANT — production fire-rate 0 — only the dormant L4 decoder reach-back + tests call it (declared dormancy, Phase-3 reach-back)"
function,src/composing/analysis/notemodel/note_model.cpp,build,241,CODE,SURVIVES,fire=LIVE (spine/derived-view) — SURVIVES; premise = file-level; no separate premise
function,src/composing/analysis/notemodel/note_model.cpp,onsetLowerBound,272,CODE,SURVIVES,fire=LIVE (spine/derived-view) — SURVIVES; premise = file-level; no separate premise
function,src/composing/analysis/notemodel/note_model.cpp,overlapIndices,278,CODE,SURVIVES,fire=LIVE (spine/derived-view) — SURVIVES; premise = file-level; no separate premise
function,src/composing/analysis/notemodel/note_model.cpp,collect,286,CODE,SURVIVES,fire=LIVE (spine/derived-view) — SURVIVES; premise = file-level; no separate premise
function,src/composing/analysis/notemodel/note_model.cpp,overlapping,307,CODE,SURVIVES,fire=LIVE (spine/derived-view) — SURVIVES; premise = file-level; no separate premise
function,src/composing/analysis/notemodel/note_model.cpp,onsetIn,327,CODE,SURVIVES,fire=LIVE (spine/derived-view) — SURVIVES; premise = file-level; no separate premise
function,src/composing/analysis/notemodel/note_model.h,score,196,CODE,SURVIVES,fire=LIVE (spine/derived-view) — SURVIVES; premise = file-level; no separate premise
function,src/composing/analysis/notemodel/note_model.h,notes,197,CODE,SURVIVES,fire=LIVE (spine/derived-view) — SURVIVES; premise = file-level; no separate premise
function,src/composing/analysis/notemodel/note_model.h,loadedStart,199,CODE,SURVIVES,fire=LIVE (spine/derived-view) — SURVIVES; premise = file-level; no separate premise
function,src/composing/analysis/notemodel/note_model.h,loadedEnd,200,CODE,SURVIVES,fire=LIVE (spine/derived-view) — SURVIVES; premise = file-level; no separate premise
function,src/composing/analysis/notemodel/note_model.h,selectionStart,201,CODE,SURVIVES,fire=LIVE (spine/derived-view) — SURVIVES; premise = file-level; no separate premise
function,src/composing/analysis/notemodel/note_model.h,selectionEnd,202,CODE,SURVIVES,fire=LIVE (spine/derived-view) — SURVIVES; premise = file-level; no separate premise
function,src/composing/analysis/notemodel/note_model.h,scoreStart,207,CODE,SURVIVES,fire=LIVE (spine/derived-view) — SURVIVES; premise = file-level; no separate premise
function,src/composing/analysis/notemodel/note_model.h,scoreEnd,208,CODE,SURVIVES,fire=LIVE (spine/derived-view) — SURVIVES; premise = file-level; no separate premise
function,src/composing/analysis/notemodel/note_model.h,boundaryReached,210,CODE,SURVIVES,fire=LIVE (spine/derived-view) — SURVIVES; premise = file-level; no separate premise
function,src/composing/analysis/scoreharvest/metricweights.cpp,beatTypeToWeight,39,CODE,SURVIVES-MIXED,fire=LIVE (spine/derived-view) — SURVIVES; premise = file-level; no separate premise
function,src/composing/analysis/scoreharvest/metricweights.cpp,safeBeatType,55,CODE,SURVIVES-MIXED,fire=LIVE (spine/derived-view) — SURVIVES; premise = file-level; no separate premise
function,src/composing/analysis/scoreharvest/metricweights.cpp,regionMetricWeightForBeatType,73,CODE,SURVIVES-MIXED,fire=LIVE (spine/derived-view) — SURVIVES; premise = file-level; no separate premise
function,src/composing/analysis/scoreharvest/metricweights.cpp,beatTypeForOnsetTick,86,CODE,SURVIVES-MIXED,fire=LIVE (spine/derived-view) — SURVIVES; premise = file-level; no separate premise
function,src/composing/analysis/scoreharvest/metricweights.cpp,regionMetricWeightForOnsetTick,105,CODE,SURVIVES-MIXED,fire=LIVE (spine/derived-view) — SURVIVES; premise = file-level; no separate premise
function,src/composing/analysis/scoreharvest/metricweights.cpp,timeDecay,110,CODE,SURVIVES-MIXED,fire=LIVE (spine/derived-view) — SURVIVES; premise = file-level; no separate premise
function,src/composing/analysis/scoreharvest/metricweights.cpp,distinctPitchClasses,115,CODE,SURVIVES-MIXED,fire=LIVE (spine/derived-view) — SURVIVES; premise = file-level; no separate premise
function,src/composing/analysis/scoreharvest/metricweights.cpp,buildPedalWindowIndex,131,CODE,SURVIVES-MIXED,fire=LIVE (spine/derived-view) — SURVIVES; premise = file-level; no separate premise
function,src/composing/analysis/slicing/slicer.cpp,changePointSlices,29,CODE,SURVIVES,fire=LIVE (spine/derived-view) — SURVIVES; premise = file-level; no separate premise
literal,src/composing/analysis/engravingbridge/phraseboundaryview.cpp,0.0,225,CONST,ESTABLISHED,in_manifest=False — init/identity literal (accumulator seed / multiplicative identity) — not a tunable weight (func=changeRatio)
literal,src/composing/analysis/engravingbridge/phraseboundaryview.cpp,0.0,226,CONST,ESTABLISHED,in_manifest=False — init/identity literal (accumulator seed / multiplicative identity) — not a tunable weight (func=changeRatio)
literal,src/composing/analysis/engravingbridge/phraseboundaryview.cpp,0.0,234,CONST,ESTABLISHED,in_manifest=False — init/identity literal (accumulator seed / multiplicative identity) — not a tunable weight (func=localChangeProfile)
literal,src/composing/analysis/engravingbridge/phraseboundaryview.cpp,0.0,236,CONST,ESTABLISHED,in_manifest=False — init/identity literal (accumulator seed / multiplicative identity) — not a tunable weight (func=localChangeProfile)
literal,src/composing/analysis/engravingbridge/phraseboundaryview.cpp,0.0,237,CONST,ESTABLISHED,in_manifest=False — init/identity literal (accumulator seed / multiplicative identity) — not a tunable weight (func=localChangeProfile)
literal,src/composing/analysis/engravingbridge/phraseboundaryview.cpp,0.0,245,CONST,ESTABLISHED,in_manifest=False — init/identity literal (accumulator seed / multiplicative identity) — not a tunable weight (func=maxNormalizeInPlace)
literal,src/composing/analysis/engravingbridge/phraseboundaryview.cpp,0.0,249,CONST,ESTABLISHED,in_manifest=False — init/identity literal (accumulator seed / multiplicative identity) — not a tunable weight (func=maxNormalizeInPlace)
literal,src/composing/analysis/engravingbridge/phraseboundaryview.cpp,0.0,264,CONST,ESTABLISHED,in_manifest=False — init/identity literal (accumulator seed / multiplicative identity) — not a tunable weight (func=pickPeaks)
literal,src/composing/analysis/engravingbridge/phraseboundaryview.cpp,0.0,264,CONST,ESTABLISHED,in_manifest=False — init/identity literal (accumulator seed / multiplicative identity) — not a tunable weight (func=pickPeaks)
literal,src/composing/analysis/engravingbridge/phraseboundaryview.cpp,0.0,270,CONST,ESTABLISHED,in_manifest=False — init/identity literal (accumulator seed / multiplicative identity) — not a tunable weight (func=pickPeaks)
literal,src/composing/analysis/engravingbridge/phraseboundaryview.cpp,0.0,315,CONST,ESTABLISHED,in_manifest=False — init/identity literal (accumulator seed / multiplicative identity) — not a tunable weight (func=computePhraseBoundaryProfile)
literal,src/composing/analysis/engravingbridge/phraseboundaryview.cpp,0.0,315,CONST,ESTABLISHED,in_manifest=False — init/identity literal (accumulator seed / multiplicative identity) — not a tunable weight (func=computePhraseBoundaryProfile)
literal,src/composing/analysis/engravingbridge/phraseboundaryview.cpp,0.0,315,CONST,ESTABLISHED,in_manifest=False — init/identity literal (accumulator seed / multiplicative identity) — not a tunable weight (func=computePhraseBoundaryProfile)
literal,src/composing/analysis/engravingbridge/phraseboundaryview.cpp,0.0,339,CONST,ESTABLISHED,in_manifest=False — init/identity literal (accumulator seed / multiplicative identity) — not a tunable weight (func=computePhraseBoundaryProfile)
literal,src/composing/analysis/engravingbridge/phraseboundaryview.cpp,0.0,345,CONST,ESTABLISHED,in_manifest=False — init/identity literal (accumulator seed / multiplicative identity) — not a tunable weight (func=computePhraseBoundaryProfile)
literal,src/composing/analysis/engravingbridge/phraseboundaryview.cpp,0.0,366,CONST,ESTABLISHED,in_manifest=False — init/identity literal (accumulator seed / multiplicative identity) — not a tunable weight (func=computePhraseBoundaryProfile)
literal,src/composing/analysis/engravingbridge/phraseboundaryview.cpp,0.0,398,CONST,ESTABLISHED,in_manifest=False — init/identity literal (accumulator seed / multiplicative identity) — not a tunable weight (func=computePhraseBoundaryProfile)
literal,src/composing/analysis/engravingbridge/phraseboundaryview.cpp,1.0,400,CONST,ESTABLISHED,in_manifest=False — init/identity literal (accumulator seed / multiplicative identity) — not a tunable weight (func=computePhraseBoundaryProfile)
literal,src/composing/analysis/engravingbridge/phraseboundaryview.cpp,0.0,430,CONST,ESTABLISHED,in_manifest=False — init/identity literal (accumulator seed / multiplicative identity) — not a tunable weight (func=computePhraseBoundaryProfile)
literal,src/composing/analysis/engravingbridge/phraseboundaryview.h,0.50,85,CONST,UNFIT,"in_manifest=True — wGap — precision-phase, IN param_manifest (func=<file-scope>)"
literal,src/composing/analysis/engravingbridge/phraseboundaryview.h,0.30,86,CONST,UNFIT,"in_manifest=True — wInterOnset — precision-phase, IN param_manifest (func=<file-scope>)"
literal,src/composing/analysis/engravingbridge/phraseboundaryview.h,0.20,87,CONST,UNFIT,"in_manifest=True — wPitch — precision-phase, IN param_manifest (func=<file-scope>)"
literal,src/composing/analysis/engravingbridge/phraseboundaryview.h,1.0,91,CONST,UNFIT,"in_manifest=False — k (Simple-Picker SD offset) — precision-phase, NOT in manifest (func=<file-scope>)"
literal,src/composing/analysis/engravingbridge/phraseboundaryview.h,0.0,103,CONST,UNFIT,"in_manifest=False — coincidenceWeight default-off — precision-phase, NOT in manifest (func=<file-scope>)"
literal,src/composing/analysis/engravingbridge/phraseboundaryview.h,240,107,CONST,UNFIT,"in_manifest=False — minSilenceTicks — precision-phase, NOT in manifest (and a raw tick, not DIVISION-derived) (func=<file-scope>)"
literal,src/composing/analysis/engravingbridge/phraseboundaryview.h,1.5,114,CONST,UNFIT,"in_manifest=True — spikeCeilingFactor — precision-phase, IN param_manifest (func=<file-scope>)"
literal,src/composing/analysis/engravingbridge/regiontonecollector.cpp,0.0,87,CONST,ESTABLISHED,in_manifest=False — init/identity literal (accumulator seed / multiplicative identity) — not a tunable weight (func=weightedPcView)
literal,src/composing/analysis/engravingbridge/regiontonecollector.cpp,12,94,CONST,ESTABLISHED,"in_manifest=False — 12 = pitch-class count (music FACT, not tunable) (func=weightedPcView)"
literal,src/composing/analysis/engravingbridge/regiontonecollector.cpp,12,96,CONST,ESTABLISHED,"in_manifest=False — 12 = pitch-class count (music FACT, not tunable) (func=weightedPcView)"
literal,src/composing/analysis/engravingbridge/regiontonecollector.cpp,0.0,104,CONST,ESTABLISHED,in_manifest=False — init/identity literal (accumulator seed / multiplicative identity) — not a tunable weight (func=weightedPcView)
literal,src/composing/analysis/engravingbridge/regiontonecollector.cpp,12,143,CONST,ESTABLISHED,"in_manifest=False — 12 = pitch-class count (music FACT, not tunable) (func=weightedPcView)"
literal,src/composing/analysis/engravingbridge/regiontonecollector.cpp,4,151,CONST,ESTABLISHED,in_manifest=False — 4 = quarters-per-whole / 4-whole-note window (metric FACT) (func=weightedPcView)
literal,src/composing/analysis/engravingbridge/regiontonecollector.cpp,0.75,155,CONST,ESTABLISHED,in_manifest=False — bwAtRegionStart fallback = UNSTRESSED metric weight (reuse of the established table value) (func=weightedPcView)
literal,src/composing/analysis/engravingbridge/regiontonecollector.cpp,0.75,157,CONST,ESTABLISHED,in_manifest=False — bwAtRegionStart fallback = UNSTRESSED metric weight (reuse of the established table value) (func=weightedPcView)
literal,src/composing/analysis/engravingbridge/regiontonecollector.cpp,12,181,CONST,ESTABLISHED,"in_manifest=False — 12 = pitch-class count (music FACT, not tunable) (func=weightedPcView)"
literal,src/composing/analysis/engravingbridge/regiontonecollector.cpp,12,187,CONST,ESTABLISHED,"in_manifest=False — 12 = pitch-class count (music FACT, not tunable) (func=weightedPcView)"
literal,src/composing/analysis/engravingbridge/regiontonecollector.cpp,12,202,CONST,ESTABLISHED,"in_manifest=False — 12 = pitch-class count (music FACT, not tunable) (func=weightedPcView)"
literal,src/composing/analysis/engravingbridge/regiontonecollector.cpp,3,206,CONST,ESTABLISHED,in_manifest=False — dense-start threshold 3 distinct pcs — legacy structural (batch-only path) (func=weightedPcView)
literal,src/composing/analysis/engravingbridge/regiontonecollector.cpp,12,215,CONST,ESTABLISHED,"in_manifest=False — 12 = pitch-class count (music FACT, not tunable) (func=weightedPcView)"
literal,src/composing/analysis/engravingbridge/regiontonecollector.cpp,12,290,CONST,ESTABLISHED,"in_manifest=False — 12 = pitch-class count (music FACT, not tunable) (func=weightedPcView)"
literal,src/composing/analysis/engravingbridge/regiontonecollector.cpp,0.0,292,CONST,ESTABLISHED,in_manifest=False — init/identity literal (accumulator seed / multiplicative identity) — not a tunable weight (func=weightedPcView)
literal,src/composing/analysis/engravingbridge/regiontonecollector.cpp,1.0,297,CONST,ESTABLISHED,in_manifest=False — init/identity literal (accumulator seed / multiplicative identity) — not a tunable weight (func=weightedPcView)
literal,src/composing/analysis/engravingbridge/regiontonecollector.cpp,0.3,297,CONST,UNFIT,"in_manifest=False — repetition-boost magnitude — inference weight, not in manifest (func=weightedPcView)"
literal,src/composing/analysis/engravingbridge/regiontonecollector.cpp,12,302,CONST,ESTABLISHED,"in_manifest=False — 12 = pitch-class count (music FACT, not tunable) (func=weightedPcView)"
literal,src/composing/analysis/engravingbridge/regiontonecollector.cpp,0.0,304,CONST,ESTABLISHED,in_manifest=False — init/identity literal (accumulator seed / multiplicative identity) — not a tunable weight (func=weightedPcView)
literal,src/composing/analysis/engravingbridge/regiontonecollector.cpp,1.5,312,CONST,UNFIT,"in_manifest=False — cross-voice-boost magnitude — inference weight, not in manifest (func=weightedPcView)"
literal,src/composing/analysis/engravingbridge/regiontonecollector.cpp,0.0,317,CONST,ESTABLISHED,in_manifest=False — init/identity literal (accumulator seed / multiplicative identity) — not a tunable weight (func=weightedPcView)
literal,src/composing/analysis/engravingbridge/regiontonecollector.cpp,0.0,344,CONST,ESTABLISHED,in_manifest=False — init/identity literal (accumulator seed / multiplicative identity) — not a tunable weight (func=weightedPcView)
literal,src/composing/analysis/engravingbridge/regiontonecollector.cpp,12,345,CONST,ESTABLISHED,"in_manifest=False — 12 = pitch-class count (music FACT, not tunable) (func=weightedPcView)"
literal,src/composing/analysis/engravingbridge/regiontonecollector.cpp,0.0,348,CONST,ESTABLISHED,in_manifest=False — init/identity literal (accumulator seed / multiplicative identity) — not a tunable weight (func=weightedPcView)
literal,src/composing/analysis/engravingbridge/regiontonecollector.cpp,12,354,CONST,ESTABLISHED,"in_manifest=False — 12 = pitch-class count (music FACT, not tunable) (func=weightedPcView)"
literal,src/composing/analysis/engravingbridge/regiontonecollector.cpp,12,360,CONST,ESTABLISHED,"in_manifest=False — 12 = pitch-class count (music FACT, not tunable) (func=weightedPcView)"
literal,src/composing/analysis/engravingbridge/regiontonecollector.cpp,0.0,361,CONST,ESTABLISHED,in_manifest=False — init/identity literal (accumulator seed / multiplicative identity) — not a tunable weight (func=weightedPcView)
literal,src/composing/analysis/engravingbridge/regiontonecollector.cpp,12,367,CONST,ESTABLISHED,"in_manifest=False — 12 = pitch-class count (music FACT, not tunable) (func=weightedPcView)"
literal,src/composing/analysis/engravingbridge/regiontonecollector.cpp,12,370,CONST,ESTABLISHED,"in_manifest=False — 12 = pitch-class count (music FACT, not tunable) (func=weightedPcView)"
literal,src/composing/analysis/engravingbridge/regiontonecollector.cpp,0.0,372,CONST,ESTABLISHED,in_manifest=False — init/identity literal (accumulator seed / multiplicative identity) — not a tunable weight (func=weightedPcView)
literal,src/composing/analysis/engravingbridge/regiontonecollector.h,0.25,194,CONST,UNFIT,"in_manifest=False — detectOnsetSubBoundaries Jaccard threshold — L2-legacy, not in manifest (retires R6) (func=<file-scope>)"
literal,src/composing/analysis/engravingbridge/regiontonecollector.h,2,207,CONST,ESTABLISHED,"in_manifest=False — structural 2 (binary tree / boundary-pair / *2 reserve) — FACT, not tunable (func=<file-scope>)"
literal,src/composing/analysis/engravingbridge/regiontonecollector.h,0.7,249,CONST,UNFIT,"in_manifest=False — SpanWindowWeights.decayRate seed — mirrors DECAY_RATE, not in manifest (func=<file-scope>)"
literal,src/composing/analysis/engravingbridge/regiontonecollector.h,0.5,250,CONST,UNFIT,in_manifest=False — SpanWindowWeights.lookaheadWeight seed — not in manifest (func=<file-scope>)
literal,src/composing/analysis/engravingbridge/regiontonecollector.h,4.0,251,CONST,ESTABLISHED,in_manifest=False — 4 = quarters-per-whole / 4-whole-note window (metric FACT) (func=<file-scope>)
literal,src/composing/analysis/engravingbridge/regiontoneprimitives.cpp,1.0,161,CONST,ESTABLISHED,in_manifest=False — init/identity literal (accumulator seed / multiplicative identity) — not a tunable weight (func=collectPitchContext)
literal,src/composing/analysis/engravingbridge/regiontoneprimitives.cpp,0.0,259,CONST,ESTABLISHED,in_manifest=False — init/identity literal (accumulator seed / multiplicative identity) — not a tunable weight (func=pitchContextOverSpan)
literal,src/composing/analysis/engravingbridge/regiontoneprimitives.cpp,1.0,268,CONST,ESTABLISHED,in_manifest=False — init/identity literal (accumulator seed / multiplicative identity) — not a tunable weight (func=pitchContextOverSpan)
literal,src/composing/analysis/engravingbridge/regiontoneprimitives.cpp,12,330,CONST,ESTABLISHED,"in_manifest=False — 12 = pitch-class count (music FACT, not tunable) (func=detectOnsetSubBoundaries)"
literal,src/composing/analysis/engravingbridge/regiontoneprimitives.cpp,2,340,CONST,ESTABLISHED,"in_manifest=False — structural 2 (binary tree / boundary-pair / *2 reserve) — FACT, not tunable (func=detectOnsetSubBoundaries)"
literal,src/composing/analysis/engravingbridge/regiontoneprimitives.cpp,2,344,CONST,ESTABLISHED,"in_manifest=False — structural 2 (binary tree / boundary-pair / *2 reserve) — FACT, not tunable (func=detectOnsetSubBoundaries)"
literal,src/composing/analysis/engravingbridge/regiontoneprimitives.cpp,1.0,356,CONST,ESTABLISHED,in_manifest=False — init/identity literal (accumulator seed / multiplicative identity) — not a tunable weight (func=detectOnsetSubBoundaries)
literal,src/composing/analysis/engravingbridge/regiontoneprimitives.cpp,0.0,357,CONST,ESTABLISHED,in_manifest=False — init/identity literal (accumulator seed / multiplicative identity) — not a tunable weight (func=detectOnsetSubBoundaries)
literal,src/composing/analysis/engravingbridge/regiontoneprimitives.cpp,12,419,CONST,ESTABLISHED,"in_manifest=False — 12 = pitch-class count (music FACT, not tunable) (func=detectBassMovementSubBoundaries)"
literal,src/composing/analysis/engravingbridge/spellingview.h,0.0,101,CONST,ESTABLISHED,in_manifest=False — init/identity literal (accumulator seed / multiplicative identity) — not a tunable weight (func=<file-scope>)
literal,src/composing/analysis/notemodel/note_model.cpp,2,263,CONST,ESTABLISHED,"in_manifest=False — structural 2 (binary tree / boundary-pair / *2 reserve) — FACT, not tunable (func=build)"
literal,src/composing/analysis/notemodel/note_model.cpp,2,268,CONST,ESTABLISHED,"in_manifest=False — structural 2 (binary tree / boundary-pair / *2 reserve) — FACT, not tunable (func=build)"
literal,src/composing/analysis/notemodel/note_model.cpp,2,268,CONST,ESTABLISHED,"in_manifest=False — structural 2 (binary tree / boundary-pair / *2 reserve) — FACT, not tunable (func=build)"
literal,src/composing/analysis/notemodel/note_model.cpp,2,302,CONST,ESTABLISHED,"in_manifest=False — structural 2 (binary tree / boundary-pair / *2 reserve) — FACT, not tunable (func=collect)"
literal,src/composing/analysis/notemodel/note_model.cpp,2,303,CONST,ESTABLISHED,"in_manifest=False — structural 2 (binary tree / boundary-pair / *2 reserve) — FACT, not tunable (func=collect)"
literal,src/composing/analysis/notemodel/note_model.cpp,2,304,CONST,ESTABLISHED,"in_manifest=False — structural 2 (binary tree / boundary-pair / *2 reserve) — FACT, not tunable (func=collect)"
literal,src/composing/analysis/scoreharvest/metricweights.cpp,1.0,77,CONST,ESTABLISHED,in_manifest=False — init/identity literal (accumulator seed / multiplicative identity) — not a tunable weight (func=regionMetricWeightForBeatType)
literal,src/composing/analysis/scoreharvest/metricweights.cpp,0.85,79,CONST,UNFIT,"in_manifest=False — metric weight STRESSED — hand-set, not in manifest (EG-5/T3-1) (func=regionMetricWeightForBeatType)"
literal,src/composing/analysis/scoreharvest/metricweights.cpp,0.75,81,CONST,UNFIT,"in_manifest=False — metric weight UNSTRESSED — hand-set, not in manifest (func=regionMetricWeightForBeatType)"
literal,src/composing/analysis/scoreharvest/metricweights.cpp,0.5,82,CONST,UNFIT,"in_manifest=False — metric weight SUBBEAT/fallback — hand-set, not in manifest (func=regionMetricWeightForBeatType)"
literal,src/composing/analysis/scoreharvest/metricweights.cpp,12,117,CONST,ESTABLISHED,"in_manifest=False — 12 = pitch-class count (music FACT, not tunable) (func=distinctPitchClasses)"
literal,src/composing/analysis/scoreharvest/metricweights.cpp,12,121,CONST,ESTABLISHED,"in_manifest=False — 12 = pitch-class count (music FACT, not tunable) (func=distinctPitchClasses)"
literal,src/composing/analysis/scoreharvest/metricweights.h,16,57,CONST,UNFIT,"in_manifest=False — LOOKBACK_BEATS — L3 key-window, hand-set, not in manifest (func=<file-scope>)"
literal,src/composing/analysis/scoreharvest/metricweights.h,8,58,CONST,UNFIT,"in_manifest=False — LOOKAHEAD_BEATS — L3 key-window, hand-set, not in manifest (func=<file-scope>)"
literal,src/composing/analysis/scoreharvest/metricweights.h,0.5,59,CONST,UNFIT,"in_manifest=False — LOOKAHEAD_WEIGHT — hand-set, not in manifest (func=<file-scope>)"
literal,src/composing/analysis/scoreharvest/metricweights.h,0.7,60,CONST,UNFIT,"in_manifest=False — DECAY_RATE — hand-set, not in manifest (func=<file-scope>)"
literal,src/composing/analysis/scoreharvest/metricweights.h,4,69,CONST,ESTABLISHED,in_manifest=False — 4 = quarters-per-whole / 4-whole-note window (metric FACT) (func=<file-scope>)
literal,src/composing/analysis/scoreharvest/metricweights.h,4.0,104,CONST,UNFIT,"in_manifest=False — timeDecay beatsPerUnit default — hand-set, not in manifest (func=<file-scope>)"
literal,src/composing/analysis/slicing/slicer.cpp,2,38,CONST,ESTABLISHED,"in_manifest=False — structural 2 (binary tree / boundary-pair / *2 reserve) — FACT, not tunable (func=changePointSlices)"
literal,src/composing/analysis/slicing/slicer.cpp,2,59,CONST,ESTABLISHED,"in_manifest=False — structural 2 (binary tree / boundary-pair / *2 reserve) — FACT, not tunable (func=changePointSlices)"
literal,src/composing/analysis/slicing/slicer.cpp,2,95,CONST,ESTABLISHED,"in_manifest=False — structural 2 (binary tree / boundary-pair / *2 reserve) — FACT, not tunable (func=changePointSlices)"
field,src/composing/analysis/engravingbridge/phraseboundaryview.h,PhraseBoundaryParams.wGap,85,DERIVED,PUBLISHED,cross-visible struct field on PhraseBoundaryParams — published surface; consumer per file disposition
field,src/composing/analysis/engravingbridge/phraseboundaryview.h,PhraseBoundaryParams.wInterOnset,86,DERIVED,PUBLISHED,cross-visible struct field on PhraseBoundaryParams — published surface; consumer per file disposition
field,src/composing/analysis/engravingbridge/phraseboundaryview.h,PhraseBoundaryParams.wPitch,87,DERIVED,PUBLISHED,cross-visible struct field on PhraseBoundaryParams — published surface; consumer per file disposition
field,src/composing/analysis/engravingbridge/phraseboundaryview.h,PhraseBoundaryParams.k,91,DERIVED,PUBLISHED,cross-visible struct field on PhraseBoundaryParams — published surface; consumer per file disposition
field,src/composing/analysis/engravingbridge/phraseboundaryview.h,PhraseBoundaryParams.tauTicks,97,DERIVED,PUBLISHED,cross-visible struct field on PhraseBoundaryParams — published surface; consumer per file disposition
field,src/composing/analysis/engravingbridge/phraseboundaryview.h,PhraseBoundaryParams.coincidenceWeight,103,DERIVED,PUBLISHED,cross-visible struct field on PhraseBoundaryParams — published surface; consumer per file disposition
field,src/composing/analysis/engravingbridge/phraseboundaryview.h,PhraseBoundaryParams.minSilenceTicks,107,DERIVED,PUBLISHED,cross-visible struct field on PhraseBoundaryParams — published surface; consumer per file disposition
field,src/composing/analysis/engravingbridge/phraseboundaryview.h,PhraseBoundaryParams.spikeCeilingFactor,114,DERIVED,PUBLISHED,cross-visible struct field on PhraseBoundaryParams — published surface; consumer per file disposition
field,src/composing/analysis/engravingbridge/phraseboundaryview.h,VoiceBoundaryProfile.staff,123,DERIVED,PUBLISHED,cross-visible struct field on VoiceBoundaryProfile — published surface; consumer per file disposition
field,src/composing/analysis/engravingbridge/phraseboundaryview.h,VoiceBoundaryProfile.voice,124,DERIVED,PUBLISHED,cross-visible struct field on VoiceBoundaryProfile — published surface; consumer per file disposition
field,src/composing/analysis/engravingbridge/phraseboundaryview.h,VoiceBoundaryProfile.onsets,125,DERIVED,PUBLISHED,cross-visible struct field on VoiceBoundaryProfile — published surface; consumer per file disposition
field,src/composing/analysis/engravingbridge/phraseboundaryview.h,VoiceBoundaryProfile.strength,126,DERIVED,PUBLISHED,cross-visible struct field on VoiceBoundaryProfile — published surface; consumer per file disposition
field,src/composing/analysis/engravingbridge/phraseboundaryview.h,PhraseBoundaryProfile.perVoice,133,DERIVED,PUBLISHED,cross-visible struct field on PhraseBoundaryProfile — published surface; consumer per file disposition
field,src/composing/analysis/engravingbridge/phraseboundaryview.h,PhraseBoundaryProfile.textureTicks,134,DERIVED,PUBLISHED,cross-visible struct field on PhraseBoundaryProfile — published surface; consumer per file disposition
field,src/composing/analysis/engravingbridge/phraseboundaryview.h,PhraseBoundaryProfile.textureStrength,135,DERIVED,PUBLISHED,cross-visible struct field on PhraseBoundaryProfile — published surface; consumer per file disposition
field,src/composing/analysis/engravingbridge/phraseboundaryview.h,PhraseBoundaryProfile.pickedTicks,136,DERIVED,PUBLISHED,cross-visible struct field on PhraseBoundaryProfile — published surface; consumer per file disposition
field,src/composing/analysis/engravingbridge/regiontonecollector.h,SpanWindowWeights.decayRate,249,DERIVED,PUBLISHED,cross-visible struct field on SpanWindowWeights — published surface; consumer per file disposition
field,src/composing/analysis/engravingbridge/regiontonecollector.h,SpanWindowWeights.lookaheadWeight,250,DERIVED,PUBLISHED,cross-visible struct field on SpanWindowWeights — published surface; consumer per file disposition
field,src/composing/analysis/engravingbridge/regiontonecollector.h,SpanWindowWeights.beatsPerDecayUnit,251,DERIVED,PUBLISHED,cross-visible struct field on SpanWindowWeights — published surface; consumer per file disposition
field,src/composing/analysis/engravingbridge/spellingview.h,SpanSpelling.count,100,DERIVED,PUBLISHED,cross-visible struct field on SpanSpelling — published surface; consumer per file disposition
field,src/composing/analysis/engravingbridge/spellingview.h,SpanSpelling.lofCentroid,101,DERIVED,PUBLISHED,cross-visible struct field on SpanSpelling — published surface; consumer per file disposition
field,src/composing/analysis/engravingbridge/spellingview.h,SpanSpelling.sharpCount,102,DERIVED,PUBLISHED,cross-visible struct field on SpanSpelling — published surface; consumer per file disposition
field,src/composing/analysis/engravingbridge/spellingview.h,SpanSpelling.flatCount,103,DERIVED,PUBLISHED,cross-visible struct field on SpanSpelling — published surface; consumer per file disposition
field,src/composing/analysis/engravingbridge/spellingview.h,SpanSpelling.naturalCount,104,DERIVED,PUBLISHED,cross-visible struct field on SpanSpelling — published surface; consumer per file disposition
field,src/composing/analysis/notemodel/note_model.h,NoteEvent.pitch,81,DERIVED,PUBLISHED,cross-visible struct field on NoteEvent — published surface; consumer per file disposition
field,src/composing/analysis/notemodel/note_model.h,NoteEvent.tpc,82,DERIVED,PUBLISHED,cross-visible struct field on NoteEvent — published surface; consumer per file disposition
field,src/composing/analysis/notemodel/note_model.h,NoteEvent.staff,83,DERIVED,PUBLISHED,cross-visible struct field on NoteEvent — published surface; consumer per file disposition
field,src/composing/analysis/notemodel/note_model.h,NoteEvent.voice,84,DERIVED,PUBLISHED,cross-visible struct field on NoteEvent — published surface; consumer per file disposition
field,src/composing/analysis/notemodel/note_model.h,NoteEvent.onset,85,DERIVED,PUBLISHED,cross-visible struct field on NoteEvent — published surface; consumer per file disposition
field,src/composing/analysis/notemodel/note_model.h,NoteEvent.release,86,DERIVED,PUBLISHED,cross-visible struct field on NoteEvent — published surface; consumer per file disposition
field,src/composing/analysis/notemodel/note_model.h,NoteEvent.duration,87,DERIVED,PUBLISHED,cross-visible struct field on NoteEvent — published surface; consumer per file disposition
field,src/composing/analysis/notemodel/note_model.h,NoteEvent.isGrace,88,DERIVED,PUBLISHED,cross-visible struct field on NoteEvent — published surface; consumer per file disposition
field,src/composing/analysis/notemodel/note_model.h,NoteEvent.plays,89,DERIVED,PUBLISHED,cross-visible struct field on NoteEvent — published surface; consumer per file disposition
field,src/composing/analysis/notemodel/note_model.h,NoteEvent.visible,90,DERIVED,PUBLISHED,cross-visible struct field on NoteEvent — published surface; consumer per file disposition
field,src/composing/analysis/notemodel/note_model.h,NoteEvent.staffEligible,91,DERIVED,PUBLISHED,cross-visible struct field on NoteEvent — published surface; consumer per file disposition
field,src/composing/analysis/scoreharvest/metricweights.h,PedalWindow.startTick,113,DERIVED,PUBLISHED,cross-visible struct field on PedalWindow — published surface; consumer per file disposition
field,src/composing/analysis/scoreharvest/metricweights.h,PedalWindow.endTick,114,DERIVED,PUBLISHED,cross-visible struct field on PedalWindow — published surface; consumer per file disposition
field,src/composing/analysis/slicing/slicer.h,Slice.start,85,DERIVED,PUBLISHED,cross-visible struct field on Slice — published surface; consumer per file disposition
field,src/composing/analysis/slicing/slicer.h,Slice.end,86,DERIVED,PUBLISHED,cross-visible struct field on Slice — published surface; consumer per file disposition
decl,src/composing/analysis/engravingbridge/phraseboundaryview.h,<namespace>::changeRatio,143,CODE,SURVIVES,declaration — verdict mirrors its definition row
decl,src/composing/analysis/engravingbridge/phraseboundaryview.h,<namespace>::localChangeProfile,151,CODE,SURVIVES,declaration — verdict mirrors its definition row
decl,src/composing/analysis/engravingbridge/phraseboundaryview.h,<namespace>::maxNormalizeInPlace,155,CODE,SURVIVES,declaration — verdict mirrors its definition row
decl,src/composing/analysis/engravingbridge/phraseboundaryview.h,<namespace>::pickPeaks,162,CODE,SURVIVES,declaration — verdict mirrors its definition row
decl,src/composing/analysis/engravingbridge/phraseboundaryview.h,<namespace>::phraseBoundaryTicks,175,CODE,SURVIVES,declaration — verdict mirrors its definition row
decl,src/composing/analysis/engravingbridge/regiontonecollector.h,<namespace>::staff,79,CODE,SURVIVES,declaration — verdict mirrors its definition row
decl,src/composing/analysis/engravingbridge/regiontonecollector.h,<namespace>::instrument,86,CODE,SURVIVES,declaration — verdict mirrors its definition row
decl,src/composing/analysis/engravingbridge/regiontonecollector.h,<namespace>::trackName,87,CODE,SURVIVES,declaration — verdict mirrors its definition row
decl,src/composing/analysis/engravingbridge/regiontonecollector.h,<namespace>::staff,95,CODE,SURVIVES,declaration — verdict mirrors its definition row
decl,src/composing/analysis/engravingbridge/regiontonecollector.h,<namespace>::buildTones,133,CODE,SURVIVES,declaration — verdict mirrors its definition row
decl,src/composing/analysis/engravingbridge/spellingview.h,<namespace>::lineOfFifths,86,CODE,SURVIVES,declaration — verdict mirrors its definition row
decl,src/composing/analysis/engravingbridge/spellingview.h,<namespace>::sharpFlatSense,91,CODE,SURVIVES,declaration — verdict mirrors its definition row
decl,src/composing/analysis/engravingbridge/spellingview.h,<namespace>::spanSpelling,108,CODE,SURVIVES,declaration — verdict mirrors its definition row
decl,src/composing/analysis/notemodel/note_model.h,<namespace>::build,117,CODE,SURVIVES,declaration — verdict mirrors its definition row
decl,src/composing/analysis/notemodel/note_model.h,<namespace>::onsetLowerBound,120,CODE,SURVIVES,declaration — verdict mirrors its definition row
decl,src/composing/analysis/notemodel/note_model.h,<namespace>::overlapIndices,124,CODE,SURVIVES,declaration — verdict mirrors its definition row
decl,src/composing/analysis/notemodel/note_model.h,<namespace>::build,177,CODE,SURVIVES,declaration — verdict mirrors its definition row
decl,src/composing/analysis/notemodel/note_model.h,<namespace>::build,184,CODE,SURVIVES,declaration — verdict mirrors its definition row
decl,src/composing/analysis/notemodel/note_model.h,<namespace>::extend,194,CODE,SURVIVES,declaration — verdict mirrors its definition row
decl,src/composing/analysis/notemodel/note_model.h,<namespace>::overlapping,215,CODE,SURVIVES,declaration — verdict mirrors its definition row
decl,src/composing/analysis/notemodel/note_model.h,<namespace>::onsetIn,219,CODE,SURVIVES,declaration — verdict mirrors its definition row
decl,src/composing/analysis/notemodel/note_model.h,<namespace>::rebuildForLoadedSpan,226,CODE,SURVIVES,declaration — verdict mirrors its definition row
decl,src/composing/analysis/scoreharvest/metricweights.h,<namespace>::regionMetricWeightForBeatType,83,CODE,SURVIVES,declaration — verdict mirrors its definition row
decl,src/composing/analysis/scoreharvest/metricweights.h,<namespace>::beatTypeForOnsetTick,91,CODE,SURVIVES,declaration — verdict mirrors its definition row
decl,src/composing/analysis/scoreharvest/metricweights.h,<namespace>::regionMetricWeightForOnsetTick,97,CODE,SURVIVES,declaration — verdict mirrors its definition row
decl,src/composing/analysis/scoreharvest/metricweights.h,<namespace>::timeDecay,104,CODE,SURVIVES,declaration — verdict mirrors its definition row
decl,src/composing/analysis/scoreharvest/metricweights.h,<namespace>::distinctPitchClasses,107,CODE,SURVIVES,declaration — verdict mirrors its definition row
decl,src/composing/analysis/slicing/slicer.h,<namespace>::changePointSlices,105,CODE,SURVIVES,declaration — verdict mirrors its definition row
branch,src/composing/analysis/engravingbridge/phraseboundaryview.cpp,if@collectVoiceLines:74,74,CODE,SURVIVES,control-flow branch within collectVoiceLines(); disposition inherits the function; edge-behavior audited at file level
branch,src/composing/analysis/engravingbridge/phraseboundaryview.cpp,if@collectVoiceLines:78,78,CODE,SURVIVES,control-flow branch within collectVoiceLines(); disposition inherits the function; edge-behavior audited at file level
branch,src/composing/analysis/engravingbridge/phraseboundaryview.cpp,if@collectMarkerTicks:106,106,CODE,SURVIVES,control-flow branch within collectMarkerTicks(); disposition inherits the function; edge-behavior audited at file level
branch,src/composing/analysis/engravingbridge/phraseboundaryview.cpp,if@collectMarkerTicks:113,113,CODE,SURVIVES,control-flow branch within collectMarkerTicks(); disposition inherits the function; edge-behavior audited at file level
branch,src/composing/analysis/engravingbridge/phraseboundaryview.cpp,if@collectMarkerTicks:123,123,CODE,SURVIVES,control-flow branch within collectMarkerTicks(); disposition inherits the function; edge-behavior audited at file level
branch,src/composing/analysis/engravingbridge/phraseboundaryview.cpp,if@collectMarkerTicks:134,134,CODE,SURVIVES,control-flow branch within collectMarkerTicks(); disposition inherits the function; edge-behavior audited at file level
branch,src/composing/analysis/engravingbridge/phraseboundaryview.cpp,if@collectMarkerTicks:141,141,CODE,SURVIVES,control-flow branch within collectMarkerTicks(); disposition inherits the function; edge-behavior audited at file level
branch,src/composing/analysis/engravingbridge/phraseboundaryview.cpp,if@collectMarkerTicks:146,146,CODE,SURVIVES,control-flow branch within collectMarkerTicks(); disposition inherits the function; edge-behavior audited at file level
branch,src/composing/analysis/engravingbridge/phraseboundaryview.cpp,if@collectMarkerTicks:151,151,CODE,SURVIVES,control-flow branch within collectMarkerTicks(); disposition inherits the function; edge-behavior audited at file level
branch,src/composing/analysis/engravingbridge/phraseboundaryview.cpp,else-if@collectMarkerTicks:153,153,CODE,SURVIVES,control-flow branch within collectMarkerTicks(); disposition inherits the function; edge-behavior audited at file level
branch,src/composing/analysis/engravingbridge/phraseboundaryview.cpp,if@collectMarkerTicks:164,164,CODE,SURVIVES,control-flow branch within collectMarkerTicks(); disposition inherits the function; edge-behavior audited at file level
branch,src/composing/analysis/engravingbridge/phraseboundaryview.cpp,if@collectMarkerTicks:168,168,CODE,SURVIVES,control-flow branch within collectMarkerTicks(); disposition inherits the function; edge-behavior audited at file level
branch,src/composing/analysis/engravingbridge/phraseboundaryview.cpp,if@collectMarkerTicks:178,178,CODE,SURVIVES,control-flow branch within collectMarkerTicks(); disposition inherits the function; edge-behavior audited at file level
branch,src/composing/analysis/engravingbridge/phraseboundaryview.cpp,switch@collectMarkerTicks:182,182,CODE,SURVIVES,control-flow branch within collectMarkerTicks(); disposition inherits the function; edge-behavior audited at file level
branch,src/composing/analysis/engravingbridge/phraseboundaryview.cpp,case@collectMarkerTicks:183,183,CODE,SURVIVES,control-flow branch within collectMarkerTicks(); disposition inherits the function; edge-behavior audited at file level
branch,src/composing/analysis/engravingbridge/phraseboundaryview.cpp,case@collectMarkerTicks:184,184,CODE,SURVIVES,control-flow branch within collectMarkerTicks(); disposition inherits the function; edge-behavior audited at file level
branch,src/composing/analysis/engravingbridge/phraseboundaryview.cpp,case@collectMarkerTicks:185,185,CODE,SURVIVES,control-flow branch within collectMarkerTicks(); disposition inherits the function; edge-behavior audited at file level
branch,src/composing/analysis/engravingbridge/phraseboundaryview.cpp,case@collectMarkerTicks:186,186,CODE,SURVIVES,control-flow branch within collectMarkerTicks(); disposition inherits the function; edge-behavior audited at file level
branch,src/composing/analysis/engravingbridge/phraseboundaryview.cpp,case@collectMarkerTicks:187,187,CODE,SURVIVES,control-flow branch within collectMarkerTicks(); disposition inherits the function; edge-behavior audited at file level
branch,src/composing/analysis/engravingbridge/phraseboundaryview.cpp,case@collectMarkerTicks:188,188,CODE,SURVIVES,control-flow branch within collectMarkerTicks(); disposition inherits the function; edge-behavior audited at file level
branch,src/composing/analysis/engravingbridge/phraseboundaryview.cpp,case@collectMarkerTicks:189,189,CODE,SURVIVES,control-flow branch within collectMarkerTicks(); disposition inherits the function; edge-behavior audited at file level
branch,src/composing/analysis/engravingbridge/phraseboundaryview.cpp,if@collectMarkerTicks:200,200,CODE,SURVIVES,control-flow branch within collectMarkerTicks(); disposition inherits the function; edge-behavior audited at file level
branch,src/composing/analysis/engravingbridge/phraseboundaryview.cpp,if@collectMarkerTicks:205,205,CODE,SURVIVES,control-flow branch within collectMarkerTicks(); disposition inherits the function; edge-behavior audited at file level
branch,src/composing/analysis/engravingbridge/phraseboundaryview.cpp,if@collectMarkerTicks:210,210,CODE,SURVIVES,control-flow branch within collectMarkerTicks(); disposition inherits the function; edge-behavior audited at file level
branch,src/composing/analysis/engravingbridge/phraseboundaryview.cpp,if@changeRatio:225,225,CODE,SURVIVES,control-flow branch within changeRatio(); disposition inherits the function; edge-behavior audited at file level
branch,src/composing/analysis/engravingbridge/phraseboundaryview.cpp,ternary@localChangeProfile:236,236,CODE,SURVIVES,control-flow branch within localChangeProfile(); disposition inherits the function; edge-behavior audited at file level
branch,src/composing/analysis/engravingbridge/phraseboundaryview.cpp,ternary@localChangeProfile:237,237,CODE,SURVIVES,control-flow branch within localChangeProfile(); disposition inherits the function; edge-behavior audited at file level
branch,src/composing/analysis/engravingbridge/phraseboundaryview.cpp,if@maxNormalizeInPlace:249,249,CODE,SURVIVES,control-flow branch within maxNormalizeInPlace(); disposition inherits the function; edge-behavior audited at file level
branch,src/composing/analysis/engravingbridge/phraseboundaryview.cpp,if@pickPeaks:261,261,CODE,SURVIVES,control-flow branch within pickPeaks(); disposition inherits the function; edge-behavior audited at file level
branch,src/composing/analysis/engravingbridge/phraseboundaryview.cpp,if@pickPeaks:276,276,CODE,SURVIVES,control-flow branch within pickPeaks(); disposition inherits the function; edge-behavior audited at file level
branch,src/composing/analysis/engravingbridge/phraseboundaryview.cpp,if@computePhraseBoundaryProfile:289,289,CODE,SURVIVES,control-flow branch within computePhraseBoundaryProfile(); disposition inherits the function; edge-behavior audited at file level
branch,src/composing/analysis/engravingbridge/phraseboundaryview.cpp,if@computePhraseBoundaryProfile:295,295,CODE,SURVIVES,control-flow branch within computePhraseBoundaryProfile(); disposition inherits the function; edge-behavior audited at file level
branch,src/composing/analysis/engravingbridge/phraseboundaryview.cpp,if@computePhraseBoundaryProfile:319,319,CODE,SURVIVES,control-flow branch within computePhraseBoundaryProfile(); disposition inherits the function; edge-behavior audited at file level
branch,src/composing/analysis/engravingbridge/phraseboundaryview.cpp,if@computePhraseBoundaryProfile:345,345,CODE,SURVIVES,control-flow branch within computePhraseBoundaryProfile(); disposition inherits the function; edge-behavior audited at file level
branch,src/composing/analysis/engravingbridge/phraseboundaryview.cpp,if@computePhraseBoundaryProfile:391,391,CODE,SURVIVES,control-flow branch within computePhraseBoundaryProfile(); disposition inherits the function; edge-behavior audited at file level
branch,src/composing/analysis/engravingbridge/phraseboundaryview.cpp,if@computePhraseBoundaryProfile:398,398,CODE,SURVIVES,control-flow branch within computePhraseBoundaryProfile(); disposition inherits the function; edge-behavior audited at file level
branch,src/composing/analysis/engravingbridge/phraseboundaryview.cpp,if@computePhraseBoundaryProfile:432,432,CODE,SURVIVES,control-flow branch within computePhraseBoundaryProfile(); disposition inherits the function; edge-behavior audited at file level
branch,src/composing/analysis/engravingbridge/phraseboundaryview.cpp,if@computePhraseBoundaryProfile:435,435,CODE,SURVIVES,control-flow branch within computePhraseBoundaryProfile(); disposition inherits the function; edge-behavior audited at file level
branch,src/composing/analysis/engravingbridge/regiontonecollector.cpp,if@weightedPcView:58,58,CODE,SURVIVES,control-flow branch within weightedPcView(); disposition inherits the function; edge-behavior audited at file level
branch,src/composing/analysis/engravingbridge/regiontonecollector.cpp,if@weightedPcView:65,65,CODE,SURVIVES,control-flow branch within weightedPcView(); disposition inherits the function; edge-behavior audited at file level
branch,src/composing/analysis/engravingbridge/regiontonecollector.cpp,if@weightedPcView:115,115,CODE,SURVIVES,control-flow branch within weightedPcView(); disposition inherits the function; edge-behavior audited at file level
branch,src/composing/analysis/engravingbridge/regiontonecollector.cpp,if@weightedPcView:121,121,CODE,SURVIVES,control-flow branch within weightedPcView(); disposition inherits the function; edge-behavior audited at file level
branch,src/composing/analysis/engravingbridge/regiontonecollector.cpp,if@weightedPcView:124,124,CODE,SURVIVES,control-flow branch within weightedPcView(); disposition inherits the function; edge-behavior audited at file level
branch,src/composing/analysis/engravingbridge/regiontonecollector.cpp,ternary@weightedPcView:130,130,CODE,SURVIVES,control-flow branch within weightedPcView(); disposition inherits the function; edge-behavior audited at file level
branch,src/composing/analysis/engravingbridge/regiontonecollector.cpp,if@weightedPcView:135,135,CODE,SURVIVES,control-flow branch within weightedPcView(); disposition inherits the function; edge-behavior audited at file level
branch,src/composing/analysis/engravingbridge/regiontonecollector.cpp,if@weightedPcView:138,138,CODE,SURVIVES,control-flow branch within weightedPcView(); disposition inherits the function; edge-behavior audited at file level
branch,src/composing/analysis/engravingbridge/regiontonecollector.cpp,if@weightedPcView:155,155,CODE,SURVIVES,control-flow branch within weightedPcView(); disposition inherits the function; edge-behavior audited at file level
branch,src/composing/analysis/engravingbridge/regiontonecollector.cpp,if@weightedPcView:157,157,CODE,SURVIVES,control-flow branch within weightedPcView(); disposition inherits the function; edge-behavior audited at file level
branch,src/composing/analysis/engravingbridge/regiontonecollector.cpp,if@weightedPcView:165,165,CODE,SURVIVES,control-flow branch within weightedPcView(); disposition inherits the function; edge-behavior audited at file level
branch,src/composing/analysis/engravingbridge/regiontonecollector.cpp,if@weightedPcView:167,167,CODE,SURVIVES,control-flow branch within weightedPcView(); disposition inherits the function; edge-behavior audited at file level
branch,src/composing/analysis/engravingbridge/regiontonecollector.cpp,if@weightedPcView:177,177,CODE,SURVIVES,control-flow branch within weightedPcView(); disposition inherits the function; edge-behavior audited at file level
branch,src/composing/analysis/engravingbridge/regiontonecollector.cpp,if@weightedPcView:184,184,CODE,SURVIVES,control-flow branch within weightedPcView(); disposition inherits the function; edge-behavior audited at file level
branch,src/composing/analysis/engravingbridge/regiontonecollector.cpp,if@weightedPcView:188,188,CODE,SURVIVES,control-flow branch within weightedPcView(); disposition inherits the function; edge-behavior audited at file level
branch,src/composing/analysis/engravingbridge/regiontonecollector.cpp,if@weightedPcView:199,199,CODE,SURVIVES,control-flow branch within weightedPcView(); disposition inherits the function; edge-behavior audited at file level
branch,src/composing/analysis/engravingbridge/regiontonecollector.cpp,if@weightedPcView:202,202,CODE,SURVIVES,control-flow branch within weightedPcView(); disposition inherits the function; edge-behavior audited at file level
branch,src/composing/analysis/engravingbridge/regiontonecollector.cpp,if@weightedPcView:212,212,CODE,SURVIVES,control-flow branch within weightedPcView(); disposition inherits the function; edge-behavior audited at file level
branch,src/composing/analysis/engravingbridge/regiontonecollector.cpp,if@weightedPcView:218,218,CODE,SURVIVES,control-flow branch within weightedPcView(); disposition inherits the function; edge-behavior audited at file level
branch,src/composing/analysis/engravingbridge/regiontonecollector.cpp,if@weightedPcView:220,220,CODE,SURVIVES,control-flow branch within weightedPcView(); disposition inherits the function; edge-behavior audited at file level
branch,src/composing/analysis/engravingbridge/regiontonecollector.cpp,if@weightedPcView:225,225,CODE,SURVIVES,control-flow branch within weightedPcView(); disposition inherits the function; edge-behavior audited at file level
branch,src/composing/analysis/engravingbridge/regiontonecollector.cpp,ternary@weightedPcView:229,229,CODE,SURVIVES,control-flow branch within weightedPcView(); disposition inherits the function; edge-behavior audited at file level
branch,src/composing/analysis/engravingbridge/regiontonecollector.cpp,if@weightedPcView:233,233,CODE,SURVIVES,control-flow branch within weightedPcView(); disposition inherits the function; edge-behavior audited at file level
branch,src/composing/analysis/engravingbridge/regiontonecollector.cpp,if@weightedPcView:242,242,CODE,SURVIVES,control-flow branch within weightedPcView(); disposition inherits the function; edge-behavior audited at file level
branch,src/composing/analysis/engravingbridge/regiontonecollector.cpp,if@weightedPcView:245,245,CODE,SURVIVES,control-flow branch within weightedPcView(); disposition inherits the function; edge-behavior audited at file level
branch,src/composing/analysis/engravingbridge/regiontonecollector.cpp,if@weightedPcView:254,254,CODE,SURVIVES,control-flow branch within weightedPcView(); disposition inherits the function; edge-behavior audited at file level
branch,src/composing/analysis/engravingbridge/regiontonecollector.cpp,if@weightedPcView:263,263,CODE,SURVIVES,control-flow branch within weightedPcView(); disposition inherits the function; edge-behavior audited at file level
branch,src/composing/analysis/engravingbridge/regiontonecollector.cpp,if@weightedPcView:275,275,CODE,SURVIVES,control-flow branch within weightedPcView(); disposition inherits the function; edge-behavior audited at file level
branch,src/composing/analysis/engravingbridge/regiontonecollector.cpp,if@weightedPcView:277,277,CODE,SURVIVES,control-flow branch within weightedPcView(); disposition inherits the function; edge-behavior audited at file level
branch,src/composing/analysis/engravingbridge/regiontonecollector.cpp,if@weightedPcView:280,280,CODE,SURVIVES,control-flow branch within weightedPcView(); disposition inherits the function; edge-behavior audited at file level
branch,src/composing/analysis/engravingbridge/regiontonecollector.cpp,if@weightedPcView:292,292,CODE,SURVIVES,control-flow branch within weightedPcView(); disposition inherits the function; edge-behavior audited at file level
branch,src/composing/analysis/engravingbridge/regiontonecollector.cpp,if@weightedPcView:296,296,CODE,SURVIVES,control-flow branch within weightedPcView(); disposition inherits the function; edge-behavior audited at file level
branch,src/composing/analysis/engravingbridge/regiontonecollector.cpp,if@weightedPcView:304,304,CODE,SURVIVES,control-flow branch within weightedPcView(); disposition inherits the function; edge-behavior audited at file level
branch,src/composing/analysis/engravingbridge/regiontonecollector.cpp,if@weightedPcView:311,311,CODE,SURVIVES,control-flow branch within weightedPcView(); disposition inherits the function; edge-behavior audited at file level
branch,src/composing/analysis/engravingbridge/regiontonecollector.cpp,if@weightedPcView:317,317,CODE,SURVIVES,control-flow branch within weightedPcView(); disposition inherits the function; edge-behavior audited at file level
branch,src/composing/analysis/engravingbridge/regiontonecollector.cpp,if@weightedPcView:320,320,CODE,SURVIVES,control-flow branch within weightedPcView(); disposition inherits the function; edge-behavior audited at file level
branch,src/composing/analysis/engravingbridge/regiontonecollector.cpp,if@weightedPcView:327,327,CODE,SURVIVES,control-flow branch within weightedPcView(); disposition inherits the function; edge-behavior audited at file level
branch,src/composing/analysis/engravingbridge/regiontonecollector.cpp,if@weightedPcView:336,336,CODE,SURVIVES,control-flow branch within weightedPcView(); disposition inherits the function; edge-behavior audited at file level
branch,src/composing/analysis/engravingbridge/regiontonecollector.cpp,if@weightedPcView:348,348,CODE,SURVIVES,control-flow branch within weightedPcView(); disposition inherits the function; edge-behavior audited at file level
branch,src/composing/analysis/engravingbridge/regiontonecollector.cpp,if@weightedPcView:355,355,CODE,SURVIVES,control-flow branch within weightedPcView(); disposition inherits the function; edge-behavior audited at file level
branch,src/composing/analysis/engravingbridge/regiontonecollector.cpp,if@weightedPcView:359,359,CODE,SURVIVES,control-flow branch within weightedPcView(); disposition inherits the function; edge-behavior audited at file level
branch,src/composing/analysis/engravingbridge/regiontonecollector.cpp,if@weightedPcView:361,361,CODE,SURVIVES,control-flow branch within weightedPcView(); disposition inherits the function; edge-behavior audited at file level
branch,src/composing/analysis/engravingbridge/regiontonecollector.cpp,ternary@weightedPcView:367,367,CODE,SURVIVES,control-flow branch within weightedPcView(); disposition inherits the function; edge-behavior audited at file level
branch,src/composing/analysis/engravingbridge/regiontonecollector.cpp,if@weightedPcView:372,372,CODE,SURVIVES,control-flow branch within weightedPcView(); disposition inherits the function; edge-behavior audited at file level
branch,src/composing/analysis/engravingbridge/regiontonecollector.h,if@isChordTrackStaff:76,76,CODE,SURVIVES-MIXED,control-flow branch within isChordTrackStaff(); disposition inherits the function; edge-behavior audited at file level
branch,src/composing/analysis/engravingbridge/regiontonecollector.h,if@isChordTrackStaff:80,80,CODE,SURVIVES-MIXED,control-flow branch within isChordTrackStaff(); disposition inherits the function; edge-behavior audited at file level
branch,src/composing/analysis/engravingbridge/regiontonecollector.h,if@isChordTrackStaff:83,83,CODE,SURVIVES-MIXED,control-flow branch within isChordTrackStaff(); disposition inherits the function; edge-behavior audited at file level
branch,src/composing/analysis/engravingbridge/regiontonecollector.h,if@staffIsEligible:96,96,CODE,SURVIVES-MIXED,control-flow branch within staffIsEligible(); disposition inherits the function; edge-behavior audited at file level
branch,src/composing/analysis/engravingbridge/regiontonecollector.h,if@staffIsEligible:99,99,CODE,SURVIVES-MIXED,control-flow branch within staffIsEligible(); disposition inherits the function; edge-behavior audited at file level
branch,src/composing/analysis/engravingbridge/regiontonecollector.h,if@staffIsEligible:102,102,CODE,SURVIVES-MIXED,control-flow branch within staffIsEligible(); disposition inherits the function; edge-behavior audited at file level
branch,src/composing/analysis/engravingbridge/regiontoneprimitives.cpp,if@soundingAt:64,64,CODE,SURVIVES-MIXED,control-flow branch within soundingAt(); disposition inherits the function; edge-behavior audited at file level
branch,src/composing/analysis/engravingbridge/regiontoneprimitives.cpp,if@soundingAt:67,67,CODE,SURVIVES-MIXED,control-flow branch within soundingAt(); disposition inherits the function; edge-behavior audited at file level
branch,src/composing/analysis/engravingbridge/regiontoneprimitives.cpp,if@buildTones:108,108,CODE,SURVIVES-MIXED,control-flow branch within buildTones(); disposition inherits the function; edge-behavior audited at file level
branch,src/composing/analysis/engravingbridge/regiontoneprimitives.cpp,if@collectPitchContext:136,136,CODE,RETIRES,control-flow branch within collectPitchContext(); disposition inherits the function; edge-behavior audited at file level
branch,src/composing/analysis/engravingbridge/regiontoneprimitives.cpp,if@collectPitchContext:139,139,CODE,RETIRES,control-flow branch within collectPitchContext(); disposition inherits the function; edge-behavior audited at file level
branch,src/composing/analysis/engravingbridge/regiontoneprimitives.cpp,if@collectPitchContext:147,147,CODE,RETIRES,control-flow branch within collectPitchContext(); disposition inherits the function; edge-behavior audited at file level
branch,src/composing/analysis/engravingbridge/regiontoneprimitives.cpp,ternary@collectPitchContext:161,161,CODE,RETIRES,control-flow branch within collectPitchContext(); disposition inherits the function; edge-behavior audited at file level
branch,src/composing/analysis/engravingbridge/regiontoneprimitives.cpp,if@collectPitchContext:168,168,CODE,RETIRES,control-flow branch within collectPitchContext(); disposition inherits the function; edge-behavior audited at file level
branch,src/composing/analysis/engravingbridge/regiontoneprimitives.cpp,if@collectPitchContext:174,174,CODE,RETIRES,control-flow branch within collectPitchContext(); disposition inherits the function; edge-behavior audited at file level
branch,src/composing/analysis/engravingbridge/regiontoneprimitives.cpp,if@collectPitchContext:180,180,CODE,RETIRES,control-flow branch within collectPitchContext(); disposition inherits the function; edge-behavior audited at file level
branch,src/composing/analysis/engravingbridge/regiontoneprimitives.cpp,if@collectPitchContext:185,185,CODE,RETIRES,control-flow branch within collectPitchContext(); disposition inherits the function; edge-behavior audited at file level
branch,src/composing/analysis/engravingbridge/regiontoneprimitives.cpp,if@pitchContextOverSpan:240,240,CODE,SURVIVES-MIXED,control-flow branch within pitchContextOverSpan(); disposition inherits the function; edge-behavior audited at file level
branch,src/composing/analysis/engravingbridge/regiontoneprimitives.cpp,if@pitchContextOverSpan:244,244,CODE,SURVIVES-MIXED,control-flow branch within pitchContextOverSpan(); disposition inherits the function; edge-behavior audited at file level
branch,src/composing/analysis/engravingbridge/regiontoneprimitives.cpp,if@pitchContextOverSpan:252,252,CODE,SURVIVES-MIXED,control-flow branch within pitchContextOverSpan(); disposition inherits the function; edge-behavior audited at file level
branch,src/composing/analysis/engravingbridge/regiontoneprimitives.cpp,if@pitchContextOverSpan:261,261,CODE,SURVIVES-MIXED,control-flow branch within pitchContextOverSpan(); disposition inherits the function; edge-behavior audited at file level
branch,src/composing/analysis/engravingbridge/regiontoneprimitives.cpp,else-if@pitchContextOverSpan:263,263,CODE,SURVIVES-MIXED,control-flow branch within pitchContextOverSpan(); disposition inherits the function; edge-behavior audited at file level
branch,src/composing/analysis/engravingbridge/regiontoneprimitives.cpp,ternary@pitchContextOverSpan:268,268,CODE,SURVIVES-MIXED,control-flow branch within pitchContextOverSpan(); disposition inherits the function; edge-behavior audited at file level
branch,src/composing/analysis/engravingbridge/regiontoneprimitives.cpp,if@detectOnsetSubBoundaries:297,297,CODE,RETIRES,control-flow branch within detectOnsetSubBoundaries(); disposition inherits the function; edge-behavior audited at file level
branch,src/composing/analysis/engravingbridge/regiontoneprimitives.cpp,if@detectOnsetSubBoundaries:315,315,CODE,RETIRES,control-flow branch within detectOnsetSubBoundaries(); disposition inherits the function; edge-behavior audited at file level
branch,src/composing/analysis/engravingbridge/regiontoneprimitives.cpp,if@detectOnsetSubBoundaries:320,320,CODE,RETIRES,control-flow branch within detectOnsetSubBoundaries(); disposition inherits the function; edge-behavior audited at file level
branch,src/composing/analysis/engravingbridge/regiontoneprimitives.cpp,if@detectOnsetSubBoundaries:323,323,CODE,RETIRES,control-flow branch within detectOnsetSubBoundaries(); disposition inherits the function; edge-behavior audited at file level
branch,src/composing/analysis/engravingbridge/regiontoneprimitives.cpp,if@detectOnsetSubBoundaries:327,327,CODE,RETIRES,control-flow branch within detectOnsetSubBoundaries(); disposition inherits the function; edge-behavior audited at file level
branch,src/composing/analysis/engravingbridge/regiontoneprimitives.cpp,if@detectOnsetSubBoundaries:335,335,CODE,RETIRES,control-flow branch within detectOnsetSubBoundaries(); disposition inherits the function; edge-behavior audited at file level
branch,src/composing/analysis/engravingbridge/regiontoneprimitives.cpp,if@detectOnsetSubBoundaries:340,340,CODE,RETIRES,control-flow branch within detectOnsetSubBoundaries(); disposition inherits the function; edge-behavior audited at file level
branch,src/composing/analysis/engravingbridge/regiontoneprimitives.cpp,ternary@detectOnsetSubBoundaries:356,356,CODE,RETIRES,control-flow branch within detectOnsetSubBoundaries(); disposition inherits the function; edge-behavior audited at file level
branch,src/composing/analysis/engravingbridge/regiontoneprimitives.cpp,if@detectOnsetSubBoundaries:360,360,CODE,RETIRES,control-flow branch within detectOnsetSubBoundaries(); disposition inherits the function; edge-behavior audited at file level
branch,src/composing/analysis/engravingbridge/regiontoneprimitives.cpp,if@detectBassMovementSubBoundaries:382,382,CODE,RETIRES,control-flow branch within detectBassMovementSubBoundaries(); disposition inherits the function; edge-behavior audited at file level
branch,src/composing/analysis/engravingbridge/regiontoneprimitives.cpp,if@detectBassMovementSubBoundaries:401,401,CODE,RETIRES,control-flow branch within detectBassMovementSubBoundaries(); disposition inherits the function; edge-behavior audited at file level
branch,src/composing/analysis/engravingbridge/regiontoneprimitives.cpp,if@detectBassMovementSubBoundaries:406,406,CODE,RETIRES,control-flow branch within detectBassMovementSubBoundaries(); disposition inherits the function; edge-behavior audited at file level
branch,src/composing/analysis/engravingbridge/regiontoneprimitives.cpp,if@detectBassMovementSubBoundaries:409,409,CODE,RETIRES,control-flow branch within detectBassMovementSubBoundaries(); disposition inherits the function; edge-behavior audited at file level
branch,src/composing/analysis/engravingbridge/regiontoneprimitives.cpp,if@detectBassMovementSubBoundaries:413,413,CODE,RETIRES,control-flow branch within detectBassMovementSubBoundaries(); disposition inherits the function; edge-behavior audited at file level
branch,src/composing/analysis/engravingbridge/regiontoneprimitives.cpp,if@detectBassMovementSubBoundaries:417,417,CODE,RETIRES,control-flow branch within detectBassMovementSubBoundaries(); disposition inherits the function; edge-behavior audited at file level
branch,src/composing/analysis/engravingbridge/regiontoneprimitives.cpp,if@detectBassMovementSubBoundaries:425,425,CODE,RETIRES,control-flow branch within detectBassMovementSubBoundaries(); disposition inherits the function; edge-behavior audited at file level
branch,src/composing/analysis/engravingbridge/regiontoneprimitives.cpp,if@detectBassMovementSubBoundaries:430,430,CODE,RETIRES,control-flow branch within detectBassMovementSubBoundaries(); disposition inherits the function; edge-behavior audited at file level
branch,src/composing/analysis/engravingbridge/regiontoneprimitives.cpp,if@detectBassMovementSubBoundaries:441,441,CODE,RETIRES,control-flow branch within detectBassMovementSubBoundaries(); disposition inherits the function; edge-behavior audited at file level
branch,src/composing/analysis/engravingbridge/regiontoneprimitives.cpp,if@findTemporalContext:486,486,CODE,SURVIVES-MIXED,control-flow branch within findTemporalContext(); disposition inherits the function; edge-behavior audited at file level
branch,src/composing/analysis/engravingbridge/regiontoneprimitives.cpp,if@findTemporalContext:492,492,CODE,SURVIVES-MIXED,control-flow branch within findTemporalContext(); disposition inherits the function; edge-behavior audited at file level
branch,src/composing/analysis/engravingbridge/regiontoneprimitives.cpp,if@findTemporalContext:497,497,CODE,SURVIVES-MIXED,control-flow branch within findTemporalContext(); disposition inherits the function; edge-behavior audited at file level
branch,src/composing/analysis/engravingbridge/regiontoneprimitives.cpp,if@findTemporalContext:503,503,CODE,SURVIVES-MIXED,control-flow branch within findTemporalContext(); disposition inherits the function; edge-behavior audited at file level
branch,src/composing/analysis/engravingbridge/regiontoneprimitives.cpp,if@findTemporalContext:510,510,CODE,SURVIVES-MIXED,control-flow branch within findTemporalContext(); disposition inherits the function; edge-behavior audited at file level
branch,src/composing/analysis/engravingbridge/regiontoneprimitives.cpp,if@findTemporalContext:529,529,CODE,SURVIVES-MIXED,control-flow branch within findTemporalContext(); disposition inherits the function; edge-behavior audited at file level
branch,src/composing/analysis/engravingbridge/regiontoneprimitives.cpp,if@findTemporalContext:544,544,CODE,SURVIVES-MIXED,control-flow branch within findTemporalContext(); disposition inherits the function; edge-behavior audited at file level
branch,src/composing/analysis/engravingbridge/regiontoneprimitives.cpp,if@findTemporalContext:550,550,CODE,SURVIVES-MIXED,control-flow branch within findTemporalContext(); disposition inherits the function; edge-behavior audited at file level
branch,src/composing/analysis/engravingbridge/regiontoneprimitives.cpp,if@findTemporalContext:555,555,CODE,SURVIVES-MIXED,control-flow branch within findTemporalContext(); disposition inherits the function; edge-behavior audited at file level
branch,src/composing/analysis/engravingbridge/regiontoneprimitives.cpp,if@findTemporalContext:561,561,CODE,SURVIVES-MIXED,control-flow branch within findTemporalContext(); disposition inherits the function; edge-behavior audited at file level
branch,src/composing/analysis/engravingbridge/regiontoneprimitives.cpp,if@findTemporalContext:568,568,CODE,SURVIVES-MIXED,control-flow branch within findTemporalContext(); disposition inherits the function; edge-behavior audited at file level
branch,src/composing/analysis/engravingbridge/regiontoneprimitives.cpp,if@findTemporalContext:586,586,CODE,SURVIVES-MIXED,control-flow branch within findTemporalContext(); disposition inherits the function; edge-behavior audited at file level
branch,src/composing/analysis/engravingbridge/spellingview.cpp,if@lineOfFifths:38,38,CODE,SURVIVES,control-flow branch within lineOfFifths(); disposition inherits the function; edge-behavior audited at file level
branch,src/composing/analysis/engravingbridge/spellingview.cpp,if@sharpFlatSense:47,47,CODE,SURVIVES,control-flow branch within sharpFlatSense(); disposition inherits the function; edge-behavior audited at file level
branch,src/composing/analysis/engravingbridge/spellingview.cpp,if@spanSpelling:59,59,CODE,SURVIVES,control-flow branch within spanSpelling(); disposition inherits the function; edge-behavior audited at file level
branch,src/composing/analysis/engravingbridge/spellingview.cpp,if@spanSpelling:64,64,CODE,SURVIVES,control-flow branch within spanSpelling(); disposition inherits the function; edge-behavior audited at file level
branch,src/composing/analysis/engravingbridge/spellingview.cpp,else-if@spanSpelling:66,66,CODE,SURVIVES,control-flow branch within spanSpelling(); disposition inherits the function; edge-behavior audited at file level
branch,src/composing/analysis/engravingbridge/spellingview.cpp,if@spanSpelling:72,72,CODE,SURVIVES,control-flow branch within spanSpelling(); disposition inherits the function; edge-behavior audited at file level
branch,src/composing/analysis/notemodel/note_model.cpp,if@scoreSpan:78,78,CODE,SURVIVES,control-flow branch within scoreSpan(); disposition inherits the function; edge-behavior audited at file level
branch,src/composing/analysis/notemodel/note_model.cpp,if@scoreSpan:82,82,CODE,SURVIVES,control-flow branch within scoreSpan(); disposition inherits the function; edge-behavior audited at file level
branch,src/composing/analysis/notemodel/note_model.cpp,if@rebuildForLoadedSpan:129,129,CODE,SURVIVES,control-flow branch within rebuildForLoadedSpan(); disposition inherits the function; edge-behavior audited at file level
branch,src/composing/analysis/notemodel/note_model.cpp,if@rebuildForLoadedSpan:134,134,CODE,SURVIVES,control-flow branch within rebuildForLoadedSpan(); disposition inherits the function; edge-behavior audited at file level
branch,src/composing/analysis/notemodel/note_model.cpp,if@rebuildForLoadedSpan:147,147,CODE,SURVIVES,control-flow branch within rebuildForLoadedSpan(); disposition inherits the function; edge-behavior audited at file level
branch,src/composing/analysis/notemodel/note_model.cpp,if@rebuildForLoadedSpan:168,168,CODE,SURVIVES,control-flow branch within rebuildForLoadedSpan(); disposition inherits the function; edge-behavior audited at file level
branch,src/composing/analysis/notemodel/note_model.cpp,if@rebuildForLoadedSpan:177,177,CODE,SURVIVES,control-flow branch within rebuildForLoadedSpan(); disposition inherits the function; edge-behavior audited at file level
branch,src/composing/analysis/notemodel/note_model.cpp,if@rebuildForLoadedSpan:181,181,CODE,SURVIVES,control-flow branch within rebuildForLoadedSpan(); disposition inherits the function; edge-behavior audited at file level
branch,src/composing/analysis/notemodel/note_model.cpp,if@rebuildForLoadedSpan:190,190,CODE,SURVIVES,control-flow branch within rebuildForLoadedSpan(); disposition inherits the function; edge-behavior audited at file level
branch,src/composing/analysis/notemodel/note_model.cpp,if@extend:206,206,CODE,SURVIVES,control-flow branch within extend(); disposition inherits the function; edge-behavior audited at file level
branch,src/composing/analysis/notemodel/note_model.cpp,if@extend:210,210,CODE,SURVIVES,control-flow branch within extend(); disposition inherits the function; edge-behavior audited at file level
branch,src/composing/analysis/notemodel/note_model.cpp,if@extend:212,212,CODE,SURVIVES,control-flow branch within extend(); disposition inherits the function; edge-behavior audited at file level
branch,src/composing/analysis/notemodel/note_model.cpp,if@extend:218,218,CODE,SURVIVES,control-flow branch within extend(); disposition inherits the function; edge-behavior audited at file level
branch,src/composing/analysis/notemodel/note_model.cpp,if@extend:224,224,CODE,SURVIVES,control-flow branch within extend(); disposition inherits the function; edge-behavior audited at file level
branch,src/composing/analysis/notemodel/note_model.cpp,if@extend:230,230,CODE,SURVIVES,control-flow branch within extend(); disposition inherits the function; edge-behavior audited at file level
branch,src/composing/analysis/notemodel/note_model.cpp,if@build:250,250,CODE,SURVIVES,control-flow branch within build(); disposition inherits the function; edge-behavior audited at file level
branch,src/composing/analysis/notemodel/note_model.cpp,if@overlapIndices:280,280,CODE,SURVIVES,control-flow branch within overlapIndices(); disposition inherits the function; edge-behavior audited at file level
branch,src/composing/analysis/notemodel/note_model.cpp,if@collect:289,289,CODE,SURVIVES,control-flow branch within collect(); disposition inherits the function; edge-behavior audited at file level
branch,src/composing/analysis/notemodel/note_model.cpp,if@collect:292,292,CODE,SURVIVES,control-flow branch within collect(); disposition inherits the function; edge-behavior audited at file level
branch,src/composing/analysis/notemodel/note_model.cpp,if@collect:295,295,CODE,SURVIVES,control-flow branch within collect(); disposition inherits the function; edge-behavior audited at file level
branch,src/composing/analysis/notemodel/note_model.cpp,if@overlapping:310,310,CODE,SURVIVES,control-flow branch within overlapping(); disposition inherits the function; edge-behavior audited at file level
branch,src/composing/analysis/notemodel/note_model.cpp,if@onsetIn:330,330,CODE,SURVIVES,control-flow branch within onsetIn(); disposition inherits the function; edge-behavior audited at file level
branch,src/composing/analysis/scoreharvest/metricweights.cpp,switch@beatTypeToWeight:43,43,CODE,SURVIVES-MIXED,control-flow branch within beatTypeToWeight(); disposition inherits the function; edge-behavior audited at file level
branch,src/composing/analysis/scoreharvest/metricweights.cpp,case@beatTypeToWeight:44,44,CODE,SURVIVES-MIXED,control-flow branch within beatTypeToWeight(); disposition inherits the function; edge-behavior audited at file level
branch,src/composing/analysis/scoreharvest/metricweights.cpp,case@beatTypeToWeight:45,45,CODE,SURVIVES-MIXED,control-flow branch within beatTypeToWeight(); disposition inherits the function; edge-behavior audited at file level
branch,src/composing/analysis/scoreharvest/metricweights.cpp,case@beatTypeToWeight:46,46,CODE,SURVIVES-MIXED,control-flow branch within beatTypeToWeight(); disposition inherits the function; edge-behavior audited at file level
branch,src/composing/analysis/scoreharvest/metricweights.cpp,case@beatTypeToWeight:47,47,CODE,SURVIVES-MIXED,control-flow branch within beatTypeToWeight(); disposition inherits the function; edge-behavior audited at file level
branch,src/composing/analysis/scoreharvest/metricweights.cpp,case@beatTypeToWeight:48,48,CODE,SURVIVES-MIXED,control-flow branch within beatTypeToWeight(); disposition inherits the function; edge-behavior audited at file level
branch,src/composing/analysis/scoreharvest/metricweights.cpp,case@beatTypeToWeight:49,49,CODE,SURVIVES-MIXED,control-flow branch within beatTypeToWeight(); disposition inherits the function; edge-behavior audited at file level
branch,src/composing/analysis/scoreharvest/metricweights.cpp,case@beatTypeToWeight:50,50,CODE,SURVIVES-MIXED,control-flow branch within beatTypeToWeight(); disposition inherits the function; edge-behavior audited at file level
branch,src/composing/analysis/scoreharvest/metricweights.cpp,if@safeBeatType:60,60,CODE,SURVIVES-MIXED,control-flow branch within safeBeatType(); disposition inherits the function; edge-behavior audited at file level
branch,src/composing/analysis/scoreharvest/metricweights.cpp,if@safeBeatType:66,66,CODE,SURVIVES-MIXED,control-flow branch within safeBeatType(); disposition inherits the function; edge-behavior audited at file level
branch,src/composing/analysis/scoreharvest/metricweights.cpp,switch@regionMetricWeightForBeatType:76,76,CODE,SURVIVES-MIXED,control-flow branch within regionMetricWeightForBeatType(); disposition inherits the function; edge-behavior audited at file level
branch,src/composing/analysis/scoreharvest/metricweights.cpp,case@regionMetricWeightForBeatType:77,77,CODE,SURVIVES-MIXED,control-flow branch within regionMetricWeightForBeatType(); disposition inherits the function; edge-behavior audited at file level
branch,src/composing/analysis/scoreharvest/metricweights.cpp,case@regionMetricWeightForBeatType:78,78,CODE,SURVIVES-MIXED,control-flow branch within regionMetricWeightForBeatType(); disposition inherits the function; edge-behavior audited at file level
branch,src/composing/analysis/scoreharvest/metricweights.cpp,case@regionMetricWeightForBeatType:79,79,CODE,SURVIVES-MIXED,control-flow branch within regionMetricWeightForBeatType(); disposition inherits the function; edge-behavior audited at file level
branch,src/composing/analysis/scoreharvest/metricweights.cpp,case@regionMetricWeightForBeatType:80,80,CODE,SURVIVES-MIXED,control-flow branch within regionMetricWeightForBeatType(); disposition inherits the function; edge-behavior audited at file level
branch,src/composing/analysis/scoreharvest/metricweights.cpp,case@regionMetricWeightForBeatType:81,81,CODE,SURVIVES-MIXED,control-flow branch within regionMetricWeightForBeatType(); disposition inherits the function; edge-behavior audited at file level
branch,src/composing/analysis/scoreharvest/metricweights.cpp,if@beatTypeForOnsetTick:89,89,CODE,SURVIVES-MIXED,control-flow branch within beatTypeForOnsetTick(); disposition inherits the function; edge-behavior audited at file level
branch,src/composing/analysis/scoreharvest/metricweights.cpp,if@beatTypeForOnsetTick:93,93,CODE,SURVIVES-MIXED,control-flow branch within beatTypeForOnsetTick(); disposition inherits the function; edge-behavior audited at file level
branch,src/composing/analysis/scoreharvest/metricweights.cpp,if@beatTypeForOnsetTick:98,98,CODE,SURVIVES-MIXED,control-flow branch within beatTypeForOnsetTick(); disposition inherits the function; edge-behavior audited at file level
branch,src/composing/analysis/scoreharvest/metricweights.cpp,if@distinctPitchClasses:122,122,CODE,SURVIVES-MIXED,control-flow branch within distinctPitchClasses(); disposition inherits the function; edge-behavior audited at file level
branch,src/composing/analysis/scoreharvest/metricweights.cpp,if@buildPedalWindowIndex:142,142,CODE,SURVIVES-MIXED,control-flow branch within buildPedalWindowIndex(); disposition inherits the function; edge-behavior audited at file level
branch,src/composing/analysis/scoreharvest/metricweights.cpp,if@buildPedalWindowIndex:147,147,CODE,SURVIVES-MIXED,control-flow branch within buildPedalWindowIndex(); disposition inherits the function; edge-behavior audited at file level
branch,src/composing/analysis/scoreharvest/metricweights.cpp,if@buildPedalWindowIndex:152,152,CODE,SURVIVES-MIXED,control-flow branch within buildPedalWindowIndex(); disposition inherits the function; edge-behavior audited at file level
branch,src/composing/analysis/scoreharvest/metricweights.cpp,if@buildPedalWindowIndex:158,158,CODE,SURVIVES-MIXED,control-flow branch within buildPedalWindowIndex(); disposition inherits the function; edge-behavior audited at file level
branch,src/composing/analysis/scoreharvest/metricweights.cpp,if@buildPedalWindowIndex:163,163,CODE,SURVIVES-MIXED,control-flow branch within buildPedalWindowIndex(); disposition inherits the function; edge-behavior audited at file level
branch,src/composing/analysis/scoreharvest/metricweights.cpp,if@buildPedalWindowIndex:173,173,CODE,SURVIVES-MIXED,control-flow branch within buildPedalWindowIndex(); disposition inherits the function; edge-behavior audited at file level
branch,src/composing/analysis/slicing/slicer.cpp,if@changePointSlices:40,40,CODE,SURVIVES,control-flow branch within changePointSlices(); disposition inherits the function; edge-behavior audited at file level
branch,src/composing/analysis/slicing/slicer.cpp,if@changePointSlices:59,59,CODE,SURVIVES,control-flow branch within changePointSlices(); disposition inherits the function; edge-behavior audited at file level
branch,src/composing/analysis/slicing/slicer.cpp,if@changePointSlices:95,95,CODE,SURVIVES,control-flow branch within changePointSlices(); disposition inherits the function; edge-behavior audited at file level
crosslayer,src/composing/analysis/engravingbridge/phraseboundaryview.cpp,phraseboundaryview.h,23,PREMISE,FACT,"engraving/std external dependency — downward, legitimate"
crosslayer,src/composing/analysis/engravingbridge/phraseboundaryview.cpp,composing/analysis/notemodel/note_model.h,32,PREMISE,FACT,"intra-L1/L2 dependency (lateral, within the fact/segmentation layers) — legitimate reuse (#6)"
crosslayer,src/composing/analysis/engravingbridge/phraseboundaryview.cpp,composing/analysis/slicing/slicer.h,33,PREMISE,FACT,"intra-L1/L2 dependency (lateral, within the fact/segmentation layers) — legitimate reuse (#6)"
crosslayer,src/composing/analysis/engravingbridge/phraseboundaryview.cpp,engraving/dom/breath.h,35,PREMISE,FACT,"engraving/std external dependency — downward, legitimate"
crosslayer,src/composing/analysis/engravingbridge/phraseboundaryview.cpp,engraving/dom/engravingitem.h,36,PREMISE,FACT,"engraving/std external dependency — downward, legitimate"
crosslayer,src/composing/analysis/engravingbridge/phraseboundaryview.cpp,engraving/dom/gradualtempochange.h,37,PREMISE,FACT,"engraving/std external dependency — downward, legitimate"
crosslayer,src/composing/analysis/engravingbridge/phraseboundaryview.cpp,engraving/dom/keysig.h,38,PREMISE,FACT,"engraving/std external dependency — downward, legitimate"
crosslayer,src/composing/analysis/engravingbridge/phraseboundaryview.cpp,engraving/dom/measure.h,39,PREMISE,FACT,"engraving/std external dependency — downward, legitimate"
crosslayer,src/composing/analysis/engravingbridge/phraseboundaryview.cpp,engraving/dom/score.h,40,PREMISE,FACT,"engraving/std external dependency — downward, legitimate"
crosslayer,src/composing/analysis/engravingbridge/phraseboundaryview.cpp,engraving/dom/segment.h,41,PREMISE,FACT,"engraving/std external dependency — downward, legitimate"
crosslayer,src/composing/analysis/engravingbridge/phraseboundaryview.cpp,engraving/dom/spanner.h,42,PREMISE,FACT,"engraving/std external dependency — downward, legitimate"
crosslayer,src/composing/analysis/engravingbridge/phraseboundaryview.cpp,engraving/dom/staff.h,43,PREMISE,FACT,"engraving/std external dependency — downward, legitimate"
crosslayer,src/composing/analysis/engravingbridge/phraseboundaryview.cpp,engraving/types/types.h,44,PREMISE,FACT,"shared leaf types header (analysistypes.h) or engraving types — the designed unification, downward/lateral"
crosslayer,src/composing/analysis/engravingbridge/regiontonecollector.cpp,regiontonecollector.h,23,PREMISE,FACT,"engraving/std external dependency — downward, legitimate"
crosslayer,src/composing/analysis/engravingbridge/regiontonecollector.cpp,engraving/dom/chord.h,30,PREMISE,FACT,"engraving/std external dependency — downward, legitimate"
crosslayer,src/composing/analysis/engravingbridge/regiontonecollector.cpp,engraving/dom/chordrest.h,31,PREMISE,FACT,"engraving/std external dependency — downward, legitimate"
crosslayer,src/composing/analysis/engravingbridge/regiontonecollector.cpp,engraving/dom/measure.h,32,PREMISE,FACT,"engraving/std external dependency — downward, legitimate"
crosslayer,src/composing/analysis/engravingbridge/regiontonecollector.cpp,engraving/dom/note.h,33,PREMISE,FACT,"engraving/std external dependency — downward, legitimate"
crosslayer,src/composing/analysis/engravingbridge/regiontonecollector.cpp,engraving/dom/segment.h,34,PREMISE,FACT,"engraving/std external dependency — downward, legitimate"
crosslayer,src/composing/analysis/engravingbridge/regiontonecollector.cpp,engraving/dom/sig.h,35,PREMISE,FACT,"engraving/std external dependency — downward, legitimate"
crosslayer,src/composing/analysis/engravingbridge/regiontonecollector.cpp,composing/analysis/chord/analysisutils.h,37,PREMISE,ASSUMPTION,UPWARD cross-layer dep: an L1/L2 file includes a chord (higher-layer) header — #7 layering finding
crosslayer,src/composing/analysis/engravingbridge/regiontonecollector.cpp,composing/analysis/scoreharvest/metricweights.h,38,PREMISE,FACT,"intra-L1/L2 dependency (lateral, within the fact/segmentation layers) — legitimate reuse (#6)"
crosslayer,src/composing/analysis/engravingbridge/regiontonecollector.h,composing/analysis/types/analysistypes.h,52,PREMISE,FACT,"shared leaf types header (analysistypes.h) or engraving types — the designed unification, downward/lateral"
crosslayer,src/composing/analysis/engravingbridge/regiontonecollector.h,composing/analysis/notemodel/note_model.h,53,PREMISE,FACT,"intra-L1/L2 dependency (lateral, within the fact/segmentation layers) — legitimate reuse (#6)"
crosslayer,src/composing/analysis/engravingbridge/regiontonecollector.h,engraving/dom/part.h,54,PREMISE,FACT,"engraving/std external dependency — downward, legitimate"
crosslayer,src/composing/analysis/engravingbridge/regiontonecollector.h,engraving/dom/score.h,55,PREMISE,FACT,"engraving/std external dependency — downward, legitimate"
crosslayer,src/composing/analysis/engravingbridge/regiontonecollector.h,engraving/dom/staff.h,56,PREMISE,FACT,"engraving/std external dependency — downward, legitimate"
crosslayer,src/composing/analysis/engravingbridge/regiontonecollector.h,engraving/types/constants.h,57,PREMISE,FACT,"shared leaf types header (analysistypes.h) or engraving types — the designed unification, downward/lateral"
crosslayer,src/composing/analysis/engravingbridge/regiontonecollector.h,engraving/types/fraction.h,58,PREMISE,FACT,"shared leaf types header (analysistypes.h) or engraving types — the designed unification, downward/lateral"
crosslayer,src/composing/analysis/engravingbridge/regiontoneprimitives.cpp,regiontonecollector.h,23,PREMISE,FACT,"engraving/std external dependency — downward, legitimate"
crosslayer,src/composing/analysis/engravingbridge/regiontoneprimitives.cpp,engraving/dom/chord.h,30,PREMISE,FACT,"engraving/std external dependency — downward, legitimate"
crosslayer,src/composing/analysis/engravingbridge/regiontoneprimitives.cpp,engraving/dom/chordrest.h,31,PREMISE,FACT,"engraving/std external dependency — downward, legitimate"
crosslayer,src/composing/analysis/engravingbridge/regiontoneprimitives.cpp,engraving/dom/measure.h,32,PREMISE,FACT,"engraving/std external dependency — downward, legitimate"
crosslayer,src/composing/analysis/engravingbridge/regiontoneprimitives.cpp,engraving/dom/note.h,33,PREMISE,FACT,"engraving/std external dependency — downward, legitimate"
crosslayer,src/composing/analysis/engravingbridge/regiontoneprimitives.cpp,engraving/dom/segment.h,34,PREMISE,FACT,"engraving/std external dependency — downward, legitimate"
crosslayer,src/composing/analysis/engravingbridge/regiontoneprimitives.cpp,engraving/dom/sig.h,35,PREMISE,FACT,"engraving/std external dependency — downward, legitimate"
crosslayer,src/composing/analysis/engravingbridge/regiontoneprimitives.cpp,composing/analysis/chord/analysisutils.h,37,PREMISE,ASSUMPTION,UPWARD cross-layer dep: an L1/L2 file includes a chord (higher-layer) header — #7 layering finding
crosslayer,src/composing/analysis/engravingbridge/regiontoneprimitives.cpp,composing/analysis/chord/chordanalyzer.h,38,PREMISE,ASSUMPTION,UPWARD cross-layer dep: an L1/L2 file includes a chord (higher-layer) header — #7 layering finding
crosslayer,src/composing/analysis/engravingbridge/regiontoneprimitives.cpp,composing/analysis/scoreharvest/metricweights.h,39,PREMISE,FACT,"intra-L1/L2 dependency (lateral, within the fact/segmentation layers) — legitimate reuse (#6)"
crosslayer,src/composing/analysis/engravingbridge/spellingview.cpp,spellingview.h,23,PREMISE,FACT,"engraving/std external dependency — downward, legitimate"
crosslayer,src/composing/analysis/engravingbridge/spellingview.cpp,engraving/dom/pitchspelling.h,25,PREMISE,FACT,"engraving/std external dependency — downward, legitimate"
crosslayer,src/composing/analysis/engravingbridge/spellingview.h,engraving/dom/pitchspelling.h,60,PREMISE,FACT,"engraving/std external dependency — downward, legitimate"
crosslayer,src/composing/analysis/notemodel/note_model.cpp,note_model.h,23,PREMISE,FACT,"engraving/std external dependency — downward, legitimate"
crosslayer,src/composing/analysis/notemodel/note_model.cpp,engraving/dom/chord.h,29,PREMISE,FACT,"engraving/std external dependency — downward, legitimate"
crosslayer,src/composing/analysis/notemodel/note_model.cpp,engraving/dom/chordrest.h,30,PREMISE,FACT,"engraving/std external dependency — downward, legitimate"
crosslayer,src/composing/analysis/notemodel/note_model.cpp,engraving/dom/measure.h,31,PREMISE,FACT,"engraving/std external dependency — downward, legitimate"
crosslayer,src/composing/analysis/notemodel/note_model.cpp,engraving/dom/note.h,32,PREMISE,FACT,"engraving/std external dependency — downward, legitimate"
crosslayer,src/composing/analysis/notemodel/note_model.cpp,engraving/dom/score.h,33,PREMISE,FACT,"engraving/std external dependency — downward, legitimate"
crosslayer,src/composing/analysis/notemodel/note_model.cpp,engraving/dom/segment.h,34,PREMISE,FACT,"engraving/std external dependency — downward, legitimate"
crosslayer,src/composing/analysis/notemodel/note_model.cpp,engraving/dom/staff.h,35,PREMISE,FACT,"engraving/std external dependency — downward, legitimate"
crosslayer,src/composing/analysis/notemodel/note_model.cpp,composing/analysis/engravingbridge/regiontonecollector.h,39,PREMISE,FACT,"intra-L1/L2 dependency (lateral, within the fact/segmentation layers) — legitimate reuse (#6)"
crosslayer,src/composing/analysis/notemodel/note_model.h,engraving/types/fraction.h,57,PREMISE,FACT,"shared leaf types header (analysistypes.h) or engraving types — the designed unification, downward/lateral"
crosslayer,src/composing/analysis/scoreharvest/metricweights.cpp,metricweights.h,23,PREMISE,FACT,"engraving/std external dependency — downward, legitimate"
crosslayer,src/composing/analysis/scoreharvest/metricweights.cpp,engraving/dom/measure.h,28,PREMISE,FACT,"engraving/std external dependency — downward, legitimate"
crosslayer,src/composing/analysis/scoreharvest/metricweights.cpp,engraving/dom/pedal.h,29,PREMISE,FACT,"engraving/std external dependency — downward, legitimate"
crosslayer,src/composing/analysis/scoreharvest/metricweights.cpp,engraving/dom/score.h,30,PREMISE,FACT,"engraving/std external dependency — downward, legitimate"
crosslayer,src/composing/analysis/scoreharvest/metricweights.cpp,engraving/dom/segment.h,31,PREMISE,FACT,"engraving/std external dependency — downward, legitimate"
crosslayer,src/composing/analysis/scoreharvest/metricweights.cpp,engraving/dom/sig.h,32,PREMISE,FACT,"engraving/std external dependency — downward, legitimate"
crosslayer,src/composing/analysis/scoreharvest/metricweights.cpp,engraving/dom/spanner.h,33,PREMISE,FACT,"engraving/std external dependency — downward, legitimate"
crosslayer,src/composing/analysis/scoreharvest/metricweights.cpp,engraving/types/fraction.h,34,PREMISE,FACT,"shared leaf types header (analysistypes.h) or engraving types — the designed unification, downward/lateral"
crosslayer,src/composing/analysis/scoreharvest/metricweights.cpp,engraving/types/types.h,35,PREMISE,FACT,"shared leaf types header (analysistypes.h) or engraving types — the designed unification, downward/lateral"
crosslayer,src/composing/analysis/scoreharvest/metricweights.h,engraving/types/constants.h,39,PREMISE,FACT,"shared leaf types header (analysistypes.h) or engraving types — the designed unification, downward/lateral"
crosslayer,src/composing/analysis/scoreharvest/metricweights.h,engraving/dom/sig.h,40,PREMISE,FACT,"engraving/std external dependency — downward, legitimate"
crosslayer,src/composing/analysis/scoreharvest/metricweights.h,../key/keymodeanalyzer.h,42,PREMISE,ASSUMPTION,UPWARD cross-layer dep: an L1/L2 file includes a key (higher-layer) header — #7 layering finding
crosslayer,src/composing/analysis/slicing/slicer.cpp,slicer.h,23,PREMISE,FACT,"engraving/std external dependency — downward, legitimate"
crosslayer,src/composing/analysis/slicing/slicer.h,composing/analysis/notemodel/note_model.h,75,PREMISE,FACT,"intra-L1/L2 dependency (lateral, within the fact/segmentation layers) — legitimate reuse (#6)"
