file,kind,line,ident,func,layer,verdict_class,verdict,in_param_manifest,reason
src/composing/analysis/key/keymodeanalyzer.cpp,function,125,ionianTonicPcForMode,ionianTonicPcForMode,L3,code,SURVIVES,,L3 mechanism on the survivor path (or its diagnostic/dormant scaffolding) — no retirement scheduled for the L3 concern itself
src/composing/analysis/key/keymodeanalyzer.cpp,function,168,possibleIonianFifthsForPc,possibleIonianFifthsForPc,L3,code,SURVIVES,,L3 mechanism on the survivor path (or its diagnostic/dormant scaffolding) — no retirement scheduled for the L3 concern itself
src/composing/analysis/key/keymodeanalyzer.cpp,function,189,resolveToFifths,resolveToFifths,L3,code,SURVIVES,,L3 mechanism on the survivor path (or its diagnostic/dormant scaffolding) — no retirement scheduled for the L3 concern itself
src/composing/analysis/key/keymodeanalyzer.cpp,function,228,noteWeight,noteWeight,L3,code,SURVIVES,,L3 mechanism on the survivor path (or its diagnostic/dormant scaffolding) — no retirement scheduled for the L3 concern itself
src/composing/analysis/key/keymodeanalyzer.cpp,function,238,scoreScaleMembership,scoreScaleMembership,L3,code,SURVIVES,,L3 mechanism on the survivor path (or its diagnostic/dormant scaffolding) — no retirement scheduled for the L3 concern itself
src/composing/analysis/key/keymodeanalyzer.cpp,function,265,scoreTriadEvidence,scoreTriadEvidence,L3,code,SURVIVES,,L3 mechanism on the survivor path (or its diagnostic/dormant scaffolding) — no retirement scheduled for the L3 concern itself
src/composing/analysis/key/keymodeanalyzer.cpp,function,321,scoreCharacteristicPitch,scoreCharacteristicPitch,L3,code,SURVIVES,,L3 mechanism on the survivor path (or its diagnostic/dormant scaffolding) — no retirement scheduled for the L3 concern itself
src/composing/analysis/key/keymodeanalyzer.cpp,function,363,scoreTrueLeadingTone,scoreTrueLeadingTone,L3,code,SURVIVES,,L3 mechanism on the survivor path (or its diagnostic/dormant scaffolding) — no retirement scheduled for the L3 concern itself
src/composing/analysis/key/keymodeanalyzer.cpp,function,378,scoreModePrior,scoreModePrior,L3,code,SURVIVES,,L3 mechanism on the survivor path (or its diagnostic/dormant scaffolding) — no retirement scheduled for the L3 concern itself
src/composing/analysis/key/keymodeanalyzer.cpp,function,411,scoreKeySignatureProximity,scoreKeySignatureProximity,L3,code,SURVIVES,,L3 mechanism on the survivor path (or its diagnostic/dormant scaffolding) — no retirement scheduled for the L3 concern itself
src/composing/analysis/key/keymodeanalyzer.cpp,function,429,tonalCenterScore,tonalCenterScore,L3,code,SURVIVES,,L3 mechanism on the survivor path (or its diagnostic/dormant scaffolding) — no retirement scheduled for the L3 concern itself
src/composing/analysis/key/keymodeanalyzer.cpp,function,455,applyPairwiseDisambiguation,applyPairwiseDisambiguation,L3,code,SURVIVES,,L3 mechanism on the survivor path (or its diagnostic/dormant scaffolding) — no retirement scheduled for the L3 concern itself
src/composing/analysis/key/keymodeanalyzer.cpp,function,501,modeIsCompatibleWithDeclared,modeIsCompatibleWithDeclared,L3,code,SURVIVES,,L3 mechanism on the survivor path (or its diagnostic/dormant scaffolding) — no retirement scheduled for the L3 concern itself
src/composing/analysis/key/keymodeanalyzer.cpp,function,519,keySignatureFifthsForKey,keySignatureFifthsForKey,L3,code,SURVIVES,,L3 mechanism on the survivor path (or its diagnostic/dormant scaffolding) — no retirement scheduled for the L3 concern itself
src/composing/analysis/key/keymodeanalyzer.cpp,function,530,keyModeSignatureFifths,keyModeSignatureFifths,L3,code,SURVIVES,,L3 mechanism on the survivor path (or its diagnostic/dormant scaffolding) — no retirement scheduled for the L3 concern itself
src/composing/analysis/key/keymodeanalyzer.cpp,function,542,analyzeKeyMode,analyzeKeyMode,L3,code,SURVIVES,,L3 mechanism on the survivor path (or its diagnostic/dormant scaffolding) — no retirement scheduled for the L3 concern itself
src/composing/analysis/key/keymodeanalyzer.cpp,function,838,keyModeScaleIntervals,keyModeScaleIntervals,L3,code,SURVIVES,,L3 mechanism on the survivor path (or its diagnostic/dormant scaffolding) — no retirement scheduled for the L3 concern itself
src/composing/analysis/key/keymodeanalyzer.h,function,36,normalizedConfidenceSigmoid,normalizedConfidenceSigmoid,L3,code,SURVIVES,,L3 mechanism on the survivor path (or its diagnostic/dormant scaffolding) — no retirement scheduled for the L3 concern itself
src/composing/analysis/key/keymodeanalyzer.h,function,50,keyModeIndex,keyModeIndex,L3,code,SURVIVES,,L3 mechanism on the survivor path (or its diagnostic/dormant scaffolding) — no retirement scheduled for the L3 concern itself
src/composing/analysis/key/keymodeanalyzer.h,function,53,keyModeFromIndex,keyModeFromIndex,L3,code,SURVIVES,,L3 mechanism on the survivor path (or its diagnostic/dormant scaffolding) — no retirement scheduled for the L3 concern itself
src/composing/analysis/key/keymodeanalyzer.h,function,60,keyModeIsMajor,keyModeIsMajor,L3,code,SURVIVES,,L3 mechanism on the survivor path (or its diagnostic/dormant scaffolding) — no retirement scheduled for the L3 concern itself
src/composing/analysis/key/keymodeanalyzer.h,function,81,keyModeTonicOffset,keyModeTonicOffset,L3,code,SURVIVES,,L3 mechanism on the survivor path (or its diagnostic/dormant scaffolding) — no retirement scheduled for the L3 concern itself
src/composing/analysis/key/keymodeanalyzer.h,function,114,isMajor,isMajor,L3,code,SURVIVES,,L3 mechanism on the survivor path (or its diagnostic/dormant scaffolding) — no retirement scheduled for the L3 concern itself
src/composing/analysis/key/keymodeformatting.cpp,function,31,keyModeTonicName,keyModeTonicName,L3,code,SURVIVES,,L3 mechanism on the survivor path (or its diagnostic/dormant scaffolding) — no retirement scheduled for the L3 concern itself
src/composing/analysis/key/keymodeformatting.cpp,function,108,keyModeSuffix,keyModeSuffix,L3,code,SURVIVES,,L3 mechanism on the survivor path (or its diagnostic/dormant scaffolding) — no retirement scheduled for the L3 concern itself
src/composing/analysis/key/keymodesequence.cpp,function,52,candidateIndex,candidateIndex,L3,code,SURVIVES,,L3 mechanism on the survivor path (or its diagnostic/dormant scaffolding) — no retirement scheduled for the L3 concern itself
src/composing/analysis/key/keymodesequence.cpp,function,62,cofDistance,cofDistance,L3,code,SURVIVES,,L3 mechanism on the survivor path (or its diagnostic/dormant scaffolding) — no retirement scheduled for the L3 concern itself
src/composing/analysis/key/keymodesequence.cpp,function,78,buildSliceContext,buildSliceContext,L3,code,SURVIVES,,L3 mechanism on the survivor path (or its diagnostic/dormant scaffolding) — no retirement scheduled for the L3 concern itself
src/composing/analysis/key/keymodesequence.cpp,function,94,stateToResult,stateToResult,L3,code,SURVIVES,,L3 mechanism on the survivor path (or its diagnostic/dormant scaffolding) — no retirement scheduled for the L3 concern itself
src/composing/analysis/key/keymodesequence.cpp,function,111,stateForCandidate,stateForCandidate,L3,code,SURVIVES,,L3 mechanism on the survivor path (or its diagnostic/dormant scaffolding) — no retirement scheduled for the L3 concern itself
src/composing/analysis/key/keymodesequence.cpp,function,127,buildLattice,buildLattice,L3,code,SURVIVES,,L3 mechanism on the survivor path (or its diagnostic/dormant scaffolding) — no retirement scheduled for the L3 concern itself
src/composing/analysis/key/keymodesequence.cpp,function,177,stateIndexForResult,stateIndexForResult,L3,code,SURVIVES,,L3 mechanism on the survivor path (or its diagnostic/dormant scaffolding) — no retirement scheduled for the L3 concern itself
src/composing/analysis/key/keymodesequence.cpp,function,201,populateEmissionConfidence,populateEmissionConfidence,L3,code,SURVIVES,,L3 mechanism on the survivor path (or its diagnostic/dormant scaffolding) — no retirement scheduled for the L3 concern itself
src/composing/analysis/key/keymodesequence.cpp,function,231,changeCost,changeCost,L3,code,SURVIVES,,L3 mechanism on the survivor path (or its diagnostic/dormant scaffolding) — no retirement scheduled for the L3 concern itself
src/composing/analysis/key/keymodesequence.cpp,function,242,decodeLattice,decodeLattice,L3,code,SURVIVES,,L3 mechanism on the survivor path (or its diagnostic/dormant scaffolding) — no retirement scheduled for the L3 concern itself
src/composing/analysis/key/keymodesequence.cpp,function,400,decode,decode,L3,code,SURVIVES,,L3 mechanism on the survivor path (or its diagnostic/dormant scaffolding) — no retirement scheduled for the L3 concern itself
src/composing/analysis/key/keymodesequence.cpp,function,416,redecodeRange,redecodeRange,L3,code,SURVIVES,,L3 mechanism on the survivor path (or its diagnostic/dormant scaffolding) — no retirement scheduled for the L3 concern itself
src/composing/analysis/key/keyresolver.cpp,function,55,fallbackResult,fallbackResult,L3,code,SURVIVES,,L3 mechanism on the survivor path (or its diagnostic/dormant scaffolding) — no retirement scheduled for the L3 concern itself
src/composing/analysis/key/keyresolver.cpp,function,71,ionianScaleSet,ionianScaleSet,L3,code,SURVIVES,,L3 mechanism on the survivor path (or its diagnostic/dormant scaffolding) — no retirement scheduled for the L3 concern itself
src/composing/analysis/key/keyresolver.cpp,function,107,partialSignatureCorrection,partialSignatureCorrection,L3,code,SURVIVES,,L3 mechanism on the survivor path (or its diagnostic/dormant scaffolding) — no retirement scheduled for the L3 concern itself
src/composing/analysis/key/keyresolver.cpp,function,195,promoteWinnerInPlace,promoteWinnerInPlace,L3,code,SURVIVES,,L3 mechanism on the survivor path (or its diagnostic/dormant scaffolding) — no retirement scheduled for the L3 concern itself
src/composing/analysis/key/keyresolver.cpp,function,206,resolveKeySignatureContext,resolveKeySignatureContext,L3,code,SURVIVES,,L3 mechanism on the survivor path (or its diagnostic/dormant scaffolding) — no retirement scheduled for the L3 concern itself
src/composing/analysis/key/keyresolver.cpp,function,255,resolveKeyAndModeRanked,resolveKeyAndModeRanked,L3,code,RETIRES,,SURVIVES but R5-SHRINKS: the per-window argmax + hysteresis retire (superseded by the decoder change cost); resolveKeySignatureContext + the insufficient-PCs fallback SURVIVE as the S2 seed + P4 tick-local + grading baseline. #12-check at deletion: KEEP the shared signature/declared-mode/partial-correction; drop the hysteresis.
src/composing/analysis/key/modepriorpresets.cpp,function,27,modePriorPresets,modePriorPresets,L3,code,SURVIVES,,L3 mechanism on the survivor path (or its diagnostic/dormant scaffolding) — no retirement scheduled for the L3 concern itself
src/composing/analysis/region/harmonicrhythm.h,function,55,toExtensionsSnapshot,toExtensionsSnapshot,L3-MIXED,code,SURVIVES,,L3 mechanism on the survivor path (or its diagnostic/dormant scaffolding) — no retirement scheduled for the L3 concern itself
src/composing/analysis/region/regionanalyzer.cpp,function,72,makeChordPathNode,makeChordPathNode,L4,code,DEFERRED,,L4 part of a mixed file — deferred to the owning layer's audit (split recorded)
src/composing/analysis/region/regionanalyzer.cpp,function,92,measureTicksBefore,measureTicksBefore,L3,code,SURVIVES,,L3 mechanism on the survivor path (or its diagnostic/dormant scaffolding) — no retirement scheduled for the L3 concern itself
src/composing/analysis/region/regionanalyzer.cpp,function,116,coalesceShortSameRootRuns,coalesceShortSameRootRuns,L4,code,DEFERRED,,L4 part of a mixed file — deferred to the owning layer's audit (split recorded)
src/composing/analysis/region/regionanalyzer.cpp,function,209,tryCollapseSameChordRegion,tryCollapseSameChordRegion,L4,code,DEFERRED,,L4 part of a mixed file — deferred to the owning layer's audit (split recorded)
src/composing/analysis/region/regionanalyzer.cpp,function,239,absorbShortRegions,absorbShortRegions,L4,code,DEFERRED,,L4 part of a mixed file — deferred to the owning layer's audit (split recorded)
src/composing/analysis/region/regionanalyzer.cpp,function,274,inheritRegionKeyContext,inheritRegionKeyContext,L3,code,SURVIVES,,L3 mechanism on the survivor path (or its diagnostic/dormant scaffolding) — no retirement scheduled for the L3 concern itself
src/composing/analysis/region/regionanalyzer.cpp,function,284,backfillNextRootPc,backfillNextRootPc,L5,code,DEFERRED,,L5 part of a mixed file — deferred to the owning layer's audit (split recorded)
src/composing/analysis/region/regionanalyzer.cpp,function,305,restampBassMinorSeventhAfterMerge,restampBassMinorSeventhAfterMerge,L4,code,DEFERRED,,L4 part of a mixed file — deferred to the owning layer's audit (split recorded)
src/composing/analysis/region/regionanalyzer.cpp,function,336,denseBoundaryTicks,denseBoundaryTicks,L2,code,DEFERRED,,L2 part of a mixed file — deferred to the owning layer's audit (split recorded)
src/composing/analysis/region/regionanalyzer.cpp,function,396,applyJointKeyWiring,applyJointKeyWiring,L3,code,SURVIVES,,L3 mechanism on the survivor path (or its diagnostic/dormant scaffolding) — no retirement scheduled for the L3 concern itself
src/composing/analysis/region/regionanalyzer.cpp,function,677,sameKey,sameKey,L3,code,SURVIVES,,L3 mechanism on the survivor path (or its diagnostic/dormant scaffolding) — no retirement scheduled for the L3 concern itself
src/composing/analysis/region/regionanalyzer.cpp,function,559,analyzeRegions,analyzeRegions,L3-seam+L4-loop,code,SURVIVES,,L3 mechanism on the survivor path (or its diagnostic/dormant scaffolding) — no retirement scheduled for the L3 concern itself
src/composing/analysis/section/cadencekeyanchor.cpp,function,37,detectAuthenticCadences,detectAuthenticCadences,L3,code,SURVIVES,,L3 mechanism on the survivor path (or its diagnostic/dormant scaffolding) — no retirement scheduled for the L3 concern itself
src/composing/analysis/section/cadencekeyanchor.cpp,function,123,aggregateGlobalAnchor,aggregateGlobalAnchor,L3,code,SURVIVES,,L3 mechanism on the survivor path (or its diagnostic/dormant scaffolding) — no retirement scheduled for the L3 concern itself
src/composing/analysis/section/jointkeydecision.cpp,function,44,jkdInCollectionFraction,jkdInCollectionFraction,L3,code,SURVIVES,,L3 mechanism on the survivor path (or its diagnostic/dormant scaffolding) — no retirement scheduled for the L3 concern itself
src/composing/analysis/section/jointkeydecision.cpp,function,60,jkdRootDiatonic,jkdRootDiatonic,L3,code,SURVIVES,,L3 mechanism on the survivor path (or its diagnostic/dormant scaffolding) — no retirement scheduled for the L3 concern itself
src/composing/analysis/section/jointkeydecision.cpp,function,94,jkdChordPinned,jkdChordPinned,L3,code,SURVIVES,,L3 mechanism on the survivor path (or its diagnostic/dormant scaffolding) — no retirement scheduled for the L3 concern itself
src/composing/analysis/section/jointkeydecision.cpp,function,144,setJointKeyWiringEnabled,setJointKeyWiringEnabled,L3,code,SURVIVES,,L3 mechanism on the survivor path (or its diagnostic/dormant scaffolding) — no retirement scheduled for the L3 concern itself
src/composing/analysis/section/jointkeydecision.cpp,function,145,jointKeyWiringEnabled,jointKeyWiringEnabled,L3,code,SURVIVES,,L3 mechanism on the survivor path (or its diagnostic/dormant scaffolding) — no retirement scheduled for the L3 concern itself
src/composing/analysis/section/jointkeydecision.cpp,function,148,decideJointKey,decideJointKey,L3,code,SURVIVES,,L3 mechanism on the survivor path (or its diagnostic/dormant scaffolding) — no retirement scheduled for the L3 concern itself
src/composing/analysis/section/localmodulationdetector.cpp,function,59,lmdRootIsDiatonic,lmdRootIsDiatonic,L3,code,SURVIVES,,L3 mechanism on the survivor path (or its diagnostic/dormant scaffolding) — no retirement scheduled for the L3 concern itself
src/composing/analysis/section/localmodulationdetector.cpp,function,65,lmdOutOfCollectionCount,lmdOutOfCollectionCount,L3,code,SURVIVES,,L3 mechanism on the survivor path (or its diagnostic/dormant scaffolding) — no retirement scheduled for the L3 concern itself
src/composing/analysis/section/localmodulationdetector.cpp,function,81,lmdRegionConsistent,lmdRegionConsistent,L3,code,SURVIVES,,L3 mechanism on the survivor path (or its diagnostic/dormant scaffolding) — no retirement scheduled for the L3 concern itself
src/composing/analysis/section/localmodulationdetector.cpp,function,95,detectLocalModulations,detectLocalModulations,L3,code,SURVIVES,,L3 mechanism on the survivor path (or its diagnostic/dormant scaffolding) — no retirement scheduled for the L3 concern itself
src/composing/analysis/section/sectionanalyzer.cpp,function,75,distinctPitchClassCount,distinctPitchClassCount,util,code,DEFERRED,,util part of a mixed file — deferred to the owning layer's audit (split recorded)
src/composing/analysis/section/sectionanalyzer.cpp,function,90,stabilizeHarmonicRegionsForDisplay,stabilizeHarmonicRegionsForDisplay,L3,code,SURVIVES,,L3 mechanism on the survivor path (or its diagnostic/dormant scaffolding) — no retirement scheduled for the L3 concern itself
src/composing/analysis/section/sectionanalyzer.cpp,function,174,analyzeSection,analyzeSection,L3-seam+L4-gap,code,SURVIVES,,L3 mechanism on the survivor path (or its diagnostic/dormant scaffolding) — no retirement scheduled for the L3 concern itself
src/composing/analysis/section/sectioncadencedetection.cpp,function,49,hasAssertiveKeyConfidence,hasAssertiveKeyConfidence,L3,code,SURVIVES,,L3 mechanism on the survivor path (or its diagnostic/dormant scaffolding) — no retirement scheduled for the L3 concern itself
src/composing/analysis/section/sectioncadencedetection.cpp,function,59,detectCadences,detectCadences,L5,code,DEFERRED,,L5 part of a mixed file — deferred to the owning layer's audit (split recorded)
src/composing/analysis/section/sectioncadencedetection.cpp,function,144,detectPivotChords,detectPivotChords,L5,code,DEFERRED,,L5 part of a mixed file — deferred to the owning layer's audit (split recorded)
src/composing/analysis/types/analysistypes.h,function,425,bounds,bounds,L3-MIXED,code,SURVIVES,,L3 mechanism on the survivor path (or its diagnostic/dormant scaffolding) — no retirement scheduled for the L3 concern itself
src/composing/analysis/types/analysistypes.h,function,815,bounds,bounds,L3-MIXED,code,SURVIVES,,L3 mechanism on the survivor path (or its diagnostic/dormant scaffolding) — no retirement scheduled for the L3 concern itself
src/composing/analysis/key/keymodeanalyzer.h,decl,37,exp,<namespace>,L3,code,SURVIVES,,L3 mechanism on the survivor path (or its diagnostic/dormant scaffolding) — no retirement scheduled for the L3 concern itself
src/composing/analysis/key/keymodeanalyzer.h,decl,114,isMajor,KeyModeAnalysisResult,L3,code,SURVIVES,,L3 mechanism on the survivor path (or its diagnostic/dormant scaffolding) — no retirement scheduled for the L3 concern itself
src/composing/analysis/key/keymodeanalyzer.h,decl,189,keyModeScaleIntervals,<namespace>,L3,code,SURVIVES,,L3 mechanism on the survivor path (or its diagnostic/dormant scaffolding) — no retirement scheduled for the L3 concern itself
src/composing/analysis/key/keymodeanalyzer.h,decl,195,ionianTonicPcForMode,<namespace>,L3,code,SURVIVES,,L3 mechanism on the survivor path (or its diagnostic/dormant scaffolding) — no retirement scheduled for the L3 concern itself
src/composing/analysis/key/keymodeanalyzer.h,decl,203,keySignatureFifthsForKey,<namespace>,L3,code,SURVIVES,,L3 mechanism on the survivor path (or its diagnostic/dormant scaffolding) — no retirement scheduled for the L3 concern itself
src/composing/analysis/key/keymodeanalyzer.h,decl,210,keyModeSignatureFifths,<namespace>,L3,code,SURVIVES,,L3 mechanism on the survivor path (or its diagnostic/dormant scaffolding) — no retirement scheduled for the L3 concern itself
src/composing/analysis/key/keymodeanalyzer.h,decl,216,keyModeTonicName,<namespace>,L3,code,SURVIVES,,L3 mechanism on the survivor path (or its diagnostic/dormant scaffolding) — no retirement scheduled for the L3 concern itself
src/composing/analysis/key/keymodeanalyzer.h,decl,220,keyModeSuffix,<namespace>,L3,code,SURVIVES,,L3 mechanism on the survivor path (or its diagnostic/dormant scaffolding) — no retirement scheduled for the L3 concern itself
src/composing/analysis/key/modepriorpresets.h,decl,74,modePriorPresets,<namespace>,L3,code,SURVIVES,,L3 mechanism on the survivor path (or its diagnostic/dormant scaffolding) — no retirement scheduled for the L3 concern itself
src/composing/analysis/section/cadencekeyanchor.h,decl,156,aggregateGlobalAnchor,<namespace>,L3,code,SURVIVES,,L3 mechanism on the survivor path (or its diagnostic/dormant scaffolding) — no retirement scheduled for the L3 concern itself
src/composing/analysis/section/jointkeydecision.h,decl,214,setJointKeyWiringEnabled,<namespace>,L3,code,SURVIVES,,L3 mechanism on the survivor path (or its diagnostic/dormant scaffolding) — no retirement scheduled for the L3 concern itself
src/composing/analysis/section/jointkeydecision.h,decl,215,jointKeyWiringEnabled,<namespace>,L3,code,SURVIVES,,L3 mechanism on the survivor path (or its diagnostic/dormant scaffolding) — no retirement scheduled for the L3 concern itself
src/composing/analysis/key/keymodeanalyzer.cpp,literal,39,7,<file-scope>,L3,constant,ESTABLISHED,no,"FACT (music theory): scale-interval / mode-offset / circle-of-fifths / enharmonic-spelling table entry or pc arithmetic — structural, not a tunable"
src/composing/analysis/key/keymodeanalyzer.cpp,literal,43,21,<file-scope>,L3,constant,ESTABLISHED,no,"FACT (music theory): scale-interval / mode-offset / circle-of-fifths / enharmonic-spelling table entry or pc arithmetic — structural, not a tunable"
src/composing/analysis/key/keymodeanalyzer.cpp,literal,45,2,<file-scope>,L3,constant,ESTABLISHED,no,"FACT (music theory): scale-interval / mode-offset / circle-of-fifths / enharmonic-spelling table entry or pc arithmetic — structural, not a tunable"
src/composing/analysis/key/keymodeanalyzer.cpp,literal,45,4,<file-scope>,L3,constant,ESTABLISHED,no,"FACT (music theory): scale-interval / mode-offset / circle-of-fifths / enharmonic-spelling table entry or pc arithmetic — structural, not a tunable"
src/composing/analysis/key/keymodeanalyzer.cpp,literal,45,5,<file-scope>,L3,constant,ESTABLISHED,no,"FACT (music theory): scale-interval / mode-offset / circle-of-fifths / enharmonic-spelling table entry or pc arithmetic — structural, not a tunable"
src/composing/analysis/key/keymodeanalyzer.cpp,literal,45,7,<file-scope>,L3,constant,ESTABLISHED,no,"FACT (music theory): scale-interval / mode-offset / circle-of-fifths / enharmonic-spelling table entry or pc arithmetic — structural, not a tunable"
src/composing/analysis/key/keymodeanalyzer.cpp,literal,45,9,<file-scope>,L3,constant,ESTABLISHED,no,"FACT (music theory): scale-interval / mode-offset / circle-of-fifths / enharmonic-spelling table entry or pc arithmetic — structural, not a tunable"
src/composing/analysis/key/keymodeanalyzer.cpp,literal,45,11,<file-scope>,L3,constant,ESTABLISHED,no,"FACT (music theory): scale-interval / mode-offset / circle-of-fifths / enharmonic-spelling table entry or pc arithmetic — structural, not a tunable"
src/composing/analysis/key/keymodeanalyzer.cpp,literal,46,2,<file-scope>,L3,constant,ESTABLISHED,no,"FACT (music theory): scale-interval / mode-offset / circle-of-fifths / enharmonic-spelling table entry or pc arithmetic — structural, not a tunable"
src/composing/analysis/key/keymodeanalyzer.cpp,literal,46,3,<file-scope>,L3,constant,ESTABLISHED,no,"FACT (music theory): scale-interval / mode-offset / circle-of-fifths / enharmonic-spelling table entry or pc arithmetic — structural, not a tunable"
src/composing/analysis/key/keymodeanalyzer.cpp,literal,46,5,<file-scope>,L3,constant,ESTABLISHED,no,"FACT (music theory): scale-interval / mode-offset / circle-of-fifths / enharmonic-spelling table entry or pc arithmetic — structural, not a tunable"
src/composing/analysis/key/keymodeanalyzer.cpp,literal,46,7,<file-scope>,L3,constant,ESTABLISHED,no,"FACT (music theory): scale-interval / mode-offset / circle-of-fifths / enharmonic-spelling table entry or pc arithmetic — structural, not a tunable"
src/composing/analysis/key/keymodeanalyzer.cpp,literal,46,9,<file-scope>,L3,constant,ESTABLISHED,no,"FACT (music theory): scale-interval / mode-offset / circle-of-fifths / enharmonic-spelling table entry or pc arithmetic — structural, not a tunable"
src/composing/analysis/key/keymodeanalyzer.cpp,literal,46,10,<file-scope>,L3,constant,ESTABLISHED,no,"FACT (music theory): scale-interval / mode-offset / circle-of-fifths / enharmonic-spelling table entry or pc arithmetic — structural, not a tunable"
src/composing/analysis/key/keymodeanalyzer.cpp,literal,47,3,<file-scope>,L3,constant,ESTABLISHED,no,"FACT (music theory): scale-interval / mode-offset / circle-of-fifths / enharmonic-spelling table entry or pc arithmetic — structural, not a tunable"
src/composing/analysis/key/keymodeanalyzer.cpp,literal,47,5,<file-scope>,L3,constant,ESTABLISHED,no,"FACT (music theory): scale-interval / mode-offset / circle-of-fifths / enharmonic-spelling table entry or pc arithmetic — structural, not a tunable"
src/composing/analysis/key/keymodeanalyzer.cpp,literal,47,7,<file-scope>,L3,constant,ESTABLISHED,no,"FACT (music theory): scale-interval / mode-offset / circle-of-fifths / enharmonic-spelling table entry or pc arithmetic — structural, not a tunable"
src/composing/analysis/key/keymodeanalyzer.cpp,literal,47,8,<file-scope>,L3,constant,ESTABLISHED,no,"FACT (music theory): scale-interval / mode-offset / circle-of-fifths / enharmonic-spelling table entry or pc arithmetic — structural, not a tunable"
src/composing/analysis/key/keymodeanalyzer.cpp,literal,47,10,<file-scope>,L3,constant,ESTABLISHED,no,"FACT (music theory): scale-interval / mode-offset / circle-of-fifths / enharmonic-spelling table entry or pc arithmetic — structural, not a tunable"
src/composing/analysis/key/keymodeanalyzer.cpp,literal,48,2,<file-scope>,L3,constant,ESTABLISHED,no,"FACT (music theory): scale-interval / mode-offset / circle-of-fifths / enharmonic-spelling table entry or pc arithmetic — structural, not a tunable"
src/composing/analysis/key/keymodeanalyzer.cpp,literal,48,4,<file-scope>,L3,constant,ESTABLISHED,no,"FACT (music theory): scale-interval / mode-offset / circle-of-fifths / enharmonic-spelling table entry or pc arithmetic — structural, not a tunable"
src/composing/analysis/key/keymodeanalyzer.cpp,literal,48,6,<file-scope>,L3,constant,ESTABLISHED,no,"FACT (music theory): scale-interval / mode-offset / circle-of-fifths / enharmonic-spelling table entry or pc arithmetic — structural, not a tunable"
src/composing/analysis/key/keymodeanalyzer.cpp,literal,48,7,<file-scope>,L3,constant,ESTABLISHED,no,"FACT (music theory): scale-interval / mode-offset / circle-of-fifths / enharmonic-spelling table entry or pc arithmetic — structural, not a tunable"
src/composing/analysis/key/keymodeanalyzer.cpp,literal,48,9,<file-scope>,L3,constant,ESTABLISHED,no,"FACT (music theory): scale-interval / mode-offset / circle-of-fifths / enharmonic-spelling table entry or pc arithmetic — structural, not a tunable"
src/composing/analysis/key/keymodeanalyzer.cpp,literal,48,11,<file-scope>,L3,constant,ESTABLISHED,no,"FACT (music theory): scale-interval / mode-offset / circle-of-fifths / enharmonic-spelling table entry or pc arithmetic — structural, not a tunable"
src/composing/analysis/key/keymodeanalyzer.cpp,literal,49,2,<file-scope>,L3,constant,ESTABLISHED,no,"FACT (music theory): scale-interval / mode-offset / circle-of-fifths / enharmonic-spelling table entry or pc arithmetic — structural, not a tunable"
src/composing/analysis/key/keymodeanalyzer.cpp,literal,49,4,<file-scope>,L3,constant,ESTABLISHED,no,"FACT (music theory): scale-interval / mode-offset / circle-of-fifths / enharmonic-spelling table entry or pc arithmetic — structural, not a tunable"
src/composing/analysis/key/keymodeanalyzer.cpp,literal,49,5,<file-scope>,L3,constant,ESTABLISHED,no,"FACT (music theory): scale-interval / mode-offset / circle-of-fifths / enharmonic-spelling table entry or pc arithmetic — structural, not a tunable"
src/composing/analysis/key/keymodeanalyzer.cpp,literal,49,7,<file-scope>,L3,constant,ESTABLISHED,no,"FACT (music theory): scale-interval / mode-offset / circle-of-fifths / enharmonic-spelling table entry or pc arithmetic — structural, not a tunable"
src/composing/analysis/key/keymodeanalyzer.cpp,literal,49,9,<file-scope>,L3,constant,ESTABLISHED,no,"FACT (music theory): scale-interval / mode-offset / circle-of-fifths / enharmonic-spelling table entry or pc arithmetic — structural, not a tunable"
src/composing/analysis/key/keymodeanalyzer.cpp,literal,49,10,<file-scope>,L3,constant,ESTABLISHED,no,"FACT (music theory): scale-interval / mode-offset / circle-of-fifths / enharmonic-spelling table entry or pc arithmetic — structural, not a tunable"
src/composing/analysis/key/keymodeanalyzer.cpp,literal,50,2,<file-scope>,L3,constant,ESTABLISHED,no,"FACT (music theory): scale-interval / mode-offset / circle-of-fifths / enharmonic-spelling table entry or pc arithmetic — structural, not a tunable"
src/composing/analysis/key/keymodeanalyzer.cpp,literal,50,3,<file-scope>,L3,constant,ESTABLISHED,no,"FACT (music theory): scale-interval / mode-offset / circle-of-fifths / enharmonic-spelling table entry or pc arithmetic — structural, not a tunable"
src/composing/analysis/key/keymodeanalyzer.cpp,literal,50,5,<file-scope>,L3,constant,ESTABLISHED,no,"FACT (music theory): scale-interval / mode-offset / circle-of-fifths / enharmonic-spelling table entry or pc arithmetic — structural, not a tunable"
src/composing/analysis/key/keymodeanalyzer.cpp,literal,50,7,<file-scope>,L3,constant,ESTABLISHED,no,"FACT (music theory): scale-interval / mode-offset / circle-of-fifths / enharmonic-spelling table entry or pc arithmetic — structural, not a tunable"
src/composing/analysis/key/keymodeanalyzer.cpp,literal,50,8,<file-scope>,L3,constant,ESTABLISHED,no,"FACT (music theory): scale-interval / mode-offset / circle-of-fifths / enharmonic-spelling table entry or pc arithmetic — structural, not a tunable"
src/composing/analysis/key/keymodeanalyzer.cpp,literal,50,10,<file-scope>,L3,constant,ESTABLISHED,no,"FACT (music theory): scale-interval / mode-offset / circle-of-fifths / enharmonic-spelling table entry or pc arithmetic — structural, not a tunable"
src/composing/analysis/key/keymodeanalyzer.cpp,literal,51,3,<file-scope>,L3,constant,ESTABLISHED,no,"FACT (music theory): scale-interval / mode-offset / circle-of-fifths / enharmonic-spelling table entry or pc arithmetic — structural, not a tunable"
src/composing/analysis/key/keymodeanalyzer.cpp,literal,51,5,<file-scope>,L3,constant,ESTABLISHED,no,"FACT (music theory): scale-interval / mode-offset / circle-of-fifths / enharmonic-spelling table entry or pc arithmetic — structural, not a tunable"
src/composing/analysis/key/keymodeanalyzer.cpp,literal,51,6,<file-scope>,L3,constant,ESTABLISHED,no,"FACT (music theory): scale-interval / mode-offset / circle-of-fifths / enharmonic-spelling table entry or pc arithmetic — structural, not a tunable"
src/composing/analysis/key/keymodeanalyzer.cpp,literal,51,8,<file-scope>,L3,constant,ESTABLISHED,no,"FACT (music theory): scale-interval / mode-offset / circle-of-fifths / enharmonic-spelling table entry or pc arithmetic — structural, not a tunable"
src/composing/analysis/key/keymodeanalyzer.cpp,literal,51,10,<file-scope>,L3,constant,ESTABLISHED,no,"FACT (music theory): scale-interval / mode-offset / circle-of-fifths / enharmonic-spelling table entry or pc arithmetic — structural, not a tunable"
src/composing/analysis/key/keymodeanalyzer.cpp,literal,53,2,<file-scope>,L3,constant,ESTABLISHED,no,"FACT (music theory): scale-interval / mode-offset / circle-of-fifths / enharmonic-spelling table entry or pc arithmetic — structural, not a tunable"
src/composing/analysis/key/keymodeanalyzer.cpp,literal,53,3,<file-scope>,L3,constant,ESTABLISHED,no,"FACT (music theory): scale-interval / mode-offset / circle-of-fifths / enharmonic-spelling table entry or pc arithmetic — structural, not a tunable"
src/composing/analysis/key/keymodeanalyzer.cpp,literal,53,5,<file-scope>,L3,constant,ESTABLISHED,no,"FACT (music theory): scale-interval / mode-offset / circle-of-fifths / enharmonic-spelling table entry or pc arithmetic — structural, not a tunable"
src/composing/analysis/key/keymodeanalyzer.cpp,literal,53,7,<file-scope>,L3,constant,ESTABLISHED,no,"FACT (music theory): scale-interval / mode-offset / circle-of-fifths / enharmonic-spelling table entry or pc arithmetic — structural, not a tunable"
src/composing/analysis/key/keymodeanalyzer.cpp,literal,53,9,<file-scope>,L3,constant,ESTABLISHED,no,"FACT (music theory): scale-interval / mode-offset / circle-of-fifths / enharmonic-spelling table entry or pc arithmetic — structural, not a tunable"
src/composing/analysis/key/keymodeanalyzer.cpp,literal,53,11,<file-scope>,L3,constant,ESTABLISHED,no,"FACT (music theory): scale-interval / mode-offset / circle-of-fifths / enharmonic-spelling table entry or pc arithmetic — structural, not a tunable"
src/composing/analysis/key/keymodeanalyzer.cpp,literal,54,3,<file-scope>,L3,constant,ESTABLISHED,no,"FACT (music theory): scale-interval / mode-offset / circle-of-fifths / enharmonic-spelling table entry or pc arithmetic — structural, not a tunable"
src/composing/analysis/key/keymodeanalyzer.cpp,literal,54,5,<file-scope>,L3,constant,ESTABLISHED,no,"FACT (music theory): scale-interval / mode-offset / circle-of-fifths / enharmonic-spelling table entry or pc arithmetic — structural, not a tunable"
src/composing/analysis/key/keymodeanalyzer.cpp,literal,54,7,<file-scope>,L3,constant,ESTABLISHED,no,"FACT (music theory): scale-interval / mode-offset / circle-of-fifths / enharmonic-spelling table entry or pc arithmetic — structural, not a tunable"
src/composing/analysis/key/keymodeanalyzer.cpp,literal,54,9,<file-scope>,L3,constant,ESTABLISHED,no,"FACT (music theory): scale-interval / mode-offset / circle-of-fifths / enharmonic-spelling table entry or pc arithmetic — structural, not a tunable"
src/composing/analysis/key/keymodeanalyzer.cpp,literal,54,10,<file-scope>,L3,constant,ESTABLISHED,no,"FACT (music theory): scale-interval / mode-offset / circle-of-fifths / enharmonic-spelling table entry or pc arithmetic — structural, not a tunable"
src/composing/analysis/key/keymodeanalyzer.cpp,literal,55,2,<file-scope>,L3,constant,ESTABLISHED,no,"FACT (music theory): scale-interval / mode-offset / circle-of-fifths / enharmonic-spelling table entry or pc arithmetic — structural, not a tunable"
src/composing/analysis/key/keymodeanalyzer.cpp,literal,55,4,<file-scope>,L3,constant,ESTABLISHED,no,"FACT (music theory): scale-interval / mode-offset / circle-of-fifths / enharmonic-spelling table entry or pc arithmetic — structural, not a tunable"
src/composing/analysis/key/keymodeanalyzer.cpp,literal,55,6,<file-scope>,L3,constant,ESTABLISHED,no,"FACT (music theory): scale-interval / mode-offset / circle-of-fifths / enharmonic-spelling table entry or pc arithmetic — structural, not a tunable"
src/composing/analysis/key/keymodeanalyzer.cpp,literal,55,8,<file-scope>,L3,constant,ESTABLISHED,no,"FACT (music theory): scale-interval / mode-offset / circle-of-fifths / enharmonic-spelling table entry or pc arithmetic — structural, not a tunable"
src/composing/analysis/key/keymodeanalyzer.cpp,literal,55,9,<file-scope>,L3,constant,ESTABLISHED,no,"FACT (music theory): scale-interval / mode-offset / circle-of-fifths / enharmonic-spelling table entry or pc arithmetic — structural, not a tunable"
src/composing/analysis/key/keymodeanalyzer.cpp,literal,55,11,<file-scope>,L3,constant,ESTABLISHED,no,"FACT (music theory): scale-interval / mode-offset / circle-of-fifths / enharmonic-spelling table entry or pc arithmetic — structural, not a tunable"
src/composing/analysis/key/keymodeanalyzer.cpp,literal,56,2,<file-scope>,L3,constant,ESTABLISHED,no,"FACT (music theory): scale-interval / mode-offset / circle-of-fifths / enharmonic-spelling table entry or pc arithmetic — structural, not a tunable"
src/composing/analysis/key/keymodeanalyzer.cpp,literal,56,4,<file-scope>,L3,constant,ESTABLISHED,no,"FACT (music theory): scale-interval / mode-offset / circle-of-fifths / enharmonic-spelling table entry or pc arithmetic — structural, not a tunable"
src/composing/analysis/key/keymodeanalyzer.cpp,literal,56,6,<file-scope>,L3,constant,ESTABLISHED,no,"FACT (music theory): scale-interval / mode-offset / circle-of-fifths / enharmonic-spelling table entry or pc arithmetic — structural, not a tunable"
src/composing/analysis/key/keymodeanalyzer.cpp,literal,56,7,<file-scope>,L3,constant,ESTABLISHED,no,"FACT (music theory): scale-interval / mode-offset / circle-of-fifths / enharmonic-spelling table entry or pc arithmetic — structural, not a tunable"
src/composing/analysis/key/keymodeanalyzer.cpp,literal,56,9,<file-scope>,L3,constant,ESTABLISHED,no,"FACT (music theory): scale-interval / mode-offset / circle-of-fifths / enharmonic-spelling table entry or pc arithmetic — structural, not a tunable"
src/composing/analysis/key/keymodeanalyzer.cpp,literal,56,10,<file-scope>,L3,constant,ESTABLISHED,no,"FACT (music theory): scale-interval / mode-offset / circle-of-fifths / enharmonic-spelling table entry or pc arithmetic — structural, not a tunable"
src/composing/analysis/key/keymodeanalyzer.cpp,literal,57,2,<file-scope>,L3,constant,ESTABLISHED,no,"FACT (music theory): scale-interval / mode-offset / circle-of-fifths / enharmonic-spelling table entry or pc arithmetic — structural, not a tunable"
src/composing/analysis/key/keymodeanalyzer.cpp,literal,57,4,<file-scope>,L3,constant,ESTABLISHED,no,"FACT (music theory): scale-interval / mode-offset / circle-of-fifths / enharmonic-spelling table entry or pc arithmetic — structural, not a tunable"
src/composing/analysis/key/keymodeanalyzer.cpp,literal,57,5,<file-scope>,L3,constant,ESTABLISHED,no,"FACT (music theory): scale-interval / mode-offset / circle-of-fifths / enharmonic-spelling table entry or pc arithmetic — structural, not a tunable"
src/composing/analysis/key/keymodeanalyzer.cpp,literal,57,7,<file-scope>,L3,constant,ESTABLISHED,no,"FACT (music theory): scale-interval / mode-offset / circle-of-fifths / enharmonic-spelling table entry or pc arithmetic — structural, not a tunable"
src/composing/analysis/key/keymodeanalyzer.cpp,literal,57,8,<file-scope>,L3,constant,ESTABLISHED,no,"FACT (music theory): scale-interval / mode-offset / circle-of-fifths / enharmonic-spelling table entry or pc arithmetic — structural, not a tunable"
src/composing/analysis/key/keymodeanalyzer.cpp,literal,57,10,<file-scope>,L3,constant,ESTABLISHED,no,"FACT (music theory): scale-interval / mode-offset / circle-of-fifths / enharmonic-spelling table entry or pc arithmetic — structural, not a tunable"
src/composing/analysis/key/keymodeanalyzer.cpp,literal,58,2,<file-scope>,L3,constant,ESTABLISHED,no,"FACT (music theory): scale-interval / mode-offset / circle-of-fifths / enharmonic-spelling table entry or pc arithmetic — structural, not a tunable"
src/composing/analysis/key/keymodeanalyzer.cpp,literal,58,3,<file-scope>,L3,constant,ESTABLISHED,no,"FACT (music theory): scale-interval / mode-offset / circle-of-fifths / enharmonic-spelling table entry or pc arithmetic — structural, not a tunable"
src/composing/analysis/key/keymodeanalyzer.cpp,literal,58,5,<file-scope>,L3,constant,ESTABLISHED,no,"FACT (music theory): scale-interval / mode-offset / circle-of-fifths / enharmonic-spelling table entry or pc arithmetic — structural, not a tunable"
src/composing/analysis/key/keymodeanalyzer.cpp,literal,58,6,<file-scope>,L3,constant,ESTABLISHED,no,"FACT (music theory): scale-interval / mode-offset / circle-of-fifths / enharmonic-spelling table entry or pc arithmetic — structural, not a tunable"
src/composing/analysis/key/keymodeanalyzer.cpp,literal,58,8,<file-scope>,L3,constant,ESTABLISHED,no,"FACT (music theory): scale-interval / mode-offset / circle-of-fifths / enharmonic-spelling table entry or pc arithmetic — structural, not a tunable"
src/composing/analysis/key/keymodeanalyzer.cpp,literal,58,10,<file-scope>,L3,constant,ESTABLISHED,no,"FACT (music theory): scale-interval / mode-offset / circle-of-fifths / enharmonic-spelling table entry or pc arithmetic — structural, not a tunable"
src/composing/analysis/key/keymodeanalyzer.cpp,literal,59,3,<file-scope>,L3,constant,ESTABLISHED,no,"FACT (music theory): scale-interval / mode-offset / circle-of-fifths / enharmonic-spelling table entry or pc arithmetic — structural, not a tunable"
src/composing/analysis/key/keymodeanalyzer.cpp,literal,59,4,<file-scope>,L3,constant,ESTABLISHED,no,"FACT (music theory): scale-interval / mode-offset / circle-of-fifths / enharmonic-spelling table entry or pc arithmetic — structural, not a tunable"
src/composing/analysis/key/keymodeanalyzer.cpp,literal,59,6,<file-scope>,L3,constant,ESTABLISHED,no,"FACT (music theory): scale-interval / mode-offset / circle-of-fifths / enharmonic-spelling table entry or pc arithmetic — structural, not a tunable"
src/composing/analysis/key/keymodeanalyzer.cpp,literal,59,8,<file-scope>,L3,constant,ESTABLISHED,no,"FACT (music theory): scale-interval / mode-offset / circle-of-fifths / enharmonic-spelling table entry or pc arithmetic — structural, not a tunable"
src/composing/analysis/key/keymodeanalyzer.cpp,literal,59,10,<file-scope>,L3,constant,ESTABLISHED,no,"FACT (music theory): scale-interval / mode-offset / circle-of-fifths / enharmonic-spelling table entry or pc arithmetic — structural, not a tunable"
src/composing/analysis/key/keymodeanalyzer.cpp,literal,61,2,<file-scope>,L3,constant,ESTABLISHED,no,"FACT (music theory): scale-interval / mode-offset / circle-of-fifths / enharmonic-spelling table entry or pc arithmetic — structural, not a tunable"
src/composing/analysis/key/keymodeanalyzer.cpp,literal,61,3,<file-scope>,L3,constant,ESTABLISHED,no,"FACT (music theory): scale-interval / mode-offset / circle-of-fifths / enharmonic-spelling table entry or pc arithmetic — structural, not a tunable"
src/composing/analysis/key/keymodeanalyzer.cpp,literal,61,5,<file-scope>,L3,constant,ESTABLISHED,no,"FACT (music theory): scale-interval / mode-offset / circle-of-fifths / enharmonic-spelling table entry or pc arithmetic — structural, not a tunable"
src/composing/analysis/key/keymodeanalyzer.cpp,literal,61,7,<file-scope>,L3,constant,ESTABLISHED,no,"FACT (music theory): scale-interval / mode-offset / circle-of-fifths / enharmonic-spelling table entry or pc arithmetic — structural, not a tunable"
src/composing/analysis/key/keymodeanalyzer.cpp,literal,61,8,<file-scope>,L3,constant,ESTABLISHED,no,"FACT (music theory): scale-interval / mode-offset / circle-of-fifths / enharmonic-spelling table entry or pc arithmetic — structural, not a tunable"
src/composing/analysis/key/keymodeanalyzer.cpp,literal,61,11,<file-scope>,L3,constant,ESTABLISHED,no,"FACT (music theory): scale-interval / mode-offset / circle-of-fifths / enharmonic-spelling table entry or pc arithmetic — structural, not a tunable"
src/composing/analysis/key/keymodeanalyzer.cpp,literal,62,3,<file-scope>,L3,constant,ESTABLISHED,no,"FACT (music theory): scale-interval / mode-offset / circle-of-fifths / enharmonic-spelling table entry or pc arithmetic — structural, not a tunable"
src/composing/analysis/key/keymodeanalyzer.cpp,literal,62,5,<file-scope>,L3,constant,ESTABLISHED,no,"FACT (music theory): scale-interval / mode-offset / circle-of-fifths / enharmonic-spelling table entry or pc arithmetic — structural, not a tunable"
src/composing/analysis/key/keymodeanalyzer.cpp,literal,62,6,<file-scope>,L3,constant,ESTABLISHED,no,"FACT (music theory): scale-interval / mode-offset / circle-of-fifths / enharmonic-spelling table entry or pc arithmetic — structural, not a tunable"
src/composing/analysis/key/keymodeanalyzer.cpp,literal,62,9,<file-scope>,L3,constant,ESTABLISHED,no,"FACT (music theory): scale-interval / mode-offset / circle-of-fifths / enharmonic-spelling table entry or pc arithmetic — structural, not a tunable"
src/composing/analysis/key/keymodeanalyzer.cpp,literal,62,10,<file-scope>,L3,constant,ESTABLISHED,no,"FACT (music theory): scale-interval / mode-offset / circle-of-fifths / enharmonic-spelling table entry or pc arithmetic — structural, not a tunable"
src/composing/analysis/key/keymodeanalyzer.cpp,literal,63,2,<file-scope>,L3,constant,ESTABLISHED,no,"FACT (music theory): scale-interval / mode-offset / circle-of-fifths / enharmonic-spelling table entry or pc arithmetic — structural, not a tunable"
src/composing/analysis/key/keymodeanalyzer.cpp,literal,63,4,<file-scope>,L3,constant,ESTABLISHED,no,"FACT (music theory): scale-interval / mode-offset / circle-of-fifths / enharmonic-spelling table entry or pc arithmetic — structural, not a tunable"
src/composing/analysis/key/keymodeanalyzer.cpp,literal,63,5,<file-scope>,L3,constant,ESTABLISHED,no,"FACT (music theory): scale-interval / mode-offset / circle-of-fifths / enharmonic-spelling table entry or pc arithmetic — structural, not a tunable"
src/composing/analysis/key/keymodeanalyzer.cpp,literal,63,8,<file-scope>,L3,constant,ESTABLISHED,no,"FACT (music theory): scale-interval / mode-offset / circle-of-fifths / enharmonic-spelling table entry or pc arithmetic — structural, not a tunable"
src/composing/analysis/key/keymodeanalyzer.cpp,literal,63,9,<file-scope>,L3,constant,ESTABLISHED,no,"FACT (music theory): scale-interval / mode-offset / circle-of-fifths / enharmonic-spelling table entry or pc arithmetic — structural, not a tunable"
src/composing/analysis/key/keymodeanalyzer.cpp,literal,63,11,<file-scope>,L3,constant,ESTABLISHED,no,"FACT (music theory): scale-interval / mode-offset / circle-of-fifths / enharmonic-spelling table entry or pc arithmetic — structural, not a tunable"
src/composing/analysis/key/keymodeanalyzer.cpp,literal,64,2,<file-scope>,L3,constant,ESTABLISHED,no,"FACT (music theory): scale-interval / mode-offset / circle-of-fifths / enharmonic-spelling table entry or pc arithmetic — structural, not a tunable"
src/composing/analysis/key/keymodeanalyzer.cpp,literal,64,3,<file-scope>,L3,constant,ESTABLISHED,no,"FACT (music theory): scale-interval / mode-offset / circle-of-fifths / enharmonic-spelling table entry or pc arithmetic — structural, not a tunable"
src/composing/analysis/key/keymodeanalyzer.cpp,literal,64,6,<file-scope>,L3,constant,ESTABLISHED,no,"FACT (music theory): scale-interval / mode-offset / circle-of-fifths / enharmonic-spelling table entry or pc arithmetic — structural, not a tunable"
src/composing/analysis/key/keymodeanalyzer.cpp,literal,64,7,<file-scope>,L3,constant,ESTABLISHED,no,"FACT (music theory): scale-interval / mode-offset / circle-of-fifths / enharmonic-spelling table entry or pc arithmetic — structural, not a tunable"
src/composing/analysis/key/keymodeanalyzer.cpp,literal,64,9,<file-scope>,L3,constant,ESTABLISHED,no,"FACT (music theory): scale-interval / mode-offset / circle-of-fifths / enharmonic-spelling table entry or pc arithmetic — structural, not a tunable"
src/composing/analysis/key/keymodeanalyzer.cpp,literal,64,10,<file-scope>,L3,constant,ESTABLISHED,no,"FACT (music theory): scale-interval / mode-offset / circle-of-fifths / enharmonic-spelling table entry or pc arithmetic — structural, not a tunable"
src/composing/analysis/key/keymodeanalyzer.cpp,literal,65,4,<file-scope>,L3,constant,ESTABLISHED,no,"FACT (music theory): scale-interval / mode-offset / circle-of-fifths / enharmonic-spelling table entry or pc arithmetic — structural, not a tunable"
src/composing/analysis/key/keymodeanalyzer.cpp,literal,65,5,<file-scope>,L3,constant,ESTABLISHED,no,"FACT (music theory): scale-interval / mode-offset / circle-of-fifths / enharmonic-spelling table entry or pc arithmetic — structural, not a tunable"
src/composing/analysis/key/keymodeanalyzer.cpp,literal,65,7,<file-scope>,L3,constant,ESTABLISHED,no,"FACT (music theory): scale-interval / mode-offset / circle-of-fifths / enharmonic-spelling table entry or pc arithmetic — structural, not a tunable"
src/composing/analysis/key/keymodeanalyzer.cpp,literal,65,8,<file-scope>,L3,constant,ESTABLISHED,no,"FACT (music theory): scale-interval / mode-offset / circle-of-fifths / enharmonic-spelling table entry or pc arithmetic — structural, not a tunable"
src/composing/analysis/key/keymodeanalyzer.cpp,literal,65,10,<file-scope>,L3,constant,ESTABLISHED,no,"FACT (music theory): scale-interval / mode-offset / circle-of-fifths / enharmonic-spelling table entry or pc arithmetic — structural, not a tunable"
src/composing/analysis/key/keymodeanalyzer.cpp,literal,66,3,<file-scope>,L3,constant,ESTABLISHED,no,"FACT (music theory): scale-interval / mode-offset / circle-of-fifths / enharmonic-spelling table entry or pc arithmetic — structural, not a tunable"
src/composing/analysis/key/keymodeanalyzer.cpp,literal,66,4,<file-scope>,L3,constant,ESTABLISHED,no,"FACT (music theory): scale-interval / mode-offset / circle-of-fifths / enharmonic-spelling table entry or pc arithmetic — structural, not a tunable"
src/composing/analysis/key/keymodeanalyzer.cpp,literal,66,6,<file-scope>,L3,constant,ESTABLISHED,no,"FACT (music theory): scale-interval / mode-offset / circle-of-fifths / enharmonic-spelling table entry or pc arithmetic — structural, not a tunable"
src/composing/analysis/key/keymodeanalyzer.cpp,literal,66,7,<file-scope>,L3,constant,ESTABLISHED,no,"FACT (music theory): scale-interval / mode-offset / circle-of-fifths / enharmonic-spelling table entry or pc arithmetic — structural, not a tunable"
src/composing/analysis/key/keymodeanalyzer.cpp,literal,66,9,<file-scope>,L3,constant,ESTABLISHED,no,"FACT (music theory): scale-interval / mode-offset / circle-of-fifths / enharmonic-spelling table entry or pc arithmetic — structural, not a tunable"
src/composing/analysis/key/keymodeanalyzer.cpp,literal,66,11,<file-scope>,L3,constant,ESTABLISHED,no,"FACT (music theory): scale-interval / mode-offset / circle-of-fifths / enharmonic-spelling table entry or pc arithmetic — structural, not a tunable"
src/composing/analysis/key/keymodeanalyzer.cpp,literal,67,3,<file-scope>,L3,constant,ESTABLISHED,no,"FACT (music theory): scale-interval / mode-offset / circle-of-fifths / enharmonic-spelling table entry or pc arithmetic — structural, not a tunable"
src/composing/analysis/key/keymodeanalyzer.cpp,literal,67,4,<file-scope>,L3,constant,ESTABLISHED,no,"FACT (music theory): scale-interval / mode-offset / circle-of-fifths / enharmonic-spelling table entry or pc arithmetic — structural, not a tunable"
src/composing/analysis/key/keymodeanalyzer.cpp,literal,67,6,<file-scope>,L3,constant,ESTABLISHED,no,"FACT (music theory): scale-interval / mode-offset / circle-of-fifths / enharmonic-spelling table entry or pc arithmetic — structural, not a tunable"
src/composing/analysis/key/keymodeanalyzer.cpp,literal,67,8,<file-scope>,L3,constant,ESTABLISHED,no,"FACT (music theory): scale-interval / mode-offset / circle-of-fifths / enharmonic-spelling table entry or pc arithmetic — structural, not a tunable"
src/composing/analysis/key/keymodeanalyzer.cpp,literal,67,9,<file-scope>,L3,constant,ESTABLISHED,no,"FACT (music theory): scale-interval / mode-offset / circle-of-fifths / enharmonic-spelling table entry or pc arithmetic — structural, not a tunable"
src/composing/analysis/key/keymodeanalyzer.cpp,literal,71,21,<file-scope>,L3,constant,ESTABLISHED,no,"FACT (music theory): scale-interval / mode-offset / circle-of-fifths / enharmonic-spelling table entry or pc arithmetic — structural, not a tunable"
src/composing/analysis/key/keymodeanalyzer.cpp,literal,72,2,<file-scope>,L3,constant,ESTABLISHED,no,"FACT (music theory): scale-interval / mode-offset / circle-of-fifths / enharmonic-spelling table entry or pc arithmetic — structural, not a tunable"
src/composing/analysis/key/keymodeanalyzer.cpp,literal,72,3,<file-scope>,L3,constant,ESTABLISHED,no,"FACT (music theory): scale-interval / mode-offset / circle-of-fifths / enharmonic-spelling table entry or pc arithmetic — structural, not a tunable"
src/composing/analysis/key/keymodeanalyzer.cpp,literal,72,4,<file-scope>,L3,constant,ESTABLISHED,no,"FACT (music theory): scale-interval / mode-offset / circle-of-fifths / enharmonic-spelling table entry or pc arithmetic — structural, not a tunable"
src/composing/analysis/key/keymodeanalyzer.cpp,literal,72,5,<file-scope>,L3,constant,ESTABLISHED,no,"FACT (music theory): scale-interval / mode-offset / circle-of-fifths / enharmonic-spelling table entry or pc arithmetic — structural, not a tunable"
src/composing/analysis/key/keymodeanalyzer.cpp,literal,72,6,<file-scope>,L3,constant,ESTABLISHED,no,"FACT (music theory): scale-interval / mode-offset / circle-of-fifths / enharmonic-spelling table entry or pc arithmetic — structural, not a tunable"
src/composing/analysis/key/keymodeanalyzer.cpp,literal,73,7,<file-scope>,L3,constant,ESTABLISHED,no,"FACT (music theory): scale-interval / mode-offset / circle-of-fifths / enharmonic-spelling table entry or pc arithmetic — structural, not a tunable"
src/composing/analysis/key/keymodeanalyzer.cpp,literal,73,8,<file-scope>,L3,constant,ESTABLISHED,no,"FACT (music theory): scale-interval / mode-offset / circle-of-fifths / enharmonic-spelling table entry or pc arithmetic — structural, not a tunable"
src/composing/analysis/key/keymodeanalyzer.cpp,literal,73,9,<file-scope>,L3,constant,ESTABLISHED,no,"FACT (music theory): scale-interval / mode-offset / circle-of-fifths / enharmonic-spelling table entry or pc arithmetic — structural, not a tunable"
src/composing/analysis/key/keymodeanalyzer.cpp,literal,73,10,<file-scope>,L3,constant,ESTABLISHED,no,"FACT (music theory): scale-interval / mode-offset / circle-of-fifths / enharmonic-spelling table entry or pc arithmetic — structural, not a tunable"
src/composing/analysis/key/keymodeanalyzer.cpp,literal,73,11,<file-scope>,L3,constant,ESTABLISHED,no,"FACT (music theory): scale-interval / mode-offset / circle-of-fifths / enharmonic-spelling table entry or pc arithmetic — structural, not a tunable"
src/composing/analysis/key/keymodeanalyzer.cpp,literal,73,12,<file-scope>,L3,constant,ESTABLISHED,no,"FACT (music theory): scale-interval / mode-offset / circle-of-fifths / enharmonic-spelling table entry or pc arithmetic — structural, not a tunable"
src/composing/analysis/key/keymodeanalyzer.cpp,literal,73,13,<file-scope>,L3,constant,ESTABLISHED,no,"FACT (music theory): scale-interval / mode-offset / circle-of-fifths / enharmonic-spelling table entry or pc arithmetic — structural, not a tunable"
src/composing/analysis/key/keymodeanalyzer.cpp,literal,74,14,<file-scope>,L3,constant,ESTABLISHED,no,"FACT (music theory): scale-interval / mode-offset / circle-of-fifths / enharmonic-spelling table entry or pc arithmetic — structural, not a tunable"
src/composing/analysis/key/keymodeanalyzer.cpp,literal,74,15,<file-scope>,L3,constant,ESTABLISHED,no,"FACT (music theory): scale-interval / mode-offset / circle-of-fifths / enharmonic-spelling table entry or pc arithmetic — structural, not a tunable"
src/composing/analysis/key/keymodeanalyzer.cpp,literal,74,16,<file-scope>,L3,constant,ESTABLISHED,no,"FACT (music theory): scale-interval / mode-offset / circle-of-fifths / enharmonic-spelling table entry or pc arithmetic — structural, not a tunable"
src/composing/analysis/key/keymodeanalyzer.cpp,literal,74,17,<file-scope>,L3,constant,ESTABLISHED,no,"FACT (music theory): scale-interval / mode-offset / circle-of-fifths / enharmonic-spelling table entry or pc arithmetic — structural, not a tunable"
src/composing/analysis/key/keymodeanalyzer.cpp,literal,74,18,<file-scope>,L3,constant,ESTABLISHED,no,"FACT (music theory): scale-interval / mode-offset / circle-of-fifths / enharmonic-spelling table entry or pc arithmetic — structural, not a tunable"
src/composing/analysis/key/keymodeanalyzer.cpp,literal,74,19,<file-scope>,L3,constant,ESTABLISHED,no,"FACT (music theory): scale-interval / mode-offset / circle-of-fifths / enharmonic-spelling table entry or pc arithmetic — structural, not a tunable"
src/composing/analysis/key/keymodeanalyzer.cpp,literal,74,20,<file-scope>,L3,constant,ESTABLISHED,no,"FACT (music theory): scale-interval / mode-offset / circle-of-fifths / enharmonic-spelling table entry or pc arithmetic — structural, not a tunable"
src/composing/analysis/key/keymodeanalyzer.cpp,literal,91,21,<file-scope>,L3,constant,ESTABLISHED,no,"FACT (music theory): scale-interval / mode-offset / circle-of-fifths / enharmonic-spelling table entry or pc arithmetic — structural, not a tunable"
src/composing/analysis/key/keymodeanalyzer.cpp,literal,93,11,<file-scope>,L3,constant,ESTABLISHED,no,"FACT (music theory): scale-interval / mode-offset / circle-of-fifths / enharmonic-spelling table entry or pc arithmetic — structural, not a tunable"
src/composing/analysis/key/keymodeanalyzer.cpp,literal,94,9,<file-scope>,L3,constant,ESTABLISHED,no,"FACT (music theory): scale-interval / mode-offset / circle-of-fifths / enharmonic-spelling table entry or pc arithmetic — structural, not a tunable"
src/composing/analysis/key/keymodeanalyzer.cpp,literal,96,6,<file-scope>,L3,constant,ESTABLISHED,no,"FACT (music theory): scale-interval / mode-offset / circle-of-fifths / enharmonic-spelling table entry or pc arithmetic — structural, not a tunable"
src/composing/analysis/key/keymodeanalyzer.cpp,literal,97,10,<file-scope>,L3,constant,ESTABLISHED,no,"FACT (music theory): scale-interval / mode-offset / circle-of-fifths / enharmonic-spelling table entry or pc arithmetic — structural, not a tunable"
src/composing/analysis/key/keymodeanalyzer.cpp,literal,98,8,<file-scope>,L3,constant,ESTABLISHED,no,"FACT (music theory): scale-interval / mode-offset / circle-of-fifths / enharmonic-spelling table entry or pc arithmetic — structural, not a tunable"
src/composing/analysis/key/keymodeanalyzer.cpp,literal,99,6,<file-scope>,L3,constant,ESTABLISHED,no,"FACT (music theory): scale-interval / mode-offset / circle-of-fifths / enharmonic-spelling table entry or pc arithmetic — structural, not a tunable"
src/composing/analysis/key/keymodeanalyzer.cpp,literal,101,11,<file-scope>,L3,constant,ESTABLISHED,no,"FACT (music theory): scale-interval / mode-offset / circle-of-fifths / enharmonic-spelling table entry or pc arithmetic — structural, not a tunable"
src/composing/analysis/key/keymodeanalyzer.cpp,literal,101,9,<file-scope>,L3,constant,ESTABLISHED,no,"FACT (music theory): scale-interval / mode-offset / circle-of-fifths / enharmonic-spelling table entry or pc arithmetic — structural, not a tunable"
src/composing/analysis/key/keymodeanalyzer.cpp,literal,103,8,<file-scope>,L3,constant,ESTABLISHED,no,"FACT (music theory): scale-interval / mode-offset / circle-of-fifths / enharmonic-spelling table entry or pc arithmetic — structural, not a tunable"
src/composing/analysis/key/keymodeanalyzer.cpp,literal,103,6,<file-scope>,L3,constant,ESTABLISHED,no,"FACT (music theory): scale-interval / mode-offset / circle-of-fifths / enharmonic-spelling table entry or pc arithmetic — structural, not a tunable"
src/composing/analysis/key/keymodeanalyzer.cpp,literal,104,6,<file-scope>,L3,constant,ESTABLISHED,no,"FACT (music theory): scale-interval / mode-offset / circle-of-fifths / enharmonic-spelling table entry or pc arithmetic — structural, not a tunable"
src/composing/analysis/key/keymodeanalyzer.cpp,literal,104,10,<file-scope>,L3,constant,ESTABLISHED,no,"FACT (music theory): scale-interval / mode-offset / circle-of-fifths / enharmonic-spelling table entry or pc arithmetic — structural, not a tunable"
src/composing/analysis/key/keymodeanalyzer.cpp,literal,105,8,<file-scope>,L3,constant,ESTABLISHED,no,"FACT (music theory): scale-interval / mode-offset / circle-of-fifths / enharmonic-spelling table entry or pc arithmetic — structural, not a tunable"
src/composing/analysis/key/keymodeanalyzer.cpp,literal,105,4,<file-scope>,L3,constant,ESTABLISHED,no,"FACT (music theory): scale-interval / mode-offset / circle-of-fifths / enharmonic-spelling table entry or pc arithmetic — structural, not a tunable"
src/composing/analysis/key/keymodeanalyzer.cpp,literal,106,6,<file-scope>,L3,constant,ESTABLISHED,no,"FACT (music theory): scale-interval / mode-offset / circle-of-fifths / enharmonic-spelling table entry or pc arithmetic — structural, not a tunable"
src/composing/analysis/key/keymodeanalyzer.cpp,literal,106,2,<file-scope>,L3,constant,ESTABLISHED,no,"FACT (music theory): scale-interval / mode-offset / circle-of-fifths / enharmonic-spelling table entry or pc arithmetic — structural, not a tunable"
src/composing/analysis/key/keymodeanalyzer.cpp,literal,107,10,<file-scope>,L3,constant,ESTABLISHED,no,"FACT (music theory): scale-interval / mode-offset / circle-of-fifths / enharmonic-spelling table entry or pc arithmetic — structural, not a tunable"
src/composing/analysis/key/keymodeanalyzer.cpp,literal,109,11,<file-scope>,L3,constant,ESTABLISHED,no,"FACT (music theory): scale-interval / mode-offset / circle-of-fifths / enharmonic-spelling table entry or pc arithmetic — structural, not a tunable"
src/composing/analysis/key/keymodeanalyzer.cpp,literal,109,8,<file-scope>,L3,constant,ESTABLISHED,no,"FACT (music theory): scale-interval / mode-offset / circle-of-fifths / enharmonic-spelling table entry or pc arithmetic — structural, not a tunable"
src/composing/analysis/key/keymodeanalyzer.cpp,literal,110,9,<file-scope>,L3,constant,ESTABLISHED,no,"FACT (music theory): scale-interval / mode-offset / circle-of-fifths / enharmonic-spelling table entry or pc arithmetic — structural, not a tunable"
src/composing/analysis/key/keymodeanalyzer.cpp,literal,111,8,<file-scope>,L3,constant,ESTABLISHED,no,"FACT (music theory): scale-interval / mode-offset / circle-of-fifths / enharmonic-spelling table entry or pc arithmetic — structural, not a tunable"
src/composing/analysis/key/keymodeanalyzer.cpp,literal,112,6,<file-scope>,L3,constant,ESTABLISHED,no,"FACT (music theory): scale-interval / mode-offset / circle-of-fifths / enharmonic-spelling table entry or pc arithmetic — structural, not a tunable"
src/composing/analysis/key/keymodeanalyzer.cpp,literal,112,3,<file-scope>,L3,constant,ESTABLISHED,no,"FACT (music theory): scale-interval / mode-offset / circle-of-fifths / enharmonic-spelling table entry or pc arithmetic — structural, not a tunable"
src/composing/analysis/key/keymodeanalyzer.cpp,literal,113,4,<file-scope>,L3,constant,ESTABLISHED,no,"FACT (music theory): scale-interval / mode-offset / circle-of-fifths / enharmonic-spelling table entry or pc arithmetic — structural, not a tunable"
src/composing/analysis/key/keymodeanalyzer.cpp,literal,114,3,<file-scope>,L3,constant,ESTABLISHED,no,"FACT (music theory): scale-interval / mode-offset / circle-of-fifths / enharmonic-spelling table entry or pc arithmetic — structural, not a tunable"
src/composing/analysis/key/keymodeanalyzer.cpp,literal,114,6,<file-scope>,L3,constant,ESTABLISHED,no,"FACT (music theory): scale-interval / mode-offset / circle-of-fifths / enharmonic-spelling table entry or pc arithmetic — structural, not a tunable"
src/composing/analysis/key/keymodeanalyzer.cpp,literal,115,9,<file-scope>,L3,constant,ESTABLISHED,no,"FACT (music theory): scale-interval / mode-offset / circle-of-fifths / enharmonic-spelling table entry or pc arithmetic — structural, not a tunable"
src/composing/analysis/key/keymodeanalyzer.cpp,literal,130,21,ionianTonicPcForMode,L3,constant,ESTABLISHED,no,"FACT (music theory): scale-interval / mode-offset / circle-of-fifths / enharmonic-spelling table entry or pc arithmetic — structural, not a tunable"
src/composing/analysis/key/keymodeanalyzer.cpp,literal,133,2,ionianTonicPcForMode,L3,constant,ESTABLISHED,no,"FACT (music theory): scale-interval / mode-offset / circle-of-fifths / enharmonic-spelling table entry or pc arithmetic — structural, not a tunable"
src/composing/analysis/key/keymodeanalyzer.cpp,literal,134,4,ionianTonicPcForMode,L3,constant,ESTABLISHED,no,"FACT (music theory): scale-interval / mode-offset / circle-of-fifths / enharmonic-spelling table entry or pc arithmetic — structural, not a tunable"
src/composing/analysis/key/keymodeanalyzer.cpp,literal,135,5,ionianTonicPcForMode,L3,constant,ESTABLISHED,no,"FACT (music theory): scale-interval / mode-offset / circle-of-fifths / enharmonic-spelling table entry or pc arithmetic — structural, not a tunable"
src/composing/analysis/key/keymodeanalyzer.cpp,literal,136,7,ionianTonicPcForMode,L3,constant,ESTABLISHED,no,"FACT (music theory): scale-interval / mode-offset / circle-of-fifths / enharmonic-spelling table entry or pc arithmetic — structural, not a tunable"
src/composing/analysis/key/keymodeanalyzer.cpp,literal,137,3,ionianTonicPcForMode,L3,constant,ESTABLISHED,no,"FACT (music theory): scale-interval / mode-offset / circle-of-fifths / enharmonic-spelling table entry or pc arithmetic — structural, not a tunable"
src/composing/analysis/key/keymodeanalyzer.cpp,literal,140,2,ionianTonicPcForMode,L3,constant,ESTABLISHED,no,"FACT (music theory): scale-interval / mode-offset / circle-of-fifths / enharmonic-spelling table entry or pc arithmetic — structural, not a tunable"
src/composing/analysis/key/keymodeanalyzer.cpp,literal,141,4,ionianTonicPcForMode,L3,constant,ESTABLISHED,no,"FACT (music theory): scale-interval / mode-offset / circle-of-fifths / enharmonic-spelling table entry or pc arithmetic — structural, not a tunable"
src/composing/analysis/key/keymodeanalyzer.cpp,literal,142,5,ionianTonicPcForMode,L3,constant,ESTABLISHED,no,"FACT (music theory): scale-interval / mode-offset / circle-of-fifths / enharmonic-spelling table entry or pc arithmetic — structural, not a tunable"
src/composing/analysis/key/keymodeanalyzer.cpp,literal,143,7,ionianTonicPcForMode,L3,constant,ESTABLISHED,no,"FACT (music theory): scale-interval / mode-offset / circle-of-fifths / enharmonic-spelling table entry or pc arithmetic — structural, not a tunable"
src/composing/analysis/key/keymodeanalyzer.cpp,literal,144,3,ionianTonicPcForMode,L3,constant,ESTABLISHED,no,"FACT (music theory): scale-interval / mode-offset / circle-of-fifths / enharmonic-spelling table entry or pc arithmetic — structural, not a tunable"
src/composing/analysis/key/keymodeanalyzer.cpp,literal,148,3,ionianTonicPcForMode,L3,constant,ESTABLISHED,no,"FACT (music theory): scale-interval / mode-offset / circle-of-fifths / enharmonic-spelling table entry or pc arithmetic — structural, not a tunable"
src/composing/analysis/key/keymodeanalyzer.cpp,literal,151,2,ionianTonicPcForMode,L3,constant,ESTABLISHED,no,"FACT (music theory): scale-interval / mode-offset / circle-of-fifths / enharmonic-spelling table entry or pc arithmetic — structural, not a tunable"
src/composing/analysis/key/keymodeanalyzer.cpp,literal,152,4,ionianTonicPcForMode,L3,constant,ESTABLISHED,no,"FACT (music theory): scale-interval / mode-offset / circle-of-fifths / enharmonic-spelling table entry or pc arithmetic — structural, not a tunable"
src/composing/analysis/key/keymodeanalyzer.cpp,literal,153,5,ionianTonicPcForMode,L3,constant,ESTABLISHED,no,"FACT (music theory): scale-interval / mode-offset / circle-of-fifths / enharmonic-spelling table entry or pc arithmetic — structural, not a tunable"
src/composing/analysis/key/keymodeanalyzer.cpp,literal,154,8,ionianTonicPcForMode,L3,constant,ESTABLISHED,no,"FACT (music theory): scale-interval / mode-offset / circle-of-fifths / enharmonic-spelling table entry or pc arithmetic — structural, not a tunable"
src/composing/analysis/key/keymodeanalyzer.cpp,literal,160,12,ionianTonicPcForMode,L3,constant,ESTABLISHED,no,"FACT (music theory): scale-interval / mode-offset / circle-of-fifths / enharmonic-spelling table entry or pc arithmetic — structural, not a tunable"
src/composing/analysis/key/keymodeanalyzer.cpp,literal,160,12,ionianTonicPcForMode,L3,constant,ESTABLISHED,no,"FACT (music theory): scale-interval / mode-offset / circle-of-fifths / enharmonic-spelling table entry or pc arithmetic — structural, not a tunable"
src/composing/analysis/key/keymodeanalyzer.cpp,literal,160,12,ionianTonicPcForMode,L3,constant,ESTABLISHED,no,"FACT (music theory): scale-interval / mode-offset / circle-of-fifths / enharmonic-spelling table entry or pc arithmetic — structural, not a tunable"
src/composing/analysis/key/keymodeanalyzer.cpp,literal,168,2,possibleIonianFifthsForPc,L3,constant,ESTABLISHED,no,"FACT (music theory): scale-interval / mode-offset / circle-of-fifths / enharmonic-spelling table entry or pc arithmetic — structural, not a tunable"
src/composing/analysis/key/keymodeanalyzer.cpp,literal,172,7,possibleIonianFifthsForPc,L3,constant,ESTABLISHED,no,"FACT (music theory): scale-interval / mode-offset / circle-of-fifths / enharmonic-spelling table entry or pc arithmetic — structural, not a tunable"
src/composing/analysis/key/keymodeanalyzer.cpp,literal,172,5,possibleIonianFifthsForPc,L3,constant,ESTABLISHED,no,"FACT (music theory): scale-interval / mode-offset / circle-of-fifths / enharmonic-spelling table entry or pc arithmetic — structural, not a tunable"
src/composing/analysis/key/keymodeanalyzer.cpp,literal,173,2,possibleIonianFifthsForPc,L3,constant,ESTABLISHED,no,"FACT (music theory): scale-interval / mode-offset / circle-of-fifths / enharmonic-spelling table entry or pc arithmetic — structural, not a tunable"
src/composing/analysis/key/keymodeanalyzer.cpp,literal,173,2,possibleIonianFifthsForPc,L3,constant,ESTABLISHED,no,"FACT (music theory): scale-interval / mode-offset / circle-of-fifths / enharmonic-spelling table entry or pc arithmetic — structural, not a tunable"
src/composing/analysis/key/keymodeanalyzer.cpp,literal,173,2,possibleIonianFifthsForPc,L3,constant,ESTABLISHED,no,"FACT (music theory): scale-interval / mode-offset / circle-of-fifths / enharmonic-spelling table entry or pc arithmetic — structural, not a tunable"
src/composing/analysis/key/keymodeanalyzer.cpp,literal,174,3,possibleIonianFifthsForPc,L3,constant,ESTABLISHED,no,"FACT (music theory): scale-interval / mode-offset / circle-of-fifths / enharmonic-spelling table entry or pc arithmetic — structural, not a tunable"
src/composing/analysis/key/keymodeanalyzer.cpp,literal,174,3,possibleIonianFifthsForPc,L3,constant,ESTABLISHED,no,"FACT (music theory): scale-interval / mode-offset / circle-of-fifths / enharmonic-spelling table entry or pc arithmetic — structural, not a tunable"
src/composing/analysis/key/keymodeanalyzer.cpp,literal,174,3,possibleIonianFifthsForPc,L3,constant,ESTABLISHED,no,"FACT (music theory): scale-interval / mode-offset / circle-of-fifths / enharmonic-spelling table entry or pc arithmetic — structural, not a tunable"
src/composing/analysis/key/keymodeanalyzer.cpp,literal,175,4,possibleIonianFifthsForPc,L3,constant,ESTABLISHED,no,"FACT (music theory): scale-interval / mode-offset / circle-of-fifths / enharmonic-spelling table entry or pc arithmetic — structural, not a tunable"
src/composing/analysis/key/keymodeanalyzer.cpp,literal,175,4,possibleIonianFifthsForPc,L3,constant,ESTABLISHED,no,"FACT (music theory): scale-interval / mode-offset / circle-of-fifths / enharmonic-spelling table entry or pc arithmetic — structural, not a tunable"
src/composing/analysis/key/keymodeanalyzer.cpp,literal,175,4,possibleIonianFifthsForPc,L3,constant,ESTABLISHED,no,"FACT (music theory): scale-interval / mode-offset / circle-of-fifths / enharmonic-spelling table entry or pc arithmetic — structural, not a tunable"
src/composing/analysis/key/keymodeanalyzer.cpp,literal,176,5,possibleIonianFifthsForPc,L3,constant,ESTABLISHED,no,"FACT (music theory): scale-interval / mode-offset / circle-of-fifths / enharmonic-spelling table entry or pc arithmetic — structural, not a tunable"
src/composing/analysis/key/keymodeanalyzer.cpp,literal,177,6,possibleIonianFifthsForPc,L3,constant,ESTABLISHED,no,"FACT (music theory): scale-interval / mode-offset / circle-of-fifths / enharmonic-spelling table entry or pc arithmetic — structural, not a tunable"
src/composing/analysis/key/keymodeanalyzer.cpp,literal,177,6,possibleIonianFifthsForPc,L3,constant,ESTABLISHED,no,"FACT (music theory): scale-interval / mode-offset / circle-of-fifths / enharmonic-spelling table entry or pc arithmetic — structural, not a tunable"
src/composing/analysis/key/keymodeanalyzer.cpp,literal,177,6,possibleIonianFifthsForPc,L3,constant,ESTABLISHED,no,"FACT (music theory): scale-interval / mode-offset / circle-of-fifths / enharmonic-spelling table entry or pc arithmetic — structural, not a tunable"
src/composing/analysis/key/keymodeanalyzer.cpp,literal,178,7,possibleIonianFifthsForPc,L3,constant,ESTABLISHED,no,"FACT (music theory): scale-interval / mode-offset / circle-of-fifths / enharmonic-spelling table entry or pc arithmetic — structural, not a tunable"
src/composing/analysis/key/keymodeanalyzer.cpp,literal,179,8,possibleIonianFifthsForPc,L3,constant,ESTABLISHED,no,"FACT (music theory): scale-interval / mode-offset / circle-of-fifths / enharmonic-spelling table entry or pc arithmetic — structural, not a tunable"
src/composing/analysis/key/keymodeanalyzer.cpp,literal,179,4,possibleIonianFifthsForPc,L3,constant,ESTABLISHED,no,"FACT (music theory): scale-interval / mode-offset / circle-of-fifths / enharmonic-spelling table entry or pc arithmetic — structural, not a tunable"
src/composing/analysis/key/keymodeanalyzer.cpp,literal,179,4,possibleIonianFifthsForPc,L3,constant,ESTABLISHED,no,"FACT (music theory): scale-interval / mode-offset / circle-of-fifths / enharmonic-spelling table entry or pc arithmetic — structural, not a tunable"
src/composing/analysis/key/keymodeanalyzer.cpp,literal,180,9,possibleIonianFifthsForPc,L3,constant,ESTABLISHED,no,"FACT (music theory): scale-interval / mode-offset / circle-of-fifths / enharmonic-spelling table entry or pc arithmetic — structural, not a tunable"
src/composing/analysis/key/keymodeanalyzer.cpp,literal,180,3,possibleIonianFifthsForPc,L3,constant,ESTABLISHED,no,"FACT (music theory): scale-interval / mode-offset / circle-of-fifths / enharmonic-spelling table entry or pc arithmetic — structural, not a tunable"
src/composing/analysis/key/keymodeanalyzer.cpp,literal,180,3,possibleIonianFifthsForPc,L3,constant,ESTABLISHED,no,"FACT (music theory): scale-interval / mode-offset / circle-of-fifths / enharmonic-spelling table entry or pc arithmetic — structural, not a tunable"
src/composing/analysis/key/keymodeanalyzer.cpp,literal,181,10,possibleIonianFifthsForPc,L3,constant,ESTABLISHED,no,"FACT (music theory): scale-interval / mode-offset / circle-of-fifths / enharmonic-spelling table entry or pc arithmetic — structural, not a tunable"
src/composing/analysis/key/keymodeanalyzer.cpp,literal,181,2,possibleIonianFifthsForPc,L3,constant,ESTABLISHED,no,"FACT (music theory): scale-interval / mode-offset / circle-of-fifths / enharmonic-spelling table entry or pc arithmetic — structural, not a tunable"
src/composing/analysis/key/keymodeanalyzer.cpp,literal,181,2,possibleIonianFifthsForPc,L3,constant,ESTABLISHED,no,"FACT (music theory): scale-interval / mode-offset / circle-of-fifths / enharmonic-spelling table entry or pc arithmetic — structural, not a tunable"
src/composing/analysis/key/keymodeanalyzer.cpp,literal,182,11,possibleIonianFifthsForPc,L3,constant,ESTABLISHED,no,"FACT (music theory): scale-interval / mode-offset / circle-of-fifths / enharmonic-spelling table entry or pc arithmetic — structural, not a tunable"
src/composing/analysis/key/keymodeanalyzer.cpp,literal,182,5,possibleIonianFifthsForPc,L3,constant,ESTABLISHED,no,"FACT (music theory): scale-interval / mode-offset / circle-of-fifths / enharmonic-spelling table entry or pc arithmetic — structural, not a tunable"
src/composing/analysis/key/keymodeanalyzer.cpp,literal,182,7,possibleIonianFifthsForPc,L3,constant,ESTABLISHED,no,"FACT (music theory): scale-interval / mode-offset / circle-of-fifths / enharmonic-spelling table entry or pc arithmetic — structural, not a tunable"
src/composing/analysis/key/keymodeanalyzer.cpp,literal,192,2,resolveToFifths,L3,constant,ESTABLISHED,no,"FACT (music theory): scale-interval / mode-offset / circle-of-fifths / enharmonic-spelling table entry or pc arithmetic — structural, not a tunable"
src/composing/analysis/key/keymodeanalyzer.cpp,literal,202,0.0,<file-scope>,L3,constant,ESTABLISHED,no,"FACT (music theory): scale-interval / mode-offset / circle-of-fifths / enharmonic-spelling table entry or pc arithmetic — structural, not a tunable"
src/composing/analysis/key/keymodeanalyzer.cpp,literal,203,0.0,<file-scope>,L3,constant,ESTABLISHED,no,"FACT (music theory): scale-interval / mode-offset / circle-of-fifths / enharmonic-spelling table entry or pc arithmetic — structural, not a tunable"
src/composing/analysis/key/keymodeanalyzer.cpp,literal,204,0.0,<file-scope>,L3,constant,ESTABLISHED,no,"FACT (music theory): scale-interval / mode-offset / circle-of-fifths / enharmonic-spelling table entry or pc arithmetic — structural, not a tunable"
src/composing/analysis/key/keymodeanalyzer.cpp,literal,205,0.0,<file-scope>,L3,constant,ESTABLISHED,no,"FACT (music theory): scale-interval / mode-offset / circle-of-fifths / enharmonic-spelling table entry or pc arithmetic — structural, not a tunable"
src/composing/analysis/key/keymodeanalyzer.cpp,literal,215,0.0,<file-scope>,L3,constant,ESTABLISHED,no,"FACT (music theory): scale-interval / mode-offset / circle-of-fifths / enharmonic-spelling table entry or pc arithmetic — structural, not a tunable"
src/composing/analysis/key/keymodeanalyzer.cpp,literal,216,0.0,<file-scope>,L3,constant,ESTABLISHED,no,"FACT (music theory): scale-interval / mode-offset / circle-of-fifths / enharmonic-spelling table entry or pc arithmetic — structural, not a tunable"
src/composing/analysis/key/keymodeanalyzer.cpp,literal,217,0.0,<file-scope>,L3,constant,ESTABLISHED,no,"FACT (music theory): scale-interval / mode-offset / circle-of-fifths / enharmonic-spelling table entry or pc arithmetic — structural, not a tunable"
src/composing/analysis/key/keymodeanalyzer.cpp,literal,218,0.0,<file-scope>,L3,constant,ESTABLISHED,no,"FACT (music theory): scale-interval / mode-offset / circle-of-fifths / enharmonic-spelling table entry or pc arithmetic — structural, not a tunable"
src/composing/analysis/key/keymodeanalyzer.cpp,literal,232,1.0,noteWeight,L3,constant,ESTABLISHED,no,"FACT (music theory): scale-interval / mode-offset / circle-of-fifths / enharmonic-spelling table entry or pc arithmetic — structural, not a tunable"
src/composing/analysis/key/keymodeanalyzer.cpp,literal,239,12,scoreScaleMembership,L3,constant,ESTABLISHED,no,"FACT (music theory): scale-interval / mode-offset / circle-of-fifths / enharmonic-spelling table entry or pc arithmetic — structural, not a tunable"
src/composing/analysis/key/keymodeanalyzer.cpp,literal,243,12,scoreScaleMembership,L3,constant,ESTABLISHED,no,"FACT (music theory): scale-interval / mode-offset / circle-of-fifths / enharmonic-spelling table entry or pc arithmetic — structural, not a tunable"
src/composing/analysis/key/keymodeanalyzer.cpp,literal,245,12,scoreScaleMembership,L3,constant,ESTABLISHED,no,"FACT (music theory): scale-interval / mode-offset / circle-of-fifths / enharmonic-spelling table entry or pc arithmetic — structural, not a tunable"
src/composing/analysis/key/keymodeanalyzer.cpp,literal,248,0.0,scoreScaleMembership,L3,constant,ESTABLISHED,no,"FACT (music theory): scale-interval / mode-offset / circle-of-fifths / enharmonic-spelling table entry or pc arithmetic — structural, not a tunable"
src/composing/analysis/key/keymodeanalyzer.cpp,literal,271,2,scoreTriadEvidence,L3,constant,ESTABLISHED,no,"FACT (music theory): scale-interval / mode-offset / circle-of-fifths / enharmonic-spelling table entry or pc arithmetic — structural, not a tunable"
src/composing/analysis/key/keymodeanalyzer.cpp,literal,271,12,scoreTriadEvidence,L3,constant,ESTABLISHED,no,"FACT (music theory): scale-interval / mode-offset / circle-of-fifths / enharmonic-spelling table entry or pc arithmetic — structural, not a tunable"
src/composing/analysis/key/keymodeanalyzer.cpp,literal,272,4,scoreTriadEvidence,L3,constant,ESTABLISHED,no,"FACT (music theory): scale-interval / mode-offset / circle-of-fifths / enharmonic-spelling table entry or pc arithmetic — structural, not a tunable"
src/composing/analysis/key/keymodeanalyzer.cpp,literal,272,12,scoreTriadEvidence,L3,constant,ESTABLISHED,no,"FACT (music theory): scale-interval / mode-offset / circle-of-fifths / enharmonic-spelling table entry or pc arithmetic — structural, not a tunable"
src/composing/analysis/key/keymodeanalyzer.cpp,literal,273,6,scoreTriadEvidence,L3,constant,ESTABLISHED,no,"FACT (music theory): scale-interval / mode-offset / circle-of-fifths / enharmonic-spelling table entry or pc arithmetic — structural, not a tunable"
src/composing/analysis/key/keymodeanalyzer.cpp,literal,273,12,scoreTriadEvidence,L3,constant,ESTABLISHED,no,"FACT (music theory): scale-interval / mode-offset / circle-of-fifths / enharmonic-spelling table entry or pc arithmetic — structural, not a tunable"
src/composing/analysis/key/keymodeanalyzer.cpp,literal,275,0.0,scoreTriadEvidence,L3,constant,ESTABLISHED,no,"FACT (music theory): scale-interval / mode-offset / circle-of-fifths / enharmonic-spelling table entry or pc arithmetic — structural, not a tunable"
src/composing/analysis/key/keymodeanalyzer.cpp,literal,276,12,scoreTriadEvidence,L3,constant,ESTABLISHED,no,"FACT (music theory): scale-interval / mode-offset / circle-of-fifths / enharmonic-spelling table entry or pc arithmetic — structural, not a tunable"
src/composing/analysis/key/keymodeanalyzer.cpp,literal,278,12,scoreTriadEvidence,L3,constant,ESTABLISHED,no,"FACT (music theory): scale-interval / mode-offset / circle-of-fifths / enharmonic-spelling table entry or pc arithmetic — structural, not a tunable"
src/composing/analysis/key/keymodeanalyzer.cpp,literal,291,0.1,scoreTriadEvidence,L3,constant,UNFIT,no,hand-set note-presence threshold (>0.1) — governs triad/LT/characteristic evidence gating; not in param_manifest; Stage-5 candidate
src/composing/analysis/key/keymodeanalyzer.cpp,literal,292,0.1,scoreTriadEvidence,L3,constant,UNFIT,no,hand-set note-presence threshold (>0.1) — governs triad/LT/characteristic evidence gating; not in param_manifest; Stage-5 candidate
src/composing/analysis/key/keymodeanalyzer.cpp,literal,293,0.1,scoreTriadEvidence,L3,constant,UNFIT,no,hand-set note-presence threshold (>0.1) — governs triad/LT/characteristic evidence gating; not in param_manifest; Stage-5 candidate
src/composing/analysis/key/keymodeanalyzer.cpp,literal,296,0.0,scoreTriadEvidence,L3,constant,ESTABLISHED,no,"FACT (music theory): scale-interval / mode-offset / circle-of-fifths / enharmonic-spelling table entry or pc arithmetic — structural, not a tunable"
src/composing/analysis/key/keymodeanalyzer.cpp,literal,327,12,scoreCharacteristicPitch,L3,constant,ESTABLISHED,no,"FACT (music theory): scale-interval / mode-offset / circle-of-fifths / enharmonic-spelling table entry or pc arithmetic — structural, not a tunable"
src/composing/analysis/key/keymodeanalyzer.cpp,literal,328,12,scoreCharacteristicPitch,L3,constant,ESTABLISHED,no,"FACT (music theory): scale-interval / mode-offset / circle-of-fifths / enharmonic-spelling table entry or pc arithmetic — structural, not a tunable"
src/composing/analysis/key/keymodeanalyzer.cpp,literal,330,0.0,scoreCharacteristicPitch,L3,constant,ESTABLISHED,no,"FACT (music theory): scale-interval / mode-offset / circle-of-fifths / enharmonic-spelling table entry or pc arithmetic — structural, not a tunable"
src/composing/analysis/key/keymodeanalyzer.cpp,literal,331,0.0,scoreCharacteristicPitch,L3,constant,ESTABLISHED,no,"FACT (music theory): scale-interval / mode-offset / circle-of-fifths / enharmonic-spelling table entry or pc arithmetic — structural, not a tunable"
src/composing/analysis/key/keymodeanalyzer.cpp,literal,339,0.1,scoreCharacteristicPitch,L3,constant,UNFIT,no,hand-set note-presence threshold (>0.1) — governs triad/LT/characteristic evidence gating; not in param_manifest; Stage-5 candidate
src/composing/analysis/key/keymodeanalyzer.cpp,literal,340,0.1,scoreCharacteristicPitch,L3,constant,UNFIT,no,hand-set note-presence threshold (>0.1) — governs triad/LT/characteristic evidence gating; not in param_manifest; Stage-5 candidate
src/composing/analysis/key/keymodeanalyzer.cpp,literal,349,0.5,scoreCharacteristicPitch,L3,constant,UNFIT,no,hand-set half-boost factor for partial characteristic-pitch evidence; not in param_manifest
src/composing/analysis/key/keymodeanalyzer.cpp,literal,367,11,scoreTrueLeadingTone,L3,constant,ESTABLISHED,no,"FACT (music theory): scale-interval / mode-offset / circle-of-fifths / enharmonic-spelling table entry or pc arithmetic — structural, not a tunable"
src/composing/analysis/key/keymodeanalyzer.cpp,literal,367,12,scoreTrueLeadingTone,L3,constant,ESTABLISHED,no,"FACT (music theory): scale-interval / mode-offset / circle-of-fifths / enharmonic-spelling table entry or pc arithmetic — structural, not a tunable"
src/composing/analysis/key/keymodeanalyzer.cpp,literal,368,0.0,scoreTrueLeadingTone,L3,constant,ESTABLISHED,no,"FACT (music theory): scale-interval / mode-offset / circle-of-fifths / enharmonic-spelling table entry or pc arithmetic — structural, not a tunable"
src/composing/analysis/key/keymodeanalyzer.cpp,literal,374,0.1,scoreTrueLeadingTone,L3,constant,UNFIT,no,hand-set note-presence threshold (>0.1) — governs triad/LT/characteristic evidence gating; not in param_manifest; Stage-5 candidate
src/composing/analysis/key/keymodeanalyzer.cpp,literal,374,0.0,scoreTrueLeadingTone,L3,constant,ESTABLISHED,no,"FACT (music theory): scale-interval / mode-offset / circle-of-fifths / enharmonic-spelling table entry or pc arithmetic — structural, not a tunable"
src/composing/analysis/key/keymodeanalyzer.cpp,literal,384,2,scoreModePrior,L3,constant,ESTABLISHED,no,"FACT (music theory): scale-interval / mode-offset / circle-of-fifths / enharmonic-spelling table entry or pc arithmetic — structural, not a tunable"
src/composing/analysis/key/keymodeanalyzer.cpp,literal,385,3,scoreModePrior,L3,constant,ESTABLISHED,no,"FACT (music theory): scale-interval / mode-offset / circle-of-fifths / enharmonic-spelling table entry or pc arithmetic — structural, not a tunable"
src/composing/analysis/key/keymodeanalyzer.cpp,literal,386,4,scoreModePrior,L3,constant,ESTABLISHED,no,"FACT (music theory): scale-interval / mode-offset / circle-of-fifths / enharmonic-spelling table entry or pc arithmetic — structural, not a tunable"
src/composing/analysis/key/keymodeanalyzer.cpp,literal,387,5,scoreModePrior,L3,constant,ESTABLISHED,no,"FACT (music theory): scale-interval / mode-offset / circle-of-fifths / enharmonic-spelling table entry or pc arithmetic — structural, not a tunable"
src/composing/analysis/key/keymodeanalyzer.cpp,literal,388,6,scoreModePrior,L3,constant,ESTABLISHED,no,"FACT (music theory): scale-interval / mode-offset / circle-of-fifths / enharmonic-spelling table entry or pc arithmetic — structural, not a tunable"
src/composing/analysis/key/keymodeanalyzer.cpp,literal,390,7,scoreModePrior,L3,constant,ESTABLISHED,no,"FACT (music theory): scale-interval / mode-offset / circle-of-fifths / enharmonic-spelling table entry or pc arithmetic — structural, not a tunable"
src/composing/analysis/key/keymodeanalyzer.cpp,literal,391,8,scoreModePrior,L3,constant,ESTABLISHED,no,"FACT (music theory): scale-interval / mode-offset / circle-of-fifths / enharmonic-spelling table entry or pc arithmetic — structural, not a tunable"
src/composing/analysis/key/keymodeanalyzer.cpp,literal,392,9,scoreModePrior,L3,constant,ESTABLISHED,no,"FACT (music theory): scale-interval / mode-offset / circle-of-fifths / enharmonic-spelling table entry or pc arithmetic — structural, not a tunable"
src/composing/analysis/key/keymodeanalyzer.cpp,literal,393,10,scoreModePrior,L3,constant,ESTABLISHED,no,"FACT (music theory): scale-interval / mode-offset / circle-of-fifths / enharmonic-spelling table entry or pc arithmetic — structural, not a tunable"
src/composing/analysis/key/keymodeanalyzer.cpp,literal,394,11,scoreModePrior,L3,constant,ESTABLISHED,no,"FACT (music theory): scale-interval / mode-offset / circle-of-fifths / enharmonic-spelling table entry or pc arithmetic — structural, not a tunable"
src/composing/analysis/key/keymodeanalyzer.cpp,literal,395,12,scoreModePrior,L3,constant,ESTABLISHED,no,"FACT (music theory): scale-interval / mode-offset / circle-of-fifths / enharmonic-spelling table entry or pc arithmetic — structural, not a tunable"
src/composing/analysis/key/keymodeanalyzer.cpp,literal,396,13,scoreModePrior,L3,constant,ESTABLISHED,no,"FACT (music theory): scale-interval / mode-offset / circle-of-fifths / enharmonic-spelling table entry or pc arithmetic — structural, not a tunable"
src/composing/analysis/key/keymodeanalyzer.cpp,literal,398,14,scoreModePrior,L3,constant,ESTABLISHED,no,"FACT (music theory): scale-interval / mode-offset / circle-of-fifths / enharmonic-spelling table entry or pc arithmetic — structural, not a tunable"
src/composing/analysis/key/keymodeanalyzer.cpp,literal,399,15,scoreModePrior,L3,constant,ESTABLISHED,no,"FACT (music theory): scale-interval / mode-offset / circle-of-fifths / enharmonic-spelling table entry or pc arithmetic — structural, not a tunable"
src/composing/analysis/key/keymodeanalyzer.cpp,literal,400,16,scoreModePrior,L3,constant,ESTABLISHED,no,"FACT (music theory): scale-interval / mode-offset / circle-of-fifths / enharmonic-spelling table entry or pc arithmetic — structural, not a tunable"
src/composing/analysis/key/keymodeanalyzer.cpp,literal,401,17,scoreModePrior,L3,constant,ESTABLISHED,no,"FACT (music theory): scale-interval / mode-offset / circle-of-fifths / enharmonic-spelling table entry or pc arithmetic — structural, not a tunable"
src/composing/analysis/key/keymodeanalyzer.cpp,literal,402,18,scoreModePrior,L3,constant,ESTABLISHED,no,"FACT (music theory): scale-interval / mode-offset / circle-of-fifths / enharmonic-spelling table entry or pc arithmetic — structural, not a tunable"
src/composing/analysis/key/keymodeanalyzer.cpp,literal,403,19,scoreModePrior,L3,constant,ESTABLISHED,no,"FACT (music theory): scale-interval / mode-offset / circle-of-fifths / enharmonic-spelling table entry or pc arithmetic — structural, not a tunable"
src/composing/analysis/key/keymodeanalyzer.cpp,literal,404,20,scoreModePrior,L3,constant,ESTABLISHED,no,"FACT (music theory): scale-interval / mode-offset / circle-of-fifths / enharmonic-spelling table entry or pc arithmetic — structural, not a tunable"
src/composing/analysis/key/keymodeanalyzer.cpp,literal,405,0.0,scoreModePrior,L3,constant,ESTABLISHED,no,"FACT (music theory): scale-interval / mode-offset / circle-of-fifths / enharmonic-spelling table entry or pc arithmetic — structural, not a tunable"
src/composing/analysis/key/keymodeanalyzer.cpp,literal,416,2,scoreKeySignatureProximity,L3,constant,ESTABLISHED,no,"FACT (music theory): scale-interval / mode-offset / circle-of-fifths / enharmonic-spelling table entry or pc arithmetic — structural, not a tunable"
src/composing/analysis/key/keymodeanalyzer.cpp,literal,432,0.0,tonalCenterScore,L3,constant,ESTABLISHED,no,"FACT (music theory): scale-interval / mode-offset / circle-of-fifths / enharmonic-spelling table entry or pc arithmetic — structural, not a tunable"
src/composing/analysis/key/keymodeanalyzer.cpp,literal,460,0.1,applyPairwiseDisambiguation,L3,constant,UNFIT,no,hand-set note-presence threshold (>0.1) — governs triad/LT/characteristic evidence gating; not in param_manifest; Stage-5 candidate
src/composing/analysis/key/keymodeanalyzer.cpp,literal,461,0.1,applyPairwiseDisambiguation,L3,constant,UNFIT,no,hand-set note-presence threshold (>0.1) — governs triad/LT/characteristic evidence gating; not in param_manifest; Stage-5 candidate
src/composing/analysis/key/keymodeanalyzer.cpp,literal,527,12,keySignatureFifthsForKey,L3,constant,ESTABLISHED,no,"FACT (music theory): scale-interval / mode-offset / circle-of-fifths / enharmonic-spelling table entry or pc arithmetic — structural, not a tunable"
src/composing/analysis/key/keymodeanalyzer.cpp,literal,527,12,keySignatureFifthsForKey,L3,constant,ESTABLISHED,no,"FACT (music theory): scale-interval / mode-offset / circle-of-fifths / enharmonic-spelling table entry or pc arithmetic — structural, not a tunable"
src/composing/analysis/key/keymodeanalyzer.cpp,literal,527,12,keySignatureFifthsForKey,L3,constant,ESTABLISHED,no,"FACT (music theory): scale-interval / mode-offset / circle-of-fifths / enharmonic-spelling table entry or pc arithmetic — structural, not a tunable"
src/composing/analysis/key/keymodeanalyzer.cpp,literal,539,12,keyModeSignatureFifths,L3,constant,ESTABLISHED,no,"FACT (music theory): scale-interval / mode-offset / circle-of-fifths / enharmonic-spelling table entry or pc arithmetic — structural, not a tunable"
src/composing/analysis/key/keymodeanalyzer.cpp,literal,539,12,keyModeSignatureFifths,L3,constant,ESTABLISHED,no,"FACT (music theory): scale-interval / mode-offset / circle-of-fifths / enharmonic-spelling table entry or pc arithmetic — structural, not a tunable"
src/composing/analysis/key/keymodeanalyzer.cpp,literal,539,12,keyModeSignatureFifths,L3,constant,ESTABLISHED,no,"FACT (music theory): scale-interval / mode-offset / circle-of-fifths / enharmonic-spelling table entry or pc arithmetic — structural, not a tunable"
src/composing/analysis/key/keymodeanalyzer.cpp,literal,557,12,analyzeKeyMode,L3,constant,ESTABLISHED,no,"FACT (music theory): scale-interval / mode-offset / circle-of-fifths / enharmonic-spelling table entry or pc arithmetic — structural, not a tunable"
src/composing/analysis/key/keymodeanalyzer.cpp,literal,561,12,analyzeKeyMode,L3,constant,ESTABLISHED,no,"FACT (music theory): scale-interval / mode-offset / circle-of-fifths / enharmonic-spelling table entry or pc arithmetic — structural, not a tunable"
src/composing/analysis/key/keymodeanalyzer.cpp,literal,571,12,analyzeKeyMode,L3,constant,ESTABLISHED,no,"FACT (music theory): scale-interval / mode-offset / circle-of-fifths / enharmonic-spelling table entry or pc arithmetic — structural, not a tunable"
src/composing/analysis/key/keymodeanalyzer.cpp,literal,573,12,analyzeKeyMode,L3,constant,ESTABLISHED,no,"FACT (music theory): scale-interval / mode-offset / circle-of-fifths / enharmonic-spelling table entry or pc arithmetic — structural, not a tunable"
src/composing/analysis/key/keymodeanalyzer.cpp,literal,588,0.0,analyzeKeyMode,L3,constant,ESTABLISHED,no,"FACT (music theory): scale-interval / mode-offset / circle-of-fifths / enharmonic-spelling table entry or pc arithmetic — structural, not a tunable"
src/composing/analysis/key/keymodeanalyzer.cpp,literal,613,7,analyzeKeyMode,L3,constant,ESTABLISHED,no,"FACT (music theory): scale-interval / mode-offset / circle-of-fifths / enharmonic-spelling table entry or pc arithmetic — structural, not a tunable"
src/composing/analysis/key/keymodeanalyzer.cpp,literal,613,7,analyzeKeyMode,L3,constant,ESTABLISHED,no,"FACT (music theory): scale-interval / mode-offset / circle-of-fifths / enharmonic-spelling table entry or pc arithmetic — structural, not a tunable"
src/composing/analysis/key/keymodeanalyzer.cpp,literal,618,21,analyzeKeyMode,L3,constant,ESTABLISHED,no,"FACT (music theory): scale-interval / mode-offset / circle-of-fifths / enharmonic-spelling table entry or pc arithmetic — structural, not a tunable"
src/composing/analysis/key/keymodeanalyzer.cpp,literal,621,12,analyzeKeyMode,L3,constant,ESTABLISHED,no,"FACT (music theory): scale-interval / mode-offset / circle-of-fifths / enharmonic-spelling table entry or pc arithmetic — structural, not a tunable"
src/composing/analysis/key/keymodeanalyzer.cpp,literal,645,7,analyzeKeyMode,L3,constant,ESTABLISHED,no,"FACT (music theory): scale-interval / mode-offset / circle-of-fifths / enharmonic-spelling table entry or pc arithmetic — structural, not a tunable"
src/composing/analysis/key/keymodeanalyzer.cpp,literal,645,7,analyzeKeyMode,L3,constant,ESTABLISHED,no,"FACT (music theory): scale-interval / mode-offset / circle-of-fifths / enharmonic-spelling table entry or pc arithmetic — structural, not a tunable"
src/composing/analysis/key/keymodeanalyzer.cpp,literal,665,12,analyzeKeyMode,L3,constant,ESTABLISHED,no,"FACT (music theory): scale-interval / mode-offset / circle-of-fifths / enharmonic-spelling table entry or pc arithmetic — structural, not a tunable"
src/composing/analysis/key/keymodeanalyzer.cpp,literal,683,7,analyzeKeyMode,L3,constant,ESTABLISHED,no,"FACT (music theory): scale-interval / mode-offset / circle-of-fifths / enharmonic-spelling table entry or pc arithmetic — structural, not a tunable"
src/composing/analysis/key/keymodeanalyzer.cpp,literal,684,7,analyzeKeyMode,L3,constant,ESTABLISHED,no,"FACT (music theory): scale-interval / mode-offset / circle-of-fifths / enharmonic-spelling table entry or pc arithmetic — structural, not a tunable"
src/composing/analysis/key/keymodeanalyzer.cpp,literal,696,12,analyzeKeyMode,L3,constant,ESTABLISHED,no,"FACT (music theory): scale-interval / mode-offset / circle-of-fifths / enharmonic-spelling table entry or pc arithmetic — structural, not a tunable"
src/composing/analysis/key/keymodeanalyzer.cpp,literal,716,12,analyzeKeyMode,L3,constant,ESTABLISHED,no,"FACT (music theory): scale-interval / mode-offset / circle-of-fifths / enharmonic-spelling table entry or pc arithmetic — structural, not a tunable"
src/composing/analysis/key/keymodeanalyzer.cpp,literal,717,12,analyzeKeyMode,L3,constant,ESTABLISHED,no,"FACT (music theory): scale-interval / mode-offset / circle-of-fifths / enharmonic-spelling table entry or pc arithmetic — structural, not a tunable"
src/composing/analysis/key/keymodeanalyzer.cpp,literal,728,3,analyzeKeyMode,L3,constant,ESTABLISHED,no,"FACT (music theory): scale-interval / mode-offset / circle-of-fifths / enharmonic-spelling table entry or pc arithmetic — structural, not a tunable"
src/composing/analysis/key/keymodeanalyzer.cpp,literal,739,3,analyzeKeyMode,L3,constant,ESTABLISHED,no,"FACT (music theory): scale-interval / mode-offset / circle-of-fifths / enharmonic-spelling table entry or pc arithmetic — structural, not a tunable"
src/composing/analysis/key/keymodeanalyzer.cpp,literal,764,2,analyzeKeyMode,L3,constant,ESTABLISHED,no,"FACT (music theory): scale-interval / mode-offset / circle-of-fifths / enharmonic-spelling table entry or pc arithmetic — structural, not a tunable"
src/composing/analysis/key/keymodeanalyzer.cpp,literal,764,0.0,analyzeKeyMode,L3,constant,ESTABLISHED,no,"FACT (music theory): scale-interval / mode-offset / circle-of-fifths / enharmonic-spelling table entry or pc arithmetic — structural, not a tunable"
src/composing/analysis/key/keymodeanalyzer.cpp,literal,773,0.0,analyzeKeyMode,L3,constant,ESTABLISHED,no,"FACT (music theory): scale-interval / mode-offset / circle-of-fifths / enharmonic-spelling table entry or pc arithmetic — structural, not a tunable"
src/composing/analysis/key/keymodeanalyzer.cpp,literal,789,12,analyzeKeyMode,L3,constant,ESTABLISHED,no,"FACT (music theory): scale-interval / mode-offset / circle-of-fifths / enharmonic-spelling table entry or pc arithmetic — structural, not a tunable"
src/composing/analysis/key/keymodeanalyzer.cpp,literal,790,12,analyzeKeyMode,L3,constant,ESTABLISHED,no,"FACT (music theory): scale-interval / mode-offset / circle-of-fifths / enharmonic-spelling table entry or pc arithmetic — structural, not a tunable"
src/composing/analysis/key/keymodeanalyzer.cpp,literal,803,0.0,analyzeKeyMode,L3,constant,ESTABLISHED,no,"FACT (music theory): scale-interval / mode-offset / circle-of-fifths / enharmonic-spelling table entry or pc arithmetic — structural, not a tunable"
src/composing/analysis/key/keymodeanalyzer.cpp,literal,838,7,keyModeScaleIntervals,L3,constant,ESTABLISHED,no,"FACT (music theory): scale-interval / mode-offset / circle-of-fifths / enharmonic-spelling table entry or pc arithmetic — structural, not a tunable"
src/composing/analysis/key/keymodeanalyzer.h,literal,37,1.0,normalizedConfidenceSigmoid,L3,constant,ESTABLISHED,no,structural literal
src/composing/analysis/key/keymodeanalyzer.h,literal,37,1.0,normalizedConfidenceSigmoid,L3,constant,ESTABLISHED,no,structural literal
src/composing/analysis/key/keymodeanalyzer.h,literal,47,21,<file-scope>,L3,constant,ESTABLISHED,no,structural literal
src/composing/analysis/key/keymodeanalyzer.h,literal,84,2,keyModeTonicOffset,L3,constant,ESTABLISHED,no,structural literal
src/composing/analysis/key/keymodeanalyzer.h,literal,84,4,keyModeTonicOffset,L3,constant,ESTABLISHED,no,structural literal
src/composing/analysis/key/keymodeanalyzer.h,literal,84,5,keyModeTonicOffset,L3,constant,ESTABLISHED,no,structural literal
src/composing/analysis/key/keymodeanalyzer.h,literal,84,7,keyModeTonicOffset,L3,constant,ESTABLISHED,no,structural literal
src/composing/analysis/key/keymodeanalyzer.h,literal,84,9,keyModeTonicOffset,L3,constant,ESTABLISHED,no,structural literal
src/composing/analysis/key/keymodeanalyzer.h,literal,84,11,keyModeTonicOffset,L3,constant,ESTABLISHED,no,structural literal
src/composing/analysis/key/keymodeanalyzer.h,literal,86,2,keyModeTonicOffset,L3,constant,ESTABLISHED,no,structural literal
src/composing/analysis/key/keymodeanalyzer.h,literal,87,4,keyModeTonicOffset,L3,constant,ESTABLISHED,no,structural literal
src/composing/analysis/key/keymodeanalyzer.h,literal,88,5,keyModeTonicOffset,L3,constant,ESTABLISHED,no,structural literal
src/composing/analysis/key/keymodeanalyzer.h,literal,89,7,keyModeTonicOffset,L3,constant,ESTABLISHED,no,structural literal
src/composing/analysis/key/keymodeanalyzer.h,literal,90,9,keyModeTonicOffset,L3,constant,ESTABLISHED,no,structural literal
src/composing/analysis/key/keymodeanalyzer.h,literal,91,11,keyModeTonicOffset,L3,constant,ESTABLISHED,no,structural literal
src/composing/analysis/key/keymodeanalyzer.h,literal,94,9,keyModeTonicOffset,L3,constant,ESTABLISHED,no,structural literal
src/composing/analysis/key/keymodeanalyzer.h,literal,95,11,keyModeTonicOffset,L3,constant,ESTABLISHED,no,structural literal
src/composing/analysis/key/keymodeanalyzer.h,literal,97,2,keyModeTonicOffset,L3,constant,ESTABLISHED,no,structural literal
src/composing/analysis/key/keymodeanalyzer.h,literal,98,4,keyModeTonicOffset,L3,constant,ESTABLISHED,no,structural literal
src/composing/analysis/key/keymodeanalyzer.h,literal,99,5,keyModeTonicOffset,L3,constant,ESTABLISHED,no,structural literal
src/composing/analysis/key/keymodeanalyzer.h,literal,100,8,keyModeTonicOffset,L3,constant,ESTABLISHED,no,structural literal
src/composing/analysis/key/keymodeanalyzer.h,literal,110,0.0,<file-scope>,L3,constant,ESTABLISHED,no,structural literal
src/composing/analysis/key/keymodeanalyzer.h,literal,111,0.0,<file-scope>,L3,constant,ESTABLISHED,no,structural literal
src/composing/analysis/key/keymodeanalyzer.h,literal,132,0.0,<file-scope>,L3,constant,ESTABLISHED,no,structural literal
src/composing/analysis/key/keymodeanalyzer.h,literal,133,0.0,<file-scope>,L3,constant,ESTABLISHED,no,structural literal
src/composing/analysis/key/keymodeanalyzer.h,literal,134,0.0,<file-scope>,L3,constant,ESTABLISHED,no,structural literal
src/composing/analysis/key/keymodeanalyzer.h,literal,135,0.0,<file-scope>,L3,constant,ESTABLISHED,no,structural literal
src/composing/analysis/key/keymodeanalyzer.h,literal,136,0.0,<file-scope>,L3,constant,ESTABLISHED,no,structural literal
src/composing/analysis/key/keymodeanalyzer.h,literal,137,0.0,<file-scope>,L3,constant,ESTABLISHED,no,structural literal
src/composing/analysis/key/keymodeanalyzer.h,literal,138,0.0,<file-scope>,L3,constant,ESTABLISHED,no,structural literal
src/composing/analysis/key/keymodeanalyzer.h,literal,139,0.0,<file-scope>,L3,constant,ESTABLISHED,no,structural literal
src/composing/analysis/key/keymodeanalyzer.h,literal,140,0.0,<file-scope>,L3,constant,ESTABLISHED,no,structural literal
src/composing/analysis/key/keymodeanalyzer.h,literal,141,0.0,<file-scope>,L3,constant,ESTABLISHED,no,structural literal
src/composing/analysis/key/keymodeanalyzer.h,literal,142,0.0,<file-scope>,L3,constant,ESTABLISHED,no,structural literal
src/composing/analysis/key/keymodeanalyzer.h,literal,143,0.0,<file-scope>,L3,constant,ESTABLISHED,no,structural literal
src/composing/analysis/key/keymodeanalyzer.h,literal,144,0.0,<file-scope>,L3,constant,ESTABLISHED,no,structural literal
src/composing/analysis/key/keymodeanalyzer.h,literal,145,0.0,<file-scope>,L3,constant,ESTABLISHED,no,structural literal
src/composing/analysis/key/keymodeanalyzer.h,literal,189,7,<file-scope>,L3,constant,ESTABLISHED,no,structural literal
src/composing/analysis/key/keymodeformatting.cpp,literal,37,15,keyModeTonicName,L3,constant,ESTABLISHED,no,"FACT (music theory): scale-interval / mode-offset / circle-of-fifths / enharmonic-spelling table entry or pc arithmetic — structural, not a tunable"
src/composing/analysis/key/keymodeformatting.cpp,literal,41,15,keyModeTonicName,L3,constant,ESTABLISHED,no,"FACT (music theory): scale-interval / mode-offset / circle-of-fifths / enharmonic-spelling table entry or pc arithmetic — structural, not a tunable"
src/composing/analysis/key/keymodeformatting.cpp,literal,45,15,keyModeTonicName,L3,constant,ESTABLISHED,no,"FACT (music theory): scale-interval / mode-offset / circle-of-fifths / enharmonic-spelling table entry or pc arithmetic — structural, not a tunable"
src/composing/analysis/key/keymodeformatting.cpp,literal,49,15,keyModeTonicName,L3,constant,ESTABLISHED,no,"FACT (music theory): scale-interval / mode-offset / circle-of-fifths / enharmonic-spelling table entry or pc arithmetic — structural, not a tunable"
src/composing/analysis/key/keymodeformatting.cpp,literal,53,15,keyModeTonicName,L3,constant,ESTABLISHED,no,"FACT (music theory): scale-interval / mode-offset / circle-of-fifths / enharmonic-spelling table entry or pc arithmetic — structural, not a tunable"
src/composing/analysis/key/keymodeformatting.cpp,literal,57,15,keyModeTonicName,L3,constant,ESTABLISHED,no,"FACT (music theory): scale-interval / mode-offset / circle-of-fifths / enharmonic-spelling table entry or pc arithmetic — structural, not a tunable"
src/composing/analysis/key/keymodeformatting.cpp,literal,61,15,keyModeTonicName,L3,constant,ESTABLISHED,no,"FACT (music theory): scale-interval / mode-offset / circle-of-fifths / enharmonic-spelling table entry or pc arithmetic — structural, not a tunable"
src/composing/analysis/key/keymodeformatting.cpp,literal,67,15,keyModeTonicName,L3,constant,ESTABLISHED,no,"FACT (music theory): scale-interval / mode-offset / circle-of-fifths / enharmonic-spelling table entry or pc arithmetic — structural, not a tunable"
src/composing/analysis/key/keymodeformatting.cpp,literal,73,15,keyModeTonicName,L3,constant,ESTABLISHED,no,"FACT (music theory): scale-interval / mode-offset / circle-of-fifths / enharmonic-spelling table entry or pc arithmetic — structural, not a tunable"
src/composing/analysis/key/keymodeformatting.cpp,literal,78,7,keyModeTonicName,L3,constant,ESTABLISHED,no,"FACT (music theory): scale-interval / mode-offset / circle-of-fifths / enharmonic-spelling table entry or pc arithmetic — structural, not a tunable"
src/composing/analysis/key/keymodeformatting.cpp,literal,78,14,keyModeTonicName,L3,constant,ESTABLISHED,no,"FACT (music theory): scale-interval / mode-offset / circle-of-fifths / enharmonic-spelling table entry or pc arithmetic — structural, not a tunable"
src/composing/analysis/key/keymodesequence.cpp,literal,46,12,<file-scope>,L3,constant,ESTABLISHED,no,FACT: candidate-space cardinality (12 tonics x 21 modes = 252) — structural
src/composing/analysis/key/keymodesequence.cpp,literal,50,1.0e3,<file-scope>,L3,constant,ESTABLISHED,no,single-state confidence sentinel (effectively certain) — structural
src/composing/analysis/key/keymodesequence.cpp,literal,65,12,cofDistance,L3,constant,ESTABLISHED,no,FACT: candidate-space cardinality (12 tonics x 21 modes = 252) — structural
src/composing/analysis/key/keymodesequence.cpp,literal,65,12,cofDistance,L3,constant,ESTABLISHED,no,FACT: candidate-space cardinality (12 tonics x 21 modes = 252) — structural
src/composing/analysis/key/keymodesequence.cpp,literal,65,12,cofDistance,L3,constant,ESTABLISHED,no,FACT: candidate-space cardinality (12 tonics x 21 modes = 252) — structural
src/composing/analysis/key/keymodesequence.cpp,literal,66,7,cofDistance,L3,constant,ESTABLISHED,no,FACT: circle-of-fifths step generator (mod 12)
src/composing/analysis/key/keymodesequence.cpp,literal,66,12,cofDistance,L3,constant,ESTABLISHED,no,FACT: candidate-space cardinality (12 tonics x 21 modes = 252) — structural
src/composing/analysis/key/keymodesequence.cpp,literal,69,12,cofDistance,L3,constant,ESTABLISHED,no,FACT: candidate-space cardinality (12 tonics x 21 modes = 252) — structural
src/composing/analysis/key/keymodesequence.cpp,literal,101,0.0,stateToResult,L3,constant,ESTABLISHED,no,structural/pc-arithmetic literal in the decoder
src/composing/analysis/key/keymodesequence.cpp,literal,137,0.0,buildLattice,L3,constant,ESTABLISHED,no,FACT: candidate-space cardinality (12 tonics x 21 modes = 252) — structural
src/composing/analysis/key/keymodesequence.cpp,literal,168,0.0,buildLattice,L3,constant,ESTABLISHED,no,structural/pc-arithmetic literal in the decoder
src/composing/analysis/key/keymodesequence.cpp,literal,222,0.0,populateEmissionConfidence,L3,constant,ESTABLISHED,no,structural/pc-arithmetic literal in the decoder
src/composing/analysis/key/keymodesequence.cpp,literal,235,0.0,changeCost,L3,constant,ESTABLISHED,no,structural/pc-arithmetic literal in the decoder
src/composing/analysis/key/keymodesequence.cpp,literal,238,0.0,changeCost,L3,constant,ESTABLISHED,no,structural/pc-arithmetic literal in the decoder
src/composing/analysis/key/keymodesequence.cpp,literal,327,0.0,decodeLattice,L3,constant,ESTABLISHED,no,structural/pc-arithmetic literal in the decoder
src/composing/analysis/key/keymodesequence.cpp,literal,330,2,decodeLattice,L3,constant,ESTABLISHED,no,structural/pc-arithmetic literal in the decoder
src/composing/analysis/key/keymodesequence.h,literal,116,8,<file-scope>,L3,constant,UNFIT,no,"KeyModeSequencePreferences default (topK / windowBeats / uncertainThreshold / maxAlternatives) — SETTING, effort-retrofit; change-cost defaults source the resolver hysteresis margins; NOT in param_manifest"
src/composing/analysis/key/keymodesequence.h,literal,137,4.0,<file-scope>,L3,constant,UNFIT,no,"KeyModeSequencePreferences default (topK / windowBeats / uncertainThreshold / maxAlternatives) — SETTING, effort-retrofit; change-cost defaults source the resolver hysteresis margins; NOT in param_manifest"
src/composing/analysis/key/keymodesequence.h,literal,143,4.0,<file-scope>,L3,constant,UNFIT,no,"KeyModeSequencePreferences default (topK / windowBeats / uncertainThreshold / maxAlternatives) — SETTING, effort-retrofit; change-cost defaults source the resolver hysteresis margins; NOT in param_manifest"
src/composing/analysis/key/keymodesequence.h,literal,147,1.0,<file-scope>,L3,constant,UNFIT,no,"KeyModeSequencePreferences default (topK / windowBeats / uncertainThreshold / maxAlternatives) — SETTING, effort-retrofit; change-cost defaults source the resolver hysteresis margins; NOT in param_manifest"
src/composing/analysis/key/keymodesequence.h,literal,151,4,<file-scope>,L3,constant,UNFIT,no,"KeyModeSequencePreferences default (topK / windowBeats / uncertainThreshold / maxAlternatives) — SETTING, effort-retrofit; change-cost defaults source the resolver hysteresis margins; NOT in param_manifest"
src/composing/analysis/key/keymodesequence.h,literal,162,0.0,<file-scope>,L3,constant,ESTABLISHED,no,structural/pc-arithmetic literal in the decoder
src/composing/analysis/key/keyresolver.cpp,literal,64,12,fallbackResult,L3,constant,ESTABLISHED,no,structural/pc-arithmetic or shared-symbol literal in the resolver
src/composing/analysis/key/keyresolver.cpp,literal,71,12,ionianScaleSet,L3,constant,ESTABLISHED,no,structural/pc-arithmetic or shared-symbol literal in the resolver
src/composing/analysis/key/keyresolver.cpp,literal,73,12,ionianScaleSet,L3,constant,ESTABLISHED,no,structural/pc-arithmetic or shared-symbol literal in the resolver
src/composing/analysis/key/keyresolver.cpp,literal,75,2,ionianScaleSet,L3,constant,ESTABLISHED,no,structural/pc-arithmetic or shared-symbol literal in the resolver
src/composing/analysis/key/keyresolver.cpp,literal,75,4,ionianScaleSet,L3,constant,ESTABLISHED,no,structural/pc-arithmetic or shared-symbol literal in the resolver
src/composing/analysis/key/keyresolver.cpp,literal,75,5,ionianScaleSet,L3,constant,ESTABLISHED,no,structural/pc-arithmetic or shared-symbol literal in the resolver
src/composing/analysis/key/keyresolver.cpp,literal,75,7,ionianScaleSet,L3,constant,ESTABLISHED,no,structural/pc-arithmetic or shared-symbol literal in the resolver
src/composing/analysis/key/keyresolver.cpp,literal,75,9,ionianScaleSet,L3,constant,ESTABLISHED,no,structural/pc-arithmetic or shared-symbol literal in the resolver
src/composing/analysis/key/keyresolver.cpp,literal,75,11,ionianScaleSet,L3,constant,ESTABLISHED,no,structural/pc-arithmetic or shared-symbol literal in the resolver
src/composing/analysis/key/keyresolver.cpp,literal,76,12,ionianScaleSet,L3,constant,ESTABLISHED,no,structural/pc-arithmetic or shared-symbol literal in the resolver
src/composing/analysis/key/keyresolver.cpp,literal,122,7,partialSignatureCorrection,L3,constant,ESTABLISHED,no,structural/pc-arithmetic or shared-symbol literal in the resolver
src/composing/analysis/key/keyresolver.cpp,literal,122,7,partialSignatureCorrection,L3,constant,ESTABLISHED,no,structural/pc-arithmetic or shared-symbol literal in the resolver
src/composing/analysis/key/keyresolver.cpp,literal,126,12,partialSignatureCorrection,L3,constant,ESTABLISHED,no,structural/pc-arithmetic or shared-symbol literal in the resolver
src/composing/analysis/key/keyresolver.cpp,literal,127,12,partialSignatureCorrection,L3,constant,ESTABLISHED,no,structural/pc-arithmetic or shared-symbol literal in the resolver
src/composing/analysis/key/keyresolver.cpp,literal,130,12,partialSignatureCorrection,L3,constant,ESTABLISHED,no,structural/pc-arithmetic or shared-symbol literal in the resolver
src/composing/analysis/key/keyresolver.cpp,literal,147,12,partialSignatureCorrection,L3,constant,ESTABLISHED,no,structural/pc-arithmetic or shared-symbol literal in the resolver
src/composing/analysis/key/keyresolver.cpp,literal,148,0.0,partialSignatureCorrection,L3,constant,ESTABLISHED,no,structural/pc-arithmetic or shared-symbol literal in the resolver
src/composing/analysis/key/keyresolver.cpp,literal,178,0.0,partialSignatureCorrection,L3,constant,ESTABLISHED,no,structural/pc-arithmetic or shared-symbol literal in the resolver
src/composing/analysis/key/keyresolver.cpp,literal,182,0.03,partialSignatureCorrection,L3,constant,UNFIT,no,"Baroque partial-signature-correction pervasiveness floor (0.03) — empirical, not in param_manifest"
src/composing/analysis/key/keyresolver.cpp,literal,183,2.0,partialSignatureCorrection,L3,constant,UNFIT,no,"Baroque partial-signature-correction dominance ratio (2.0) — empirical, not in param_manifest"
src/composing/analysis/key/keyresolver.cpp,literal,286,4,resolveKeyAndModeRanked,L3,constant,ESTABLISHED,no,structural/pc-arithmetic or shared-symbol literal in the resolver
src/composing/analysis/key/keyresolver.cpp,literal,310,4,resolveKeyAndModeRanked,L3,constant,ESTABLISHED,no,structural/pc-arithmetic or shared-symbol literal in the resolver
src/composing/analysis/key/keyresolver.cpp,literal,329,3,resolveKeyAndModeRanked,L3,constant,ESTABLISHED,no,structural/pc-arithmetic or shared-symbol literal in the resolver
src/composing/analysis/key/keyresolver.cpp,literal,331,0.0,resolveKeyAndModeRanked,L3,constant,ESTABLISHED,no,structural/pc-arithmetic or shared-symbol literal in the resolver
src/composing/analysis/key/keyresolver.cpp,literal,331,0.0,resolveKeyAndModeRanked,L3,constant,ESTABLISHED,no,structural/pc-arithmetic or shared-symbol literal in the resolver
src/composing/analysis/key/modepriorpresets.cpp,literal,43,0.50,modePriorPresets,L3,constant,UNFIT,no,empirical mode-prior magnitude (21 modes x 5 presets); DUPLICATED vs KeyModeAnalyzerPreferences defaults but sync-test-guarded (modepriorpresets_tests); NOT in param_manifest; code says Stage-5 fits
src/composing/analysis/key/modepriorpresets.cpp,literal,44,0.80,modePriorPresets,L3,constant,UNFIT,no,empirical mode-prior magnitude (21 modes x 5 presets); DUPLICATED vs KeyModeAnalyzerPreferences defaults but sync-test-guarded (modepriorpresets_tests); NOT in param_manifest; code says Stage-5 fits
src/composing/analysis/key/modepriorpresets.cpp,literal,45,1.00,modePriorPresets,L3,constant,UNFIT,no,empirical mode-prior magnitude (21 modes x 5 presets); DUPLICATED vs KeyModeAnalyzerPreferences defaults but sync-test-guarded (modepriorpresets_tests); NOT in param_manifest; code says Stage-5 fits
src/composing/analysis/key/modepriorpresets.cpp,literal,46,0.50,modePriorPresets,L3,constant,UNFIT,no,empirical mode-prior magnitude (21 modes x 5 presets); DUPLICATED vs KeyModeAnalyzerPreferences defaults but sync-test-guarded (modepriorpresets_tests); NOT in param_manifest; code says Stage-5 fits
src/composing/analysis/key/modepriorpresets.cpp,literal,47,0.80,modePriorPresets,L3,constant,UNFIT,no,empirical mode-prior magnitude (21 modes x 5 presets); DUPLICATED vs KeyModeAnalyzerPreferences defaults but sync-test-guarded (modepriorpresets_tests); NOT in param_manifest; code says Stage-5 fits
src/composing/analysis/key/modepriorpresets.cpp,literal,48,0.50,modePriorPresets,L3,constant,UNFIT,no,empirical mode-prior magnitude (21 modes x 5 presets); DUPLICATED vs KeyModeAnalyzerPreferences defaults but sync-test-guarded (modepriorpresets_tests); NOT in param_manifest; code says Stage-5 fits
src/composing/analysis/key/modepriorpresets.cpp,literal,49,1.50,modePriorPresets,L3,constant,UNFIT,no,empirical mode-prior magnitude (21 modes x 5 presets); DUPLICATED vs KeyModeAnalyzerPreferences defaults but sync-test-guarded (modepriorpresets_tests); NOT in param_manifest; code says Stage-5 fits
src/composing/analysis/key/modepriorpresets.cpp,literal,50,0.50,modePriorPresets,L3,constant,UNFIT,no,empirical mode-prior magnitude (21 modes x 5 presets); DUPLICATED vs KeyModeAnalyzerPreferences defaults but sync-test-guarded (modepriorpresets_tests); NOT in param_manifest; code says Stage-5 fits
src/composing/analysis/key/modepriorpresets.cpp,literal,51,0.50,modePriorPresets,L3,constant,UNFIT,no,empirical mode-prior magnitude (21 modes x 5 presets); DUPLICATED vs KeyModeAnalyzerPreferences defaults but sync-test-guarded (modepriorpresets_tests); NOT in param_manifest; code says Stage-5 fits
src/composing/analysis/key/modepriorpresets.cpp,literal,52,0.50,modePriorPresets,L3,constant,UNFIT,no,empirical mode-prior magnitude (21 modes x 5 presets); DUPLICATED vs KeyModeAnalyzerPreferences defaults but sync-test-guarded (modepriorpresets_tests); NOT in param_manifest; code says Stage-5 fits
src/composing/analysis/key/modepriorpresets.cpp,literal,53,0.80,modePriorPresets,L3,constant,UNFIT,no,empirical mode-prior magnitude (21 modes x 5 presets); DUPLICATED vs KeyModeAnalyzerPreferences defaults but sync-test-guarded (modepriorpresets_tests); NOT in param_manifest; code says Stage-5 fits
src/composing/analysis/key/modepriorpresets.cpp,literal,54,0.50,modePriorPresets,L3,constant,UNFIT,no,empirical mode-prior magnitude (21 modes x 5 presets); DUPLICATED vs KeyModeAnalyzerPreferences defaults but sync-test-guarded (modepriorpresets_tests); NOT in param_manifest; code says Stage-5 fits
src/composing/analysis/key/modepriorpresets.cpp,literal,55,1.00,modePriorPresets,L3,constant,UNFIT,no,empirical mode-prior magnitude (21 modes x 5 presets); DUPLICATED vs KeyModeAnalyzerPreferences defaults but sync-test-guarded (modepriorpresets_tests); NOT in param_manifest; code says Stage-5 fits
src/composing/analysis/key/modepriorpresets.cpp,literal,56,0.50,modePriorPresets,L3,constant,UNFIT,no,empirical mode-prior magnitude (21 modes x 5 presets); DUPLICATED vs KeyModeAnalyzerPreferences defaults but sync-test-guarded (modepriorpresets_tests); NOT in param_manifest; code says Stage-5 fits
src/composing/analysis/key/modepriorpresets.cpp,literal,57,0.30,modePriorPresets,L3,constant,UNFIT,no,empirical mode-prior magnitude (21 modes x 5 presets); DUPLICATED vs KeyModeAnalyzerPreferences defaults but sync-test-guarded (modepriorpresets_tests); NOT in param_manifest; code says Stage-5 fits
src/composing/analysis/key/modepriorpresets.cpp,literal,58,1.50,modePriorPresets,L3,constant,UNFIT,no,empirical mode-prior magnitude (21 modes x 5 presets); DUPLICATED vs KeyModeAnalyzerPreferences defaults but sync-test-guarded (modepriorpresets_tests); NOT in param_manifest; code says Stage-5 fits
src/composing/analysis/key/modepriorpresets.cpp,literal,59,1.50,modePriorPresets,L3,constant,UNFIT,no,empirical mode-prior magnitude (21 modes x 5 presets); DUPLICATED vs KeyModeAnalyzerPreferences defaults but sync-test-guarded (modepriorpresets_tests); NOT in param_manifest; code says Stage-5 fits
src/composing/analysis/key/modepriorpresets.cpp,literal,60,0.50,modePriorPresets,L3,constant,UNFIT,no,empirical mode-prior magnitude (21 modes x 5 presets); DUPLICATED vs KeyModeAnalyzerPreferences defaults but sync-test-guarded (modepriorpresets_tests); NOT in param_manifest; code says Stage-5 fits
src/composing/analysis/key/modepriorpresets.cpp,literal,61,0.20,modePriorPresets,L3,constant,UNFIT,no,empirical mode-prior magnitude (21 modes x 5 presets); DUPLICATED vs KeyModeAnalyzerPreferences defaults but sync-test-guarded (modepriorpresets_tests); NOT in param_manifest; code says Stage-5 fits
src/composing/analysis/key/modepriorpresets.cpp,literal,62,1.50,modePriorPresets,L3,constant,UNFIT,no,empirical mode-prior magnitude (21 modes x 5 presets); DUPLICATED vs KeyModeAnalyzerPreferences defaults but sync-test-guarded (modepriorpresets_tests); NOT in param_manifest; code says Stage-5 fits
src/composing/analysis/key/modepriorpresets.cpp,literal,63,1.50,modePriorPresets,L3,constant,UNFIT,no,empirical mode-prior magnitude (21 modes x 5 presets); DUPLICATED vs KeyModeAnalyzerPreferences defaults but sync-test-guarded (modepriorpresets_tests); NOT in param_manifest; code says Stage-5 fits
src/composing/analysis/key/modepriorpresets.cpp,literal,67,0.50,modePriorPresets,L3,constant,UNFIT,no,empirical mode-prior magnitude (21 modes x 5 presets); DUPLICATED vs KeyModeAnalyzerPreferences defaults but sync-test-guarded (modepriorpresets_tests); NOT in param_manifest; code says Stage-5 fits
src/composing/analysis/key/modepriorpresets.cpp,literal,68,0.50,modePriorPresets,L3,constant,UNFIT,no,empirical mode-prior magnitude (21 modes x 5 presets); DUPLICATED vs KeyModeAnalyzerPreferences defaults but sync-test-guarded (modepriorpresets_tests); NOT in param_manifest; code says Stage-5 fits
src/composing/analysis/key/modepriorpresets.cpp,literal,69,0.50,modePriorPresets,L3,constant,UNFIT,no,empirical mode-prior magnitude (21 modes x 5 presets); DUPLICATED vs KeyModeAnalyzerPreferences defaults but sync-test-guarded (modepriorpresets_tests); NOT in param_manifest; code says Stage-5 fits
src/composing/analysis/key/modepriorpresets.cpp,literal,70,0.50,modePriorPresets,L3,constant,UNFIT,no,empirical mode-prior magnitude (21 modes x 5 presets); DUPLICATED vs KeyModeAnalyzerPreferences defaults but sync-test-guarded (modepriorpresets_tests); NOT in param_manifest; code says Stage-5 fits
src/composing/analysis/key/modepriorpresets.cpp,literal,71,0.50,modePriorPresets,L3,constant,UNFIT,no,empirical mode-prior magnitude (21 modes x 5 presets); DUPLICATED vs KeyModeAnalyzerPreferences defaults but sync-test-guarded (modepriorpresets_tests); NOT in param_manifest; code says Stage-5 fits
src/composing/analysis/key/modepriorpresets.cpp,literal,72,0.50,modePriorPresets,L3,constant,UNFIT,no,empirical mode-prior magnitude (21 modes x 5 presets); DUPLICATED vs KeyModeAnalyzerPreferences defaults but sync-test-guarded (modepriorpresets_tests); NOT in param_manifest; code says Stage-5 fits
src/composing/analysis/key/modepriorpresets.cpp,literal,73,1.00,modePriorPresets,L3,constant,UNFIT,no,empirical mode-prior magnitude (21 modes x 5 presets); DUPLICATED vs KeyModeAnalyzerPreferences defaults but sync-test-guarded (modepriorpresets_tests); NOT in param_manifest; code says Stage-5 fits
src/composing/analysis/key/modepriorpresets.cpp,literal,74,1.00,modePriorPresets,L3,constant,UNFIT,no,empirical mode-prior magnitude (21 modes x 5 presets); DUPLICATED vs KeyModeAnalyzerPreferences defaults but sync-test-guarded (modepriorpresets_tests); NOT in param_manifest; code says Stage-5 fits
src/composing/analysis/key/modepriorpresets.cpp,literal,75,1.50,modePriorPresets,L3,constant,UNFIT,no,empirical mode-prior magnitude (21 modes x 5 presets); DUPLICATED vs KeyModeAnalyzerPreferences defaults but sync-test-guarded (modepriorpresets_tests); NOT in param_manifest; code says Stage-5 fits
src/composing/analysis/key/modepriorpresets.cpp,literal,76,2.00,modePriorPresets,L3,constant,UNFIT,no,empirical mode-prior magnitude (21 modes x 5 presets); DUPLICATED vs KeyModeAnalyzerPreferences defaults but sync-test-guarded (modepriorpresets_tests); NOT in param_manifest; code says Stage-5 fits
src/composing/analysis/key/modepriorpresets.cpp,literal,77,1.50,modePriorPresets,L3,constant,UNFIT,no,empirical mode-prior magnitude (21 modes x 5 presets); DUPLICATED vs KeyModeAnalyzerPreferences defaults but sync-test-guarded (modepriorpresets_tests); NOT in param_manifest; code says Stage-5 fits
src/composing/analysis/key/modepriorpresets.cpp,literal,78,1.50,modePriorPresets,L3,constant,UNFIT,no,empirical mode-prior magnitude (21 modes x 5 presets); DUPLICATED vs KeyModeAnalyzerPreferences defaults but sync-test-guarded (modepriorpresets_tests); NOT in param_manifest; code says Stage-5 fits
src/composing/analysis/key/modepriorpresets.cpp,literal,79,2.50,modePriorPresets,L3,constant,UNFIT,no,empirical mode-prior magnitude (21 modes x 5 presets); DUPLICATED vs KeyModeAnalyzerPreferences defaults but sync-test-guarded (modepriorpresets_tests); NOT in param_manifest; code says Stage-5 fits
src/composing/analysis/key/modepriorpresets.cpp,literal,80,3.50,modePriorPresets,L3,constant,UNFIT,no,empirical mode-prior magnitude (21 modes x 5 presets); DUPLICATED vs KeyModeAnalyzerPreferences defaults but sync-test-guarded (modepriorpresets_tests); NOT in param_manifest; code says Stage-5 fits
src/composing/analysis/key/modepriorpresets.cpp,literal,81,1.00,modePriorPresets,L3,constant,UNFIT,no,empirical mode-prior magnitude (21 modes x 5 presets); DUPLICATED vs KeyModeAnalyzerPreferences defaults but sync-test-guarded (modepriorpresets_tests); NOT in param_manifest; code says Stage-5 fits
src/composing/analysis/key/modepriorpresets.cpp,literal,82,2.50,modePriorPresets,L3,constant,UNFIT,no,empirical mode-prior magnitude (21 modes x 5 presets); DUPLICATED vs KeyModeAnalyzerPreferences defaults but sync-test-guarded (modepriorpresets_tests); NOT in param_manifest; code says Stage-5 fits
src/composing/analysis/key/modepriorpresets.cpp,literal,83,2.00,modePriorPresets,L3,constant,UNFIT,no,empirical mode-prior magnitude (21 modes x 5 presets); DUPLICATED vs KeyModeAnalyzerPreferences defaults but sync-test-guarded (modepriorpresets_tests); NOT in param_manifest; code says Stage-5 fits
src/composing/analysis/key/modepriorpresets.cpp,literal,84,2.00,modePriorPresets,L3,constant,UNFIT,no,empirical mode-prior magnitude (21 modes x 5 presets); DUPLICATED vs KeyModeAnalyzerPreferences defaults but sync-test-guarded (modepriorpresets_tests); NOT in param_manifest; code says Stage-5 fits
src/composing/analysis/key/modepriorpresets.cpp,literal,85,1.50,modePriorPresets,L3,constant,UNFIT,no,empirical mode-prior magnitude (21 modes x 5 presets); DUPLICATED vs KeyModeAnalyzerPreferences defaults but sync-test-guarded (modepriorpresets_tests); NOT in param_manifest; code says Stage-5 fits
src/composing/analysis/key/modepriorpresets.cpp,literal,86,2.50,modePriorPresets,L3,constant,UNFIT,no,empirical mode-prior magnitude (21 modes x 5 presets); DUPLICATED vs KeyModeAnalyzerPreferences defaults but sync-test-guarded (modepriorpresets_tests); NOT in param_manifest; code says Stage-5 fits
src/composing/analysis/key/modepriorpresets.cpp,literal,87,3.50,modePriorPresets,L3,constant,UNFIT,no,empirical mode-prior magnitude (21 modes x 5 presets); DUPLICATED vs KeyModeAnalyzerPreferences defaults but sync-test-guarded (modepriorpresets_tests); NOT in param_manifest; code says Stage-5 fits
src/composing/analysis/key/modepriorpresets.cpp,literal,91,1.20,modePriorPresets,L3,constant,UNFIT,no,empirical mode-prior magnitude (21 modes x 5 presets); DUPLICATED vs KeyModeAnalyzerPreferences defaults but sync-test-guarded (modepriorpresets_tests); NOT in param_manifest; code says Stage-5 fits
src/composing/analysis/key/modepriorpresets.cpp,literal,92,0.70,modePriorPresets,L3,constant,UNFIT,no,empirical mode-prior magnitude (21 modes x 5 presets); DUPLICATED vs KeyModeAnalyzerPreferences defaults but sync-test-guarded (modepriorpresets_tests); NOT in param_manifest; code says Stage-5 fits
src/composing/analysis/key/modepriorpresets.cpp,literal,93,1.50,modePriorPresets,L3,constant,UNFIT,no,empirical mode-prior magnitude (21 modes x 5 presets); DUPLICATED vs KeyModeAnalyzerPreferences defaults but sync-test-guarded (modepriorpresets_tests); NOT in param_manifest; code says Stage-5 fits
src/composing/analysis/key/modepriorpresets.cpp,literal,94,2.00,modePriorPresets,L3,constant,UNFIT,no,empirical mode-prior magnitude (21 modes x 5 presets); DUPLICATED vs KeyModeAnalyzerPreferences defaults but sync-test-guarded (modepriorpresets_tests); NOT in param_manifest; code says Stage-5 fits
src/composing/analysis/key/modepriorpresets.cpp,literal,95,0.70,modePriorPresets,L3,constant,UNFIT,no,empirical mode-prior magnitude (21 modes x 5 presets); DUPLICATED vs KeyModeAnalyzerPreferences defaults but sync-test-guarded (modepriorpresets_tests); NOT in param_manifest; code says Stage-5 fits
src/composing/analysis/key/modepriorpresets.cpp,literal,96,1.00,modePriorPresets,L3,constant,UNFIT,no,empirical mode-prior magnitude (21 modes x 5 presets); DUPLICATED vs KeyModeAnalyzerPreferences defaults but sync-test-guarded (modepriorpresets_tests); NOT in param_manifest; code says Stage-5 fits
src/composing/analysis/key/modepriorpresets.cpp,literal,97,3.00,modePriorPresets,L3,constant,UNFIT,no,empirical mode-prior magnitude (21 modes x 5 presets); DUPLICATED vs KeyModeAnalyzerPreferences defaults but sync-test-guarded (modepriorpresets_tests); NOT in param_manifest; code says Stage-5 fits
src/composing/analysis/key/modepriorpresets.cpp,literal,98,1.50,modePriorPresets,L3,constant,UNFIT,no,empirical mode-prior magnitude (21 modes x 5 presets); DUPLICATED vs KeyModeAnalyzerPreferences defaults but sync-test-guarded (modepriorpresets_tests); NOT in param_manifest; code says Stage-5 fits
src/composing/analysis/key/modepriorpresets.cpp,literal,99,2.00,modePriorPresets,L3,constant,UNFIT,no,empirical mode-prior magnitude (21 modes x 5 presets); DUPLICATED vs KeyModeAnalyzerPreferences defaults but sync-test-guarded (modepriorpresets_tests); NOT in param_manifest; code says Stage-5 fits
src/composing/analysis/key/modepriorpresets.cpp,literal,100,2.50,modePriorPresets,L3,constant,UNFIT,no,empirical mode-prior magnitude (21 modes x 5 presets); DUPLICATED vs KeyModeAnalyzerPreferences defaults but sync-test-guarded (modepriorpresets_tests); NOT in param_manifest; code says Stage-5 fits
src/composing/analysis/key/modepriorpresets.cpp,literal,101,2.00,modePriorPresets,L3,constant,UNFIT,no,empirical mode-prior magnitude (21 modes x 5 presets); DUPLICATED vs KeyModeAnalyzerPreferences defaults but sync-test-guarded (modepriorpresets_tests); NOT in param_manifest; code says Stage-5 fits
src/composing/analysis/key/modepriorpresets.cpp,literal,102,2.00,modePriorPresets,L3,constant,UNFIT,no,empirical mode-prior magnitude (21 modes x 5 presets); DUPLICATED vs KeyModeAnalyzerPreferences defaults but sync-test-guarded (modepriorpresets_tests); NOT in param_manifest; code says Stage-5 fits
src/composing/analysis/key/modepriorpresets.cpp,literal,103,3.00,modePriorPresets,L3,constant,UNFIT,no,empirical mode-prior magnitude (21 modes x 5 presets); DUPLICATED vs KeyModeAnalyzerPreferences defaults but sync-test-guarded (modepriorpresets_tests); NOT in param_manifest; code says Stage-5 fits
src/composing/analysis/key/modepriorpresets.cpp,literal,104,3.50,modePriorPresets,L3,constant,UNFIT,no,empirical mode-prior magnitude (21 modes x 5 presets); DUPLICATED vs KeyModeAnalyzerPreferences defaults but sync-test-guarded (modepriorpresets_tests); NOT in param_manifest; code says Stage-5 fits
src/composing/analysis/key/modepriorpresets.cpp,literal,105,0.50,modePriorPresets,L3,constant,UNFIT,no,empirical mode-prior magnitude (21 modes x 5 presets); DUPLICATED vs KeyModeAnalyzerPreferences defaults but sync-test-guarded (modepriorpresets_tests); NOT in param_manifest; code says Stage-5 fits
src/composing/analysis/key/modepriorpresets.cpp,literal,106,2.00,modePriorPresets,L3,constant,UNFIT,no,empirical mode-prior magnitude (21 modes x 5 presets); DUPLICATED vs KeyModeAnalyzerPreferences defaults but sync-test-guarded (modepriorpresets_tests); NOT in param_manifest; code says Stage-5 fits
src/composing/analysis/key/modepriorpresets.cpp,literal,107,1.50,modePriorPresets,L3,constant,UNFIT,no,empirical mode-prior magnitude (21 modes x 5 presets); DUPLICATED vs KeyModeAnalyzerPreferences defaults but sync-test-guarded (modepriorpresets_tests); NOT in param_manifest; code says Stage-5 fits
src/composing/analysis/key/modepriorpresets.cpp,literal,108,2.50,modePriorPresets,L3,constant,UNFIT,no,empirical mode-prior magnitude (21 modes x 5 presets); DUPLICATED vs KeyModeAnalyzerPreferences defaults but sync-test-guarded (modepriorpresets_tests); NOT in param_manifest; code says Stage-5 fits
src/composing/analysis/key/modepriorpresets.cpp,literal,109,0.50,modePriorPresets,L3,constant,UNFIT,no,empirical mode-prior magnitude (21 modes x 5 presets); DUPLICATED vs KeyModeAnalyzerPreferences defaults but sync-test-guarded (modepriorpresets_tests); NOT in param_manifest; code says Stage-5 fits
src/composing/analysis/key/modepriorpresets.cpp,literal,110,2.00,modePriorPresets,L3,constant,UNFIT,no,empirical mode-prior magnitude (21 modes x 5 presets); DUPLICATED vs KeyModeAnalyzerPreferences defaults but sync-test-guarded (modepriorpresets_tests); NOT in param_manifest; code says Stage-5 fits
src/composing/analysis/key/modepriorpresets.cpp,literal,111,3.50,modePriorPresets,L3,constant,UNFIT,no,empirical mode-prior magnitude (21 modes x 5 presets); DUPLICATED vs KeyModeAnalyzerPreferences defaults but sync-test-guarded (modepriorpresets_tests); NOT in param_manifest; code says Stage-5 fits
src/composing/analysis/key/modepriorpresets.cpp,literal,115,0.80,modePriorPresets,L3,constant,UNFIT,no,empirical mode-prior magnitude (21 modes x 5 presets); DUPLICATED vs KeyModeAnalyzerPreferences defaults but sync-test-guarded (modepriorpresets_tests); NOT in param_manifest; code says Stage-5 fits
src/composing/analysis/key/modepriorpresets.cpp,literal,116,0.20,modePriorPresets,L3,constant,UNFIT,no,empirical mode-prior magnitude (21 modes x 5 presets); DUPLICATED vs KeyModeAnalyzerPreferences defaults but sync-test-guarded (modepriorpresets_tests); NOT in param_manifest; code says Stage-5 fits
src/composing/analysis/key/modepriorpresets.cpp,literal,117,0.50,modePriorPresets,L3,constant,UNFIT,no,empirical mode-prior magnitude (21 modes x 5 presets); DUPLICATED vs KeyModeAnalyzerPreferences defaults but sync-test-guarded (modepriorpresets_tests); NOT in param_manifest; code says Stage-5 fits
src/composing/analysis/key/modepriorpresets.cpp,literal,118,0.20,modePriorPresets,L3,constant,UNFIT,no,empirical mode-prior magnitude (21 modes x 5 presets); DUPLICATED vs KeyModeAnalyzerPreferences defaults but sync-test-guarded (modepriorpresets_tests); NOT in param_manifest; code says Stage-5 fits
src/composing/analysis/key/modepriorpresets.cpp,literal,119,0.20,modePriorPresets,L3,constant,UNFIT,no,empirical mode-prior magnitude (21 modes x 5 presets); DUPLICATED vs KeyModeAnalyzerPreferences defaults but sync-test-guarded (modepriorpresets_tests); NOT in param_manifest; code says Stage-5 fits
src/composing/analysis/key/modepriorpresets.cpp,literal,120,0.80,modePriorPresets,L3,constant,UNFIT,no,empirical mode-prior magnitude (21 modes x 5 presets); DUPLICATED vs KeyModeAnalyzerPreferences defaults but sync-test-guarded (modepriorpresets_tests); NOT in param_manifest; code says Stage-5 fits
src/composing/analysis/key/modepriorpresets.cpp,literal,121,2.00,modePriorPresets,L3,constant,UNFIT,no,empirical mode-prior magnitude (21 modes x 5 presets); DUPLICATED vs KeyModeAnalyzerPreferences defaults but sync-test-guarded (modepriorpresets_tests); NOT in param_manifest; code says Stage-5 fits
src/composing/analysis/key/modepriorpresets.cpp,literal,122,0.20,modePriorPresets,L3,constant,UNFIT,no,empirical mode-prior magnitude (21 modes x 5 presets); DUPLICATED vs KeyModeAnalyzerPreferences defaults but sync-test-guarded (modepriorpresets_tests); NOT in param_manifest; code says Stage-5 fits
src/composing/analysis/key/modepriorpresets.cpp,literal,123,0.80,modePriorPresets,L3,constant,UNFIT,no,empirical mode-prior magnitude (21 modes x 5 presets); DUPLICATED vs KeyModeAnalyzerPreferences defaults but sync-test-guarded (modepriorpresets_tests); NOT in param_manifest; code says Stage-5 fits
src/composing/analysis/key/modepriorpresets.cpp,literal,124,1.00,modePriorPresets,L3,constant,UNFIT,no,empirical mode-prior magnitude (21 modes x 5 presets); DUPLICATED vs KeyModeAnalyzerPreferences defaults but sync-test-guarded (modepriorpresets_tests); NOT in param_manifest; code says Stage-5 fits
src/composing/analysis/key/modepriorpresets.cpp,literal,125,0.20,modePriorPresets,L3,constant,UNFIT,no,empirical mode-prior magnitude (21 modes x 5 presets); DUPLICATED vs KeyModeAnalyzerPreferences defaults but sync-test-guarded (modepriorpresets_tests); NOT in param_manifest; code says Stage-5 fits
src/composing/analysis/key/modepriorpresets.cpp,literal,126,0.50,modePriorPresets,L3,constant,UNFIT,no,empirical mode-prior magnitude (21 modes x 5 presets); DUPLICATED vs KeyModeAnalyzerPreferences defaults but sync-test-guarded (modepriorpresets_tests); NOT in param_manifest; code says Stage-5 fits
src/composing/analysis/key/modepriorpresets.cpp,literal,127,1.50,modePriorPresets,L3,constant,UNFIT,no,empirical mode-prior magnitude (21 modes x 5 presets); DUPLICATED vs KeyModeAnalyzerPreferences defaults but sync-test-guarded (modepriorpresets_tests); NOT in param_manifest; code says Stage-5 fits
src/composing/analysis/key/modepriorpresets.cpp,literal,128,1.50,modePriorPresets,L3,constant,UNFIT,no,empirical mode-prior magnitude (21 modes x 5 presets); DUPLICATED vs KeyModeAnalyzerPreferences defaults but sync-test-guarded (modepriorpresets_tests); NOT in param_manifest; code says Stage-5 fits
src/composing/analysis/key/modepriorpresets.cpp,literal,129,0.20,modePriorPresets,L3,constant,UNFIT,no,empirical mode-prior magnitude (21 modes x 5 presets); DUPLICATED vs KeyModeAnalyzerPreferences defaults but sync-test-guarded (modepriorpresets_tests); NOT in param_manifest; code says Stage-5 fits
src/composing/analysis/key/modepriorpresets.cpp,literal,130,1.50,modePriorPresets,L3,constant,UNFIT,no,empirical mode-prior magnitude (21 modes x 5 presets); DUPLICATED vs KeyModeAnalyzerPreferences defaults but sync-test-guarded (modepriorpresets_tests); NOT in param_manifest; code says Stage-5 fits
src/composing/analysis/key/modepriorpresets.cpp,literal,131,1.00,modePriorPresets,L3,constant,UNFIT,no,empirical mode-prior magnitude (21 modes x 5 presets); DUPLICATED vs KeyModeAnalyzerPreferences defaults but sync-test-guarded (modepriorpresets_tests); NOT in param_manifest; code says Stage-5 fits
src/composing/analysis/key/modepriorpresets.cpp,literal,132,1.00,modePriorPresets,L3,constant,UNFIT,no,empirical mode-prior magnitude (21 modes x 5 presets); DUPLICATED vs KeyModeAnalyzerPreferences defaults but sync-test-guarded (modepriorpresets_tests); NOT in param_manifest; code says Stage-5 fits
src/composing/analysis/key/modepriorpresets.cpp,literal,133,0.00,modePriorPresets,L3,constant,UNFIT,no,empirical mode-prior magnitude (21 modes x 5 presets); DUPLICATED vs KeyModeAnalyzerPreferences defaults but sync-test-guarded (modepriorpresets_tests); NOT in param_manifest; code says Stage-5 fits
src/composing/analysis/key/modepriorpresets.cpp,literal,134,1.50,modePriorPresets,L3,constant,UNFIT,no,empirical mode-prior magnitude (21 modes x 5 presets); DUPLICATED vs KeyModeAnalyzerPreferences defaults but sync-test-guarded (modepriorpresets_tests); NOT in param_manifest; code says Stage-5 fits
src/composing/analysis/key/modepriorpresets.cpp,literal,135,2.00,modePriorPresets,L3,constant,UNFIT,no,empirical mode-prior magnitude (21 modes x 5 presets); DUPLICATED vs KeyModeAnalyzerPreferences defaults but sync-test-guarded (modepriorpresets_tests); NOT in param_manifest; code says Stage-5 fits
src/composing/analysis/key/modepriorpresets.h,literal,45,1.20,<file-scope>,L3,constant,UNFIT,no,empirical mode-prior magnitude (21 modes x 5 presets); DUPLICATED vs KeyModeAnalyzerPreferences defaults but sync-test-guarded (modepriorpresets_tests); NOT in param_manifest; code says Stage-5 fits
src/composing/analysis/key/modepriorpresets.h,literal,46,0.50,<file-scope>,L3,constant,UNFIT,no,empirical mode-prior magnitude (21 modes x 5 presets); DUPLICATED vs KeyModeAnalyzerPreferences defaults but sync-test-guarded (modepriorpresets_tests); NOT in param_manifest; code says Stage-5 fits
src/composing/analysis/key/modepriorpresets.h,literal,47,1.50,<file-scope>,L3,constant,UNFIT,no,empirical mode-prior magnitude (21 modes x 5 presets); DUPLICATED vs KeyModeAnalyzerPreferences defaults but sync-test-guarded (modepriorpresets_tests); NOT in param_manifest; code says Stage-5 fits
src/composing/analysis/key/modepriorpresets.h,literal,48,1.50,<file-scope>,L3,constant,UNFIT,no,empirical mode-prior magnitude (21 modes x 5 presets); DUPLICATED vs KeyModeAnalyzerPreferences defaults but sync-test-guarded (modepriorpresets_tests); NOT in param_manifest; code says Stage-5 fits
src/composing/analysis/key/modepriorpresets.h,literal,49,0.50,<file-scope>,L3,constant,UNFIT,no,empirical mode-prior magnitude (21 modes x 5 presets); DUPLICATED vs KeyModeAnalyzerPreferences defaults but sync-test-guarded (modepriorpresets_tests); NOT in param_manifest; code says Stage-5 fits
src/composing/analysis/key/modepriorpresets.h,literal,50,1.00,<file-scope>,L3,constant,UNFIT,no,empirical mode-prior magnitude (21 modes x 5 presets); DUPLICATED vs KeyModeAnalyzerPreferences defaults but sync-test-guarded (modepriorpresets_tests); NOT in param_manifest; code says Stage-5 fits
src/composing/analysis/key/modepriorpresets.h,literal,51,3.00,<file-scope>,L3,constant,UNFIT,no,empirical mode-prior magnitude (21 modes x 5 presets); DUPLICATED vs KeyModeAnalyzerPreferences defaults but sync-test-guarded (modepriorpresets_tests); NOT in param_manifest; code says Stage-5 fits
src/composing/analysis/key/modepriorpresets.h,literal,54,0.50,<file-scope>,L3,constant,UNFIT,no,empirical mode-prior magnitude (21 modes x 5 presets); DUPLICATED vs KeyModeAnalyzerPreferences defaults but sync-test-guarded (modepriorpresets_tests); NOT in param_manifest; code says Stage-5 fits
src/composing/analysis/key/modepriorpresets.h,literal,55,1.50,<file-scope>,L3,constant,UNFIT,no,empirical mode-prior magnitude (21 modes x 5 presets); DUPLICATED vs KeyModeAnalyzerPreferences defaults but sync-test-guarded (modepriorpresets_tests); NOT in param_manifest; code says Stage-5 fits
src/composing/analysis/key/modepriorpresets.h,literal,56,2.00,<file-scope>,L3,constant,UNFIT,no,empirical mode-prior magnitude (21 modes x 5 presets); DUPLICATED vs KeyModeAnalyzerPreferences defaults but sync-test-guarded (modepriorpresets_tests); NOT in param_manifest; code says Stage-5 fits
src/composing/analysis/key/modepriorpresets.h,literal,57,1.00,<file-scope>,L3,constant,UNFIT,no,empirical mode-prior magnitude (21 modes x 5 presets); DUPLICATED vs KeyModeAnalyzerPreferences defaults but sync-test-guarded (modepriorpresets_tests); NOT in param_manifest; code says Stage-5 fits
src/composing/analysis/key/modepriorpresets.h,literal,58,1.50,<file-scope>,L3,constant,UNFIT,no,empirical mode-prior magnitude (21 modes x 5 presets); DUPLICATED vs KeyModeAnalyzerPreferences defaults but sync-test-guarded (modepriorpresets_tests); NOT in param_manifest; code says Stage-5 fits
src/composing/analysis/key/modepriorpresets.h,literal,59,2.50,<file-scope>,L3,constant,UNFIT,no,empirical mode-prior magnitude (21 modes x 5 presets); DUPLICATED vs KeyModeAnalyzerPreferences defaults but sync-test-guarded (modepriorpresets_tests); NOT in param_manifest; code says Stage-5 fits
src/composing/analysis/key/modepriorpresets.h,literal,60,3.50,<file-scope>,L3,constant,UNFIT,no,empirical mode-prior magnitude (21 modes x 5 presets); DUPLICATED vs KeyModeAnalyzerPreferences defaults but sync-test-guarded (modepriorpresets_tests); NOT in param_manifest; code says Stage-5 fits
src/composing/analysis/key/modepriorpresets.h,literal,63,0.30,<file-scope>,L3,constant,UNFIT,no,empirical mode-prior magnitude (21 modes x 5 presets); DUPLICATED vs KeyModeAnalyzerPreferences defaults but sync-test-guarded (modepriorpresets_tests); NOT in param_manifest; code says Stage-5 fits
src/composing/analysis/key/modepriorpresets.h,literal,64,2.50,<file-scope>,L3,constant,UNFIT,no,empirical mode-prior magnitude (21 modes x 5 presets); DUPLICATED vs KeyModeAnalyzerPreferences defaults but sync-test-guarded (modepriorpresets_tests); NOT in param_manifest; code says Stage-5 fits
src/composing/analysis/key/modepriorpresets.h,literal,65,2.00,<file-scope>,L3,constant,UNFIT,no,empirical mode-prior magnitude (21 modes x 5 presets); DUPLICATED vs KeyModeAnalyzerPreferences defaults but sync-test-guarded (modepriorpresets_tests); NOT in param_manifest; code says Stage-5 fits
src/composing/analysis/key/modepriorpresets.h,literal,66,2.00,<file-scope>,L3,constant,UNFIT,no,empirical mode-prior magnitude (21 modes x 5 presets); DUPLICATED vs KeyModeAnalyzerPreferences defaults but sync-test-guarded (modepriorpresets_tests); NOT in param_manifest; code says Stage-5 fits
src/composing/analysis/key/modepriorpresets.h,literal,67,0.80,<file-scope>,L3,constant,UNFIT,no,empirical mode-prior magnitude (21 modes x 5 presets); DUPLICATED vs KeyModeAnalyzerPreferences defaults but sync-test-guarded (modepriorpresets_tests); NOT in param_manifest; code says Stage-5 fits
src/composing/analysis/key/modepriorpresets.h,literal,68,2.50,<file-scope>,L3,constant,UNFIT,no,empirical mode-prior magnitude (21 modes x 5 presets); DUPLICATED vs KeyModeAnalyzerPreferences defaults but sync-test-guarded (modepriorpresets_tests); NOT in param_manifest; code says Stage-5 fits
src/composing/analysis/key/modepriorpresets.h,literal,69,3.50,<file-scope>,L3,constant,UNFIT,no,empirical mode-prior magnitude (21 modes x 5 presets); DUPLICATED vs KeyModeAnalyzerPreferences defaults but sync-test-guarded (modepriorpresets_tests); NOT in param_manifest; code says Stage-5 fits
src/composing/analysis/region/harmonicrhythm.h,literal,49,3,<file-scope>,L3-MIXED,constant,ESTABLISHED,no,L3-seam structural literal (tick math / index / duration)
src/composing/analysis/region/harmonicrhythm.h,literal,50,1.0,<file-scope>,L3-MIXED,constant,ESTABLISHED,no,L3-seam structural literal (tick math / index / duration)
src/composing/analysis/region/harmonicrhythm.h,literal,119,0.0,<file-scope>,L3-MIXED,constant,ESTABLISHED,no,L3-seam structural literal (tick math / index / duration)
src/composing/analysis/region/regionanalyzer.cpp,literal,65,4,<file-scope>,L3-MIXED,constant,ESTABLISHED,no,L3-seam structural literal (tick math / index / duration)
src/composing/analysis/region/regionanalyzer.cpp,literal,66,8,<file-scope>,L3-MIXED,constant,ESTABLISHED,no,L3-seam structural literal (tick math / index / duration)
src/composing/analysis/region/regionanalyzer.cpp,literal,80,0.0,makeChordPathNode,L4,deferred,DEFERRED,no,literal in the L4/L2 part of the mixed orchestrator — deferred to the owning layer's audit (split recorded)
src/composing/analysis/region/regionanalyzer.cpp,literal,81,2,makeChordPathNode,L4,deferred,DEFERRED,no,literal in the L4/L2 part of the mixed orchestrator — deferred to the owning layer's audit (split recorded)
src/composing/analysis/region/regionanalyzer.cpp,literal,83,1.0,makeChordPathNode,L4,deferred,DEFERRED,no,literal in the L4/L2 part of the mixed orchestrator — deferred to the owning layer's audit (split recorded)
src/composing/analysis/region/regionanalyzer.cpp,literal,102,4,measureTicksBefore,L3,constant,ESTABLISHED,no,L3-seam structural literal (tick math / index / duration)
src/composing/analysis/region/regionanalyzer.cpp,literal,166,3,coalesceShortSameRootRuns,L4,deferred,DEFERRED,no,literal in the L4/L2 part of the mixed orchestrator — deferred to the owning layer's audit (split recorded)
src/composing/analysis/region/regionanalyzer.cpp,literal,166,2,coalesceShortSameRootRuns,L4,deferred,DEFERRED,no,literal in the L4/L2 part of the mixed orchestrator — deferred to the owning layer's audit (split recorded)
src/composing/analysis/region/regionanalyzer.cpp,literal,167,3,coalesceShortSameRootRuns,L4,deferred,DEFERRED,no,literal in the L4/L2 part of the mixed orchestrator — deferred to the owning layer's audit (split recorded)
src/composing/analysis/region/regionanalyzer.cpp,literal,184,12,coalesceShortSameRootRuns,L4,deferred,DEFERRED,no,literal in the L4/L2 part of the mixed orchestrator — deferred to the owning layer's audit (split recorded)
src/composing/analysis/region/regionanalyzer.cpp,literal,225,12,tryCollapseSameChordRegion,L4,deferred,DEFERRED,no,literal in the L4/L2 part of the mixed orchestrator — deferred to the owning layer's audit (split recorded)
src/composing/analysis/region/regionanalyzer.cpp,literal,267,0.0,<file-scope>,L3-MIXED,constant,ESTABLISHED,no,L3-seam structural literal (tick math / index / duration)
src/composing/analysis/region/regionanalyzer.cpp,literal,314,12,restampBassMinorSeventhAfterMerge,L4,deferred,DEFERRED,no,literal in the L4/L2 part of the mixed orchestrator — deferred to the owning layer's audit (split recorded)
src/composing/analysis/region/regionanalyzer.cpp,literal,314,12,restampBassMinorSeventhAfterMerge,L4,deferred,DEFERRED,no,literal in the L4/L2 part of the mixed orchestrator — deferred to the owning layer's audit (split recorded)
src/composing/analysis/region/regionanalyzer.cpp,literal,314,10,restampBassMinorSeventhAfterMerge,L4,deferred,DEFERRED,no,literal in the L4/L2 part of the mixed orchestrator — deferred to the owning layer's audit (split recorded)
src/composing/analysis/region/regionanalyzer.cpp,literal,320,0.0,restampBassMinorSeventhAfterMerge,L4,deferred,DEFERRED,no,literal in the L4/L2 part of the mixed orchestrator — deferred to the owning layer's audit (split recorded)
src/composing/analysis/region/regionanalyzer.cpp,literal,322,12,restampBassMinorSeventhAfterMerge,L4,deferred,DEFERRED,no,literal in the L4/L2 part of the mixed orchestrator — deferred to the owning layer's audit (split recorded)
src/composing/analysis/region/regionanalyzer.cpp,literal,322,12,restampBassMinorSeventhAfterMerge,L4,deferred,DEFERRED,no,literal in the L4/L2 part of the mixed orchestrator — deferred to the owning layer's audit (split recorded)
src/composing/analysis/region/regionanalyzer.cpp,literal,322,12,restampBassMinorSeventhAfterMerge,L4,deferred,DEFERRED,no,literal in the L4/L2 part of the mixed orchestrator — deferred to the owning layer's audit (split recorded)
src/composing/analysis/region/regionanalyzer.cpp,literal,324,0.1,restampBassMinorSeventhAfterMerge,L4,deferred,DEFERRED,no,literal in the L4/L2 part of the mixed orchestrator — deferred to the owning layer's audit (split recorded)
src/composing/analysis/region/regionanalyzer.cpp,literal,359,12,denseBoundaryTicks,L2,deferred,DEFERRED,no,literal in the L4/L2 part of the mixed orchestrator — deferred to the owning layer's audit (split recorded)
src/composing/analysis/region/regionanalyzer.cpp,literal,414,0.5,applyJointKeyWiring,L3,constant,UNFIT,no,"joint-key modulation fallback confidence (0.5, sub-0.8-gate) — documented hand-set constant, gated OFF"
src/composing/analysis/region/regionanalyzer.cpp,literal,453,12,applyJointKeyWiring,L3,constant,ESTABLISHED,no,L3-seam structural literal (tick math / index / duration)
src/composing/analysis/region/regionanalyzer.cpp,literal,467,12,applyJointKeyWiring,L3,constant,ESTABLISHED,no,L3-seam structural literal (tick math / index / duration)
src/composing/analysis/region/regionanalyzer.cpp,literal,514,0.0,applyJointKeyWiring,L3,constant,ESTABLISHED,no,L3-seam structural literal (tick math / index / duration)
src/composing/analysis/region/regionanalyzer.cpp,literal,516,12,applyJointKeyWiring,L3,constant,ESTABLISHED,no,L3-seam structural literal (tick math / index / duration)
src/composing/analysis/region/regionanalyzer.cpp,literal,516,12,applyJointKeyWiring,L3,constant,ESTABLISHED,no,L3-seam structural literal (tick math / index / duration)
src/composing/analysis/region/regionanalyzer.cpp,literal,516,12,applyJointKeyWiring,L3,constant,ESTABLISHED,no,L3-seam structural literal (tick math / index / duration)
src/composing/analysis/region/regionanalyzer.cpp,literal,544,12,applyJointKeyWiring,L3,constant,ESTABLISHED,no,L3-seam structural literal (tick math / index / duration)
src/composing/analysis/region/regionanalyzer.cpp,literal,544,12,applyJointKeyWiring,L3,constant,ESTABLISHED,no,L3-seam structural literal (tick math / index / duration)
src/composing/analysis/region/regionanalyzer.cpp,literal,544,12,applyJointKeyWiring,L3,constant,ESTABLISHED,no,L3-seam structural literal (tick math / index / duration)
src/composing/analysis/region/regionanalyzer.cpp,literal,739,0.0,analyzeRegions,L3-seam+L4-loop,constant,ESTABLISHED,no,L3-seam structural literal (tick math / index / duration)
src/composing/analysis/region/regionanalyzer.cpp,literal,768,12,analyzeRegions,L3-seam+L4-loop,constant,ESTABLISHED,no,L3-seam structural literal (tick math / index / duration)
src/composing/analysis/region/regionanalyzer.cpp,literal,768,12,analyzeRegions,L3-seam+L4-loop,constant,ESTABLISHED,no,L3-seam structural literal (tick math / index / duration)
src/composing/analysis/region/regionanalyzer.cpp,literal,768,12,analyzeRegions,L3-seam+L4-loop,constant,ESTABLISHED,no,L3-seam structural literal (tick math / index / duration)
src/composing/analysis/region/regionanalyzer.cpp,literal,796,0.0,analyzeRegions,L3-seam+L4-loop,constant,ESTABLISHED,no,L3-seam structural literal (tick math / index / duration)
src/composing/analysis/region/regionanalyzer.cpp,literal,816,12,analyzeRegions,L3-seam+L4-loop,constant,ESTABLISHED,no,L3-seam structural literal (tick math / index / duration)
src/composing/analysis/region/regionanalyzer.cpp,literal,816,12,analyzeRegions,L3-seam+L4-loop,constant,ESTABLISHED,no,L3-seam structural literal (tick math / index / duration)
src/composing/analysis/region/regionanalyzer.cpp,literal,816,12,analyzeRegions,L3-seam+L4-loop,constant,ESTABLISHED,no,L3-seam structural literal (tick math / index / duration)
src/composing/analysis/region/regionanalyzer.cpp,literal,944,12,analyzeRegions,L3-seam+L4-loop,constant,ESTABLISHED,no,L3-seam structural literal (tick math / index / duration)
src/composing/analysis/region/regionanalyzer.cpp,literal,964,2,analyzeRegions,L3-seam+L4-loop,constant,ESTABLISHED,no,L3-seam structural literal (tick math / index / duration)
src/composing/analysis/region/regionanalyzer.cpp,literal,965,2,analyzeRegions,L3-seam+L4-loop,constant,ESTABLISHED,no,L3-seam structural literal (tick math / index / duration)
src/composing/analysis/region/regionanalyzer.cpp,literal,970,12,analyzeRegions,L3-seam+L4-loop,constant,ESTABLISHED,no,L3-seam structural literal (tick math / index / duration)
src/composing/analysis/region/regionanalyzer.cpp,literal,1071,2,analyzeRegions,L3-seam+L4-loop,constant,ESTABLISHED,no,L3-seam structural literal (tick math / index / duration)
src/composing/analysis/region/regionanalyzer.cpp,literal,1092,2,analyzeRegions,L3-seam+L4-loop,constant,ESTABLISHED,no,L3-seam structural literal (tick math / index / duration)
src/composing/analysis/region/regionanalyzer.cpp,literal,1151,12,analyzeRegions,L3-seam+L4-loop,constant,ESTABLISHED,no,L3-seam structural literal (tick math / index / duration)
src/composing/analysis/region/regionanalyzer.cpp,literal,1177,2,analyzeRegions,L3-seam+L4-loop,constant,ESTABLISHED,no,L3-seam structural literal (tick math / index / duration)
src/composing/analysis/region/regionanalyzer.cpp,literal,1179,2,analyzeRegions,L3-seam+L4-loop,constant,ESTABLISHED,no,L3-seam structural literal (tick math / index / duration)
src/composing/analysis/region/regionanalyzer.cpp,literal,1270,2,analyzeRegions,L3-seam+L4-loop,constant,ESTABLISHED,no,L3-seam structural literal (tick math / index / duration)
src/composing/analysis/region/regionanalyzer.cpp,literal,1346,12,analyzeRegions,L3-seam+L4-loop,constant,ESTABLISHED,no,L3-seam structural literal (tick math / index / duration)
src/composing/analysis/region/regionanalyzer.cpp,literal,1366,2,analyzeRegions,L3-seam+L4-loop,constant,ESTABLISHED,no,L3-seam structural literal (tick math / index / duration)
src/composing/analysis/region/regionanalyzer.cpp,literal,1368,2,analyzeRegions,L3-seam+L4-loop,constant,ESTABLISHED,no,L3-seam structural literal (tick math / index / duration)
src/composing/analysis/region/regionanalyzer.cpp,literal,1426,0.0,analyzeRegions,L3-seam+L4-loop,constant,ESTABLISHED,no,L3-seam structural literal (tick math / index / duration)
src/composing/analysis/region/regionanalyzer.cpp,literal,1427,2,analyzeRegions,L3-seam+L4-loop,constant,ESTABLISHED,no,L3-seam structural literal (tick math / index / duration)
src/composing/analysis/region/regionanalyzer.cpp,literal,1429,1.0,analyzeRegions,L3-seam+L4-loop,constant,ESTABLISHED,no,L3-seam structural literal (tick math / index / duration)
src/composing/analysis/region/regionanalyzer.h,literal,101,8,<file-scope>,L3-MIXED,constant,ESTABLISHED,no,L3-seam structural literal (tick math / index / duration)
src/composing/analysis/region/regionanalyzer.h,literal,118,0.0,<file-scope>,L3-MIXED,constant,ESTABLISHED,no,L3-seam structural literal (tick math / index / duration)
src/composing/analysis/region/regionanalyzer.h,literal,129,0.25,<file-scope>,L3-MIXED,constant,ESTABLISHED,no,L3-seam structural literal (tick math / index / duration)
src/composing/analysis/section/cadencekeyanchor.cpp,literal,42,2,detectAuthenticCadences,L3,constant,ESTABLISHED,no,structural/pc-arithmetic literal (presence threshold / fifth interval)
src/composing/analysis/section/cadencekeyanchor.cpp,literal,70,7,detectAuthenticCadences,L3,constant,ESTABLISHED,no,structural/pc-arithmetic literal (presence threshold / fifth interval)
src/composing/analysis/section/cadencekeyanchor.cpp,literal,78,4,detectAuthenticCadences,L3,constant,ESTABLISHED,no,structural/pc-arithmetic literal (presence threshold / fifth interval)
src/composing/analysis/section/cadencekeyanchor.cpp,literal,115,1.0,<file-scope>,L3,constant,UNFIT,no,"cadence-anchor salience weight — provisional '[empirical - Stage-5 fits]', NOT corpus-fit, NOT in param_manifest"
src/composing/analysis/section/cadencekeyanchor.cpp,literal,116,2.0,<file-scope>,L3,constant,UNFIT,no,"cadence-anchor salience weight — provisional '[empirical - Stage-5 fits]', NOT corpus-fit, NOT in param_manifest"
src/composing/analysis/section/cadencekeyanchor.cpp,literal,117,1.0,<file-scope>,L3,constant,UNFIT,no,"cadence-anchor salience weight — provisional '[empirical - Stage-5 fits]', NOT corpus-fit, NOT in param_manifest"
src/composing/analysis/section/cadencekeyanchor.cpp,literal,118,1.0,<file-scope>,L3,constant,UNFIT,no,"cadence-anchor salience weight — provisional '[empirical - Stage-5 fits]', NOT corpus-fit, NOT in param_manifest"
src/composing/analysis/section/cadencekeyanchor.cpp,literal,146,0.0,aggregateGlobalAnchor,L3,constant,ESTABLISHED,no,structural/pc-arithmetic literal (presence threshold / fifth interval)
src/composing/analysis/section/cadencekeyanchor.cpp,literal,150,1.0,aggregateGlobalAnchor,L3,constant,ESTABLISHED,no,structural/pc-arithmetic literal (presence threshold / fifth interval)
src/composing/analysis/section/cadencekeyanchor.cpp,literal,152,0.0,aggregateGlobalAnchor,L3,constant,UNFIT,no,"cadence-anchor salience weight — provisional '[empirical - Stage-5 fits]', NOT corpus-fit, NOT in param_manifest"
src/composing/analysis/section/cadencekeyanchor.cpp,literal,153,0.0,aggregateGlobalAnchor,L3,constant,UNFIT,no,"cadence-anchor salience weight — provisional '[empirical - Stage-5 fits]', NOT corpus-fit, NOT in param_manifest"
src/composing/analysis/section/cadencekeyanchor.cpp,literal,180,0.0,aggregateGlobalAnchor,L3,constant,ESTABLISHED,no,structural/pc-arithmetic literal (presence threshold / fifth interval)
src/composing/analysis/section/cadencekeyanchor.cpp,literal,186,0.0,aggregateGlobalAnchor,L3,constant,ESTABLISHED,no,structural/pc-arithmetic literal (presence threshold / fifth interval)
src/composing/analysis/section/cadencekeyanchor.cpp,literal,203,0.0,aggregateGlobalAnchor,L3,constant,ESTABLISHED,no,structural/pc-arithmetic literal (presence threshold / fifth interval)
src/composing/analysis/section/cadencekeyanchor.cpp,literal,203,0.0,aggregateGlobalAnchor,L3,constant,ESTABLISHED,no,structural/pc-arithmetic literal (presence threshold / fifth interval)
src/composing/analysis/section/cadencekeyanchor.h,literal,114,0.0,<file-scope>,L3,constant,ESTABLISHED,no,structural literal
src/composing/analysis/section/jointkeydecision.cpp,literal,48,12,jkdInCollectionFraction,L3,constant,ESTABLISHED,no,chord-template interval / structural literal (kJkdTemplates DUPLICATED vs tools/cc_joint_residual_probe.py — see finding L3-F3a)
src/composing/analysis/section/jointkeydecision.cpp,literal,56,0.0,jkdInCollectionFraction,L3,constant,ESTABLISHED,no,chord-template interval / structural literal (kJkdTemplates DUPLICATED vs tools/cc_joint_residual_probe.py — see finding L3-F3a)
src/composing/analysis/section/jointkeydecision.cpp,literal,72,4,<file-scope>,L3,constant,ESTABLISHED,no,chord-template interval / structural literal (kJkdTemplates DUPLICATED vs tools/cc_joint_residual_probe.py — see finding L3-F3a)
src/composing/analysis/section/jointkeydecision.cpp,literal,73,14,<file-scope>,L3,constant,ESTABLISHED,no,chord-template interval / structural literal (kJkdTemplates DUPLICATED vs tools/cc_joint_residual_probe.py — see finding L3-F3a)
src/composing/analysis/section/jointkeydecision.cpp,literal,74,4,<file-scope>,L3,constant,ESTABLISHED,no,chord-template interval / structural literal (kJkdTemplates DUPLICATED vs tools/cc_joint_residual_probe.py — see finding L3-F3a)
src/composing/analysis/section/jointkeydecision.cpp,literal,74,7,<file-scope>,L3,constant,ESTABLISHED,no,chord-template interval / structural literal (kJkdTemplates DUPLICATED vs tools/cc_joint_residual_probe.py — see finding L3-F3a)
src/composing/analysis/section/jointkeydecision.cpp,literal,74,3,<file-scope>,L3,constant,ESTABLISHED,no,chord-template interval / structural literal (kJkdTemplates DUPLICATED vs tools/cc_joint_residual_probe.py — see finding L3-F3a)
src/composing/analysis/section/jointkeydecision.cpp,literal,75,3,<file-scope>,L3,constant,ESTABLISHED,no,chord-template interval / structural literal (kJkdTemplates DUPLICATED vs tools/cc_joint_residual_probe.py — see finding L3-F3a)
src/composing/analysis/section/jointkeydecision.cpp,literal,75,7,<file-scope>,L3,constant,ESTABLISHED,no,chord-template interval / structural literal (kJkdTemplates DUPLICATED vs tools/cc_joint_residual_probe.py — see finding L3-F3a)
src/composing/analysis/section/jointkeydecision.cpp,literal,75,3,<file-scope>,L3,constant,ESTABLISHED,no,chord-template interval / structural literal (kJkdTemplates DUPLICATED vs tools/cc_joint_residual_probe.py — see finding L3-F3a)
src/composing/analysis/section/jointkeydecision.cpp,literal,76,3,<file-scope>,L3,constant,ESTABLISHED,no,chord-template interval / structural literal (kJkdTemplates DUPLICATED vs tools/cc_joint_residual_probe.py — see finding L3-F3a)
src/composing/analysis/section/jointkeydecision.cpp,literal,76,6,<file-scope>,L3,constant,ESTABLISHED,no,chord-template interval / structural literal (kJkdTemplates DUPLICATED vs tools/cc_joint_residual_probe.py — see finding L3-F3a)
src/composing/analysis/section/jointkeydecision.cpp,literal,76,3,<file-scope>,L3,constant,ESTABLISHED,no,chord-template interval / structural literal (kJkdTemplates DUPLICATED vs tools/cc_joint_residual_probe.py — see finding L3-F3a)
src/composing/analysis/section/jointkeydecision.cpp,literal,77,4,<file-scope>,L3,constant,ESTABLISHED,no,chord-template interval / structural literal (kJkdTemplates DUPLICATED vs tools/cc_joint_residual_probe.py — see finding L3-F3a)
src/composing/analysis/section/jointkeydecision.cpp,literal,77,8,<file-scope>,L3,constant,ESTABLISHED,no,chord-template interval / structural literal (kJkdTemplates DUPLICATED vs tools/cc_joint_residual_probe.py — see finding L3-F3a)
src/composing/analysis/section/jointkeydecision.cpp,literal,77,3,<file-scope>,L3,constant,ESTABLISHED,no,chord-template interval / structural literal (kJkdTemplates DUPLICATED vs tools/cc_joint_residual_probe.py — see finding L3-F3a)
src/composing/analysis/section/jointkeydecision.cpp,literal,78,2,<file-scope>,L3,constant,ESTABLISHED,no,chord-template interval / structural literal (kJkdTemplates DUPLICATED vs tools/cc_joint_residual_probe.py — see finding L3-F3a)
src/composing/analysis/section/jointkeydecision.cpp,literal,78,7,<file-scope>,L3,constant,ESTABLISHED,no,chord-template interval / structural literal (kJkdTemplates DUPLICATED vs tools/cc_joint_residual_probe.py — see finding L3-F3a)
src/composing/analysis/section/jointkeydecision.cpp,literal,78,3,<file-scope>,L3,constant,ESTABLISHED,no,chord-template interval / structural literal (kJkdTemplates DUPLICATED vs tools/cc_joint_residual_probe.py — see finding L3-F3a)
src/composing/analysis/section/jointkeydecision.cpp,literal,79,5,<file-scope>,L3,constant,ESTABLISHED,no,chord-template interval / structural literal (kJkdTemplates DUPLICATED vs tools/cc_joint_residual_probe.py — see finding L3-F3a)
src/composing/analysis/section/jointkeydecision.cpp,literal,79,7,<file-scope>,L3,constant,ESTABLISHED,no,chord-template interval / structural literal (kJkdTemplates DUPLICATED vs tools/cc_joint_residual_probe.py — see finding L3-F3a)
src/composing/analysis/section/jointkeydecision.cpp,literal,79,3,<file-scope>,L3,constant,ESTABLISHED,no,chord-template interval / structural literal (kJkdTemplates DUPLICATED vs tools/cc_joint_residual_probe.py — see finding L3-F3a)
src/composing/analysis/section/jointkeydecision.cpp,literal,80,4,<file-scope>,L3,constant,ESTABLISHED,no,chord-template interval / structural literal (kJkdTemplates DUPLICATED vs tools/cc_joint_residual_probe.py — see finding L3-F3a)
src/composing/analysis/section/jointkeydecision.cpp,literal,80,7,<file-scope>,L3,constant,ESTABLISHED,no,chord-template interval / structural literal (kJkdTemplates DUPLICATED vs tools/cc_joint_residual_probe.py — see finding L3-F3a)
src/composing/analysis/section/jointkeydecision.cpp,literal,80,10,<file-scope>,L3,constant,ESTABLISHED,no,chord-template interval / structural literal (kJkdTemplates DUPLICATED vs tools/cc_joint_residual_probe.py — see finding L3-F3a)
src/composing/analysis/section/jointkeydecision.cpp,literal,80,4,<file-scope>,L3,constant,ESTABLISHED,no,chord-template interval / structural literal (kJkdTemplates DUPLICATED vs tools/cc_joint_residual_probe.py — see finding L3-F3a)
src/composing/analysis/section/jointkeydecision.cpp,literal,81,4,<file-scope>,L3,constant,ESTABLISHED,no,chord-template interval / structural literal (kJkdTemplates DUPLICATED vs tools/cc_joint_residual_probe.py — see finding L3-F3a)
src/composing/analysis/section/jointkeydecision.cpp,literal,81,7,<file-scope>,L3,constant,ESTABLISHED,no,chord-template interval / structural literal (kJkdTemplates DUPLICATED vs tools/cc_joint_residual_probe.py — see finding L3-F3a)
src/composing/analysis/section/jointkeydecision.cpp,literal,81,11,<file-scope>,L3,constant,ESTABLISHED,no,chord-template interval / structural literal (kJkdTemplates DUPLICATED vs tools/cc_joint_residual_probe.py — see finding L3-F3a)
src/composing/analysis/section/jointkeydecision.cpp,literal,81,4,<file-scope>,L3,constant,ESTABLISHED,no,chord-template interval / structural literal (kJkdTemplates DUPLICATED vs tools/cc_joint_residual_probe.py — see finding L3-F3a)
src/composing/analysis/section/jointkeydecision.cpp,literal,82,3,<file-scope>,L3,constant,ESTABLISHED,no,chord-template interval / structural literal (kJkdTemplates DUPLICATED vs tools/cc_joint_residual_probe.py — see finding L3-F3a)
src/composing/analysis/section/jointkeydecision.cpp,literal,82,7,<file-scope>,L3,constant,ESTABLISHED,no,chord-template interval / structural literal (kJkdTemplates DUPLICATED vs tools/cc_joint_residual_probe.py — see finding L3-F3a)
src/composing/analysis/section/jointkeydecision.cpp,literal,82,10,<file-scope>,L3,constant,ESTABLISHED,no,chord-template interval / structural literal (kJkdTemplates DUPLICATED vs tools/cc_joint_residual_probe.py — see finding L3-F3a)
src/composing/analysis/section/jointkeydecision.cpp,literal,82,4,<file-scope>,L3,constant,ESTABLISHED,no,chord-template interval / structural literal (kJkdTemplates DUPLICATED vs tools/cc_joint_residual_probe.py — see finding L3-F3a)
src/composing/analysis/section/jointkeydecision.cpp,literal,83,3,<file-scope>,L3,constant,ESTABLISHED,no,chord-template interval / structural literal (kJkdTemplates DUPLICATED vs tools/cc_joint_residual_probe.py — see finding L3-F3a)
src/composing/analysis/section/jointkeydecision.cpp,literal,83,7,<file-scope>,L3,constant,ESTABLISHED,no,chord-template interval / structural literal (kJkdTemplates DUPLICATED vs tools/cc_joint_residual_probe.py — see finding L3-F3a)
src/composing/analysis/section/jointkeydecision.cpp,literal,83,11,<file-scope>,L3,constant,ESTABLISHED,no,chord-template interval / structural literal (kJkdTemplates DUPLICATED vs tools/cc_joint_residual_probe.py — see finding L3-F3a)
src/composing/analysis/section/jointkeydecision.cpp,literal,83,4,<file-scope>,L3,constant,ESTABLISHED,no,chord-template interval / structural literal (kJkdTemplates DUPLICATED vs tools/cc_joint_residual_probe.py — see finding L3-F3a)
src/composing/analysis/section/jointkeydecision.cpp,literal,84,3,<file-scope>,L3,constant,ESTABLISHED,no,chord-template interval / structural literal (kJkdTemplates DUPLICATED vs tools/cc_joint_residual_probe.py — see finding L3-F3a)
src/composing/analysis/section/jointkeydecision.cpp,literal,84,6,<file-scope>,L3,constant,ESTABLISHED,no,chord-template interval / structural literal (kJkdTemplates DUPLICATED vs tools/cc_joint_residual_probe.py — see finding L3-F3a)
src/composing/analysis/section/jointkeydecision.cpp,literal,84,10,<file-scope>,L3,constant,ESTABLISHED,no,chord-template interval / structural literal (kJkdTemplates DUPLICATED vs tools/cc_joint_residual_probe.py — see finding L3-F3a)
src/composing/analysis/section/jointkeydecision.cpp,literal,84,4,<file-scope>,L3,constant,ESTABLISHED,no,chord-template interval / structural literal (kJkdTemplates DUPLICATED vs tools/cc_joint_residual_probe.py — see finding L3-F3a)
src/composing/analysis/section/jointkeydecision.cpp,literal,85,3,<file-scope>,L3,constant,ESTABLISHED,no,chord-template interval / structural literal (kJkdTemplates DUPLICATED vs tools/cc_joint_residual_probe.py — see finding L3-F3a)
src/composing/analysis/section/jointkeydecision.cpp,literal,85,6,<file-scope>,L3,constant,ESTABLISHED,no,chord-template interval / structural literal (kJkdTemplates DUPLICATED vs tools/cc_joint_residual_probe.py — see finding L3-F3a)
src/composing/analysis/section/jointkeydecision.cpp,literal,85,9,<file-scope>,L3,constant,ESTABLISHED,no,chord-template interval / structural literal (kJkdTemplates DUPLICATED vs tools/cc_joint_residual_probe.py — see finding L3-F3a)
src/composing/analysis/section/jointkeydecision.cpp,literal,85,4,<file-scope>,L3,constant,ESTABLISHED,no,chord-template interval / structural literal (kJkdTemplates DUPLICATED vs tools/cc_joint_residual_probe.py — see finding L3-F3a)
src/composing/analysis/section/jointkeydecision.cpp,literal,86,4,<file-scope>,L3,constant,ESTABLISHED,no,chord-template interval / structural literal (kJkdTemplates DUPLICATED vs tools/cc_joint_residual_probe.py — see finding L3-F3a)
src/composing/analysis/section/jointkeydecision.cpp,literal,86,7,<file-scope>,L3,constant,ESTABLISHED,no,chord-template interval / structural literal (kJkdTemplates DUPLICATED vs tools/cc_joint_residual_probe.py — see finding L3-F3a)
src/composing/analysis/section/jointkeydecision.cpp,literal,86,9,<file-scope>,L3,constant,ESTABLISHED,no,chord-template interval / structural literal (kJkdTemplates DUPLICATED vs tools/cc_joint_residual_probe.py — see finding L3-F3a)
src/composing/analysis/section/jointkeydecision.cpp,literal,86,4,<file-scope>,L3,constant,ESTABLISHED,no,chord-template interval / structural literal (kJkdTemplates DUPLICATED vs tools/cc_joint_residual_probe.py — see finding L3-F3a)
src/composing/analysis/section/jointkeydecision.cpp,literal,87,3,<file-scope>,L3,constant,ESTABLISHED,no,chord-template interval / structural literal (kJkdTemplates DUPLICATED vs tools/cc_joint_residual_probe.py — see finding L3-F3a)
src/composing/analysis/section/jointkeydecision.cpp,literal,87,7,<file-scope>,L3,constant,ESTABLISHED,no,chord-template interval / structural literal (kJkdTemplates DUPLICATED vs tools/cc_joint_residual_probe.py — see finding L3-F3a)
src/composing/analysis/section/jointkeydecision.cpp,literal,87,9,<file-scope>,L3,constant,ESTABLISHED,no,chord-template interval / structural literal (kJkdTemplates DUPLICATED vs tools/cc_joint_residual_probe.py — see finding L3-F3a)
src/composing/analysis/section/jointkeydecision.cpp,literal,87,4,<file-scope>,L3,constant,ESTABLISHED,no,chord-template interval / structural literal (kJkdTemplates DUPLICATED vs tools/cc_joint_residual_probe.py — see finding L3-F3a)
src/composing/analysis/section/jointkeydecision.cpp,literal,97,12,jkdChordPinned,L3,constant,ESTABLISHED,no,chord-template interval / structural literal (kJkdTemplates DUPLICATED vs tools/cc_joint_residual_probe.py — see finding L3-F3a)
src/composing/analysis/section/jointkeydecision.cpp,literal,102,3,jkdChordPinned,L3,constant,ESTABLISHED,no,FACT: >=3 pcs required to determine a triad (chord-pinned structural)
src/composing/analysis/section/jointkeydecision.cpp,literal,107,12,jkdChordPinned,L3,constant,ESTABLISHED,no,chord-template interval / structural literal (kJkdTemplates DUPLICATED vs tools/cc_joint_residual_probe.py — see finding L3-F3a)
src/composing/analysis/section/jointkeydecision.cpp,literal,189,7,decideJointKey,L3,constant,ESTABLISHED,no,chord-template interval / structural literal (kJkdTemplates DUPLICATED vs tools/cc_joint_residual_probe.py — see finding L3-F3a)
src/composing/analysis/section/jointkeydecision.cpp,literal,190,9,decideJointKey,L3,constant,ESTABLISHED,no,chord-template interval / structural literal (kJkdTemplates DUPLICATED vs tools/cc_joint_residual_probe.py — see finding L3-F3a)
src/composing/analysis/section/jointkeydecision.cpp,literal,237,0.0,decideJointKey,L3,constant,ESTABLISHED,no,chord-template interval / structural literal (kJkdTemplates DUPLICATED vs tools/cc_joint_residual_probe.py — see finding L3-F3a)
src/composing/analysis/section/jointkeydecision.cpp,literal,282,0.1,decideJointKey,L3,constant,UNFIT,no,"chord-candidate coupling rank-decay (floor 0.1 / slope 0.3) — hand-set in-code, NOT tagged empirical, NOT in param_manifest, NOT a JointKeyWeights member"
src/composing/analysis/section/jointkeydecision.cpp,literal,282,1.0,decideJointKey,L3,constant,ESTABLISHED,no,chord-template interval / structural literal (kJkdTemplates DUPLICATED vs tools/cc_joint_residual_probe.py — see finding L3-F3a)
src/composing/analysis/section/jointkeydecision.cpp,literal,282,0.3,decideJointKey,L3,constant,UNFIT,no,"chord-candidate coupling rank-decay (floor 0.1 / slope 0.3) — hand-set in-code, NOT tagged empirical, NOT in param_manifest, NOT a JointKeyWeights member"
src/composing/analysis/section/jointkeydecision.cpp,literal,286,0.0,decideJointKey,L3,constant,ESTABLISHED,no,chord-template interval / structural literal (kJkdTemplates DUPLICATED vs tools/cc_joint_residual_probe.py — see finding L3-F3a)
src/composing/analysis/section/jointkeydecision.cpp,literal,324,0.0,decideJointKey,L3,constant,ESTABLISHED,no,chord-template interval / structural literal (kJkdTemplates DUPLICATED vs tools/cc_joint_residual_probe.py — see finding L3-F3a)
src/composing/analysis/section/jointkeydecision.h,literal,103,0.0,<file-scope>,L3,constant,ESTABLISHED,no,structural literal
src/composing/analysis/section/jointkeydecision.h,literal,142,1.0,<file-scope>,L3,constant,ESTABLISHED,no,structural literal
src/composing/analysis/section/jointkeydecision.h,literal,143,0.5,<file-scope>,L3,constant,ESTABLISHED,no,structural literal
src/composing/analysis/section/jointkeydecision.h,literal,144,0.8,<file-scope>,L3,constant,ESTABLISHED,no,structural literal
src/composing/analysis/section/jointkeydecision.h,literal,145,1.0,<file-scope>,L3,constant,ESTABLISHED,no,structural literal
src/composing/analysis/section/jointkeydecision.h,literal,146,0.15,<file-scope>,L3,constant,ESTABLISHED,no,structural literal
src/composing/analysis/section/jointkeydecision.h,literal,147,1.0,<file-scope>,L3,constant,ESTABLISHED,no,structural literal
src/composing/analysis/section/jointkeydecision.h,literal,148,1.2,<file-scope>,L3,constant,ESTABLISHED,no,structural literal
src/composing/analysis/section/jointkeydecision.h,literal,149,0.6,<file-scope>,L3,constant,ESTABLISHED,no,structural literal
src/composing/analysis/section/localmodulationdetector.cpp,literal,47,5,<file-scope>,L3,constant,UNFIT,no,"establishment floor (5 chords) / chromatic tolerance (2 pcs) — ordering THEORY-grounded (DCML span statistic cited), magnitude empirical '[Stage-5 fits]', NOT in param_manifest"
src/composing/analysis/section/localmodulationdetector.cpp,literal,48,2,<file-scope>,L3,constant,UNFIT,no,"establishment floor (5 chords) / chromatic tolerance (2 pcs) — ordering THEORY-grounded (DCML span statistic cited), magnitude empirical '[Stage-5 fits]', NOT in param_manifest"
src/composing/analysis/section/localmodulationdetector.cpp,literal,69,12,lmdOutOfCollectionCount,L3,constant,ESTABLISHED,no,structural literal
src/composing/analysis/section/sectionanalyzer.cpp,literal,77,12,distinctPitchClassCount,util,deferred,DEFERRED,no,literal in the L4/L2 part of the mixed orchestrator — deferred to the owning layer's audit (split recorded)
src/composing/analysis/section/sectionanalyzer.cpp,literal,80,12,distinctPitchClassCount,util,deferred,DEFERRED,no,literal in the L4/L2 part of the mixed orchestrator — deferred to the owning layer's audit (split recorded)
src/composing/analysis/section/sectionanalyzer.cpp,literal,130,12,stabilizeHarmonicRegionsForDisplay,L3,constant,ESTABLISHED,no,L3-seam structural literal (tick math / index / duration)
src/composing/analysis/section/sectionanalyzer.cpp,literal,143,12,stabilizeHarmonicRegionsForDisplay,L3,constant,ESTABLISHED,no,L3-seam structural literal (tick math / index / duration)
src/composing/analysis/section/sectionanalyzer.cpp,literal,146,12,stabilizeHarmonicRegionsForDisplay,L3,constant,ESTABLISHED,no,L3-seam structural literal (tick math / index / duration)
src/composing/analysis/section/sectionanalyzer.cpp,literal,242,12,analyzeSection,L3-seam+L4-gap,constant,ESTABLISHED,no,L3-seam structural literal (tick math / index / duration)
src/composing/analysis/section/sectionanalyzer.cpp,literal,245,12,analyzeSection,L3-seam+L4-gap,constant,ESTABLISHED,no,L3-seam structural literal (tick math / index / duration)
src/composing/analysis/section/sectionanalyzer.cpp,literal,268,12,analyzeSection,L3-seam+L4-gap,constant,ESTABLISHED,no,L3-seam structural literal (tick math / index / duration)
src/composing/analysis/section/sectionanalyzer.cpp,literal,278,12,analyzeSection,L3-seam+L4-gap,constant,ESTABLISHED,no,L3-seam structural literal (tick math / index / duration)
src/composing/analysis/section/sectionanalyzer.cpp,literal,281,12,analyzeSection,L3-seam+L4-gap,constant,ESTABLISHED,no,L3-seam structural literal (tick math / index / duration)
src/composing/analysis/section/sectionanalyzer.cpp,literal,309,12,analyzeSection,L3-seam+L4-gap,constant,ESTABLISHED,no,L3-seam structural literal (tick math / index / duration)
src/composing/analysis/section/sectionanalyzer.cpp,literal,313,12,analyzeSection,L3-seam+L4-gap,constant,ESTABLISHED,no,L3-seam structural literal (tick math / index / duration)
src/composing/analysis/section/sectionanalyzer.cpp,literal,325,0.0,analyzeSection,L3-seam+L4-gap,constant,ESTABLISHED,no,L3-seam structural literal (tick math / index / duration)
src/composing/analysis/section/sectionanalyzer.cpp,literal,355,12,analyzeSection,L3-seam+L4-gap,constant,ESTABLISHED,no,L3-seam structural literal (tick math / index / duration)
src/composing/analysis/section/sectionanalyzer.cpp,literal,355,12,analyzeSection,L3-seam+L4-gap,constant,ESTABLISHED,no,L3-seam structural literal (tick math / index / duration)
src/composing/analysis/section/sectionanalyzer.cpp,literal,356,3,analyzeSection,L3-seam+L4-gap,constant,ESTABLISHED,no,L3-seam structural literal (tick math / index / duration)
src/composing/analysis/section/sectionanalyzer.cpp,literal,358,4,analyzeSection,L3-seam+L4-gap,constant,ESTABLISHED,no,L3-seam structural literal (tick math / index / duration)
src/composing/analysis/section/sectionanalyzer.cpp,literal,360,6,analyzeSection,L3-seam+L4-gap,constant,ESTABLISHED,no,L3-seam structural literal (tick math / index / duration)
src/composing/analysis/section/sectionanalyzer.cpp,literal,362,7,analyzeSection,L3-seam+L4-gap,constant,ESTABLISHED,no,L3-seam structural literal (tick math / index / duration)
src/composing/analysis/section/sectionanalyzer.cpp,literal,378,3,analyzeSection,L3-seam+L4-gap,constant,ESTABLISHED,no,L3-seam structural literal (tick math / index / duration)
src/composing/analysis/section/sectionanalyzer.cpp,literal,381,3,analyzeSection,L3-seam+L4-gap,constant,ESTABLISHED,no,L3-seam structural literal (tick math / index / duration)
src/composing/analysis/section/sectionanalyzer.cpp,literal,384,2,analyzeSection,L3-seam+L4-gap,constant,ESTABLISHED,no,L3-seam structural literal (tick math / index / duration)
src/composing/analysis/section/sectionanalyzer.cpp,literal,492,12,analyzeSection,L3-seam+L4-gap,constant,ESTABLISHED,no,L3-seam structural literal (tick math / index / duration)
src/composing/analysis/section/sectionanalyzer.cpp,literal,494,12,analyzeSection,L3-seam+L4-gap,constant,ESTABLISHED,no,L3-seam structural literal (tick math / index / duration)
src/composing/analysis/section/sectionanalyzer.cpp,literal,502,3,analyzeSection,L3-seam+L4-gap,constant,ESTABLISHED,no,L3-seam structural literal (tick math / index / duration)
src/composing/analysis/section/sectionanalyzer.cpp,literal,514,12,analyzeSection,L3-seam+L4-gap,constant,ESTABLISHED,no,L3-seam structural literal (tick math / index / duration)
src/composing/analysis/section/sectionanalyzer.cpp,literal,593,2,analyzeSection,L3-seam+L4-gap,constant,ESTABLISHED,no,L3-seam structural literal (tick math / index / duration)
src/composing/analysis/section/sectionanalyzer.cpp,literal,706,2,analyzeSection,L3-seam+L4-gap,constant,ESTABLISHED,no,L3-seam structural literal (tick math / index / duration)
src/composing/analysis/section/sectionanalyzer.cpp,literal,708,3,analyzeSection,L3-seam+L4-gap,constant,ESTABLISHED,no,L3-seam structural literal (tick math / index / duration)
src/composing/analysis/section/sectionanalyzer.cpp,literal,709,3,analyzeSection,L3-seam+L4-gap,constant,ESTABLISHED,no,L3-seam structural literal (tick math / index / duration)
src/composing/analysis/section/sectionanalyzer.h,literal,91,0.8,<file-scope>,L3-MIXED,constant,ESTABLISHED,no,L3-seam structural literal (tick math / index / duration)
src/composing/analysis/section/sectionanalyzer.h,literal,95,8,<file-scope>,L3-MIXED,constant,ESTABLISHED,no,L3-seam structural literal (tick math / index / duration)
src/composing/analysis/section/sectioncadencedetection.cpp,literal,102,4,detectCadences,L5,constant,ESTABLISHED,no,cadence-degree / structural literal (the 0.8 gate + pivot-lookahead are named constants — see fields/decls)
src/composing/analysis/section/sectioncadencedetection.cpp,literal,103,6,detectCadences,L5,constant,ESTABLISHED,no,cadence-degree / structural literal (the 0.8 gate + pivot-lookahead are named constants — see fields/decls)
src/composing/analysis/section/sectioncadencedetection.cpp,literal,105,3,detectCadences,L5,constant,ESTABLISHED,no,cadence-degree / structural literal (the 0.8 gate + pivot-lookahead are named constants — see fields/decls)
src/composing/analysis/section/sectioncadencedetection.cpp,literal,107,4,detectCadences,L5,constant,ESTABLISHED,no,cadence-degree / structural literal (the 0.8 gate + pivot-lookahead are named constants — see fields/decls)
src/composing/analysis/section/sectioncadencedetection.cpp,literal,107,5,detectCadences,L5,constant,ESTABLISHED,no,cadence-degree / structural literal (the 0.8 gate + pivot-lookahead are named constants — see fields/decls)
src/composing/analysis/section/sectioncadencedetection.cpp,literal,131,4,detectCadences,L5,constant,ESTABLISHED,no,cadence-degree / structural literal (the 0.8 gate + pivot-lookahead are named constants — see fields/decls)
src/composing/analysis/section/sectioncadencedetection.cpp,literal,216,12,detectPivotChords,L5,constant,ESTABLISHED,no,cadence-degree / structural literal (the 0.8 gate + pivot-lookahead are named constants — see fields/decls)
src/composing/analysis/types/analysistypes.h,literal,115,2,<file-scope>,L3-MIXED,deferred,DEFERRED,no,"Layer-4 (chord) type default in the shared types leaf (ChordAnalyzerPreferences / ChordAnalysisTone / ChordTemporalContext / ParameterBound) — out of L3 scope, deferred to the L4 audit (split recorded)"
src/composing/analysis/types/analysistypes.h,literal,177,0.70,<file-scope>,L3-MIXED,deferred,DEFERRED,no,"Layer-4 (chord) type default in the shared types leaf (ChordAnalyzerPreferences / ChordAnalysisTone / ChordTemporalContext / ParameterBound) — out of L3 scope, deferred to the L4 audit (split recorded)"
src/composing/analysis/types/analysistypes.h,literal,183,0.3,<file-scope>,L3-MIXED,deferred,DEFERRED,no,"Layer-4 (chord) type default in the shared types leaf (ChordAnalyzerPreferences / ChordAnalysisTone / ChordTemporalContext / ParameterBound) — out of L3 scope, deferred to the L4 audit (split recorded)"
src/composing/analysis/types/analysistypes.h,literal,188,0.1,<file-scope>,L3-MIXED,deferred,DEFERRED,no,"Layer-4 (chord) type default in the shared types leaf (ChordAnalyzerPreferences / ChordAnalysisTone / ChordTemporalContext / ParameterBound) — out of L3 scope, deferred to the L4 audit (split recorded)"
src/composing/analysis/types/analysistypes.h,literal,191,0.30,<file-scope>,L3-MIXED,deferred,DEFERRED,no,"Layer-4 (chord) type default in the shared types leaf (ChordAnalyzerPreferences / ChordAnalysisTone / ChordTemporalContext / ParameterBound) — out of L3 scope, deferred to the L4 audit (split recorded)"
src/composing/analysis/types/analysistypes.h,literal,196,0.20,<file-scope>,L3-MIXED,deferred,DEFERRED,no,"Layer-4 (chord) type default in the shared types leaf (ChordAnalyzerPreferences / ChordAnalysisTone / ChordTemporalContext / ParameterBound) — out of L3 scope, deferred to the L4 audit (split recorded)"
src/composing/analysis/types/analysistypes.h,literal,200,0.40,<file-scope>,L3-MIXED,deferred,DEFERRED,no,"Layer-4 (chord) type default in the shared types leaf (ChordAnalyzerPreferences / ChordAnalysisTone / ChordTemporalContext / ParameterBound) — out of L3 scope, deferred to the L4 audit (split recorded)"
src/composing/analysis/types/analysistypes.h,literal,207,0.35,<file-scope>,L3-MIXED,deferred,DEFERRED,no,"Layer-4 (chord) type default in the shared types leaf (ChordAnalyzerPreferences / ChordAnalysisTone / ChordTemporalContext / ParameterBound) — out of L3 scope, deferred to the L4 audit (split recorded)"
src/composing/analysis/types/analysistypes.h,literal,226,0.5,<file-scope>,L3-MIXED,deferred,DEFERRED,no,"Layer-4 (chord) type default in the shared types leaf (ChordAnalyzerPreferences / ChordAnalysisTone / ChordTemporalContext / ParameterBound) — out of L3 scope, deferred to the L4 audit (split recorded)"
src/composing/analysis/types/analysistypes.h,literal,235,0.5,<file-scope>,L3-MIXED,deferred,DEFERRED,no,"Layer-4 (chord) type default in the shared types leaf (ChordAnalyzerPreferences / ChordAnalysisTone / ChordTemporalContext / ParameterBound) — out of L3 scope, deferred to the L4 audit (split recorded)"
src/composing/analysis/types/analysistypes.h,literal,243,0.45,<file-scope>,L3-MIXED,constant,UNFIT,no,L3 KeyModeAnalyzerPreferences emission default — empirical/hand-set ('[empirical]'); NOT in param_manifest (only kAnnotateKeyConfidenceThreshold is); Stage-5 fit target per code
src/composing/analysis/types/analysistypes.h,literal,252,0.4,<file-scope>,L3-MIXED,deferred,DEFERRED,no,"Layer-4 (chord) type default in the shared types leaf (ChordAnalyzerPreferences / ChordAnalysisTone / ChordTemporalContext / ParameterBound) — out of L3 scope, deferred to the L4 audit (split recorded)"
src/composing/analysis/types/analysistypes.h,literal,268,2.0,<file-scope>,L3-MIXED,deferred,DEFERRED,no,"Layer-4 (chord) type default in the shared types leaf (ChordAnalyzerPreferences / ChordAnalysisTone / ChordTemporalContext / ParameterBound) — out of L3 scope, deferred to the L4 audit (split recorded)"
src/composing/analysis/types/analysistypes.h,literal,293,0.70,<file-scope>,L3-MIXED,deferred,DEFERRED,no,"Layer-4 (chord) type default in the shared types leaf (ChordAnalyzerPreferences / ChordAnalysisTone / ChordTemporalContext / ParameterBound) — out of L3 scope, deferred to the L4 audit (split recorded)"
src/composing/analysis/types/analysistypes.h,literal,298,0.0,<file-scope>,L3-MIXED,deferred,DEFERRED,no,"Layer-4 (chord) type default in the shared types leaf (ChordAnalyzerPreferences / ChordAnalysisTone / ChordTemporalContext / ParameterBound) — out of L3 scope, deferred to the L4 audit (split recorded)"
src/composing/analysis/types/analysistypes.h,literal,319,0.6,<file-scope>,L3-MIXED,deferred,DEFERRED,no,"Layer-4 (chord) type default in the shared types leaf (ChordAnalyzerPreferences / ChordAnalysisTone / ChordTemporalContext / ParameterBound) — out of L3 scope, deferred to the L4 audit (split recorded)"
src/composing/analysis/types/analysistypes.h,literal,325,0.3,<file-scope>,L3-MIXED,deferred,DEFERRED,no,"Layer-4 (chord) type default in the shared types leaf (ChordAnalyzerPreferences / ChordAnalysisTone / ChordTemporalContext / ParameterBound) — out of L3 scope, deferred to the L4 audit (split recorded)"
src/composing/analysis/types/analysistypes.h,literal,332,0.05,<file-scope>,L3-MIXED,deferred,DEFERRED,no,"Layer-4 (chord) type default in the shared types leaf (ChordAnalyzerPreferences / ChordAnalysisTone / ChordTemporalContext / ParameterBound) — out of L3 scope, deferred to the L4 audit (split recorded)"
src/composing/analysis/types/analysistypes.h,literal,346,0.20,<file-scope>,L3-MIXED,deferred,DEFERRED,no,"Layer-4 (chord) type default in the shared types leaf (ChordAnalyzerPreferences / ChordAnalysisTone / ChordTemporalContext / ParameterBound) — out of L3 scope, deferred to the L4 audit (split recorded)"
src/composing/analysis/types/analysistypes.h,literal,355,3,<file-scope>,L3-MIXED,deferred,DEFERRED,no,"Layer-4 (chord) type default in the shared types leaf (ChordAnalyzerPreferences / ChordAnalysisTone / ChordTemporalContext / ParameterBound) — out of L3 scope, deferred to the L4 audit (split recorded)"
src/composing/analysis/types/analysistypes.h,literal,386,0.65,<file-scope>,L3-MIXED,deferred,DEFERRED,no,"Layer-4 (chord) type default in the shared types leaf (ChordAnalyzerPreferences / ChordAnalysisTone / ChordTemporalContext / ParameterBound) — out of L3 scope, deferred to the L4 audit (split recorded)"
src/composing/analysis/types/analysistypes.h,literal,428,0.0,bounds,L3-MIXED,deferred,DEFERRED,no,"Layer-4 (chord) type default in the shared types leaf (ChordAnalyzerPreferences / ChordAnalysisTone / ChordTemporalContext / ParameterBound) — out of L3 scope, deferred to the L4 audit (split recorded)"
src/composing/analysis/types/analysistypes.h,literal,428,2.0,bounds,L3-MIXED,deferred,DEFERRED,no,"Layer-4 (chord) type default in the shared types leaf (ChordAnalyzerPreferences / ChordAnalysisTone / ChordTemporalContext / ParameterBound) — out of L3 scope, deferred to the L4 audit (split recorded)"
src/composing/analysis/types/analysistypes.h,literal,429,0.0,bounds,L3-MIXED,deferred,DEFERRED,no,"Layer-4 (chord) type default in the shared types leaf (ChordAnalyzerPreferences / ChordAnalysisTone / ChordTemporalContext / ParameterBound) — out of L3 scope, deferred to the L4 audit (split recorded)"
src/composing/analysis/types/analysistypes.h,literal,429,1.0,bounds,L3-MIXED,deferred,DEFERRED,no,"Layer-4 (chord) type default in the shared types leaf (ChordAnalyzerPreferences / ChordAnalysisTone / ChordTemporalContext / ParameterBound) — out of L3 scope, deferred to the L4 audit (split recorded)"
src/composing/analysis/types/analysistypes.h,literal,430,0.0,bounds,L3-MIXED,deferred,DEFERRED,no,"Layer-4 (chord) type default in the shared types leaf (ChordAnalyzerPreferences / ChordAnalysisTone / ChordTemporalContext / ParameterBound) — out of L3 scope, deferred to the L4 audit (split recorded)"
src/composing/analysis/types/analysistypes.h,literal,430,1.0,bounds,L3-MIXED,deferred,DEFERRED,no,"Layer-4 (chord) type default in the shared types leaf (ChordAnalyzerPreferences / ChordAnalysisTone / ChordTemporalContext / ParameterBound) — out of L3 scope, deferred to the L4 audit (split recorded)"
src/composing/analysis/types/analysistypes.h,literal,431,0.0,bounds,L3-MIXED,deferred,DEFERRED,no,"Layer-4 (chord) type default in the shared types leaf (ChordAnalyzerPreferences / ChordAnalysisTone / ChordTemporalContext / ParameterBound) — out of L3 scope, deferred to the L4 audit (split recorded)"
src/composing/analysis/types/analysistypes.h,literal,431,1.0,bounds,L3-MIXED,deferred,DEFERRED,no,"Layer-4 (chord) type default in the shared types leaf (ChordAnalyzerPreferences / ChordAnalysisTone / ChordTemporalContext / ParameterBound) — out of L3 scope, deferred to the L4 audit (split recorded)"
src/composing/analysis/types/analysistypes.h,literal,432,0.0,bounds,L3-MIXED,deferred,DEFERRED,no,"Layer-4 (chord) type default in the shared types leaf (ChordAnalyzerPreferences / ChordAnalysisTone / ChordTemporalContext / ParameterBound) — out of L3 scope, deferred to the L4 audit (split recorded)"
src/composing/analysis/types/analysistypes.h,literal,432,1.0,bounds,L3-MIXED,deferred,DEFERRED,no,"Layer-4 (chord) type default in the shared types leaf (ChordAnalyzerPreferences / ChordAnalysisTone / ChordTemporalContext / ParameterBound) — out of L3 scope, deferred to the L4 audit (split recorded)"
src/composing/analysis/types/analysistypes.h,literal,433,0.0,bounds,L3-MIXED,deferred,DEFERRED,no,"Layer-4 (chord) type default in the shared types leaf (ChordAnalyzerPreferences / ChordAnalysisTone / ChordTemporalContext / ParameterBound) — out of L3 scope, deferred to the L4 audit (split recorded)"
src/composing/analysis/types/analysistypes.h,literal,433,1.5,bounds,L3-MIXED,deferred,DEFERRED,no,"Layer-4 (chord) type default in the shared types leaf (ChordAnalyzerPreferences / ChordAnalysisTone / ChordTemporalContext / ParameterBound) — out of L3 scope, deferred to the L4 audit (split recorded)"
src/composing/analysis/types/analysistypes.h,literal,434,0.0,bounds,L3-MIXED,deferred,DEFERRED,no,"Layer-4 (chord) type default in the shared types leaf (ChordAnalyzerPreferences / ChordAnalysisTone / ChordTemporalContext / ParameterBound) — out of L3 scope, deferred to the L4 audit (split recorded)"
src/composing/analysis/types/analysistypes.h,literal,434,1.5,bounds,L3-MIXED,deferred,DEFERRED,no,"Layer-4 (chord) type default in the shared types leaf (ChordAnalyzerPreferences / ChordAnalysisTone / ChordTemporalContext / ParameterBound) — out of L3 scope, deferred to the L4 audit (split recorded)"
src/composing/analysis/types/analysistypes.h,literal,435,0.0,bounds,L3-MIXED,deferred,DEFERRED,no,"Layer-4 (chord) type default in the shared types leaf (ChordAnalyzerPreferences / ChordAnalysisTone / ChordTemporalContext / ParameterBound) — out of L3 scope, deferred to the L4 audit (split recorded)"
src/composing/analysis/types/analysistypes.h,literal,435,2.0,bounds,L3-MIXED,deferred,DEFERRED,no,"Layer-4 (chord) type default in the shared types leaf (ChordAnalyzerPreferences / ChordAnalysisTone / ChordTemporalContext / ParameterBound) — out of L3 scope, deferred to the L4 audit (split recorded)"
src/composing/analysis/types/analysistypes.h,literal,436,0.0,bounds,L3-MIXED,deferred,DEFERRED,no,"Layer-4 (chord) type default in the shared types leaf (ChordAnalyzerPreferences / ChordAnalysisTone / ChordTemporalContext / ParameterBound) — out of L3 scope, deferred to the L4 audit (split recorded)"
src/composing/analysis/types/analysistypes.h,literal,436,2.0,bounds,L3-MIXED,deferred,DEFERRED,no,"Layer-4 (chord) type default in the shared types leaf (ChordAnalyzerPreferences / ChordAnalysisTone / ChordTemporalContext / ParameterBound) — out of L3 scope, deferred to the L4 audit (split recorded)"
src/composing/analysis/types/analysistypes.h,literal,437,0.0,bounds,L3-MIXED,constant,UNFIT,no,L3 KeyModeAnalyzerPreferences emission default — empirical/hand-set ('[empirical]'); NOT in param_manifest (only kAnnotateKeyConfidenceThreshold is); Stage-5 fit target per code
src/composing/analysis/types/analysistypes.h,literal,437,2.0,bounds,L3-MIXED,constant,UNFIT,no,L3 KeyModeAnalyzerPreferences emission default — empirical/hand-set ('[empirical]'); NOT in param_manifest (only kAnnotateKeyConfidenceThreshold is); Stage-5 fit target per code
src/composing/analysis/types/analysistypes.h,literal,438,0.0,bounds,L3-MIXED,deferred,DEFERRED,no,"Layer-4 (chord) type default in the shared types leaf (ChordAnalyzerPreferences / ChordAnalysisTone / ChordTemporalContext / ParameterBound) — out of L3 scope, deferred to the L4 audit (split recorded)"
src/composing/analysis/types/analysistypes.h,literal,438,2.0,bounds,L3-MIXED,deferred,DEFERRED,no,"Layer-4 (chord) type default in the shared types leaf (ChordAnalyzerPreferences / ChordAnalysisTone / ChordTemporalContext / ParameterBound) — out of L3 scope, deferred to the L4 audit (split recorded)"
src/composing/analysis/types/analysistypes.h,literal,439,0.0,bounds,L3-MIXED,deferred,DEFERRED,no,"Layer-4 (chord) type default in the shared types leaf (ChordAnalyzerPreferences / ChordAnalysisTone / ChordTemporalContext / ParameterBound) — out of L3 scope, deferred to the L4 audit (split recorded)"
src/composing/analysis/types/analysistypes.h,literal,439,10.0,bounds,L3-MIXED,deferred,DEFERRED,no,"Layer-4 (chord) type default in the shared types leaf (ChordAnalyzerPreferences / ChordAnalysisTone / ChordTemporalContext / ParameterBound) — out of L3 scope, deferred to the L4 audit (split recorded)"
src/composing/analysis/types/analysistypes.h,literal,440,0.0,bounds,L3-MIXED,deferred,DEFERRED,no,"Layer-4 (chord) type default in the shared types leaf (ChordAnalyzerPreferences / ChordAnalysisTone / ChordTemporalContext / ParameterBound) — out of L3 scope, deferred to the L4 audit (split recorded)"
src/composing/analysis/types/analysistypes.h,literal,440,2.0,bounds,L3-MIXED,deferred,DEFERRED,no,"Layer-4 (chord) type default in the shared types leaf (ChordAnalyzerPreferences / ChordAnalysisTone / ChordTemporalContext / ParameterBound) — out of L3 scope, deferred to the L4 audit (split recorded)"
src/composing/analysis/types/analysistypes.h,literal,441,0.0,bounds,L3-MIXED,deferred,DEFERRED,no,"Layer-4 (chord) type default in the shared types leaf (ChordAnalyzerPreferences / ChordAnalysisTone / ChordTemporalContext / ParameterBound) — out of L3 scope, deferred to the L4 audit (split recorded)"
src/composing/analysis/types/analysistypes.h,literal,441,1.0,bounds,L3-MIXED,deferred,DEFERRED,no,"Layer-4 (chord) type default in the shared types leaf (ChordAnalyzerPreferences / ChordAnalysisTone / ChordTemporalContext / ParameterBound) — out of L3 scope, deferred to the L4 audit (split recorded)"
src/composing/analysis/types/analysistypes.h,literal,442,0.0,bounds,L3-MIXED,deferred,DEFERRED,no,"Layer-4 (chord) type default in the shared types leaf (ChordAnalyzerPreferences / ChordAnalysisTone / ChordTemporalContext / ParameterBound) — out of L3 scope, deferred to the L4 audit (split recorded)"
src/composing/analysis/types/analysistypes.h,literal,442,1.0,bounds,L3-MIXED,deferred,DEFERRED,no,"Layer-4 (chord) type default in the shared types leaf (ChordAnalyzerPreferences / ChordAnalysisTone / ChordTemporalContext / ParameterBound) — out of L3 scope, deferred to the L4 audit (split recorded)"
src/composing/analysis/types/analysistypes.h,literal,443,0.0,bounds,L3-MIXED,deferred,DEFERRED,no,"Layer-4 (chord) type default in the shared types leaf (ChordAnalyzerPreferences / ChordAnalysisTone / ChordTemporalContext / ParameterBound) — out of L3 scope, deferred to the L4 audit (split recorded)"
src/composing/analysis/types/analysistypes.h,literal,443,1.0,bounds,L3-MIXED,deferred,DEFERRED,no,"Layer-4 (chord) type default in the shared types leaf (ChordAnalyzerPreferences / ChordAnalysisTone / ChordTemporalContext / ParameterBound) — out of L3 scope, deferred to the L4 audit (split recorded)"
src/composing/analysis/types/analysistypes.h,literal,444,0.0,bounds,L3-MIXED,deferred,DEFERRED,no,"Layer-4 (chord) type default in the shared types leaf (ChordAnalyzerPreferences / ChordAnalysisTone / ChordTemporalContext / ParameterBound) — out of L3 scope, deferred to the L4 audit (split recorded)"
src/composing/analysis/types/analysistypes.h,literal,444,0.5,bounds,L3-MIXED,deferred,DEFERRED,no,"Layer-4 (chord) type default in the shared types leaf (ChordAnalyzerPreferences / ChordAnalysisTone / ChordTemporalContext / ParameterBound) — out of L3 scope, deferred to the L4 audit (split recorded)"
src/composing/analysis/types/analysistypes.h,literal,445,0.3,bounds,L3-MIXED,deferred,DEFERRED,no,"Layer-4 (chord) type default in the shared types leaf (ChordAnalyzerPreferences / ChordAnalysisTone / ChordTemporalContext / ParameterBound) — out of L3 scope, deferred to the L4 audit (split recorded)"
src/composing/analysis/types/analysistypes.h,literal,445,0.95,bounds,L3-MIXED,deferred,DEFERRED,no,"Layer-4 (chord) type default in the shared types leaf (ChordAnalyzerPreferences / ChordAnalysisTone / ChordTemporalContext / ParameterBound) — out of L3 scope, deferred to the L4 audit (split recorded)"
src/composing/analysis/types/analysistypes.h,literal,446,0.10,bounds,L3-MIXED,deferred,DEFERRED,no,"Layer-4 (chord) type default in the shared types leaf (ChordAnalyzerPreferences / ChordAnalysisTone / ChordTemporalContext / ParameterBound) — out of L3 scope, deferred to the L4 audit (split recorded)"
src/composing/analysis/types/analysistypes.h,literal,446,0.30,bounds,L3-MIXED,deferred,DEFERRED,no,"Layer-4 (chord) type default in the shared types leaf (ChordAnalyzerPreferences / ChordAnalysisTone / ChordTemporalContext / ParameterBound) — out of L3 scope, deferred to the L4 audit (split recorded)"
src/composing/analysis/types/analysistypes.h,literal,512,3,<file-scope>,L3-MIXED,deferred,DEFERRED,no,"Layer-4 (chord) type default in the shared types leaf (ChordAnalyzerPreferences / ChordAnalysisTone / ChordTemporalContext / ParameterBound) — out of L3 scope, deferred to the L4 audit (split recorded)"
src/composing/analysis/types/analysistypes.h,literal,517,1.0,<file-scope>,L3-MIXED,deferred,DEFERRED,no,"Layer-4 (chord) type default in the shared types leaf (ChordAnalyzerPreferences / ChordAnalysisTone / ChordTemporalContext / ParameterBound) — out of L3 scope, deferred to the L4 audit (split recorded)"
src/composing/analysis/types/analysistypes.h,literal,524,0.0,<file-scope>,L3-MIXED,deferred,DEFERRED,no,"Layer-4 (chord) type default in the shared types leaf (ChordAnalyzerPreferences / ChordAnalysisTone / ChordTemporalContext / ParameterBound) — out of L3 scope, deferred to the L4 audit (split recorded)"
src/composing/analysis/types/analysistypes.h,literal,528,1.0,<file-scope>,L3-MIXED,deferred,DEFERRED,no,"Layer-4 (chord) type default in the shared types leaf (ChordAnalyzerPreferences / ChordAnalysisTone / ChordTemporalContext / ParameterBound) — out of L3 scope, deferred to the L4 audit (split recorded)"
src/composing/analysis/types/analysistypes.h,literal,532,0.0,<file-scope>,L3-MIXED,deferred,DEFERRED,no,"Layer-4 (chord) type default in the shared types leaf (ChordAnalyzerPreferences / ChordAnalysisTone / ChordTemporalContext / ParameterBound) — out of L3 scope, deferred to the L4 audit (split recorded)"
src/composing/analysis/types/analysistypes.h,literal,587,3.0,<file-scope>,L3-MIXED,constant,UNFIT,no,L3 KeyModeAnalyzerPreferences emission default — empirical/hand-set ('[empirical]'); NOT in param_manifest (only kAnnotateKeyConfidenceThreshold is); Stage-5 fit target per code
src/composing/analysis/types/analysistypes.h,literal,591,2.0,<file-scope>,L3-MIXED,constant,UNFIT,no,L3 KeyModeAnalyzerPreferences emission default — empirical/hand-set ('[empirical]'); NOT in param_manifest (only kAnnotateKeyConfidenceThreshold is); Stage-5 fit target per code
src/composing/analysis/types/analysistypes.h,literal,600,1.00,<file-scope>,L3-MIXED,constant,UNFIT,no,L3 KeyModeAnalyzerPreferences emission default — empirical/hand-set ('[empirical]'); NOT in param_manifest (only kAnnotateKeyConfidenceThreshold is); Stage-5 fit target per code
src/composing/analysis/types/analysistypes.h,literal,601,0.25,<file-scope>,L3-MIXED,constant,UNFIT,no,L3 KeyModeAnalyzerPreferences emission default — empirical/hand-set ('[empirical]'); NOT in param_manifest (only kAnnotateKeyConfidenceThreshold is); Stage-5 fit target per code
src/composing/analysis/types/analysistypes.h,literal,602,0.20,<file-scope>,L3-MIXED,constant,UNFIT,no,L3 KeyModeAnalyzerPreferences emission default — empirical/hand-set ('[empirical]'); NOT in param_manifest (only kAnnotateKeyConfidenceThreshold is); Stage-5 fit target per code
src/composing/analysis/types/analysistypes.h,literal,603,0.05,<file-scope>,L3-MIXED,constant,UNFIT,no,L3 KeyModeAnalyzerPreferences emission default — empirical/hand-set ('[empirical]'); NOT in param_manifest (only kAnnotateKeyConfidenceThreshold is); Stage-5 fit target per code
src/composing/analysis/types/analysistypes.h,literal,611,1.60,<file-scope>,L3-MIXED,constant,UNFIT,no,L3 KeyModeAnalyzerPreferences emission default — empirical/hand-set ('[empirical]'); NOT in param_manifest (only kAnnotateKeyConfidenceThreshold is); Stage-5 fit target per code
src/composing/analysis/types/analysistypes.h,literal,612,0.70,<file-scope>,L3-MIXED,constant,UNFIT,no,L3 KeyModeAnalyzerPreferences emission default — empirical/hand-set ('[empirical]'); NOT in param_manifest (only kAnnotateKeyConfidenceThreshold is); Stage-5 fit target per code
src/composing/analysis/types/analysistypes.h,literal,613,0.50,<file-scope>,L3-MIXED,constant,UNFIT,no,L3 KeyModeAnalyzerPreferences emission default — empirical/hand-set ('[empirical]'); NOT in param_manifest (only kAnnotateKeyConfidenceThreshold is); Stage-5 fit target per code
src/composing/analysis/types/analysistypes.h,literal,614,0.40,<file-scope>,L3-MIXED,constant,UNFIT,no,L3 KeyModeAnalyzerPreferences emission default — empirical/hand-set ('[empirical]'); NOT in param_manifest (only kAnnotateKeyConfidenceThreshold is); Stage-5 fit target per code
src/composing/analysis/types/analysistypes.h,literal,616,2.50,<file-scope>,L3-MIXED,constant,UNFIT,no,L3 KeyModeAnalyzerPreferences emission default — empirical/hand-set ('[empirical]'); NOT in param_manifest (only kAnnotateKeyConfidenceThreshold is); Stage-5 fit target per code
src/composing/analysis/types/analysistypes.h,literal,617,2.50,<file-scope>,L3-MIXED,constant,UNFIT,no,L3 KeyModeAnalyzerPreferences emission default — empirical/hand-set ('[empirical]'); NOT in param_manifest (only kAnnotateKeyConfidenceThreshold is); Stage-5 fit target per code
src/composing/analysis/types/analysistypes.h,literal,619,0.10,<file-scope>,L3-MIXED,constant,UNFIT,no,L3 KeyModeAnalyzerPreferences emission default — empirical/hand-set ('[empirical]'); NOT in param_manifest (only kAnnotateKeyConfidenceThreshold is); Stage-5 fit target per code
src/composing/analysis/types/analysistypes.h,literal,620,5.0,<file-scope>,L3-MIXED,constant,UNFIT,no,L3 KeyModeAnalyzerPreferences emission default — empirical/hand-set ('[empirical]'); NOT in param_manifest (only kAnnotateKeyConfidenceThreshold is); Stage-5 fit target per code
src/composing/analysis/types/analysistypes.h,literal,629,1.80,<file-scope>,L3-MIXED,constant,UNFIT,no,L3 KeyModeAnalyzerPreferences emission default — empirical/hand-set ('[empirical]'); NOT in param_manifest (only kAnnotateKeyConfidenceThreshold is); Stage-5 fit target per code
src/composing/analysis/types/analysistypes.h,literal,630,0.60,<file-scope>,L3-MIXED,constant,UNFIT,no,L3 KeyModeAnalyzerPreferences emission default — empirical/hand-set ('[empirical]'); NOT in param_manifest (only kAnnotateKeyConfidenceThreshold is); Stage-5 fit target per code
src/composing/analysis/types/analysistypes.h,literal,640,1.20,<file-scope>,L3-MIXED,deferred,DEFERRED,no,"Layer-4 (chord) type default in the shared types leaf (ChordAnalyzerPreferences / ChordAnalysisTone / ChordTemporalContext / ParameterBound) — out of L3 scope, deferred to the L4 audit (split recorded)"
src/composing/analysis/types/analysistypes.h,literal,652,1.20,<file-scope>,L3-MIXED,constant,UNFIT,no,L3 KeyModeAnalyzerPreferences emission default — empirical/hand-set ('[empirical]'); NOT in param_manifest (only kAnnotateKeyConfidenceThreshold is); Stage-5 fit target per code
src/composing/analysis/types/analysistypes.h,literal,653,0.50,<file-scope>,L3-MIXED,constant,UNFIT,no,L3 KeyModeAnalyzerPreferences emission default — empirical/hand-set ('[empirical]'); NOT in param_manifest (only kAnnotateKeyConfidenceThreshold is); Stage-5 fit target per code
src/composing/analysis/types/analysistypes.h,literal,654,1.50,<file-scope>,L3-MIXED,constant,UNFIT,no,L3 KeyModeAnalyzerPreferences emission default — empirical/hand-set ('[empirical]'); NOT in param_manifest (only kAnnotateKeyConfidenceThreshold is); Stage-5 fit target per code
src/composing/analysis/types/analysistypes.h,literal,655,1.50,<file-scope>,L3-MIXED,constant,UNFIT,no,L3 KeyModeAnalyzerPreferences emission default — empirical/hand-set ('[empirical]'); NOT in param_manifest (only kAnnotateKeyConfidenceThreshold is); Stage-5 fit target per code
src/composing/analysis/types/analysistypes.h,literal,656,0.50,<file-scope>,L3-MIXED,constant,UNFIT,no,L3 KeyModeAnalyzerPreferences emission default — empirical/hand-set ('[empirical]'); NOT in param_manifest (only kAnnotateKeyConfidenceThreshold is); Stage-5 fit target per code
src/composing/analysis/types/analysistypes.h,literal,657,1.00,<file-scope>,L3-MIXED,constant,UNFIT,no,L3 KeyModeAnalyzerPreferences emission default — empirical/hand-set ('[empirical]'); NOT in param_manifest (only kAnnotateKeyConfidenceThreshold is); Stage-5 fit target per code
src/composing/analysis/types/analysistypes.h,literal,658,3.00,<file-scope>,L3-MIXED,constant,UNFIT,no,L3 KeyModeAnalyzerPreferences emission default — empirical/hand-set ('[empirical]'); NOT in param_manifest (only kAnnotateKeyConfidenceThreshold is); Stage-5 fit target per code
src/composing/analysis/types/analysistypes.h,literal,661,0.50,<file-scope>,L3-MIXED,constant,UNFIT,no,L3 KeyModeAnalyzerPreferences emission default — empirical/hand-set ('[empirical]'); NOT in param_manifest (only kAnnotateKeyConfidenceThreshold is); Stage-5 fit target per code
src/composing/analysis/types/analysistypes.h,literal,662,1.50,<file-scope>,L3-MIXED,constant,UNFIT,no,L3 KeyModeAnalyzerPreferences emission default — empirical/hand-set ('[empirical]'); NOT in param_manifest (only kAnnotateKeyConfidenceThreshold is); Stage-5 fit target per code
src/composing/analysis/types/analysistypes.h,literal,663,2.00,<file-scope>,L3-MIXED,constant,UNFIT,no,L3 KeyModeAnalyzerPreferences emission default — empirical/hand-set ('[empirical]'); NOT in param_manifest (only kAnnotateKeyConfidenceThreshold is); Stage-5 fit target per code
src/composing/analysis/types/analysistypes.h,literal,664,1.00,<file-scope>,L3-MIXED,constant,UNFIT,no,L3 KeyModeAnalyzerPreferences emission default — empirical/hand-set ('[empirical]'); NOT in param_manifest (only kAnnotateKeyConfidenceThreshold is); Stage-5 fit target per code
src/composing/analysis/types/analysistypes.h,literal,665,1.50,<file-scope>,L3-MIXED,constant,UNFIT,no,L3 KeyModeAnalyzerPreferences emission default — empirical/hand-set ('[empirical]'); NOT in param_manifest (only kAnnotateKeyConfidenceThreshold is); Stage-5 fit target per code
src/composing/analysis/types/analysistypes.h,literal,666,2.50,<file-scope>,L3-MIXED,constant,UNFIT,no,L3 KeyModeAnalyzerPreferences emission default — empirical/hand-set ('[empirical]'); NOT in param_manifest (only kAnnotateKeyConfidenceThreshold is); Stage-5 fit target per code
src/composing/analysis/types/analysistypes.h,literal,667,3.50,<file-scope>,L3-MIXED,constant,UNFIT,no,L3 KeyModeAnalyzerPreferences emission default — empirical/hand-set ('[empirical]'); NOT in param_manifest (only kAnnotateKeyConfidenceThreshold is); Stage-5 fit target per code
src/composing/analysis/types/analysistypes.h,literal,670,0.30,<file-scope>,L3-MIXED,constant,UNFIT,no,L3 KeyModeAnalyzerPreferences emission default — empirical/hand-set ('[empirical]'); NOT in param_manifest (only kAnnotateKeyConfidenceThreshold is); Stage-5 fit target per code
src/composing/analysis/types/analysistypes.h,literal,671,2.50,<file-scope>,L3-MIXED,constant,UNFIT,no,L3 KeyModeAnalyzerPreferences emission default — empirical/hand-set ('[empirical]'); NOT in param_manifest (only kAnnotateKeyConfidenceThreshold is); Stage-5 fit target per code
src/composing/analysis/types/analysistypes.h,literal,672,2.00,<file-scope>,L3-MIXED,constant,UNFIT,no,L3 KeyModeAnalyzerPreferences emission default — empirical/hand-set ('[empirical]'); NOT in param_manifest (only kAnnotateKeyConfidenceThreshold is); Stage-5 fit target per code
src/composing/analysis/types/analysistypes.h,literal,673,2.00,<file-scope>,L3-MIXED,constant,UNFIT,no,L3 KeyModeAnalyzerPreferences emission default — empirical/hand-set ('[empirical]'); NOT in param_manifest (only kAnnotateKeyConfidenceThreshold is); Stage-5 fit target per code
src/composing/analysis/types/analysistypes.h,literal,674,0.80,<file-scope>,L3-MIXED,constant,UNFIT,no,L3 KeyModeAnalyzerPreferences emission default — empirical/hand-set ('[empirical]'); NOT in param_manifest (only kAnnotateKeyConfidenceThreshold is); Stage-5 fit target per code
src/composing/analysis/types/analysistypes.h,literal,675,2.50,<file-scope>,L3-MIXED,constant,UNFIT,no,L3 KeyModeAnalyzerPreferences emission default — empirical/hand-set ('[empirical]'); NOT in param_manifest (only kAnnotateKeyConfidenceThreshold is); Stage-5 fit target per code
src/composing/analysis/types/analysistypes.h,literal,676,3.50,<file-scope>,L3-MIXED,constant,UNFIT,no,L3 KeyModeAnalyzerPreferences emission default — empirical/hand-set ('[empirical]'); NOT in param_manifest (only kAnnotateKeyConfidenceThreshold is); Stage-5 fit target per code
src/composing/analysis/types/analysistypes.h,literal,690,2.20,<file-scope>,L3-MIXED,constant,UNFIT,no,L3 KeyModeAnalyzerPreferences emission default — empirical/hand-set ('[empirical]'); NOT in param_manifest (only kAnnotateKeyConfidenceThreshold is); Stage-5 fit target per code
src/composing/analysis/types/analysistypes.h,literal,691,1.00,<file-scope>,L3-MIXED,constant,UNFIT,no,L3 KeyModeAnalyzerPreferences emission default — empirical/hand-set ('[empirical]'); NOT in param_manifest (only kAnnotateKeyConfidenceThreshold is); Stage-5 fit target per code
src/composing/analysis/types/analysistypes.h,literal,692,0.70,<file-scope>,L3-MIXED,constant,UNFIT,no,L3 KeyModeAnalyzerPreferences emission default — empirical/hand-set ('[empirical]'); NOT in param_manifest (only kAnnotateKeyConfidenceThreshold is); Stage-5 fit target per code
src/composing/analysis/types/analysistypes.h,literal,693,0.50,<file-scope>,L3-MIXED,constant,UNFIT,no,L3 KeyModeAnalyzerPreferences emission default — empirical/hand-set ('[empirical]'); NOT in param_manifest (only kAnnotateKeyConfidenceThreshold is); Stage-5 fit target per code
src/composing/analysis/types/analysistypes.h,literal,694,2.00,<file-scope>,L3-MIXED,constant,UNFIT,no,L3 KeyModeAnalyzerPreferences emission default — empirical/hand-set ('[empirical]'); NOT in param_manifest (only kAnnotateKeyConfidenceThreshold is); Stage-5 fit target per code
src/composing/analysis/types/analysistypes.h,literal,695,0.25,<file-scope>,L3-MIXED,constant,UNFIT,no,L3 KeyModeAnalyzerPreferences emission default — empirical/hand-set ('[empirical]'); NOT in param_manifest (only kAnnotateKeyConfidenceThreshold is); Stage-5 fit target per code
src/composing/analysis/types/analysistypes.h,literal,704,0.60,<file-scope>,L3-MIXED,constant,UNFIT,no,L3 KeyModeAnalyzerPreferences emission default — empirical/hand-set ('[empirical]'); NOT in param_manifest (only kAnnotateKeyConfidenceThreshold is); Stage-5 fit target per code
src/composing/analysis/types/analysistypes.h,literal,714,4.50,<file-scope>,L3-MIXED,constant,UNFIT,no,L3 KeyModeAnalyzerPreferences emission default — empirical/hand-set ('[empirical]'); NOT in param_manifest (only kAnnotateKeyConfidenceThreshold is); Stage-5 fit target per code
src/composing/analysis/types/analysistypes.h,literal,715,1.50,<file-scope>,L3-MIXED,constant,UNFIT,no,L3 KeyModeAnalyzerPreferences emission default — empirical/hand-set ('[empirical]'); NOT in param_manifest (only kAnnotateKeyConfidenceThreshold is); Stage-5 fit target per code
src/composing/analysis/types/analysistypes.h,literal,716,1.00,<file-scope>,L3-MIXED,deferred,DEFERRED,no,"Layer-4 (chord) type default in the shared types leaf (ChordAnalyzerPreferences / ChordAnalysisTone / ChordTemporalContext / ParameterBound) — out of L3 scope, deferred to the L4 audit (split recorded)"
src/composing/analysis/types/analysistypes.h,literal,733,1.0,<file-scope>,L3-MIXED,constant,UNFIT,no,L3 KeyModeAnalyzerPreferences emission default — empirical/hand-set ('[empirical]'); NOT in param_manifest (only kAnnotateKeyConfidenceThreshold is); Stage-5 fit target per code
src/composing/analysis/types/analysistypes.h,literal,758,2.0,<file-scope>,L3-MIXED,constant,UNFIT,no,L3 KeyModeAnalyzerPreferences emission default — empirical/hand-set ('[empirical]'); NOT in param_manifest (only kAnnotateKeyConfidenceThreshold is); Stage-5 fit target per code
src/composing/analysis/types/analysistypes.h,literal,759,1.5,<file-scope>,L3-MIXED,constant,UNFIT,no,L3 KeyModeAnalyzerPreferences emission default — empirical/hand-set ('[empirical]'); NOT in param_manifest (only kAnnotateKeyConfidenceThreshold is); Stage-5 fit target per code
src/composing/analysis/types/analysistypes.h,literal,770,0.60,<file-scope>,L3-MIXED,constant,UNFIT,no,L3 KeyModeAnalyzerPreferences emission default — empirical/hand-set ('[empirical]'); NOT in param_manifest (only kAnnotateKeyConfidenceThreshold is); Stage-5 fit target per code
src/composing/analysis/types/analysistypes.h,literal,771,2,<file-scope>,L3-MIXED,constant,UNFIT,no,L3 KeyModeAnalyzerPreferences emission default — empirical/hand-set ('[empirical]'); NOT in param_manifest (only kAnnotateKeyConfidenceThreshold is); Stage-5 fit target per code
src/composing/analysis/types/analysistypes.h,literal,772,24,<file-scope>,L3-MIXED,constant,UNFIT,no,L3 KeyModeAnalyzerPreferences emission default — empirical/hand-set ('[empirical]'); NOT in param_manifest (only kAnnotateKeyConfidenceThreshold is); Stage-5 fit target per code
src/composing/analysis/types/analysistypes.h,literal,782,2.0,<file-scope>,L3-MIXED,constant,UNFIT,no,L3 KeyModeAnalyzerPreferences emission default — empirical/hand-set ('[empirical]'); NOT in param_manifest (only kAnnotateKeyConfidenceThreshold is); Stage-5 fit target per code
src/composing/analysis/types/analysistypes.h,literal,788,2.0,<file-scope>,L3-MIXED,constant,UNFIT,no,L3 KeyModeAnalyzerPreferences emission default — empirical/hand-set ('[empirical]'); NOT in param_manifest (only kAnnotateKeyConfidenceThreshold is); Stage-5 fit target per code
src/composing/analysis/types/analysistypes.h,literal,797,1.0,<file-scope>,L3-MIXED,constant,UNFIT,no,L3 KeyModeAnalyzerPreferences emission default — empirical/hand-set ('[empirical]'); NOT in param_manifest (only kAnnotateKeyConfidenceThreshold is); Stage-5 fit target per code
src/composing/analysis/types/analysistypes.h,literal,798,0.7,<file-scope>,L3-MIXED,constant,UNFIT,no,L3 KeyModeAnalyzerPreferences emission default — empirical/hand-set ('[empirical]'); NOT in param_manifest (only kAnnotateKeyConfidenceThreshold is); Stage-5 fit target per code
src/composing/analysis/types/analysistypes.h,literal,799,0.7,<file-scope>,L3-MIXED,constant,UNFIT,no,L3 KeyModeAnalyzerPreferences emission default — empirical/hand-set ('[empirical]'); NOT in param_manifest (only kAnnotateKeyConfidenceThreshold is); Stage-5 fit target per code
src/composing/analysis/types/analysistypes.h,literal,800,0.4,<file-scope>,L3-MIXED,constant,UNFIT,no,L3 KeyModeAnalyzerPreferences emission default — empirical/hand-set ('[empirical]'); NOT in param_manifest (only kAnnotateKeyConfidenceThreshold is); Stage-5 fit target per code
src/composing/analysis/types/analysistypes.h,literal,801,0.4,<file-scope>,L3-MIXED,constant,UNFIT,no,L3 KeyModeAnalyzerPreferences emission default — empirical/hand-set ('[empirical]'); NOT in param_manifest (only kAnnotateKeyConfidenceThreshold is); Stage-5 fit target per code
src/composing/analysis/types/analysistypes.h,literal,802,0.2,<file-scope>,L3-MIXED,constant,UNFIT,no,L3 KeyModeAnalyzerPreferences emission default — empirical/hand-set ('[empirical]'); NOT in param_manifest (only kAnnotateKeyConfidenceThreshold is); Stage-5 fit target per code
src/composing/analysis/types/analysistypes.h,literal,803,0.2,<file-scope>,L3-MIXED,constant,UNFIT,no,L3 KeyModeAnalyzerPreferences emission default — empirical/hand-set ('[empirical]'); NOT in param_manifest (only kAnnotateKeyConfidenceThreshold is); Stage-5 fit target per code
src/composing/analysis/types/analysistypes.h,literal,819,1.0,bounds,L3-MIXED,constant,UNFIT,no,L3 KeyModeAnalyzerPreferences emission default — empirical/hand-set ('[empirical]'); NOT in param_manifest (only kAnnotateKeyConfidenceThreshold is); Stage-5 fit target per code
src/composing/analysis/types/analysistypes.h,literal,819,6.0,bounds,L3-MIXED,constant,UNFIT,no,L3 KeyModeAnalyzerPreferences emission default — empirical/hand-set ('[empirical]'); NOT in param_manifest (only kAnnotateKeyConfidenceThreshold is); Stage-5 fit target per code
src/composing/analysis/types/analysistypes.h,literal,820,1.0,bounds,L3-MIXED,constant,UNFIT,no,L3 KeyModeAnalyzerPreferences emission default — empirical/hand-set ('[empirical]'); NOT in param_manifest (only kAnnotateKeyConfidenceThreshold is); Stage-5 fit target per code
src/composing/analysis/types/analysistypes.h,literal,820,4.0,bounds,L3-MIXED,constant,UNFIT,no,L3 KeyModeAnalyzerPreferences emission default — empirical/hand-set ('[empirical]'); NOT in param_manifest (only kAnnotateKeyConfidenceThreshold is); Stage-5 fit target per code
src/composing/analysis/types/analysistypes.h,literal,822,0.5,bounds,L3-MIXED,constant,UNFIT,no,L3 KeyModeAnalyzerPreferences emission default — empirical/hand-set ('[empirical]'); NOT in param_manifest (only kAnnotateKeyConfidenceThreshold is); Stage-5 fit target per code
src/composing/analysis/types/analysistypes.h,literal,822,2.0,bounds,L3-MIXED,constant,UNFIT,no,L3 KeyModeAnalyzerPreferences emission default — empirical/hand-set ('[empirical]'); NOT in param_manifest (only kAnnotateKeyConfidenceThreshold is); Stage-5 fit target per code
src/composing/analysis/types/analysistypes.h,literal,823,0.0,bounds,L3-MIXED,constant,UNFIT,no,L3 KeyModeAnalyzerPreferences emission default — empirical/hand-set ('[empirical]'); NOT in param_manifest (only kAnnotateKeyConfidenceThreshold is); Stage-5 fit target per code
src/composing/analysis/types/analysistypes.h,literal,823,1.0,bounds,L3-MIXED,constant,UNFIT,no,L3 KeyModeAnalyzerPreferences emission default — empirical/hand-set ('[empirical]'); NOT in param_manifest (only kAnnotateKeyConfidenceThreshold is); Stage-5 fit target per code
src/composing/analysis/types/analysistypes.h,literal,824,1.0,bounds,L3-MIXED,constant,UNFIT,no,L3 KeyModeAnalyzerPreferences emission default — empirical/hand-set ('[empirical]'); NOT in param_manifest (only kAnnotateKeyConfidenceThreshold is); Stage-5 fit target per code
src/composing/analysis/types/analysistypes.h,literal,824,0.0,bounds,L3-MIXED,constant,UNFIT,no,L3 KeyModeAnalyzerPreferences emission default — empirical/hand-set ('[empirical]'); NOT in param_manifest (only kAnnotateKeyConfidenceThreshold is); Stage-5 fit target per code
src/composing/analysis/types/analysistypes.h,literal,825,0.5,bounds,L3-MIXED,constant,UNFIT,no,L3 KeyModeAnalyzerPreferences emission default — empirical/hand-set ('[empirical]'); NOT in param_manifest (only kAnnotateKeyConfidenceThreshold is); Stage-5 fit target per code
src/composing/analysis/types/analysistypes.h,literal,825,0.0,bounds,L3-MIXED,constant,UNFIT,no,L3 KeyModeAnalyzerPreferences emission default — empirical/hand-set ('[empirical]'); NOT in param_manifest (only kAnnotateKeyConfidenceThreshold is); Stage-5 fit target per code
src/composing/analysis/types/analysistypes.h,literal,827,0.5,bounds,L3-MIXED,constant,UNFIT,no,L3 KeyModeAnalyzerPreferences emission default — empirical/hand-set ('[empirical]'); NOT in param_manifest (only kAnnotateKeyConfidenceThreshold is); Stage-5 fit target per code
src/composing/analysis/types/analysistypes.h,literal,827,3.0,bounds,L3-MIXED,constant,UNFIT,no,L3 KeyModeAnalyzerPreferences emission default — empirical/hand-set ('[empirical]'); NOT in param_manifest (only kAnnotateKeyConfidenceThreshold is); Stage-5 fit target per code
src/composing/analysis/types/analysistypes.h,literal,828,0.0,bounds,L3-MIXED,constant,UNFIT,no,L3 KeyModeAnalyzerPreferences emission default — empirical/hand-set ('[empirical]'); NOT in param_manifest (only kAnnotateKeyConfidenceThreshold is); Stage-5 fit target per code
src/composing/analysis/types/analysistypes.h,literal,828,2.0,bounds,L3-MIXED,constant,UNFIT,no,L3 KeyModeAnalyzerPreferences emission default — empirical/hand-set ('[empirical]'); NOT in param_manifest (only kAnnotateKeyConfidenceThreshold is); Stage-5 fit target per code
src/composing/analysis/types/analysistypes.h,literal,829,0.0,bounds,L3-MIXED,constant,UNFIT,no,L3 KeyModeAnalyzerPreferences emission default — empirical/hand-set ('[empirical]'); NOT in param_manifest (only kAnnotateKeyConfidenceThreshold is); Stage-5 fit target per code
src/composing/analysis/types/analysistypes.h,literal,829,2.0,bounds,L3-MIXED,constant,UNFIT,no,L3 KeyModeAnalyzerPreferences emission default — empirical/hand-set ('[empirical]'); NOT in param_manifest (only kAnnotateKeyConfidenceThreshold is); Stage-5 fit target per code
src/composing/analysis/types/analysistypes.h,literal,830,0.0,bounds,L3-MIXED,constant,UNFIT,no,L3 KeyModeAnalyzerPreferences emission default — empirical/hand-set ('[empirical]'); NOT in param_manifest (only kAnnotateKeyConfidenceThreshold is); Stage-5 fit target per code
src/composing/analysis/types/analysistypes.h,literal,830,1.5,bounds,L3-MIXED,constant,UNFIT,no,L3 KeyModeAnalyzerPreferences emission default — empirical/hand-set ('[empirical]'); NOT in param_manifest (only kAnnotateKeyConfidenceThreshold is); Stage-5 fit target per code
src/composing/analysis/types/analysistypes.h,literal,831,0.5,bounds,L3-MIXED,constant,UNFIT,no,L3 KeyModeAnalyzerPreferences emission default — empirical/hand-set ('[empirical]'); NOT in param_manifest (only kAnnotateKeyConfidenceThreshold is); Stage-5 fit target per code
src/composing/analysis/types/analysistypes.h,literal,831,5.0,bounds,L3-MIXED,constant,UNFIT,no,L3 KeyModeAnalyzerPreferences emission default — empirical/hand-set ('[empirical]'); NOT in param_manifest (only kAnnotateKeyConfidenceThreshold is); Stage-5 fit target per code
src/composing/analysis/types/analysistypes.h,literal,832,5.0,bounds,L3-MIXED,constant,UNFIT,no,L3 KeyModeAnalyzerPreferences emission default — empirical/hand-set ('[empirical]'); NOT in param_manifest (only kAnnotateKeyConfidenceThreshold is); Stage-5 fit target per code
src/composing/analysis/types/analysistypes.h,literal,832,0.5,bounds,L3-MIXED,constant,UNFIT,no,L3 KeyModeAnalyzerPreferences emission default — empirical/hand-set ('[empirical]'); NOT in param_manifest (only kAnnotateKeyConfidenceThreshold is); Stage-5 fit target per code
src/composing/analysis/types/analysistypes.h,literal,833,0.0,bounds,L3-MIXED,constant,UNFIT,no,L3 KeyModeAnalyzerPreferences emission default — empirical/hand-set ('[empirical]'); NOT in param_manifest (only kAnnotateKeyConfidenceThreshold is); Stage-5 fit target per code
src/composing/analysis/types/analysistypes.h,literal,833,0.5,bounds,L3-MIXED,constant,UNFIT,no,L3 KeyModeAnalyzerPreferences emission default — empirical/hand-set ('[empirical]'); NOT in param_manifest (only kAnnotateKeyConfidenceThreshold is); Stage-5 fit target per code
src/composing/analysis/types/analysistypes.h,literal,834,1.0,bounds,L3-MIXED,constant,UNFIT,no,L3 KeyModeAnalyzerPreferences emission default — empirical/hand-set ('[empirical]'); NOT in param_manifest (only kAnnotateKeyConfidenceThreshold is); Stage-5 fit target per code
src/composing/analysis/types/analysistypes.h,literal,834,10.0,bounds,L3-MIXED,constant,UNFIT,no,L3 KeyModeAnalyzerPreferences emission default — empirical/hand-set ('[empirical]'); NOT in param_manifest (only kAnnotateKeyConfidenceThreshold is); Stage-5 fit target per code
src/composing/analysis/types/analysistypes.h,literal,836,0.5,bounds,L3-MIXED,constant,UNFIT,no,L3 KeyModeAnalyzerPreferences emission default — empirical/hand-set ('[empirical]'); NOT in param_manifest (only kAnnotateKeyConfidenceThreshold is); Stage-5 fit target per code
src/composing/analysis/types/analysistypes.h,literal,836,4.0,bounds,L3-MIXED,constant,UNFIT,no,L3 KeyModeAnalyzerPreferences emission default — empirical/hand-set ('[empirical]'); NOT in param_manifest (only kAnnotateKeyConfidenceThreshold is); Stage-5 fit target per code
src/composing/analysis/types/analysistypes.h,literal,837,2.0,bounds,L3-MIXED,constant,UNFIT,no,L3 KeyModeAnalyzerPreferences emission default — empirical/hand-set ('[empirical]'); NOT in param_manifest (only kAnnotateKeyConfidenceThreshold is); Stage-5 fit target per code
src/composing/analysis/types/analysistypes.h,literal,837,0.0,bounds,L3-MIXED,constant,UNFIT,no,L3 KeyModeAnalyzerPreferences emission default — empirical/hand-set ('[empirical]'); NOT in param_manifest (only kAnnotateKeyConfidenceThreshold is); Stage-5 fit target per code
src/composing/analysis/types/analysistypes.h,literal,839,0.0,bounds,L3-MIXED,deferred,DEFERRED,no,"Layer-4 (chord) type default in the shared types leaf (ChordAnalyzerPreferences / ChordAnalysisTone / ChordTemporalContext / ParameterBound) — out of L3 scope, deferred to the L4 audit (split recorded)"
src/composing/analysis/types/analysistypes.h,literal,839,3.0,bounds,L3-MIXED,deferred,DEFERRED,no,"Layer-4 (chord) type default in the shared types leaf (ChordAnalyzerPreferences / ChordAnalysisTone / ChordTemporalContext / ParameterBound) — out of L3 scope, deferred to the L4 audit (split recorded)"
src/composing/analysis/types/analysistypes.h,literal,841,5.0,bounds,L3-MIXED,constant,UNFIT,no,L3 KeyModeAnalyzerPreferences emission default — empirical/hand-set ('[empirical]'); NOT in param_manifest (only kAnnotateKeyConfidenceThreshold is); Stage-5 fit target per code
src/composing/analysis/types/analysistypes.h,literal,841,5.0,bounds,L3-MIXED,constant,UNFIT,no,L3 KeyModeAnalyzerPreferences emission default — empirical/hand-set ('[empirical]'); NOT in param_manifest (only kAnnotateKeyConfidenceThreshold is); Stage-5 fit target per code
src/composing/analysis/types/analysistypes.h,literal,842,5.0,bounds,L3-MIXED,constant,UNFIT,no,L3 KeyModeAnalyzerPreferences emission default — empirical/hand-set ('[empirical]'); NOT in param_manifest (only kAnnotateKeyConfidenceThreshold is); Stage-5 fit target per code
src/composing/analysis/types/analysistypes.h,literal,842,5.0,bounds,L3-MIXED,constant,UNFIT,no,L3 KeyModeAnalyzerPreferences emission default — empirical/hand-set ('[empirical]'); NOT in param_manifest (only kAnnotateKeyConfidenceThreshold is); Stage-5 fit target per code
src/composing/analysis/types/analysistypes.h,literal,843,5.0,bounds,L3-MIXED,constant,UNFIT,no,L3 KeyModeAnalyzerPreferences emission default — empirical/hand-set ('[empirical]'); NOT in param_manifest (only kAnnotateKeyConfidenceThreshold is); Stage-5 fit target per code
src/composing/analysis/types/analysistypes.h,literal,843,5.0,bounds,L3-MIXED,constant,UNFIT,no,L3 KeyModeAnalyzerPreferences emission default — empirical/hand-set ('[empirical]'); NOT in param_manifest (only kAnnotateKeyConfidenceThreshold is); Stage-5 fit target per code
src/composing/analysis/types/analysistypes.h,literal,844,5.0,bounds,L3-MIXED,constant,UNFIT,no,L3 KeyModeAnalyzerPreferences emission default — empirical/hand-set ('[empirical]'); NOT in param_manifest (only kAnnotateKeyConfidenceThreshold is); Stage-5 fit target per code
src/composing/analysis/types/analysistypes.h,literal,844,5.0,bounds,L3-MIXED,constant,UNFIT,no,L3 KeyModeAnalyzerPreferences emission default — empirical/hand-set ('[empirical]'); NOT in param_manifest (only kAnnotateKeyConfidenceThreshold is); Stage-5 fit target per code
src/composing/analysis/types/analysistypes.h,literal,845,5.0,bounds,L3-MIXED,constant,UNFIT,no,L3 KeyModeAnalyzerPreferences emission default — empirical/hand-set ('[empirical]'); NOT in param_manifest (only kAnnotateKeyConfidenceThreshold is); Stage-5 fit target per code
src/composing/analysis/types/analysistypes.h,literal,845,5.0,bounds,L3-MIXED,constant,UNFIT,no,L3 KeyModeAnalyzerPreferences emission default — empirical/hand-set ('[empirical]'); NOT in param_manifest (only kAnnotateKeyConfidenceThreshold is); Stage-5 fit target per code
src/composing/analysis/types/analysistypes.h,literal,846,5.0,bounds,L3-MIXED,constant,UNFIT,no,L3 KeyModeAnalyzerPreferences emission default — empirical/hand-set ('[empirical]'); NOT in param_manifest (only kAnnotateKeyConfidenceThreshold is); Stage-5 fit target per code
src/composing/analysis/types/analysistypes.h,literal,846,5.0,bounds,L3-MIXED,constant,UNFIT,no,L3 KeyModeAnalyzerPreferences emission default — empirical/hand-set ('[empirical]'); NOT in param_manifest (only kAnnotateKeyConfidenceThreshold is); Stage-5 fit target per code
src/composing/analysis/types/analysistypes.h,literal,847,5.0,bounds,L3-MIXED,constant,UNFIT,no,L3 KeyModeAnalyzerPreferences emission default — empirical/hand-set ('[empirical]'); NOT in param_manifest (only kAnnotateKeyConfidenceThreshold is); Stage-5 fit target per code
src/composing/analysis/types/analysistypes.h,literal,847,5.0,bounds,L3-MIXED,constant,UNFIT,no,L3 KeyModeAnalyzerPreferences emission default — empirical/hand-set ('[empirical]'); NOT in param_manifest (only kAnnotateKeyConfidenceThreshold is); Stage-5 fit target per code
src/composing/analysis/types/analysistypes.h,literal,848,5.0,bounds,L3-MIXED,constant,UNFIT,no,L3 KeyModeAnalyzerPreferences emission default — empirical/hand-set ('[empirical]'); NOT in param_manifest (only kAnnotateKeyConfidenceThreshold is); Stage-5 fit target per code
src/composing/analysis/types/analysistypes.h,literal,848,5.0,bounds,L3-MIXED,constant,UNFIT,no,L3 KeyModeAnalyzerPreferences emission default — empirical/hand-set ('[empirical]'); NOT in param_manifest (only kAnnotateKeyConfidenceThreshold is); Stage-5 fit target per code
src/composing/analysis/types/analysistypes.h,literal,849,5.0,bounds,L3-MIXED,constant,UNFIT,no,L3 KeyModeAnalyzerPreferences emission default — empirical/hand-set ('[empirical]'); NOT in param_manifest (only kAnnotateKeyConfidenceThreshold is); Stage-5 fit target per code
src/composing/analysis/types/analysistypes.h,literal,849,5.0,bounds,L3-MIXED,constant,UNFIT,no,L3 KeyModeAnalyzerPreferences emission default — empirical/hand-set ('[empirical]'); NOT in param_manifest (only kAnnotateKeyConfidenceThreshold is); Stage-5 fit target per code
src/composing/analysis/types/analysistypes.h,literal,850,5.0,bounds,L3-MIXED,constant,UNFIT,no,L3 KeyModeAnalyzerPreferences emission default — empirical/hand-set ('[empirical]'); NOT in param_manifest (only kAnnotateKeyConfidenceThreshold is); Stage-5 fit target per code
src/composing/analysis/types/analysistypes.h,literal,850,5.0,bounds,L3-MIXED,constant,UNFIT,no,L3 KeyModeAnalyzerPreferences emission default — empirical/hand-set ('[empirical]'); NOT in param_manifest (only kAnnotateKeyConfidenceThreshold is); Stage-5 fit target per code
src/composing/analysis/types/analysistypes.h,literal,851,5.0,bounds,L3-MIXED,constant,UNFIT,no,L3 KeyModeAnalyzerPreferences emission default — empirical/hand-set ('[empirical]'); NOT in param_manifest (only kAnnotateKeyConfidenceThreshold is); Stage-5 fit target per code
src/composing/analysis/types/analysistypes.h,literal,851,5.0,bounds,L3-MIXED,constant,UNFIT,no,L3 KeyModeAnalyzerPreferences emission default — empirical/hand-set ('[empirical]'); NOT in param_manifest (only kAnnotateKeyConfidenceThreshold is); Stage-5 fit target per code
src/composing/analysis/types/analysistypes.h,literal,852,5.0,bounds,L3-MIXED,constant,UNFIT,no,L3 KeyModeAnalyzerPreferences emission default — empirical/hand-set ('[empirical]'); NOT in param_manifest (only kAnnotateKeyConfidenceThreshold is); Stage-5 fit target per code
src/composing/analysis/types/analysistypes.h,literal,852,5.0,bounds,L3-MIXED,constant,UNFIT,no,L3 KeyModeAnalyzerPreferences emission default — empirical/hand-set ('[empirical]'); NOT in param_manifest (only kAnnotateKeyConfidenceThreshold is); Stage-5 fit target per code
src/composing/analysis/types/analysistypes.h,literal,853,5.0,bounds,L3-MIXED,constant,UNFIT,no,L3 KeyModeAnalyzerPreferences emission default — empirical/hand-set ('[empirical]'); NOT in param_manifest (only kAnnotateKeyConfidenceThreshold is); Stage-5 fit target per code
src/composing/analysis/types/analysistypes.h,literal,853,5.0,bounds,L3-MIXED,constant,UNFIT,no,L3 KeyModeAnalyzerPreferences emission default — empirical/hand-set ('[empirical]'); NOT in param_manifest (only kAnnotateKeyConfidenceThreshold is); Stage-5 fit target per code
src/composing/analysis/types/analysistypes.h,literal,854,5.0,bounds,L3-MIXED,constant,UNFIT,no,L3 KeyModeAnalyzerPreferences emission default — empirical/hand-set ('[empirical]'); NOT in param_manifest (only kAnnotateKeyConfidenceThreshold is); Stage-5 fit target per code
src/composing/analysis/types/analysistypes.h,literal,854,5.0,bounds,L3-MIXED,constant,UNFIT,no,L3 KeyModeAnalyzerPreferences emission default — empirical/hand-set ('[empirical]'); NOT in param_manifest (only kAnnotateKeyConfidenceThreshold is); Stage-5 fit target per code
src/composing/analysis/types/analysistypes.h,literal,855,5.0,bounds,L3-MIXED,constant,UNFIT,no,L3 KeyModeAnalyzerPreferences emission default — empirical/hand-set ('[empirical]'); NOT in param_manifest (only kAnnotateKeyConfidenceThreshold is); Stage-5 fit target per code
src/composing/analysis/types/analysistypes.h,literal,855,5.0,bounds,L3-MIXED,constant,UNFIT,no,L3 KeyModeAnalyzerPreferences emission default — empirical/hand-set ('[empirical]'); NOT in param_manifest (only kAnnotateKeyConfidenceThreshold is); Stage-5 fit target per code
src/composing/analysis/types/analysistypes.h,literal,856,5.0,bounds,L3-MIXED,constant,UNFIT,no,L3 KeyModeAnalyzerPreferences emission default — empirical/hand-set ('[empirical]'); NOT in param_manifest (only kAnnotateKeyConfidenceThreshold is); Stage-5 fit target per code
src/composing/analysis/types/analysistypes.h,literal,856,5.0,bounds,L3-MIXED,constant,UNFIT,no,L3 KeyModeAnalyzerPreferences emission default — empirical/hand-set ('[empirical]'); NOT in param_manifest (only kAnnotateKeyConfidenceThreshold is); Stage-5 fit target per code
src/composing/analysis/types/analysistypes.h,literal,857,5.0,bounds,L3-MIXED,constant,UNFIT,no,L3 KeyModeAnalyzerPreferences emission default — empirical/hand-set ('[empirical]'); NOT in param_manifest (only kAnnotateKeyConfidenceThreshold is); Stage-5 fit target per code
src/composing/analysis/types/analysistypes.h,literal,857,5.0,bounds,L3-MIXED,constant,UNFIT,no,L3 KeyModeAnalyzerPreferences emission default — empirical/hand-set ('[empirical]'); NOT in param_manifest (only kAnnotateKeyConfidenceThreshold is); Stage-5 fit target per code
src/composing/analysis/types/analysistypes.h,literal,858,5.0,bounds,L3-MIXED,constant,UNFIT,no,L3 KeyModeAnalyzerPreferences emission default — empirical/hand-set ('[empirical]'); NOT in param_manifest (only kAnnotateKeyConfidenceThreshold is); Stage-5 fit target per code
src/composing/analysis/types/analysistypes.h,literal,858,5.0,bounds,L3-MIXED,constant,UNFIT,no,L3 KeyModeAnalyzerPreferences emission default — empirical/hand-set ('[empirical]'); NOT in param_manifest (only kAnnotateKeyConfidenceThreshold is); Stage-5 fit target per code
src/composing/analysis/types/analysistypes.h,literal,859,5.0,bounds,L3-MIXED,constant,UNFIT,no,L3 KeyModeAnalyzerPreferences emission default — empirical/hand-set ('[empirical]'); NOT in param_manifest (only kAnnotateKeyConfidenceThreshold is); Stage-5 fit target per code
src/composing/analysis/types/analysistypes.h,literal,859,5.0,bounds,L3-MIXED,constant,UNFIT,no,L3 KeyModeAnalyzerPreferences emission default — empirical/hand-set ('[empirical]'); NOT in param_manifest (only kAnnotateKeyConfidenceThreshold is); Stage-5 fit target per code
src/composing/analysis/types/analysistypes.h,literal,860,5.0,bounds,L3-MIXED,constant,UNFIT,no,L3 KeyModeAnalyzerPreferences emission default — empirical/hand-set ('[empirical]'); NOT in param_manifest (only kAnnotateKeyConfidenceThreshold is); Stage-5 fit target per code
src/composing/analysis/types/analysistypes.h,literal,860,5.0,bounds,L3-MIXED,constant,UNFIT,no,L3 KeyModeAnalyzerPreferences emission default — empirical/hand-set ('[empirical]'); NOT in param_manifest (only kAnnotateKeyConfidenceThreshold is); Stage-5 fit target per code
src/composing/analysis/types/analysistypes.h,literal,861,5.0,bounds,L3-MIXED,constant,UNFIT,no,L3 KeyModeAnalyzerPreferences emission default — empirical/hand-set ('[empirical]'); NOT in param_manifest (only kAnnotateKeyConfidenceThreshold is); Stage-5 fit target per code
src/composing/analysis/types/analysistypes.h,literal,861,5.0,bounds,L3-MIXED,constant,UNFIT,no,L3 KeyModeAnalyzerPreferences emission default — empirical/hand-set ('[empirical]'); NOT in param_manifest (only kAnnotateKeyConfidenceThreshold is); Stage-5 fit target per code
src/composing/analysis/types/analysistypes.h,literal,863,0.5,bounds,L3-MIXED,constant,UNFIT,no,L3 KeyModeAnalyzerPreferences emission default — empirical/hand-set ('[empirical]'); NOT in param_manifest (only kAnnotateKeyConfidenceThreshold is); Stage-5 fit target per code
src/composing/analysis/types/analysistypes.h,literal,863,4.0,bounds,L3-MIXED,constant,UNFIT,no,L3 KeyModeAnalyzerPreferences emission default — empirical/hand-set ('[empirical]'); NOT in param_manifest (only kAnnotateKeyConfidenceThreshold is); Stage-5 fit target per code
src/composing/analysis/types/analysistypes.h,literal,864,0.0,bounds,L3-MIXED,constant,UNFIT,no,L3 KeyModeAnalyzerPreferences emission default — empirical/hand-set ('[empirical]'); NOT in param_manifest (only kAnnotateKeyConfidenceThreshold is); Stage-5 fit target per code
src/composing/analysis/types/analysistypes.h,literal,864,2.0,bounds,L3-MIXED,constant,UNFIT,no,L3 KeyModeAnalyzerPreferences emission default — empirical/hand-set ('[empirical]'); NOT in param_manifest (only kAnnotateKeyConfidenceThreshold is); Stage-5 fit target per code
src/composing/analysis/types/analysistypes.h,literal,865,0.0,bounds,L3-MIXED,constant,UNFIT,no,L3 KeyModeAnalyzerPreferences emission default — empirical/hand-set ('[empirical]'); NOT in param_manifest (only kAnnotateKeyConfidenceThreshold is); Stage-5 fit target per code
src/composing/analysis/types/analysistypes.h,literal,865,2.0,bounds,L3-MIXED,constant,UNFIT,no,L3 KeyModeAnalyzerPreferences emission default — empirical/hand-set ('[empirical]'); NOT in param_manifest (only kAnnotateKeyConfidenceThreshold is); Stage-5 fit target per code
src/composing/analysis/types/analysistypes.h,literal,866,0.0,bounds,L3-MIXED,constant,UNFIT,no,L3 KeyModeAnalyzerPreferences emission default — empirical/hand-set ('[empirical]'); NOT in param_manifest (only kAnnotateKeyConfidenceThreshold is); Stage-5 fit target per code
src/composing/analysis/types/analysistypes.h,literal,866,1.5,bounds,L3-MIXED,constant,UNFIT,no,L3 KeyModeAnalyzerPreferences emission default — empirical/hand-set ('[empirical]'); NOT in param_manifest (only kAnnotateKeyConfidenceThreshold is); Stage-5 fit target per code
src/composing/analysis/types/analysistypes.h,literal,867,0.5,bounds,L3-MIXED,constant,UNFIT,no,L3 KeyModeAnalyzerPreferences emission default — empirical/hand-set ('[empirical]'); NOT in param_manifest (only kAnnotateKeyConfidenceThreshold is); Stage-5 fit target per code
src/composing/analysis/types/analysistypes.h,literal,867,5.0,bounds,L3-MIXED,constant,UNFIT,no,L3 KeyModeAnalyzerPreferences emission default — empirical/hand-set ('[empirical]'); NOT in param_manifest (only kAnnotateKeyConfidenceThreshold is); Stage-5 fit target per code
src/composing/analysis/types/analysistypes.h,literal,868,0.0,bounds,L3-MIXED,constant,UNFIT,no,L3 KeyModeAnalyzerPreferences emission default — empirical/hand-set ('[empirical]'); NOT in param_manifest (only kAnnotateKeyConfidenceThreshold is); Stage-5 fit target per code
src/composing/analysis/types/analysistypes.h,literal,868,1.0,bounds,L3-MIXED,constant,UNFIT,no,L3 KeyModeAnalyzerPreferences emission default — empirical/hand-set ('[empirical]'); NOT in param_manifest (only kAnnotateKeyConfidenceThreshold is); Stage-5 fit target per code
src/composing/analysis/types/analysistypes.h,literal,870,0.0,bounds,L3-MIXED,constant,UNFIT,no,L3 KeyModeAnalyzerPreferences emission default — empirical/hand-set ('[empirical]'); NOT in param_manifest (only kAnnotateKeyConfidenceThreshold is); Stage-5 fit target per code
src/composing/analysis/types/analysistypes.h,literal,870,2.0,bounds,L3-MIXED,constant,UNFIT,no,L3 KeyModeAnalyzerPreferences emission default — empirical/hand-set ('[empirical]'); NOT in param_manifest (only kAnnotateKeyConfidenceThreshold is); Stage-5 fit target per code
src/composing/analysis/types/analysistypes.h,literal,872,1.0,bounds,L3-MIXED,constant,UNFIT,no,L3 KeyModeAnalyzerPreferences emission default — empirical/hand-set ('[empirical]'); NOT in param_manifest (only kAnnotateKeyConfidenceThreshold is); Stage-5 fit target per code
src/composing/analysis/types/analysistypes.h,literal,872,8.0,bounds,L3-MIXED,constant,UNFIT,no,L3 KeyModeAnalyzerPreferences emission default — empirical/hand-set ('[empirical]'); NOT in param_manifest (only kAnnotateKeyConfidenceThreshold is); Stage-5 fit target per code
src/composing/analysis/types/analysistypes.h,literal,873,0.0,bounds,L3-MIXED,constant,UNFIT,no,L3 KeyModeAnalyzerPreferences emission default — empirical/hand-set ('[empirical]'); NOT in param_manifest (only kAnnotateKeyConfidenceThreshold is); Stage-5 fit target per code
src/composing/analysis/types/analysistypes.h,literal,873,4.0,bounds,L3-MIXED,constant,UNFIT,no,L3 KeyModeAnalyzerPreferences emission default — empirical/hand-set ('[empirical]'); NOT in param_manifest (only kAnnotateKeyConfidenceThreshold is); Stage-5 fit target per code
src/composing/analysis/types/analysistypes.h,literal,874,0.0,bounds,L3-MIXED,deferred,DEFERRED,no,"Layer-4 (chord) type default in the shared types leaf (ChordAnalyzerPreferences / ChordAnalysisTone / ChordTemporalContext / ParameterBound) — out of L3 scope, deferred to the L4 audit (split recorded)"
src/composing/analysis/types/analysistypes.h,literal,874,3.0,bounds,L3-MIXED,deferred,DEFERRED,no,"Layer-4 (chord) type default in the shared types leaf (ChordAnalyzerPreferences / ChordAnalysisTone / ChordTemporalContext / ParameterBound) — out of L3 scope, deferred to the L4 audit (split recorded)"
src/composing/analysis/types/analysistypes.h,literal,878,0.0,bounds,L3-MIXED,constant,UNFIT,no,L3 KeyModeAnalyzerPreferences emission default — empirical/hand-set ('[empirical]'); NOT in param_manifest (only kAnnotateKeyConfidenceThreshold is); Stage-5 fit target per code
src/composing/analysis/types/analysistypes.h,literal,878,15.0,bounds,L3-MIXED,constant,UNFIT,no,L3 KeyModeAnalyzerPreferences emission default — empirical/hand-set ('[empirical]'); NOT in param_manifest (only kAnnotateKeyConfidenceThreshold is); Stage-5 fit target per code
src/composing/analysis/types/analysistypes.h,literal,880,0.5,bounds,L3-MIXED,constant,UNFIT,no,L3 KeyModeAnalyzerPreferences emission default — empirical/hand-set ('[empirical]'); NOT in param_manifest (only kAnnotateKeyConfidenceThreshold is); Stage-5 fit target per code
src/composing/analysis/types/analysistypes.h,literal,880,5.0,bounds,L3-MIXED,constant,UNFIT,no,L3 KeyModeAnalyzerPreferences emission default — empirical/hand-set ('[empirical]'); NOT in param_manifest (only kAnnotateKeyConfidenceThreshold is); Stage-5 fit target per code
src/composing/analysis/types/analysistypes.h,literal,881,0.5,bounds,L3-MIXED,constant,UNFIT,no,L3 KeyModeAnalyzerPreferences emission default — empirical/hand-set ('[empirical]'); NOT in param_manifest (only kAnnotateKeyConfidenceThreshold is); Stage-5 fit target per code
src/composing/analysis/types/analysistypes.h,literal,881,5.0,bounds,L3-MIXED,constant,UNFIT,no,L3 KeyModeAnalyzerPreferences emission default — empirical/hand-set ('[empirical]'); NOT in param_manifest (only kAnnotateKeyConfidenceThreshold is); Stage-5 fit target per code
src/composing/analysis/types/analysistypes.h,literal,883,0.3,bounds,L3-MIXED,constant,UNFIT,no,L3 KeyModeAnalyzerPreferences emission default — empirical/hand-set ('[empirical]'); NOT in param_manifest (only kAnnotateKeyConfidenceThreshold is); Stage-5 fit target per code
src/composing/analysis/types/analysistypes.h,literal,883,0.9,bounds,L3-MIXED,constant,UNFIT,no,L3 KeyModeAnalyzerPreferences emission default — empirical/hand-set ('[empirical]'); NOT in param_manifest (only kAnnotateKeyConfidenceThreshold is); Stage-5 fit target per code
src/composing/analysis/types/analysistypes.h,literal,885,0.5,bounds,L3-MIXED,constant,UNFIT,no,L3 KeyModeAnalyzerPreferences emission default — empirical/hand-set ('[empirical]'); NOT in param_manifest (only kAnnotateKeyConfidenceThreshold is); Stage-5 fit target per code
src/composing/analysis/types/analysistypes.h,literal,885,5.0,bounds,L3-MIXED,constant,UNFIT,no,L3 KeyModeAnalyzerPreferences emission default — empirical/hand-set ('[empirical]'); NOT in param_manifest (only kAnnotateKeyConfidenceThreshold is); Stage-5 fit target per code
src/composing/analysis/types/analysistypes.h,literal,886,0.5,bounds,L3-MIXED,constant,UNFIT,no,L3 KeyModeAnalyzerPreferences emission default — empirical/hand-set ('[empirical]'); NOT in param_manifest (only kAnnotateKeyConfidenceThreshold is); Stage-5 fit target per code
src/composing/analysis/types/analysistypes.h,literal,886,8.0,bounds,L3-MIXED,constant,UNFIT,no,L3 KeyModeAnalyzerPreferences emission default — empirical/hand-set ('[empirical]'); NOT in param_manifest (only kAnnotateKeyConfidenceThreshold is); Stage-5 fit target per code
src/composing/analysis/types/analysistypes.h,literal,888,0.5,bounds,L3-MIXED,constant,UNFIT,no,L3 KeyModeAnalyzerPreferences emission default — empirical/hand-set ('[empirical]'); NOT in param_manifest (only kAnnotateKeyConfidenceThreshold is); Stage-5 fit target per code
src/composing/analysis/types/analysistypes.h,literal,888,2.0,bounds,L3-MIXED,constant,UNFIT,no,L3 KeyModeAnalyzerPreferences emission default — empirical/hand-set ('[empirical]'); NOT in param_manifest (only kAnnotateKeyConfidenceThreshold is); Stage-5 fit target per code
src/composing/analysis/types/analysistypes.h,literal,889,0.3,bounds,L3-MIXED,constant,UNFIT,no,L3 KeyModeAnalyzerPreferences emission default — empirical/hand-set ('[empirical]'); NOT in param_manifest (only kAnnotateKeyConfidenceThreshold is); Stage-5 fit target per code
src/composing/analysis/types/analysistypes.h,literal,889,1.5,bounds,L3-MIXED,constant,UNFIT,no,L3 KeyModeAnalyzerPreferences emission default — empirical/hand-set ('[empirical]'); NOT in param_manifest (only kAnnotateKeyConfidenceThreshold is); Stage-5 fit target per code
src/composing/analysis/types/analysistypes.h,literal,890,0.3,bounds,L3-MIXED,constant,UNFIT,no,L3 KeyModeAnalyzerPreferences emission default — empirical/hand-set ('[empirical]'); NOT in param_manifest (only kAnnotateKeyConfidenceThreshold is); Stage-5 fit target per code
src/composing/analysis/types/analysistypes.h,literal,890,1.5,bounds,L3-MIXED,constant,UNFIT,no,L3 KeyModeAnalyzerPreferences emission default — empirical/hand-set ('[empirical]'); NOT in param_manifest (only kAnnotateKeyConfidenceThreshold is); Stage-5 fit target per code
src/composing/analysis/types/analysistypes.h,literal,891,0.1,bounds,L3-MIXED,constant,UNFIT,no,L3 KeyModeAnalyzerPreferences emission default — empirical/hand-set ('[empirical]'); NOT in param_manifest (only kAnnotateKeyConfidenceThreshold is); Stage-5 fit target per code
src/composing/analysis/types/analysistypes.h,literal,891,1.0,bounds,L3-MIXED,constant,UNFIT,no,L3 KeyModeAnalyzerPreferences emission default — empirical/hand-set ('[empirical]'); NOT in param_manifest (only kAnnotateKeyConfidenceThreshold is); Stage-5 fit target per code
src/composing/analysis/types/analysistypes.h,literal,892,0.1,bounds,L3-MIXED,constant,UNFIT,no,L3 KeyModeAnalyzerPreferences emission default — empirical/hand-set ('[empirical]'); NOT in param_manifest (only kAnnotateKeyConfidenceThreshold is); Stage-5 fit target per code
src/composing/analysis/types/analysistypes.h,literal,892,1.0,bounds,L3-MIXED,constant,UNFIT,no,L3 KeyModeAnalyzerPreferences emission default — empirical/hand-set ('[empirical]'); NOT in param_manifest (only kAnnotateKeyConfidenceThreshold is); Stage-5 fit target per code
src/composing/analysis/types/analysistypes.h,literal,893,0.0,bounds,L3-MIXED,constant,UNFIT,no,L3 KeyModeAnalyzerPreferences emission default — empirical/hand-set ('[empirical]'); NOT in param_manifest (only kAnnotateKeyConfidenceThreshold is); Stage-5 fit target per code
src/composing/analysis/types/analysistypes.h,literal,893,0.5,bounds,L3-MIXED,constant,UNFIT,no,L3 KeyModeAnalyzerPreferences emission default — empirical/hand-set ('[empirical]'); NOT in param_manifest (only kAnnotateKeyConfidenceThreshold is); Stage-5 fit target per code
src/composing/analysis/types/analysistypes.h,literal,894,0.0,bounds,L3-MIXED,constant,UNFIT,no,L3 KeyModeAnalyzerPreferences emission default — empirical/hand-set ('[empirical]'); NOT in param_manifest (only kAnnotateKeyConfidenceThreshold is); Stage-5 fit target per code
src/composing/analysis/types/analysistypes.h,literal,894,0.5,bounds,L3-MIXED,constant,UNFIT,no,L3 KeyModeAnalyzerPreferences emission default — empirical/hand-set ('[empirical]'); NOT in param_manifest (only kAnnotateKeyConfidenceThreshold is); Stage-5 fit target per code
src/composing/analysis/types/analysistypes.h,literal,913,1.0,<file-scope>,L3-MIXED,constant,ESTABLISHED,no,"L3 PitchContext default (neutral 1.0 seed) — structural default, not a scoring tunable"
src/composing/analysis/types/analysistypes.h,literal,914,1.0,<file-scope>,L3-MIXED,constant,UNFIT,no,L3 KeyModeAnalyzerPreferences emission default — empirical/hand-set ('[empirical]'); NOT in param_manifest (only kAnnotateKeyConfidenceThreshold is); Stage-5 fit target per code
src/composing/analysis/key/keymodeanalyzer.h,field,107,keySignatureFifths,KeyModeAnalysisResult,L3,derived-fact,PUBLISHED,no,L3 result field — published on the L3 output surface
src/composing/analysis/key/keymodeanalyzer.h,field,108,mode,KeyModeAnalysisResult,L3,derived-fact,PUBLISHED,no,L3 result field — published on the L3 output surface
src/composing/analysis/key/keymodeanalyzer.h,field,109,tonicPc,KeyModeAnalysisResult,L3,derived-fact,PUBLISHED,no,L3 result field — published on the L3 output surface
src/composing/analysis/key/keymodeanalyzer.h,field,110,score,KeyModeAnalysisResult,L3,derived-fact,PUBLISHED,no,L3 result field — published on the L3 output surface
src/composing/analysis/key/keymodeanalyzer.h,field,111,normalizedConfidence,KeyModeAnalysisResult,L3,derived-fact,PUBLISHED,no,L3 emission-sigmoid confidence — PUBLISHED as the INTERNAL 0.8-gate input (D-L3a); NOT the boundary confidence
src/composing/analysis/key/keymodeanalyzer.h,field,130,tonicPc,KeyCandidateScore,L3,derived-fact,PUBLISHED,no,per-candidate emission breakdown — PUBLISHED only via the diagnostic dump (--decode-keymode/--dump-key-candidates); nullptr on production (byte-identical)
src/composing/analysis/key/keymodeanalyzer.h,field,131,modeIndex,KeyCandidateScore,L3,derived-fact,PUBLISHED,no,per-candidate emission breakdown — PUBLISHED only via the diagnostic dump (--decode-keymode/--dump-key-candidates); nullptr on production (byte-identical)
src/composing/analysis/key/keymodeanalyzer.h,field,132,scaleMembership,KeyCandidateScore,L3,derived-fact,PUBLISHED,no,per-candidate emission breakdown — PUBLISHED only via the diagnostic dump (--decode-keymode/--dump-key-candidates); nullptr on production (byte-identical)
src/composing/analysis/key/keymodeanalyzer.h,field,133,triadEvidence,KeyCandidateScore,L3,derived-fact,PUBLISHED,no,per-candidate emission breakdown — PUBLISHED only via the diagnostic dump (--decode-keymode/--dump-key-candidates); nullptr on production (byte-identical)
src/composing/analysis/key/keymodeanalyzer.h,field,134,characteristicPitch,KeyCandidateScore,L3,derived-fact,PUBLISHED,no,per-candidate emission breakdown — PUBLISHED only via the diagnostic dump (--decode-keymode/--dump-key-candidates); nullptr on production (byte-identical)
src/composing/analysis/key/keymodeanalyzer.h,field,135,trueLeadingTone,KeyCandidateScore,L3,derived-fact,PUBLISHED,no,per-candidate emission breakdown — PUBLISHED only via the diagnostic dump (--decode-keymode/--dump-key-candidates); nullptr on production (byte-identical)
src/composing/analysis/key/keymodeanalyzer.h,field,136,keySignatureProximity,KeyCandidateScore,L3,derived-fact,PUBLISHED,no,per-candidate emission breakdown — PUBLISHED only via the diagnostic dump (--decode-keymode/--dump-key-candidates); nullptr on production (byte-identical)
src/composing/analysis/key/keymodeanalyzer.h,field,137,modePrior,KeyCandidateScore,L3,derived-fact,PUBLISHED,no,per-candidate emission breakdown — PUBLISHED only via the diagnostic dump (--decode-keymode/--dump-key-candidates); nullptr on production (byte-identical)
src/composing/analysis/key/keymodeanalyzer.h,field,138,declaredPenalty,KeyCandidateScore,L3,derived-fact,PUBLISHED,no,per-candidate emission breakdown — PUBLISHED only via the diagnostic dump (--decode-keymode/--dump-key-candidates); nullptr on production (byte-identical)
src/composing/analysis/key/keymodeanalyzer.h,field,139,disambiguationDelta,KeyCandidateScore,L3,derived-fact,PUBLISHED,no,per-candidate emission breakdown — PUBLISHED only via the diagnostic dump (--decode-keymode/--dump-key-candidates); nullptr on production (byte-identical)
src/composing/analysis/key/keymodeanalyzer.h,field,140,finalScore,KeyCandidateScore,L3,derived-fact,PUBLISHED,no,per-candidate emission breakdown — PUBLISHED only via the diagnostic dump (--decode-keymode/--dump-key-candidates); nullptr on production (byte-identical)
src/composing/analysis/key/keymodeanalyzer.h,field,141,tonalCenterScore,KeyCandidateScore,L3,derived-fact,PUBLISHED,no,per-candidate emission breakdown — PUBLISHED only via the diagnostic dump (--decode-keymode/--dump-key-candidates); nullptr on production (byte-identical)
src/composing/analysis/key/keymodeanalyzer.h,field,142,tonicWeight,KeyCandidateScore,L3,derived-fact,PUBLISHED,no,per-candidate emission breakdown — PUBLISHED only via the diagnostic dump (--decode-keymode/--dump-key-candidates); nullptr on production (byte-identical)
src/composing/analysis/key/keymodeanalyzer.h,field,143,thirdWeight,KeyCandidateScore,L3,derived-fact,PUBLISHED,no,per-candidate emission breakdown — PUBLISHED only via the diagnostic dump (--decode-keymode/--dump-key-candidates); nullptr on production (byte-identical)
src/composing/analysis/key/keymodeanalyzer.h,field,144,fifthWeight,KeyCandidateScore,L3,derived-fact,PUBLISHED,no,per-candidate emission breakdown — PUBLISHED only via the diagnostic dump (--decode-keymode/--dump-key-candidates); nullptr on production (byte-identical)
src/composing/analysis/key/keymodeanalyzer.h,field,145,leadingToneWeight,KeyCandidateScore,L3,derived-fact,PUBLISHED,no,per-candidate emission breakdown — PUBLISHED only via the diagnostic dump (--decode-keymode/--dump-key-candidates); nullptr on production (byte-identical)
src/composing/analysis/key/keymodeanalyzer.h,field,146,hasCompleteTriad,KeyCandidateScore,L3,derived-fact,PUBLISHED,no,per-candidate emission breakdown — PUBLISHED only via the diagnostic dump (--decode-keymode/--dump-key-candidates); nullptr on production (byte-identical)
src/composing/analysis/key/keymodesequence.h,field,116,topK,KeyModeSequencePreferences,L3,no-issue,NO-ISSUE,no,L3 diagnostic/plumbing struct member (input or dump field) — no derived-fact publication concern
src/composing/analysis/key/keymodesequence.h,field,125,changeBaseCost,KeyModeSequencePreferences,L3,no-issue,NO-ISSUE,no,L3 diagnostic/plumbing struct member (input or dump field) — no derived-fact publication concern
src/composing/analysis/key/keymodesequence.h,field,128,changePerFifthStep,KeyModeSequencePreferences,L3,no-issue,NO-ISSUE,no,L3 diagnostic/plumbing struct member (input or dump field) — no derived-fact publication concern
src/composing/analysis/key/keymodesequence.h,field,131,relativePairExtraCost,KeyModeSequencePreferences,L3,no-issue,NO-ISSUE,no,L3 diagnostic/plumbing struct member (input or dump field) — no derived-fact publication concern
src/composing/analysis/key/keymodesequence.h,field,137,windowBeats,KeyModeSequencePreferences,L3,no-issue,NO-ISSUE,no,L3 diagnostic/plumbing struct member (input or dump field) — no derived-fact publication concern
src/composing/analysis/key/keymodesequence.h,field,139,decayRate,KeyModeSequencePreferences,L3,no-issue,NO-ISSUE,no,L3 diagnostic/plumbing struct member (input or dump field) — no derived-fact publication concern
src/composing/analysis/key/keymodesequence.h,field,141,lookaheadWeight,KeyModeSequencePreferences,L3,no-issue,NO-ISSUE,no,L3 diagnostic/plumbing struct member (input or dump field) — no derived-fact publication concern
src/composing/analysis/key/keymodesequence.h,field,143,beatsPerDecayUnit,KeyModeSequencePreferences,L3,no-issue,NO-ISSUE,no,L3 diagnostic/plumbing struct member (input or dump field) — no derived-fact publication concern
src/composing/analysis/key/keymodesequence.h,field,147,uncertainThreshold,KeyModeSequencePreferences,L3,no-issue,NO-ISSUE,no,L3 diagnostic/plumbing struct member (input or dump field) — no derived-fact publication concern
src/composing/analysis/key/keymodesequence.h,field,151,maxAlternatives,KeyModeSequencePreferences,L3,no-issue,NO-ISSUE,no,L3 diagnostic/plumbing struct member (input or dump field) — no derived-fact publication concern
src/composing/analysis/key/keymodesequence.h,field,159,sliceIndex,SliceKeyMode,L3,derived-fact,PUBLISHED,no,L3 result field — published on the L3 output surface
src/composing/analysis/key/keymodesequence.h,field,160,chosen,SliceKeyMode,L3,derived-fact,PUBLISHED,no,L3 result field — published on the L3 output surface
src/composing/analysis/key/keymodesequence.h,field,161,alternatives,SliceKeyMode,L3,derived-fact,PUBLISHED,no,ranked key alternatives — PUBLISHED (declared dormancy: future consumer = L5 modulation recompute)
src/composing/analysis/key/keymodesequence.h,field,162,confidence,SliceKeyMode,L3,derived-fact,PUBLISHED,no,SliceKeyMode sequence-margin — THE L3 boundary confidence; PUBLISHED to HarmonicRegion.keyConfidence
src/composing/analysis/key/keymodesequence.h,field,163,uncertain,SliceKeyMode,L3,derived-fact,PUBLISHED,no,L3 result field — published on the L3 output surface
src/composing/analysis/key/keymodesequence.h,field,175,tonicPc,State,L3,no-issue,NO-ISSUE,no,L3 diagnostic/plumbing struct member (input or dump field) — no derived-fact publication concern
src/composing/analysis/key/keymodesequence.h,field,176,mode,State,L3,no-issue,NO-ISSUE,no,L3 diagnostic/plumbing struct member (input or dump field) — no derived-fact publication concern
src/composing/analysis/key/keymodesequence.h,field,177,keySignatureFifths,State,L3,no-issue,NO-ISSUE,no,L3 diagnostic/plumbing struct member (input or dump field) — no derived-fact publication concern
src/composing/analysis/key/keymodesequence.h,field,178,ionianPc,State,L3,no-issue,NO-ISSUE,no,L3 diagnostic/plumbing struct member (input or dump field) — no derived-fact publication concern
src/composing/analysis/key/keyresolver.h,field,71,notatedFifths,KeyResolveDump,L3,no-issue,NO-ISSUE,no,L3 diagnostic/plumbing struct member (input or dump field) — no derived-fact publication concern
src/composing/analysis/key/keyresolver.h,field,72,correctedFifths,KeyResolveDump,L3,no-issue,NO-ISSUE,no,L3 diagnostic/plumbing struct member (input or dump field) — no derived-fact publication concern
src/composing/analysis/key/keyresolver.h,field,73,declaredModeOrdinal,KeyResolveDump,L3,no-issue,NO-ISSUE,no,L3 diagnostic/plumbing struct member (input or dump field) — no derived-fact publication concern
src/composing/analysis/key/keyresolver.h,field,74,pathTaken,KeyResolveDump,L3,no-issue,NO-ISSUE,no,L3 diagnostic/plumbing struct member (input or dump field) — no derived-fact publication concern
src/composing/analysis/key/keyresolver.h,field,75,lookaheadBeatsUsed,KeyResolveDump,L3,no-issue,NO-ISSUE,no,L3 diagnostic/plumbing struct member (input or dump field) — no derived-fact publication concern
src/composing/analysis/key/keyresolver.h,field,76,hysteresisPromoted,KeyResolveDump,L3,no-issue,NO-ISSUE,no,L3 diagnostic/plumbing struct member (input or dump field) — no derived-fact publication concern
src/composing/analysis/key/keyresolver.h,field,77,strongPriorPromoted,KeyResolveDump,L3,no-issue,NO-ISSUE,no,L3 diagnostic/plumbing struct member (input or dump field) — no derived-fact publication concern
src/composing/analysis/key/keyresolver.h,field,78,candidates,KeyResolveDump,L3,no-issue,NO-ISSUE,no,L3 diagnostic/plumbing struct member (input or dump field) — no derived-fact publication concern
src/composing/analysis/key/keyresolver.h,field,96,notatedFifths,KeySignatureContext,L3,no-issue,NO-ISSUE,no,L3 diagnostic/plumbing struct member (input or dump field) — no derived-fact publication concern
src/composing/analysis/key/keyresolver.h,field,97,correctedFifths,KeySignatureContext,L3,no-issue,NO-ISSUE,no,L3 diagnostic/plumbing struct member (input or dump field) — no derived-fact publication concern
src/composing/analysis/key/keyresolver.h,field,98,declaredMode,KeySignatureContext,L3,no-issue,NO-ISSUE,no,L3 diagnostic/plumbing struct member (input or dump field) — no derived-fact publication concern
src/composing/analysis/key/modepriorpresets.h,field,42,name,ModePriorPreset,L3,no-issue,NO-ISSUE,no,"struct member — input/plumbing, no L3 fact-publication concern"
src/composing/analysis/key/modepriorpresets.h,field,45,ionian,ModePriorPreset,L3,no-issue,NO-ISSUE,no,"struct member — input/plumbing, no L3 fact-publication concern"
src/composing/analysis/key/modepriorpresets.h,field,46,dorian,ModePriorPreset,L3,no-issue,NO-ISSUE,no,"struct member — input/plumbing, no L3 fact-publication concern"
src/composing/analysis/key/modepriorpresets.h,field,47,phrygian,ModePriorPreset,L3,no-issue,NO-ISSUE,no,"struct member — input/plumbing, no L3 fact-publication concern"
src/composing/analysis/key/modepriorpresets.h,field,48,lydian,ModePriorPreset,L3,no-issue,NO-ISSUE,no,"struct member — input/plumbing, no L3 fact-publication concern"
src/composing/analysis/key/modepriorpresets.h,field,49,mixolydian,ModePriorPreset,L3,no-issue,NO-ISSUE,no,"struct member — input/plumbing, no L3 fact-publication concern"
src/composing/analysis/key/modepriorpresets.h,field,50,aeolian,ModePriorPreset,L3,no-issue,NO-ISSUE,no,"struct member — input/plumbing, no L3 fact-publication concern"
src/composing/analysis/key/modepriorpresets.h,field,51,locrian,ModePriorPreset,L3,no-issue,NO-ISSUE,no,"struct member — input/plumbing, no L3 fact-publication concern"
src/composing/analysis/key/modepriorpresets.h,field,54,melodicMinor,ModePriorPreset,L3,no-issue,NO-ISSUE,no,"struct member — input/plumbing, no L3 fact-publication concern"
src/composing/analysis/key/modepriorpresets.h,field,55,dorianB2,ModePriorPreset,L3,no-issue,NO-ISSUE,no,"struct member — input/plumbing, no L3 fact-publication concern"
src/composing/analysis/key/modepriorpresets.h,field,56,lydianAugmented,ModePriorPreset,L3,no-issue,NO-ISSUE,no,"struct member — input/plumbing, no L3 fact-publication concern"
src/composing/analysis/key/modepriorpresets.h,field,57,lydianDominant,ModePriorPreset,L3,no-issue,NO-ISSUE,no,"struct member — input/plumbing, no L3 fact-publication concern"
src/composing/analysis/key/modepriorpresets.h,field,58,mixolydianB6,ModePriorPreset,L3,no-issue,NO-ISSUE,no,"struct member — input/plumbing, no L3 fact-publication concern"
src/composing/analysis/key/modepriorpresets.h,field,59,aeolianB5,ModePriorPreset,L3,no-issue,NO-ISSUE,no,"struct member — input/plumbing, no L3 fact-publication concern"
src/composing/analysis/key/modepriorpresets.h,field,60,altered,ModePriorPreset,L3,no-issue,NO-ISSUE,no,"struct member — input/plumbing, no L3 fact-publication concern"
src/composing/analysis/key/modepriorpresets.h,field,63,harmonicMinor,ModePriorPreset,L3,no-issue,NO-ISSUE,no,"struct member — input/plumbing, no L3 fact-publication concern"
src/composing/analysis/key/modepriorpresets.h,field,64,locrianSharp6,ModePriorPreset,L3,no-issue,NO-ISSUE,no,"struct member — input/plumbing, no L3 fact-publication concern"
src/composing/analysis/key/modepriorpresets.h,field,65,ionianSharp5,ModePriorPreset,L3,no-issue,NO-ISSUE,no,"struct member — input/plumbing, no L3 fact-publication concern"
src/composing/analysis/key/modepriorpresets.h,field,66,dorianSharp4,ModePriorPreset,L3,no-issue,NO-ISSUE,no,"struct member — input/plumbing, no L3 fact-publication concern"
src/composing/analysis/key/modepriorpresets.h,field,67,phrygianDominant,ModePriorPreset,L3,no-issue,NO-ISSUE,no,"struct member — input/plumbing, no L3 fact-publication concern"
src/composing/analysis/key/modepriorpresets.h,field,68,lydianSharp2,ModePriorPreset,L3,no-issue,NO-ISSUE,no,"struct member — input/plumbing, no L3 fact-publication concern"
src/composing/analysis/key/modepriorpresets.h,field,69,alteredDomBB7,ModePriorPreset,L3,no-issue,NO-ISSUE,no,"struct member — input/plumbing, no L3 fact-publication concern"
src/composing/analysis/region/harmonicrhythm.h,field,42,previousRootPc,ChordTemporalExtensions,L3-MIXED,no-issue,NO-ISSUE,no,L3 diagnostic/plumbing struct member (input or dump field) — no derived-fact publication concern
src/composing/analysis/region/harmonicrhythm.h,field,43,previousBassPc,ChordTemporalExtensions,L3-MIXED,no-issue,NO-ISSUE,no,L3 diagnostic/plumbing struct member (input or dump field) — no derived-fact publication concern
src/composing/analysis/region/harmonicrhythm.h,field,44,previousQuality,ChordTemporalExtensions,L3-MIXED,no-issue,NO-ISSUE,no,L3 diagnostic/plumbing struct member (input or dump field) — no derived-fact publication concern
src/composing/analysis/region/harmonicrhythm.h,field,45,bassIsStepwiseFromPrevious,ChordTemporalExtensions,L3-MIXED,no-issue,NO-ISSUE,no,L3 diagnostic/plumbing struct member (input or dump field) — no derived-fact publication concern
src/composing/analysis/region/harmonicrhythm.h,field,46,bassIsStepwiseToNext,ChordTemporalExtensions,L3-MIXED,no-issue,NO-ISSUE,no,L3 diagnostic/plumbing struct member (input or dump field) — no derived-fact publication concern
src/composing/analysis/region/harmonicrhythm.h,field,47,nextRootPc,ChordTemporalExtensions,L3-MIXED,no-issue,NO-ISSUE,no,L3 diagnostic/plumbing struct member (input or dump field) — no derived-fact publication concern
src/composing/analysis/region/harmonicrhythm.h,field,48,consecutiveBassStepwiseCount,ChordTemporalExtensions,L3-MIXED,no-issue,NO-ISSUE,no,L3 diagnostic/plumbing struct member (input or dump field) — no derived-fact publication concern
src/composing/analysis/region/harmonicrhythm.h,field,49,recentRootPcs,ChordTemporalExtensions,L3-MIXED,no-issue,NO-ISSUE,no,L3 diagnostic/plumbing struct member (input or dump field) — no derived-fact publication concern
src/composing/analysis/region/harmonicrhythm.h,field,50,regionMetricWeight,ChordTemporalExtensions,L3-MIXED,no-issue,NO-ISSUE,no,L3 diagnostic/plumbing struct member (input or dump field) — no derived-fact publication concern
src/composing/analysis/region/harmonicrhythm.h,field,79,startTick,HarmonicRegion,L3-MIXED,no-issue,NO-ISSUE,no,L4 chord/plumbing member of the region DTO — deferred split
src/composing/analysis/region/harmonicrhythm.h,field,80,endTick,HarmonicRegion,L3-MIXED,no-issue,NO-ISSUE,no,L4 chord/plumbing member of the region DTO — deferred split
src/composing/analysis/region/harmonicrhythm.h,field,81,chordResult,HarmonicRegion,L3-MIXED,no-issue,NO-ISSUE,no,L4 chord/plumbing member of the region DTO — deferred split
src/composing/analysis/region/harmonicrhythm.h,field,82,alternatives,HarmonicRegion,L3-MIXED,no-issue,NO-ISSUE,no,L4 chord/plumbing member of the region DTO — deferred split
src/composing/analysis/region/harmonicrhythm.h,field,83,hasAnalyzedChord,HarmonicRegion,L3-MIXED,no-issue,NO-ISSUE,no,L4 chord/plumbing member of the region DTO — deferred split
src/composing/analysis/region/harmonicrhythm.h,field,84,keyModeResult,HarmonicRegion,L3-MIXED,derived-fact,PUBLISHED,no,"the region's chosen L3 key/mode — PUBLISHED, consumed by display/gate/chord"
src/composing/analysis/region/harmonicrhythm.h,field,85,tones,HarmonicRegion,L3-MIXED,no-issue,NO-ISSUE,no,L4 chord/plumbing member of the region DTO — deferred split
src/composing/analysis/region/harmonicrhythm.h,field,86,temporalExtensions,HarmonicRegion,L3-MIXED,no-issue,NO-ISSUE,no,L4 chord/plumbing member of the region DTO — deferred split
src/composing/analysis/region/harmonicrhythm.h,field,118,keyAlternatives,HarmonicRegion,L3-MIXED,derived-fact,PUBLISHED,no,"region-level candidate-key menu — PUBLISHED, no production consumer (declared dormancy -> L5 modulation recompute)"
src/composing/analysis/region/harmonicrhythm.h,field,119,keyConfidence,HarmonicRegion,L3-MIXED,derived-fact,PUBLISHED,no,THE L3 boundary confidence (sequence margin) on the region DTO — PUBLISHED but NO production consumer (declared dormancy -> L5); the 0.8 gate reads keyModeResult.normalizedConfidence instead (finding L3-F5)
src/composing/analysis/region/regionanalyzer.h,field,76,preMergeRegions,RegionAnalysisHooks,L3-MIXED,no-issue,NO-ISSUE,no,"struct member — input/plumbing, no L3 fact-publication concern"
src/composing/analysis/region/regionanalyzer.h,field,77,postMergeRegions,RegionAnalysisHooks,L3-MIXED,no-issue,NO-ISSUE,no,"struct member — input/plumbing, no L3 fact-publication concern"
src/composing/analysis/region/regionanalyzer.h,field,97,enabled,ReachBackOptions,L3-MIXED,no-issue,NO-ISSUE,no,"struct member — input/plumbing, no L3 fact-publication concern"
src/composing/analysis/region/regionanalyzer.h,field,101,maxReachSteps,ReachBackOptions,L3-MIXED,no-issue,NO-ISSUE,no,"struct member — input/plumbing, no L3 fact-publication concern"
src/composing/analysis/region/regionanalyzer.h,field,107,incrementTicks,ReachBackOptions,L3-MIXED,no-issue,NO-ISSUE,no,"struct member — input/plumbing, no L3 fact-publication concern"
src/composing/analysis/region/regionanalyzer.h,field,118,minOpeningConfidence,ReachBackOptions,L3-MIXED,no-issue,NO-ISSUE,no,"struct member — input/plumbing, no L3 fact-publication concern"
src/composing/analysis/region/regionanalyzer.h,field,125,granularity,AnalyzeRegionsOptions,L3-MIXED,no-issue,NO-ISSUE,no,"struct member — input/plumbing, no L3 fact-publication concern"
src/composing/analysis/region/regionanalyzer.h,field,129,onsetBoundaryThreshold,AnalyzeRegionsOptions,L3-MIXED,no-issue,NO-ISSUE,no,"struct member — input/plumbing, no L3 fact-publication concern"
src/composing/analysis/region/regionanalyzer.h,field,144,excludeLookAheadOnDenseStart,AnalyzeRegionsOptions,L3-MIXED,no-issue,NO-ISSUE,no,"struct member — input/plumbing, no L3 fact-publication concern"
src/composing/analysis/region/regionanalyzer.h,field,172,pass1MinDistinctPcsForCandidate,AnalyzeRegionsOptions,L3-MIXED,no-issue,NO-ISSUE,no,"struct member — input/plumbing, no L3 fact-publication concern"
src/composing/analysis/region/regionanalyzer.h,field,175,hooks,AnalyzeRegionsOptions,L3-MIXED,no-issue,NO-ISSUE,no,"struct member — input/plumbing, no L3 fact-publication concern"
src/composing/analysis/section/cadencekeyanchor.h,field,61,startTick,CadenceRegionInput,L3,no-issue,NO-ISSUE,no,L3 diagnostic/plumbing struct member (input or dump field) — no derived-fact publication concern
src/composing/analysis/section/cadencekeyanchor.h,field,62,endTick,CadenceRegionInput,L3,no-issue,NO-ISSUE,no,L3 diagnostic/plumbing struct member (input or dump field) — no derived-fact publication concern
src/composing/analysis/section/cadencekeyanchor.h,field,66,rootPc,CadenceRegionInput,L3,no-issue,NO-ISSUE,no,L3 diagnostic/plumbing struct member (input or dump field) — no derived-fact publication concern
src/composing/analysis/section/cadencekeyanchor.h,field,69,quality,CadenceRegionInput,L3,no-issue,NO-ISSUE,no,L3 diagnostic/plumbing struct member (input or dump field) — no derived-fact publication concern
src/composing/analysis/section/cadencekeyanchor.h,field,74,pitchClassMask,CadenceRegionInput,L3,no-issue,NO-ISSUE,no,L3 diagnostic/plumbing struct member (input or dump field) — no derived-fact publication concern
src/composing/analysis/section/cadencekeyanchor.h,field,81,endsPhrase,CadenceRegionInput,L3,no-issue,NO-ISSUE,no,L3 diagnostic/plumbing struct member (input or dump field) — no derived-fact publication concern
src/composing/analysis/section/cadencekeyanchor.h,field,88,dominantTick,AuthenticCadence,L3,no-issue,NO-ISSUE,no,L3 diagnostic/plumbing struct member (input or dump field) — no derived-fact publication concern
src/composing/analysis/section/cadencekeyanchor.h,field,89,tonicTick,AuthenticCadence,L3,no-issue,NO-ISSUE,no,L3 diagnostic/plumbing struct member (input or dump field) — no derived-fact publication concern
src/composing/analysis/section/cadencekeyanchor.h,field,90,tonicPc,AuthenticCadence,L3,no-issue,NO-ISSUE,no,L3 diagnostic/plumbing struct member (input or dump field) — no derived-fact publication concern
src/composing/analysis/section/cadencekeyanchor.h,field,91,minorMode,AuthenticCadence,L3,no-issue,NO-ISSUE,no,L3 diagnostic/plumbing struct member (input or dump field) — no derived-fact publication concern
src/composing/analysis/section/cadencekeyanchor.h,field,98,endsPhrase,AuthenticCadence,L3,no-issue,NO-ISSUE,no,L3 diagnostic/plumbing struct member (input or dump field) — no derived-fact publication concern
src/composing/analysis/section/cadencekeyanchor.h,field,106,chromaticLeadingTone,AuthenticCadence,L3,no-issue,NO-ISSUE,no,L3 diagnostic/plumbing struct member (input or dump field) — no derived-fact publication concern
src/composing/analysis/section/cadencekeyanchor.h,field,111,detected,CadenceKeyAnchor,L3,no-issue,NO-ISSUE,no,L3 diagnostic/plumbing struct member (input or dump field) — no derived-fact publication concern
src/composing/analysis/section/cadencekeyanchor.h,field,112,tonicPc,CadenceKeyAnchor,L3,no-issue,NO-ISSUE,no,L3 diagnostic/plumbing struct member (input or dump field) — no derived-fact publication concern
src/composing/analysis/section/cadencekeyanchor.h,field,113,minorMode,CadenceKeyAnchor,L3,no-issue,NO-ISSUE,no,L3 diagnostic/plumbing struct member (input or dump field) — no derived-fact publication concern
src/composing/analysis/section/cadencekeyanchor.h,field,114,confidence,CadenceKeyAnchor,L3,no-issue,NO-ISSUE,no,L3 diagnostic/plumbing struct member (input or dump field) — no derived-fact publication concern
src/composing/analysis/section/cadencekeyanchor.h,field,115,cadenceCount,CadenceKeyAnchor,L3,no-issue,NO-ISSUE,no,L3 diagnostic/plumbing struct member (input or dump field) — no derived-fact publication concern
src/composing/analysis/section/jointkeydecision.h,field,94,rootPc,JointKeyChordAlt,L3,no-issue,NO-ISSUE,no,L3 diagnostic/plumbing struct member (input or dump field) — no derived-fact publication concern
src/composing/analysis/section/jointkeydecision.h,field,95,quality,JointKeyChordAlt,L3,no-issue,NO-ISSUE,no,L3 diagnostic/plumbing struct member (input or dump field) — no derived-fact publication concern
src/composing/analysis/section/jointkeydecision.h,field,101,tonicPc,JointKeyLocalCandidate,L3,no-issue,NO-ISSUE,no,L3 diagnostic/plumbing struct member (input or dump field) — no derived-fact publication concern
src/composing/analysis/section/jointkeydecision.h,field,102,isMajor,JointKeyLocalCandidate,L3,no-issue,NO-ISSUE,no,L3 diagnostic/plumbing struct member (input or dump field) — no derived-fact publication concern
src/composing/analysis/section/jointkeydecision.h,field,103,confidence,JointKeyLocalCandidate,L3,no-issue,NO-ISSUE,no,L3 diagnostic/plumbing struct member (input or dump field) — no derived-fact publication concern
src/composing/analysis/section/jointkeydecision.h,field,113,startTick,JointKeyRegionInput,L3,no-issue,NO-ISSUE,no,L3 diagnostic/plumbing struct member (input or dump field) — no derived-fact publication concern
src/composing/analysis/section/jointkeydecision.h,field,114,endTick,JointKeyRegionInput,L3,no-issue,NO-ISSUE,no,L3 diagnostic/plumbing struct member (input or dump field) — no derived-fact publication concern
src/composing/analysis/section/jointkeydecision.h,field,115,rootPc,JointKeyRegionInput,L3,no-issue,NO-ISSUE,no,L3 diagnostic/plumbing struct member (input or dump field) — no derived-fact publication concern
src/composing/analysis/section/jointkeydecision.h,field,116,quality,JointKeyRegionInput,L3,no-issue,NO-ISSUE,no,L3 diagnostic/plumbing struct member (input or dump field) — no derived-fact publication concern
src/composing/analysis/section/jointkeydecision.h,field,117,pitchClassMask,JointKeyRegionInput,L3,no-issue,NO-ISSUE,no,L3 diagnostic/plumbing struct member (input or dump field) — no derived-fact publication concern
src/composing/analysis/section/jointkeydecision.h,field,118,endsPhrase,JointKeyRegionInput,L3,no-issue,NO-ISSUE,no,L3 diagnostic/plumbing struct member (input or dump field) — no derived-fact publication concern
src/composing/analysis/section/jointkeydecision.h,field,120,bassPc,JointKeyRegionInput,L3,no-issue,NO-ISSUE,no,L3 diagnostic/plumbing struct member (input or dump field) — no derived-fact publication concern
src/composing/analysis/section/jointkeydecision.h,field,123,localCandidates,JointKeyRegionInput,L3,no-issue,NO-ISSUE,no,L3 diagnostic/plumbing struct member (input or dump field) — no derived-fact publication concern
src/composing/analysis/section/jointkeydecision.h,field,126,chordAlts,JointKeyRegionInput,L3,no-issue,NO-ISSUE,no,L3 diagnostic/plumbing struct member (input or dump field) — no derived-fact publication concern
src/composing/analysis/section/jointkeydecision.h,field,130,prodTonicPc,JointKeyRegionInput,L3,no-issue,NO-ISSUE,no,L3 diagnostic/plumbing struct member (input or dump field) — no derived-fact publication concern
src/composing/analysis/section/jointkeydecision.h,field,131,prodIsMajor,JointKeyRegionInput,L3,no-issue,NO-ISSUE,no,L3 diagnostic/plumbing struct member (input or dump field) — no derived-fact publication concern
src/composing/analysis/section/jointkeydecision.h,field,134,declaredModeKnown,JointKeyRegionInput,L3,no-issue,NO-ISSUE,no,L3 diagnostic/plumbing struct member (input or dump field) — no derived-fact publication concern
src/composing/analysis/section/jointkeydecision.h,field,135,declaredModeMinor,JointKeyRegionInput,L3,no-issue,NO-ISSUE,no,L3 diagnostic/plumbing struct member (input or dump field) — no derived-fact publication concern
src/composing/analysis/section/jointkeydecision.h,field,142,scalePrior,JointKeyWeights,L3,constant,UNFIT,no,"joint-key soft weight — '[empirical - Stage-5 fits]', gated OFF, NOT in param_manifest"
src/composing/analysis/section/jointkeydecision.h,field,143,localPrior,JointKeyWeights,L3,constant,UNFIT,no,"joint-key soft weight — '[empirical - Stage-5 fits]', gated OFF, NOT in param_manifest"
src/composing/analysis/section/jointkeydecision.h,field,144,cadenceAnchor,JointKeyWeights,L3,constant,UNFIT,no,"joint-key soft weight — '[empirical - Stage-5 fits]', gated OFF, NOT in param_manifest"
src/composing/analysis/section/jointkeydecision.h,field,145,modulation,JointKeyWeights,L3,constant,UNFIT,no,"joint-key soft weight — '[empirical - Stage-5 fits]', gated OFF, NOT in param_manifest"
src/composing/analysis/section/jointkeydecision.h,field,146,bassIsRootTonic,JointKeyWeights,L3,constant,UNFIT,no,"joint-key soft weight — '[empirical - Stage-5 fits]', gated OFF, NOT in param_manifest"
src/composing/analysis/section/jointkeydecision.h,field,147,declaredHint,JointKeyWeights,L3,constant,UNFIT,no,"joint-key soft weight — '[empirical - Stage-5 fits]', gated OFF, NOT in param_manifest"
src/composing/analysis/section/jointkeydecision.h,field,148,transitionPenalty,JointKeyWeights,L3,constant,UNFIT,no,"joint-key soft weight — '[empirical - Stage-5 fits]', gated OFF, NOT in param_manifest"
src/composing/analysis/section/jointkeydecision.h,field,149,couplingBonus,JointKeyWeights,L3,constant,UNFIT,no,"joint-key soft weight — '[empirical - Stage-5 fits]', gated OFF, NOT in param_manifest"
src/composing/analysis/section/jointkeydecision.h,field,157,tonicPc,JointKeyLatticeState,L3,no-issue,NO-ISSUE,no,L3 diagnostic/plumbing struct member (input or dump field) — no derived-fact publication concern
src/composing/analysis/section/jointkeydecision.h,field,158,isMajor,JointKeyLatticeState,L3,no-issue,NO-ISSUE,no,L3 diagnostic/plumbing struct member (input or dump field) — no derived-fact publication concern
src/composing/analysis/section/jointkeydecision.h,field,164,startTick,JointKeyDecision,L3,no-issue,NO-ISSUE,no,L3 diagnostic/plumbing struct member (input or dump field) — no derived-fact publication concern
src/composing/analysis/section/jointkeydecision.h,field,165,endTick,JointKeyDecision,L3,no-issue,NO-ISSUE,no,L3 diagnostic/plumbing struct member (input or dump field) — no derived-fact publication concern
src/composing/analysis/section/jointkeydecision.h,field,167,softTonicPc,JointKeyDecision,L3,no-issue,NO-ISSUE,no,L3 diagnostic/plumbing struct member (input or dump field) — no derived-fact publication concern
src/composing/analysis/section/jointkeydecision.h,field,168,softIsMajor,JointKeyDecision,L3,no-issue,NO-ISSUE,no,L3 diagnostic/plumbing struct member (input or dump field) — no derived-fact publication concern
src/composing/analysis/section/jointkeydecision.h,field,169,jointTonicPc,JointKeyDecision,L3,no-issue,NO-ISSUE,no,L3 diagnostic/plumbing struct member (input or dump field) — no derived-fact publication concern
src/composing/analysis/section/jointkeydecision.h,field,170,jointIsMajor,JointKeyDecision,L3,no-issue,NO-ISSUE,no,L3 diagnostic/plumbing struct member (input or dump field) — no derived-fact publication concern
src/composing/analysis/section/jointkeydecision.h,field,171,prodTonicPc,JointKeyDecision,L3,no-issue,NO-ISSUE,no,L3 diagnostic/plumbing struct member (input or dump field) — no derived-fact publication concern
src/composing/analysis/section/jointkeydecision.h,field,172,prodIsMajor,JointKeyDecision,L3,no-issue,NO-ISSUE,no,L3 diagnostic/plumbing struct member (input or dump field) — no derived-fact publication concern
src/composing/analysis/section/jointkeydecision.h,field,174,keyHardPinned,JointKeyDecision,L3,no-issue,NO-ISSUE,no,L3 diagnostic/plumbing struct member (input or dump field) — no derived-fact publication concern
src/composing/analysis/section/jointkeydecision.h,field,177,chordPinned,JointKeyDecision,L3,no-issue,NO-ISSUE,no,L3 diagnostic/plumbing struct member (input or dump field) — no derived-fact publication concern
src/composing/analysis/section/jointkeydecision.h,field,178,keyAmbiguous,JointKeyDecision,L3,no-issue,NO-ISSUE,no,L3 diagnostic/plumbing struct member (input or dump field) — no derived-fact publication concern
src/composing/analysis/section/jointkeydecision.h,field,179,coupled,JointKeyDecision,L3,no-issue,NO-ISSUE,no,L3 diagnostic/plumbing struct member (input or dump field) — no derived-fact publication concern
src/composing/analysis/section/jointkeydecision.h,field,180,jointChanged,JointKeyDecision,L3,no-issue,NO-ISSUE,no,L3 diagnostic/plumbing struct member (input or dump field) — no derived-fact publication concern
src/composing/analysis/section/jointkeydecision.h,field,182,anchorContributed,JointKeyDecision,L3,no-issue,NO-ISSUE,no,L3 diagnostic/plumbing struct member (input or dump field) — no derived-fact publication concern
src/composing/analysis/section/jointkeydecision.h,field,183,modulationContributed,JointKeyDecision,L3,no-issue,NO-ISSUE,no,L3 diagnostic/plumbing struct member (input or dump field) — no derived-fact publication concern
src/composing/analysis/section/jointkeydecision.h,field,185,homeMajorTonicPc,JointKeyDecision,L3,no-issue,NO-ISSUE,no,L3 diagnostic/plumbing struct member (input or dump field) — no derived-fact publication concern
src/composing/analysis/section/jointkeydecision.h,field,186,homeMinorTonicPc,JointKeyDecision,L3,no-issue,NO-ISSUE,no,L3 diagnostic/plumbing struct member (input or dump field) — no derived-fact publication concern
src/composing/analysis/section/jointkeydecision.h,field,192,decisions,JointKeyResult,L3,no-issue,NO-ISSUE,no,L3 diagnostic/plumbing struct member (input or dump field) — no derived-fact publication concern
src/composing/analysis/section/jointkeydecision.h,field,193,anchor,JointKeyResult,L3,no-issue,NO-ISSUE,no,L3 diagnostic/plumbing struct member (input or dump field) — no derived-fact publication concern
src/composing/analysis/section/jointkeydecision.h,field,194,modulationSpanCount,JointKeyResult,L3,no-issue,NO-ISSUE,no,L3 diagnostic/plumbing struct member (input or dump field) — no derived-fact publication concern
src/composing/analysis/section/jointkeydecision.h,field,195,coupledCount,JointKeyResult,L3,no-issue,NO-ISSUE,no,L3 diagnostic/plumbing struct member (input or dump field) — no derived-fact publication concern
src/composing/analysis/section/jointkeydecision.h,field,196,hardPinnedCount,JointKeyResult,L3,no-issue,NO-ISSUE,no,L3 diagnostic/plumbing struct member (input or dump field) — no derived-fact publication concern
src/composing/analysis/section/jointkeydecision.h,field,202,latticeStates,JointKeyResult,L3,no-issue,NO-ISSUE,no,L3 diagnostic/plumbing struct member (input or dump field) — no derived-fact publication concern
src/composing/analysis/section/localmodulationdetector.h,field,63,startTick,LocalKeySpan,L3,no-issue,NO-ISSUE,no,L3 diagnostic/plumbing struct member (input or dump field) — no derived-fact publication concern
src/composing/analysis/section/localmodulationdetector.h,field,64,endTick,LocalKeySpan,L3,no-issue,NO-ISSUE,no,L3 diagnostic/plumbing struct member (input or dump field) — no derived-fact publication concern
src/composing/analysis/section/localmodulationdetector.h,field,65,tonicPc,LocalKeySpan,L3,no-issue,NO-ISSUE,no,L3 diagnostic/plumbing struct member (input or dump field) — no derived-fact publication concern
src/composing/analysis/section/localmodulationdetector.h,field,66,minorMode,LocalKeySpan,L3,no-issue,NO-ISSUE,no,L3 diagnostic/plumbing struct member (input or dump field) — no derived-fact publication concern
src/composing/analysis/section/localmodulationdetector.h,field,70,establishmentChords,LocalKeySpan,L3,no-issue,NO-ISSUE,no,L3 diagnostic/plumbing struct member (input or dump field) — no derived-fact publication concern
src/composing/analysis/section/localmodulationdetector.h,field,74,confirmingCadenceCount,LocalKeySpan,L3,no-issue,NO-ISSUE,no,L3 diagnostic/plumbing struct member (input or dump field) — no derived-fact publication concern
src/composing/analysis/section/localmodulationdetector.h,field,77,firstCadenceTonicTick,LocalKeySpan,L3,no-issue,NO-ISSUE,no,L3 diagnostic/plumbing struct member (input or dump field) — no derived-fact publication concern
src/composing/analysis/section/localmodulationdetector.h,field,84,agreesWithAnchor,LocalKeySpan,L3,no-issue,NO-ISSUE,no,L3 diagnostic/plumbing struct member (input or dump field) — no derived-fact publication concern
src/composing/analysis/section/localmodulationdetector.h,field,90,spans,ModulationDetectionResult,L3,no-issue,NO-ISSUE,no,L3 diagnostic/plumbing struct member (input or dump field) — no derived-fact publication concern
src/composing/analysis/section/localmodulationdetector.h,field,91,anchor,ModulationDetectionResult,L3,no-issue,NO-ISSUE,no,L3 diagnostic/plumbing struct member (input or dump field) — no derived-fact publication concern
src/composing/analysis/section/sectionanalyzer.h,field,99,tick,CadenceMarker,L3-MIXED,no-issue,NO-ISSUE,no,"struct member — input/plumbing, no L3 fact-publication concern"
src/composing/analysis/section/sectionanalyzer.h,field,100,label,CadenceMarker,L3-MIXED,no-issue,NO-ISSUE,no,"struct member — input/plumbing, no L3 fact-publication concern"
src/composing/analysis/section/sectionanalyzer.h,field,105,tick,PivotLabel,L3-MIXED,no-issue,NO-ISSUE,no,"struct member — input/plumbing, no L3 fact-publication concern"
src/composing/analysis/section/sectionanalyzer.h,field,106,label,PivotLabel,L3-MIXED,no-issue,NO-ISSUE,no,"struct member — input/plumbing, no L3 fact-publication concern"
src/composing/analysis/types/analysistypes.h,field,89,min,ParameterBound,shared-infra,no-issue,NO-ISSUE,no,"shared parameter-bounds infra member — cross-cutting, not L3-specific"
src/composing/analysis/types/analysistypes.h,field,90,max,ParameterBound,shared-infra,no-issue,NO-ISSUE,no,"shared parameter-bounds infra member — cross-cutting, not L3-specific"
src/composing/analysis/types/analysistypes.h,field,91,isManual,ParameterBound,shared-infra,no-issue,NO-ISSUE,no,"shared parameter-bounds infra member — cross-cutting, not L3-specific"
src/composing/analysis/types/analysistypes.h,field,135,pitch,ChordAnalysisTone,L4,deferred,DEFERRED,no,Layer-4 type member in the shared leaf — deferred to the L4 audit (split recorded)
src/composing/analysis/types/analysistypes.h,field,136,tpc,ChordAnalysisTone,L4,deferred,DEFERRED,no,Layer-4 type member in the shared leaf — deferred to the L4 audit (split recorded)
src/composing/analysis/types/analysistypes.h,field,137,weight,ChordAnalysisTone,L4,deferred,DEFERRED,no,Layer-4 type member in the shared leaf — deferred to the L4 audit (split recorded)
src/composing/analysis/types/analysistypes.h,field,138,isBass,ChordAnalysisTone,L4,deferred,DEFERRED,no,Layer-4 type member in the shared leaf — deferred to the L4 audit (split recorded)
src/composing/analysis/types/analysistypes.h,field,145,durationInRegion,ChordAnalysisTone,L4,deferred,DEFERRED,no,Layer-4 type member in the shared leaf — deferred to the L4 audit (split recorded)
src/composing/analysis/types/analysistypes.h,field,150,distinctMetricPositions,ChordAnalysisTone,L4,deferred,DEFERRED,no,Layer-4 type member in the shared leaf — deferred to the L4 audit (split recorded)
src/composing/analysis/types/analysistypes.h,field,155,simultaneousVoiceCount,ChordAnalysisTone,L4,deferred,DEFERRED,no,Layer-4 type member in the shared leaf — deferred to the L4 audit (split recorded)
src/composing/analysis/types/analysistypes.h,field,162,onsetAtRegionStart,ChordAnalysisTone,L4,deferred,DEFERRED,no,Layer-4 type member in the shared leaf — deferred to the L4 audit (split recorded)
src/composing/analysis/types/analysistypes.h,field,177,bassNoteRootBonus,ChordAnalyzerPreferences,L4,deferred,DEFERRED,no,Layer-4 type member in the shared leaf — deferred to the L4 audit (split recorded)
src/composing/analysis/types/analysistypes.h,field,183,bassRootThirdOnlyMultiplier,ChordAnalyzerPreferences,L4,deferred,DEFERRED,no,Layer-4 type member in the shared leaf — deferred to the L4 audit (split recorded)
src/composing/analysis/types/analysistypes.h,field,188,bassRootAloneMultiplier,ChordAnalyzerPreferences,L4,deferred,DEFERRED,no,Layer-4 type member in the shared leaf — deferred to the L4 audit (split recorded)
src/composing/analysis/types/analysistypes.h,field,191,diatonicRootBonus,ChordAnalyzerPreferences,L4,deferred,DEFERRED,no,Layer-4 type member in the shared leaf — deferred to the L4 audit (split recorded)
src/composing/analysis/types/analysistypes.h,field,196,tpcConsistencyBonusPerTone,ChordAnalyzerPreferences,L4,deferred,DEFERRED,no,Layer-4 type member in the shared leaf — deferred to the L4 audit (split recorded)
src/composing/analysis/types/analysistypes.h,field,200,rootContinuityBonus,ChordAnalyzerPreferences,L4,deferred,DEFERRED,no,Layer-4 type member in the shared leaf — deferred to the L4 audit (split recorded)
src/composing/analysis/types/analysistypes.h,field,207,resolutionBonus,ChordAnalyzerPreferences,L4,deferred,DEFERRED,no,Layer-4 type member in the shared leaf — deferred to the L4 audit (split recorded)
src/composing/analysis/types/analysistypes.h,field,226,stepwiseBassInversionBonus,ChordAnalyzerPreferences,L4,deferred,DEFERRED,no,Layer-4 type member in the shared leaf — deferred to the L4 audit (split recorded)
src/composing/analysis/types/analysistypes.h,field,235,stepwiseBassLookaheadBonus,ChordAnalyzerPreferences,L4,deferred,DEFERRED,no,Layer-4 type member in the shared leaf — deferred to the L4 audit (split recorded)
src/composing/analysis/types/analysistypes.h,field,243,completeTriadInversionBonus,ChordAnalyzerPreferences,L4,deferred,DEFERRED,no,Layer-4 type member in the shared leaf — deferred to the L4 audit (split recorded)
src/composing/analysis/types/analysistypes.h,field,252,sameRootInversionBonus,ChordAnalyzerPreferences,L4,deferred,DEFERRED,no,Layer-4 type member in the shared leaf — deferred to the L4 audit (split recorded)
src/composing/analysis/types/analysistypes.h,field,268,maxTotalInversionContextBonus,ChordAnalyzerPreferences,L4,deferred,DEFERRED,no,Layer-4 type member in the shared leaf — deferred to the L4 audit (split recorded)
src/composing/analysis/types/analysistypes.h,field,293,inversionSuspicionMargin,ChordAnalyzerPreferences,L4,deferred,DEFERRED,no,Layer-4 type member in the shared leaf — deferred to the L4 audit (split recorded)
src/composing/analysis/types/analysistypes.h,field,298,inversionBonusReduction,ChordAnalyzerPreferences,L4,deferred,DEFERRED,no,Layer-4 type member in the shared leaf — deferred to the L4 audit (split recorded)
src/composing/analysis/types/analysistypes.h,field,308,preferMinorOverMajorAdd6,ChordAnalyzerPreferences,L4,deferred,DEFERRED,no,Layer-4 type member in the shared leaf — deferred to the L4 audit (split recorded)
src/composing/analysis/types/analysistypes.h,field,319,harmonicBoundaryJaccardThreshold,ChordAnalyzerPreferences,L4,deferred,DEFERRED,no,Layer-4 type member in the shared leaf — deferred to the L4 audit (split recorded)
src/composing/analysis/types/analysistypes.h,field,325,pedalTailWeightMultiplier,ChordAnalyzerPreferences,L4,deferred,DEFERRED,no,Layer-4 type member in the shared leaf — deferred to the L4 audit (split recorded)
src/composing/analysis/types/analysistypes.h,field,332,bassPassingToneMinWeightFraction,ChordAnalyzerPreferences,L4,deferred,DEFERRED,no,Layer-4 type member in the shared leaf — deferred to the L4 audit (split recorded)
src/composing/analysis/types/analysistypes.h,field,346,extensionThreshold,ChordAnalyzerPreferences,L4,deferred,DEFERRED,no,Layer-4 type member in the shared leaf — deferred to the L4 audit (split recorded)
src/composing/analysis/types/analysistypes.h,field,355,minDistinctPcsForCandidate,ChordAnalyzerPreferences,L4,deferred,DEFERRED,no,Layer-4 type member in the shared leaf — deferred to the L4 audit (split recorded)
src/composing/analysis/types/analysistypes.h,field,367,scoringPhase,ChordAnalyzerPreferences,L4,deferred,DEFERRED,no,Layer-4 type member in the shared leaf — deferred to the L4 audit (split recorded)
src/composing/analysis/types/analysistypes.h,field,375,decodeQualityLevel,ChordAnalyzerPreferences,L4,deferred,DEFERRED,no,Layer-4 type member in the shared leaf — deferred to the L4 audit (split recorded)
src/composing/analysis/types/analysistypes.h,field,386,pedalConfidenceThreshold,ChordAnalyzerPreferences,L4,deferred,DEFERRED,no,Layer-4 type member in the shared leaf — deferred to the L4 audit (split recorded)
src/composing/analysis/types/analysistypes.h,field,394,useExistingChordSymbols,ChordAnalyzerPreferences,L4,deferred,DEFERRED,no,Layer-4 type member in the shared leaf — deferred to the L4 audit (split recorded)
src/composing/analysis/types/analysistypes.h,field,397,useRomanNumeralAnnotations,ChordAnalyzerPreferences,L4,deferred,DEFERRED,no,Layer-4 type member in the shared leaf — deferred to the L4 audit (split recorded)
src/composing/analysis/types/analysistypes.h,field,400,useNashvilleAnnotations,ChordAnalyzerPreferences,L4,deferred,DEFERRED,no,Layer-4 type member in the shared leaf — deferred to the L4 audit (split recorded)
src/composing/analysis/types/analysistypes.h,field,472,previousRootPc,ChordTemporalContext,L4,deferred,DEFERRED,no,Layer-4 type member in the shared leaf — deferred to the L4 audit (split recorded)
src/composing/analysis/types/analysistypes.h,field,475,previousQuality,ChordTemporalContext,L4,deferred,DEFERRED,no,Layer-4 type member in the shared leaf — deferred to the L4 audit (split recorded)
src/composing/analysis/types/analysistypes.h,field,480,previousBassPc,ChordTemporalContext,L4,deferred,DEFERRED,no,Layer-4 type member in the shared leaf — deferred to the L4 audit (split recorded)
src/composing/analysis/types/analysistypes.h,field,487,bassIsStepwiseFromPrevious,ChordTemporalContext,L4,deferred,DEFERRED,no,Layer-4 type member in the shared leaf — deferred to the L4 audit (split recorded)
src/composing/analysis/types/analysistypes.h,field,491,bassIsStepwiseToNext,ChordTemporalContext,L4,deferred,DEFERRED,no,Layer-4 type member in the shared leaf — deferred to the L4 audit (split recorded)
src/composing/analysis/types/analysistypes.h,field,497,nextBassPc,ChordTemporalContext,L4,deferred,DEFERRED,no,Layer-4 type member in the shared leaf — deferred to the L4 audit (split recorded)
src/composing/analysis/types/analysistypes.h,field,501,nextRootPc,ChordTemporalContext,L4,deferred,DEFERRED,no,Layer-4 type member in the shared leaf — deferred to the L4 audit (split recorded)
src/composing/analysis/types/analysistypes.h,field,507,consecutiveBassStepwiseCount,ChordTemporalContext,L4,deferred,DEFERRED,no,Layer-4 type member in the shared leaf — deferred to the L4 audit (split recorded)
src/composing/analysis/types/analysistypes.h,field,512,recentRootPcs,ChordTemporalContext,L4,deferred,DEFERRED,no,Layer-4 type member in the shared leaf — deferred to the L4 audit (split recorded)
src/composing/analysis/types/analysistypes.h,field,517,regionMetricWeight,ChordTemporalContext,L4,deferred,DEFERRED,no,Layer-4 type member in the shared leaf — deferred to the L4 audit (split recorded)
src/composing/analysis/types/analysistypes.h,field,587,noteWeightCap,KeyModeAnalyzerPreferences,L3,constant,UNFIT,no,L3 emission scoring constant (weight/bonus/penalty/prior/threshold) — empirical/hand-set per code; NOT in param_manifest unless noted; Stage-5 fit target
src/composing/analysis/types/analysistypes.h,field,591,bassMultiplier,KeyModeAnalyzerPreferences,L3,constant,UNFIT,no,L3 emission scoring constant (weight/bonus/penalty/prior/threshold) — empirical/hand-set per code; NOT in param_manifest unless noted; Stage-5 fit target
src/composing/analysis/types/analysistypes.h,field,600,scaleScoreInBoth,KeyModeAnalyzerPreferences,L3,constant,UNFIT,no,L3 emission scoring constant (weight/bonus/penalty/prior/threshold) — empirical/hand-set per code; NOT in param_manifest unless noted; Stage-5 fit target
src/composing/analysis/types/analysistypes.h,field,601,scaleScoreInCandidateOnly,KeyModeAnalyzerPreferences,L3,constant,UNFIT,no,L3 emission scoring constant (weight/bonus/penalty/prior/threshold) — empirical/hand-set per code; NOT in param_manifest unless noted; Stage-5 fit target
src/composing/analysis/types/analysistypes.h,field,602,scaleScoreInKeySigOnly,KeyModeAnalyzerPreferences,L3,constant,UNFIT,no,L3 emission scoring constant (weight/bonus/penalty/prior/threshold) — empirical/hand-set per code; NOT in param_manifest unless noted; Stage-5 fit target
src/composing/analysis/types/analysistypes.h,field,603,scaleScoreInNeither,KeyModeAnalyzerPreferences,L3,constant,UNFIT,no,L3 emission scoring constant (weight/bonus/penalty/prior/threshold) — empirical/hand-set per code; NOT in param_manifest unless noted; Stage-5 fit target
src/composing/analysis/types/analysistypes.h,field,611,tonicWeight,KeyModeAnalyzerPreferences,L3,constant,UNFIT,no,L3 emission scoring constant (weight/bonus/penalty/prior/threshold) — empirical/hand-set per code; NOT in param_manifest unless noted; Stage-5 fit target
src/composing/analysis/types/analysistypes.h,field,612,thirdWeight,KeyModeAnalyzerPreferences,L3,constant,UNFIT,no,L3 emission scoring constant (weight/bonus/penalty/prior/threshold) — empirical/hand-set per code; NOT in param_manifest unless noted; Stage-5 fit target
src/composing/analysis/types/analysistypes.h,field,613,fifthWeight,KeyModeAnalyzerPreferences,L3,constant,UNFIT,no,L3 emission scoring constant (weight/bonus/penalty/prior/threshold) — empirical/hand-set per code; NOT in param_manifest unless noted; Stage-5 fit target
src/composing/analysis/types/analysistypes.h,field,614,leadingToneWeight,KeyModeAnalyzerPreferences,L3,constant,UNFIT,no,L3 emission scoring constant (weight/bonus/penalty/prior/threshold) — empirical/hand-set per code; NOT in param_manifest unless noted; Stage-5 fit target
src/composing/analysis/types/analysistypes.h,field,616,completeTriadBonus,KeyModeAnalyzerPreferences,L3,constant,UNFIT,no,L3 emission scoring constant (weight/bonus/penalty/prior/threshold) — empirical/hand-set per code; NOT in param_manifest unless noted; Stage-5 fit target
src/composing/analysis/types/analysistypes.h,field,617,missingTonicPenalty,KeyModeAnalyzerPreferences,L3,constant,UNFIT,no,L3 emission scoring constant (weight/bonus/penalty/prior/threshold) — empirical/hand-set per code; NOT in param_manifest unless noted; Stage-5 fit target
src/composing/analysis/types/analysistypes.h,field,619,extraScaleFactor,KeyModeAnalyzerPreferences,L3,constant,UNFIT,no,L3 emission scoring constant (weight/bonus/penalty/prior/threshold) — empirical/hand-set per code; NOT in param_manifest unless noted; Stage-5 fit target
src/composing/analysis/types/analysistypes.h,field,620,extraScaleCap,KeyModeAnalyzerPreferences,L3,constant,UNFIT,no,L3 emission scoring constant (weight/bonus/penalty/prior/threshold) — empirical/hand-set per code; NOT in param_manifest unless noted; Stage-5 fit target
src/composing/analysis/types/analysistypes.h,field,629,characteristicPitchBoost,KeyModeAnalyzerPreferences,L3,constant,UNFIT,no,L3 emission scoring constant (weight/bonus/penalty/prior/threshold) — empirical/hand-set per code; NOT in param_manifest unless noted; Stage-5 fit target
src/composing/analysis/types/analysistypes.h,field,630,characteristicPitchPenalty,KeyModeAnalyzerPreferences,L3,constant,UNFIT,no,L3 emission scoring constant (weight/bonus/penalty/prior/threshold) — empirical/hand-set per code; NOT in param_manifest unless noted; Stage-5 fit target
src/composing/analysis/types/analysistypes.h,field,640,trueLeadingToneBoost,KeyModeAnalyzerPreferences,L3,constant,UNFIT,no,L3 emission scoring constant (weight/bonus/penalty/prior/threshold) — empirical/hand-set per code; NOT in param_manifest unless noted; Stage-5 fit target
src/composing/analysis/types/analysistypes.h,field,652,modePriorIonian,KeyModeAnalyzerPreferences,L3,constant,UNFIT,no,L3 emission scoring constant (weight/bonus/penalty/prior/threshold) — empirical/hand-set per code; NOT in param_manifest unless noted; Stage-5 fit target
src/composing/analysis/types/analysistypes.h,field,653,modePriorDorian,KeyModeAnalyzerPreferences,L3,constant,UNFIT,no,L3 emission scoring constant (weight/bonus/penalty/prior/threshold) — empirical/hand-set per code; NOT in param_manifest unless noted; Stage-5 fit target
src/composing/analysis/types/analysistypes.h,field,654,modePriorPhrygian,KeyModeAnalyzerPreferences,L3,constant,UNFIT,no,L3 emission scoring constant (weight/bonus/penalty/prior/threshold) — empirical/hand-set per code; NOT in param_manifest unless noted; Stage-5 fit target
src/composing/analysis/types/analysistypes.h,field,655,modePriorLydian,KeyModeAnalyzerPreferences,L3,constant,UNFIT,no,L3 emission scoring constant (weight/bonus/penalty/prior/threshold) — empirical/hand-set per code; NOT in param_manifest unless noted; Stage-5 fit target
src/composing/analysis/types/analysistypes.h,field,656,modePriorMixolydian,KeyModeAnalyzerPreferences,L3,constant,UNFIT,no,L3 emission scoring constant (weight/bonus/penalty/prior/threshold) — empirical/hand-set per code; NOT in param_manifest unless noted; Stage-5 fit target
src/composing/analysis/types/analysistypes.h,field,657,modePriorAeolian,KeyModeAnalyzerPreferences,L3,constant,UNFIT,no,L3 emission scoring constant (weight/bonus/penalty/prior/threshold) — empirical/hand-set per code; NOT in param_manifest unless noted; Stage-5 fit target
src/composing/analysis/types/analysistypes.h,field,658,modePriorLocrian,KeyModeAnalyzerPreferences,L3,constant,UNFIT,no,L3 emission scoring constant (weight/bonus/penalty/prior/threshold) — empirical/hand-set per code; NOT in param_manifest unless noted; Stage-5 fit target
src/composing/analysis/types/analysistypes.h,field,661,modePriorMelodicMinor,KeyModeAnalyzerPreferences,L3,constant,UNFIT,no,L3 emission scoring constant (weight/bonus/penalty/prior/threshold) — empirical/hand-set per code; NOT in param_manifest unless noted; Stage-5 fit target
src/composing/analysis/types/analysistypes.h,field,662,modePriorDorianB2,KeyModeAnalyzerPreferences,L3,constant,UNFIT,no,L3 emission scoring constant (weight/bonus/penalty/prior/threshold) — empirical/hand-set per code; NOT in param_manifest unless noted; Stage-5 fit target
src/composing/analysis/types/analysistypes.h,field,663,modePriorLydianAugmented,KeyModeAnalyzerPreferences,L3,constant,UNFIT,no,L3 emission scoring constant (weight/bonus/penalty/prior/threshold) — empirical/hand-set per code; NOT in param_manifest unless noted; Stage-5 fit target
src/composing/analysis/types/analysistypes.h,field,664,modePriorLydianDominant,KeyModeAnalyzerPreferences,L3,constant,UNFIT,no,L3 emission scoring constant (weight/bonus/penalty/prior/threshold) — empirical/hand-set per code; NOT in param_manifest unless noted; Stage-5 fit target
src/composing/analysis/types/analysistypes.h,field,665,modePriorMixolydianB6,KeyModeAnalyzerPreferences,L3,constant,UNFIT,no,L3 emission scoring constant (weight/bonus/penalty/prior/threshold) — empirical/hand-set per code; NOT in param_manifest unless noted; Stage-5 fit target
src/composing/analysis/types/analysistypes.h,field,666,modePriorAeolianB5,KeyModeAnalyzerPreferences,L3,constant,UNFIT,no,L3 emission scoring constant (weight/bonus/penalty/prior/threshold) — empirical/hand-set per code; NOT in param_manifest unless noted; Stage-5 fit target
src/composing/analysis/types/analysistypes.h,field,667,modePriorAltered,KeyModeAnalyzerPreferences,L3,constant,UNFIT,no,L3 emission scoring constant (weight/bonus/penalty/prior/threshold) — empirical/hand-set per code; NOT in param_manifest unless noted; Stage-5 fit target
src/composing/analysis/types/analysistypes.h,field,670,modePriorHarmonicMinor,KeyModeAnalyzerPreferences,L3,constant,UNFIT,no,L3 emission scoring constant (weight/bonus/penalty/prior/threshold) — empirical/hand-set per code; NOT in param_manifest unless noted; Stage-5 fit target
src/composing/analysis/types/analysistypes.h,field,671,modePriorLocrianSharp6,KeyModeAnalyzerPreferences,L3,constant,UNFIT,no,L3 emission scoring constant (weight/bonus/penalty/prior/threshold) — empirical/hand-set per code; NOT in param_manifest unless noted; Stage-5 fit target
src/composing/analysis/types/analysistypes.h,field,672,modePriorIonianSharp5,KeyModeAnalyzerPreferences,L3,constant,UNFIT,no,L3 emission scoring constant (weight/bonus/penalty/prior/threshold) — empirical/hand-set per code; NOT in param_manifest unless noted; Stage-5 fit target
src/composing/analysis/types/analysistypes.h,field,673,modePriorDorianSharp4,KeyModeAnalyzerPreferences,L3,constant,UNFIT,no,L3 emission scoring constant (weight/bonus/penalty/prior/threshold) — empirical/hand-set per code; NOT in param_manifest unless noted; Stage-5 fit target
src/composing/analysis/types/analysistypes.h,field,674,modePriorPhrygianDominant,KeyModeAnalyzerPreferences,L3,constant,UNFIT,no,L3 emission scoring constant (weight/bonus/penalty/prior/threshold) — empirical/hand-set per code; NOT in param_manifest unless noted; Stage-5 fit target
src/composing/analysis/types/analysistypes.h,field,675,modePriorLydianSharp2,KeyModeAnalyzerPreferences,L3,constant,UNFIT,no,L3 emission scoring constant (weight/bonus/penalty/prior/threshold) — empirical/hand-set per code; NOT in param_manifest unless noted; Stage-5 fit target
src/composing/analysis/types/analysistypes.h,field,676,modePriorAlteredDomBB7,KeyModeAnalyzerPreferences,L3,constant,UNFIT,no,L3 emission scoring constant (weight/bonus/penalty/prior/threshold) — empirical/hand-set per code; NOT in param_manifest unless noted; Stage-5 fit target
src/composing/analysis/types/analysistypes.h,field,690,tonalCenterTonicWeight,KeyModeAnalyzerPreferences,L3,constant,UNFIT,no,L3 emission scoring constant (weight/bonus/penalty/prior/threshold) — empirical/hand-set per code; NOT in param_manifest unless noted; Stage-5 fit target
src/composing/analysis/types/analysistypes.h,field,691,tonalCenterThirdWeight,KeyModeAnalyzerPreferences,L3,constant,UNFIT,no,L3 emission scoring constant (weight/bonus/penalty/prior/threshold) — empirical/hand-set per code; NOT in param_manifest unless noted; Stage-5 fit target
src/composing/analysis/types/analysistypes.h,field,692,tonalCenterFifthWeight,KeyModeAnalyzerPreferences,L3,constant,UNFIT,no,L3 emission scoring constant (weight/bonus/penalty/prior/threshold) — empirical/hand-set per code; NOT in param_manifest unless noted; Stage-5 fit target
src/composing/analysis/types/analysistypes.h,field,693,tonalCenterLeadingTone,KeyModeAnalyzerPreferences,L3,constant,UNFIT,no,L3 emission scoring constant (weight/bonus/penalty/prior/threshold) — empirical/hand-set per code; NOT in param_manifest unless noted; Stage-5 fit target
src/composing/analysis/types/analysistypes.h,field,694,tonalCenterTriadBonus,KeyModeAnalyzerPreferences,L3,constant,UNFIT,no,L3 emission scoring constant (weight/bonus/penalty/prior/threshold) — empirical/hand-set per code; NOT in param_manifest unless noted; Stage-5 fit target
src/composing/analysis/types/analysistypes.h,field,695,tonalCenterDeltaThreshold,KeyModeAnalyzerPreferences,L3,constant,UNFIT,no,L3 emission scoring constant (weight/bonus/penalty/prior/threshold) — empirical/hand-set per code; NOT in param_manifest unless noted; Stage-5 fit target
src/composing/analysis/types/analysistypes.h,field,704,keySignatureDistancePenalty,KeyModeAnalyzerPreferences,L3,constant,UNFIT,no,L3 emission scoring constant (weight/bonus/penalty/prior/threshold) — empirical/hand-set per code; NOT in param_manifest unless noted; Stage-5 fit target
src/composing/analysis/types/analysistypes.h,field,714,disambiguationTriadBonus,KeyModeAnalyzerPreferences,L3,constant,UNFIT,no,L3 emission scoring constant (weight/bonus/penalty/prior/threshold) — empirical/hand-set per code; NOT in param_manifest unless noted; Stage-5 fit target
src/composing/analysis/types/analysistypes.h,field,715,disambiguationTriadCost,KeyModeAnalyzerPreferences,L3,constant,UNFIT,no,L3 emission scoring constant (weight/bonus/penalty/prior/threshold) — empirical/hand-set per code; NOT in param_manifest unless noted; Stage-5 fit target
src/composing/analysis/types/analysistypes.h,field,716,disambiguationTonicBonus,KeyModeAnalyzerPreferences,L3,constant,UNFIT,no,L3 emission scoring constant (weight/bonus/penalty/prior/threshold) — empirical/hand-set per code; NOT in param_manifest unless noted; Stage-5 fit target
src/composing/analysis/types/analysistypes.h,field,733,declaredModePenalty,KeyModeAnalyzerPreferences,L3,constant,UNFIT,no,L3 emission scoring constant (weight/bonus/penalty/prior/threshold) — empirical/hand-set per code; NOT in param_manifest unless noted; Stage-5 fit target
src/composing/analysis/types/analysistypes.h,field,741,ignoreDeclaredMode,KeyModeAnalyzerPreferences,L3,constant,UNFIT,no,L3 emission scoring constant (weight/bonus/penalty/prior/threshold) — empirical/hand-set per code; NOT in param_manifest unless noted; Stage-5 fit target
src/composing/analysis/types/analysistypes.h,field,758,confidenceSigmoidMidpoint,KeyModeAnalyzerPreferences,L3,constant,UNFIT,no,L3 emission scoring constant (weight/bonus/penalty/prior/threshold) — empirical/hand-set per code; NOT in param_manifest unless noted; Stage-5 fit target
src/composing/analysis/types/analysistypes.h,field,759,confidenceSigmoidSteepness,KeyModeAnalyzerPreferences,L3,constant,UNFIT,no,L3 emission scoring constant (weight/bonus/penalty/prior/threshold) — empirical/hand-set per code; NOT in param_manifest unless noted; Stage-5 fit target
src/composing/analysis/types/analysistypes.h,field,770,dynamicLookaheadConfidenceThreshold,KeyModeAnalyzerPreferences,L3,constant,UNFIT,no,L3 emission scoring constant (weight/bonus/penalty/prior/threshold) — empirical/hand-set per code; NOT in param_manifest unless noted; Stage-5 fit target
src/composing/analysis/types/analysistypes.h,field,771,dynamicLookaheadStepBeats,KeyModeAnalyzerPreferences,L3,constant,UNFIT,no,L3 emission scoring constant (weight/bonus/penalty/prior/threshold) — empirical/hand-set per code; NOT in param_manifest unless noted; Stage-5 fit target
src/composing/analysis/types/analysistypes.h,field,772,dynamicLookaheadMaxBeats,KeyModeAnalyzerPreferences,L3,constant,UNFIT,no,L3 emission scoring constant (weight/bonus/penalty/prior/threshold) — empirical/hand-set per code; NOT in param_manifest unless noted; Stage-5 fit target
src/composing/analysis/types/analysistypes.h,field,782,hysteresisMargin,KeyModeAnalyzerPreferences,L3,constant,UNFIT,no,L3 emission scoring constant (weight/bonus/penalty/prior/threshold) — empirical/hand-set per code; NOT in param_manifest unless noted; Stage-5 fit target
src/composing/analysis/types/analysistypes.h,field,788,relativeKeyHysteresisMargin,KeyModeAnalyzerPreferences,L3,constant,UNFIT,no,L3 emission scoring constant (weight/bonus/penalty/prior/threshold) — empirical/hand-set per code; NOT in param_manifest unless noted; Stage-5 fit target
src/composing/analysis/types/analysistypes.h,field,797,beatWeightDownbeat,KeyModeAnalyzerPreferences,L3,constant,UNFIT,no,L3 emission scoring constant (weight/bonus/penalty/prior/threshold) — empirical/hand-set per code; NOT in param_manifest unless noted; Stage-5 fit target
src/composing/analysis/types/analysistypes.h,field,798,beatWeightCompoundStressed,KeyModeAnalyzerPreferences,L3,constant,UNFIT,no,L3 emission scoring constant (weight/bonus/penalty/prior/threshold) — empirical/hand-set per code; NOT in param_manifest unless noted; Stage-5 fit target
src/composing/analysis/types/analysistypes.h,field,799,beatWeightSimpleStressed,KeyModeAnalyzerPreferences,L3,constant,UNFIT,no,L3 emission scoring constant (weight/bonus/penalty/prior/threshold) — empirical/hand-set per code; NOT in param_manifest unless noted; Stage-5 fit target
src/composing/analysis/types/analysistypes.h,field,800,beatWeightCompoundUnstressed,KeyModeAnalyzerPreferences,L3,constant,UNFIT,no,L3 emission scoring constant (weight/bonus/penalty/prior/threshold) — empirical/hand-set per code; NOT in param_manifest unless noted; Stage-5 fit target
src/composing/analysis/types/analysistypes.h,field,801,beatWeightSimpleUnstressed,KeyModeAnalyzerPreferences,L3,constant,UNFIT,no,L3 emission scoring constant (weight/bonus/penalty/prior/threshold) — empirical/hand-set per code; NOT in param_manifest unless noted; Stage-5 fit target
src/composing/analysis/types/analysistypes.h,field,802,beatWeightCompoundSubbeat,KeyModeAnalyzerPreferences,L3,constant,UNFIT,no,L3 emission scoring constant (weight/bonus/penalty/prior/threshold) — empirical/hand-set per code; NOT in param_manifest unless noted; Stage-5 fit target
src/composing/analysis/types/analysistypes.h,field,803,beatWeightSubbeat,KeyModeAnalyzerPreferences,L3,constant,UNFIT,no,L3 emission scoring constant (weight/bonus/penalty/prior/threshold) — empirical/hand-set per code; NOT in param_manifest unless noted; Stage-5 fit target
src/composing/analysis/types/analysistypes.h,field,912,pitch,PitchContext,L3,no-issue,NO-ISSUE,no,L3 emission input member (pitch/durationWeight/beatWeight/isBass) — plumbing
src/composing/analysis/types/analysistypes.h,field,913,durationWeight,PitchContext,L3,no-issue,NO-ISSUE,no,L3 emission input member (pitch/durationWeight/beatWeight/isBass) — plumbing
src/composing/analysis/types/analysistypes.h,field,914,beatWeight,PitchContext,L3,no-issue,NO-ISSUE,no,L3 emission input member (pitch/durationWeight/beatWeight/isBass) — plumbing
src/composing/analysis/types/analysistypes.h,field,915,isBass,PitchContext,L3,no-issue,NO-ISSUE,no,L3 emission input member (pitch/durationWeight/beatWeight/isBass) — plumbing
src/composing/analysis/key/keymodeanalyzer.cpp,branch,156,if,ionianTonicPcForMode,L3,code,NO-ISSUE,,ordinary control flow / guard — edge-case behavior characterized in the report's contract-direction + edge-case notes
src/composing/analysis/key/keymodeanalyzer.cpp,branch,170,switch,possibleIonianFifthsForPc,L3,code,NO-ISSUE,,ordinary control flow / guard — edge-case behavior characterized in the report's contract-direction + edge-case notes
src/composing/analysis/key/keymodeanalyzer.cpp,branch,171,case,possibleIonianFifthsForPc,L3,code,NO-ISSUE,,ordinary control flow / guard — edge-case behavior characterized in the report's contract-direction + edge-case notes
src/composing/analysis/key/keymodeanalyzer.cpp,branch,172,case,possibleIonianFifthsForPc,L3,code,NO-ISSUE,,ordinary control flow / guard — edge-case behavior characterized in the report's contract-direction + edge-case notes
src/composing/analysis/key/keymodeanalyzer.cpp,branch,173,case,possibleIonianFifthsForPc,L3,code,NO-ISSUE,,ordinary control flow / guard — edge-case behavior characterized in the report's contract-direction + edge-case notes
src/composing/analysis/key/keymodeanalyzer.cpp,branch,174,case,possibleIonianFifthsForPc,L3,code,NO-ISSUE,,ordinary control flow / guard — edge-case behavior characterized in the report's contract-direction + edge-case notes
src/composing/analysis/key/keymodeanalyzer.cpp,branch,175,case,possibleIonianFifthsForPc,L3,code,NO-ISSUE,,ordinary control flow / guard — edge-case behavior characterized in the report's contract-direction + edge-case notes
src/composing/analysis/key/keymodeanalyzer.cpp,branch,176,case,possibleIonianFifthsForPc,L3,code,NO-ISSUE,,ordinary control flow / guard — edge-case behavior characterized in the report's contract-direction + edge-case notes
src/composing/analysis/key/keymodeanalyzer.cpp,branch,177,case,possibleIonianFifthsForPc,L3,code,NO-ISSUE,,ordinary control flow / guard — edge-case behavior characterized in the report's contract-direction + edge-case notes
src/composing/analysis/key/keymodeanalyzer.cpp,branch,178,case,possibleIonianFifthsForPc,L3,code,NO-ISSUE,,ordinary control flow / guard — edge-case behavior characterized in the report's contract-direction + edge-case notes
src/composing/analysis/key/keymodeanalyzer.cpp,branch,179,case,possibleIonianFifthsForPc,L3,code,NO-ISSUE,,ordinary control flow / guard — edge-case behavior characterized in the report's contract-direction + edge-case notes
src/composing/analysis/key/keymodeanalyzer.cpp,branch,180,case,possibleIonianFifthsForPc,L3,code,NO-ISSUE,,ordinary control flow / guard — edge-case behavior characterized in the report's contract-direction + edge-case notes
src/composing/analysis/key/keymodeanalyzer.cpp,branch,181,case,possibleIonianFifthsForPc,L3,code,NO-ISSUE,,ordinary control flow / guard — edge-case behavior characterized in the report's contract-direction + edge-case notes
src/composing/analysis/key/keymodeanalyzer.cpp,branch,182,case,possibleIonianFifthsForPc,L3,code,NO-ISSUE,,ordinary control flow / guard — edge-case behavior characterized in the report's contract-direction + edge-case notes
src/composing/analysis/key/keymodeanalyzer.cpp,branch,195,ternary,resolveToFifths,L3,code,NO-ISSUE,,ordinary control flow / guard — edge-case behavior characterized in the report's contract-direction + edge-case notes
src/composing/analysis/key/keymodeanalyzer.cpp,branch,232,ternary,noteWeight,L3,code,NO-ISSUE,,ordinary control flow / guard — edge-case behavior characterized in the report's contract-direction + edge-case notes
src/composing/analysis/key/keymodeanalyzer.cpp,branch,255,if,scoreScaleMembership,L3,code,NO-ISSUE,,ordinary control flow / guard — edge-case behavior characterized in the report's contract-direction + edge-case notes
src/composing/analysis/key/keymodeanalyzer.cpp,branch,256,else-if,scoreScaleMembership,L3,code,NO-ISSUE,,ordinary control flow / guard — edge-case behavior characterized in the report's contract-direction + edge-case notes
src/composing/analysis/key/keymodeanalyzer.cpp,branch,257,else-if,scoreScaleMembership,L3,code,NO-ISSUE,,ordinary control flow / guard — edge-case behavior characterized in the report's contract-direction + edge-case notes
src/composing/analysis/key/keymodeanalyzer.cpp,branch,284,if,scoreTriadEvidence,L3,code,NO-ISSUE,,ordinary control flow / guard — edge-case behavior characterized in the report's contract-direction + edge-case notes
src/composing/analysis/key/keymodeanalyzer.cpp,branch,285,else-if,scoreTriadEvidence,L3,code,NO-ISSUE,,ordinary control flow / guard — edge-case behavior characterized in the report's contract-direction + edge-case notes
src/composing/analysis/key/keymodeanalyzer.cpp,branch,286,else-if,scoreTriadEvidence,L3,code,NO-ISSUE,,ordinary control flow / guard — edge-case behavior characterized in the report's contract-direction + edge-case notes
src/composing/analysis/key/keymodeanalyzer.cpp,branch,287,else-if,scoreTriadEvidence,L3,code,NO-ISSUE,,ordinary control flow / guard — edge-case behavior characterized in the report's contract-direction + edge-case notes
src/composing/analysis/key/keymodeanalyzer.cpp,branch,288,else-if,scoreTriadEvidence,L3,code,NO-ISSUE,,ordinary control flow / guard — edge-case behavior characterized in the report's contract-direction + edge-case notes
src/composing/analysis/key/keymodeanalyzer.cpp,branch,302,if,scoreTriadEvidence,L3,code,NO-ISSUE,,ordinary control flow / guard — edge-case behavior characterized in the report's contract-direction + edge-case notes
src/composing/analysis/key/keymodeanalyzer.cpp,branch,304,else-if,scoreTriadEvidence,L3,code,NO-ISSUE,,ordinary control flow / guard — edge-case behavior characterized in the report's contract-direction + edge-case notes
src/composing/analysis/key/keymodeanalyzer.cpp,branch,328,ternary,scoreCharacteristicPitch,L3,code,NO-ISSUE,,ordinary control flow / guard — edge-case behavior characterized in the report's contract-direction + edge-case notes
src/composing/analysis/key/keymodeanalyzer.cpp,branch,335,if,scoreCharacteristicPitch,L3,code,NO-ISSUE,,ordinary control flow / guard — edge-case behavior characterized in the report's contract-direction + edge-case notes
src/composing/analysis/key/keymodeanalyzer.cpp,branch,336,if,scoreCharacteristicPitch,L3,code,NO-ISSUE,,ordinary control flow / guard — edge-case behavior characterized in the report's contract-direction + edge-case notes
src/composing/analysis/key/keymodeanalyzer.cpp,branch,342,if,scoreCharacteristicPitch,L3,code,NO-ISSUE,,ordinary control flow / guard — edge-case behavior characterized in the report's contract-direction + edge-case notes
src/composing/analysis/key/keymodeanalyzer.cpp,branch,344,ternary,scoreCharacteristicPitch,L3,code,NO-ISSUE,,ordinary control flow / guard — edge-case behavior characterized in the report's contract-direction + edge-case notes
src/composing/analysis/key/keymodeanalyzer.cpp,branch,347,if,scoreCharacteristicPitch,L3,code,NO-ISSUE,,ordinary control flow / guard — edge-case behavior characterized in the report's contract-direction + edge-case notes
src/composing/analysis/key/keymodeanalyzer.cpp,branch,348,if,scoreCharacteristicPitch,L3,code,NO-ISSUE,,ordinary control flow / guard — edge-case behavior characterized in the report's contract-direction + edge-case notes
src/composing/analysis/key/keymodeanalyzer.cpp,branch,349,if,scoreCharacteristicPitch,L3,code,NO-ISSUE,,ordinary control flow / guard — edge-case behavior characterized in the report's contract-direction + edge-case notes
src/composing/analysis/key/keymodeanalyzer.cpp,branch,354,ternary,scoreCharacteristicPitch,L3,code,NO-ISSUE,,ordinary control flow / guard — edge-case behavior characterized in the report's contract-direction + edge-case notes
src/composing/analysis/key/keymodeanalyzer.cpp,branch,370,if,scoreTrueLeadingTone,L3,code,NO-ISSUE,,ordinary control flow / guard — edge-case behavior characterized in the report's contract-direction + edge-case notes
src/composing/analysis/key/keymodeanalyzer.cpp,branch,374,ternary,scoreTrueLeadingTone,L3,code,NO-ISSUE,,ordinary control flow / guard — edge-case behavior characterized in the report's contract-direction + edge-case notes
src/composing/analysis/key/keymodeanalyzer.cpp,branch,380,switch,scoreModePrior,L3,code,NO-ISSUE,,ordinary control flow / guard — edge-case behavior characterized in the report's contract-direction + edge-case notes
src/composing/analysis/key/keymodeanalyzer.cpp,branch,382,case,scoreModePrior,L3,code,NO-ISSUE,,ordinary control flow / guard — edge-case behavior characterized in the report's contract-direction + edge-case notes
src/composing/analysis/key/keymodeanalyzer.cpp,branch,383,case,scoreModePrior,L3,code,NO-ISSUE,,ordinary control flow / guard — edge-case behavior characterized in the report's contract-direction + edge-case notes
src/composing/analysis/key/keymodeanalyzer.cpp,branch,384,case,scoreModePrior,L3,code,NO-ISSUE,,ordinary control flow / guard — edge-case behavior characterized in the report's contract-direction + edge-case notes
src/composing/analysis/key/keymodeanalyzer.cpp,branch,385,case,scoreModePrior,L3,code,NO-ISSUE,,ordinary control flow / guard — edge-case behavior characterized in the report's contract-direction + edge-case notes
src/composing/analysis/key/keymodeanalyzer.cpp,branch,386,case,scoreModePrior,L3,code,NO-ISSUE,,ordinary control flow / guard — edge-case behavior characterized in the report's contract-direction + edge-case notes
src/composing/analysis/key/keymodeanalyzer.cpp,branch,387,case,scoreModePrior,L3,code,NO-ISSUE,,ordinary control flow / guard — edge-case behavior characterized in the report's contract-direction + edge-case notes
src/composing/analysis/key/keymodeanalyzer.cpp,branch,388,case,scoreModePrior,L3,code,NO-ISSUE,,ordinary control flow / guard — edge-case behavior characterized in the report's contract-direction + edge-case notes
src/composing/analysis/key/keymodeanalyzer.cpp,branch,390,case,scoreModePrior,L3,code,NO-ISSUE,,ordinary control flow / guard — edge-case behavior characterized in the report's contract-direction + edge-case notes
src/composing/analysis/key/keymodeanalyzer.cpp,branch,391,case,scoreModePrior,L3,code,NO-ISSUE,,ordinary control flow / guard — edge-case behavior characterized in the report's contract-direction + edge-case notes
src/composing/analysis/key/keymodeanalyzer.cpp,branch,392,case,scoreModePrior,L3,code,NO-ISSUE,,ordinary control flow / guard — edge-case behavior characterized in the report's contract-direction + edge-case notes
src/composing/analysis/key/keymodeanalyzer.cpp,branch,393,case,scoreModePrior,L3,code,NO-ISSUE,,ordinary control flow / guard — edge-case behavior characterized in the report's contract-direction + edge-case notes
src/composing/analysis/key/keymodeanalyzer.cpp,branch,394,case,scoreModePrior,L3,code,NO-ISSUE,,ordinary control flow / guard — edge-case behavior characterized in the report's contract-direction + edge-case notes
src/composing/analysis/key/keymodeanalyzer.cpp,branch,395,case,scoreModePrior,L3,code,NO-ISSUE,,ordinary control flow / guard — edge-case behavior characterized in the report's contract-direction + edge-case notes
src/composing/analysis/key/keymodeanalyzer.cpp,branch,396,case,scoreModePrior,L3,code,NO-ISSUE,,ordinary control flow / guard — edge-case behavior characterized in the report's contract-direction + edge-case notes
src/composing/analysis/key/keymodeanalyzer.cpp,branch,398,case,scoreModePrior,L3,code,NO-ISSUE,,ordinary control flow / guard — edge-case behavior characterized in the report's contract-direction + edge-case notes
src/composing/analysis/key/keymodeanalyzer.cpp,branch,399,case,scoreModePrior,L3,code,NO-ISSUE,,ordinary control flow / guard — edge-case behavior characterized in the report's contract-direction + edge-case notes
src/composing/analysis/key/keymodeanalyzer.cpp,branch,400,case,scoreModePrior,L3,code,NO-ISSUE,,ordinary control flow / guard — edge-case behavior characterized in the report's contract-direction + edge-case notes
src/composing/analysis/key/keymodeanalyzer.cpp,branch,401,case,scoreModePrior,L3,code,NO-ISSUE,,ordinary control flow / guard — edge-case behavior characterized in the report's contract-direction + edge-case notes
src/composing/analysis/key/keymodeanalyzer.cpp,branch,402,case,scoreModePrior,L3,code,NO-ISSUE,,ordinary control flow / guard — edge-case behavior characterized in the report's contract-direction + edge-case notes
src/composing/analysis/key/keymodeanalyzer.cpp,branch,403,case,scoreModePrior,L3,code,NO-ISSUE,,ordinary control flow / guard — edge-case behavior characterized in the report's contract-direction + edge-case notes
src/composing/analysis/key/keymodeanalyzer.cpp,branch,404,case,scoreModePrior,L3,code,NO-ISSUE,,ordinary control flow / guard — edge-case behavior characterized in the report's contract-direction + edge-case notes
src/composing/analysis/key/keymodeanalyzer.cpp,branch,437,if,tonalCenterScore,L3,code,NO-ISSUE,,ordinary control flow / guard — edge-case behavior characterized in the report's contract-direction + edge-case notes
src/composing/analysis/key/keymodeanalyzer.cpp,branch,463,if,applyPairwiseDisambiguation,L3,code,NO-ISSUE,,ordinary control flow / guard — edge-case behavior characterized in the report's contract-direction + edge-case notes
src/composing/analysis/key/keymodeanalyzer.cpp,branch,467,if,applyPairwiseDisambiguation,L3,code,NO-ISSUE,,ordinary control flow / guard — edge-case behavior characterized in the report's contract-direction + edge-case notes
src/composing/analysis/key/keymodeanalyzer.cpp,branch,476,if,applyPairwiseDisambiguation,L3,code,NO-ISSUE,,ordinary control flow / guard — edge-case behavior characterized in the report's contract-direction + edge-case notes
src/composing/analysis/key/keymodeanalyzer.cpp,branch,479,if,applyPairwiseDisambiguation,L3,code,NO-ISSUE,,ordinary control flow / guard — edge-case behavior characterized in the report's contract-direction + edge-case notes
src/composing/analysis/key/keymodeanalyzer.cpp,branch,482,if,applyPairwiseDisambiguation,L3,code,NO-ISSUE,,ordinary control flow / guard — edge-case behavior characterized in the report's contract-direction + edge-case notes
src/composing/analysis/key/keymodeanalyzer.cpp,branch,485,if,applyPairwiseDisambiguation,L3,code,NO-ISSUE,,ordinary control flow / guard — edge-case behavior characterized in the report's contract-direction + edge-case notes
src/composing/analysis/key/keymodeanalyzer.cpp,branch,503,if,modeIsCompatibleWithDeclared,L3,code,NO-ISSUE,,ordinary control flow / guard — edge-case behavior characterized in the report's contract-direction + edge-case notes
src/composing/analysis/key/keymodeanalyzer.cpp,branch,507,if,modeIsCompatibleWithDeclared,L3,code,NO-ISSUE,,ordinary control flow / guard — edge-case behavior characterized in the report's contract-direction + edge-case notes
src/composing/analysis/key/keymodeanalyzer.cpp,branch,526,ternary,keySignatureFifthsForKey,L3,code,NO-ISSUE,,ordinary control flow / guard — edge-case behavior characterized in the report's contract-direction + edge-case notes
src/composing/analysis/key/keymodeanalyzer.cpp,branch,549,if,analyzeKeyMode,L3,code,NO-ISSUE,,ordinary control flow / guard — edge-case behavior characterized in the report's contract-direction + edge-case notes
src/composing/analysis/key/keymodeanalyzer.cpp,branch,552,if,analyzeKeyMode,L3,code,NO-ISSUE,,ordinary control flow / guard — edge-case behavior characterized in the report's contract-direction + edge-case notes
src/composing/analysis/key/keymodeanalyzer.cpp,branch,598,if,analyzeKeyMode,L3,code,NO-ISSUE,,ordinary control flow / guard — edge-case behavior characterized in the report's contract-direction + edge-case notes
src/composing/analysis/key/keymodeanalyzer.cpp,branch,600,if,analyzeKeyMode,L3,code,NO-ISSUE,,ordinary control flow / guard — edge-case behavior characterized in the report's contract-direction + edge-case notes
src/composing/analysis/key/keymodeanalyzer.cpp,branch,613,if,analyzeKeyMode,L3,code,NO-ISSUE,,ordinary control flow / guard — edge-case behavior characterized in the report's contract-direction + edge-case notes
src/composing/analysis/key/keymodeanalyzer.cpp,branch,645,if,analyzeKeyMode,L3,code,NO-ISSUE,,ordinary control flow / guard — edge-case behavior characterized in the report's contract-direction + edge-case notes
src/composing/analysis/key/keymodeanalyzer.cpp,branch,669,if,analyzeKeyMode,L3,code,NO-ISSUE,,ordinary control flow / guard — edge-case behavior characterized in the report's contract-direction + edge-case notes
src/composing/analysis/key/keymodeanalyzer.cpp,branch,676,if,analyzeKeyMode,L3,code,NO-ISSUE,,ordinary control flow / guard — edge-case behavior characterized in the report's contract-direction + edge-case notes
src/composing/analysis/key/keymodeanalyzer.cpp,branch,690,ternary,analyzeKeyMode,L3,code,NO-ISSUE,,ordinary control flow / guard — edge-case behavior characterized in the report's contract-direction + edge-case notes
src/composing/analysis/key/keymodeanalyzer.cpp,branch,699,if,analyzeKeyMode,L3,code,NO-ISSUE,,ordinary control flow / guard — edge-case behavior characterized in the report's contract-direction + edge-case notes
src/composing/analysis/key/keymodeanalyzer.cpp,branch,739,if,analyzeKeyMode,L3,code,NO-ISSUE,,ordinary control flow / guard — edge-case behavior characterized in the report's contract-direction + edge-case notes
src/composing/analysis/key/keymodeanalyzer.cpp,branch,745,if,analyzeKeyMode,L3,code,NO-ISSUE,,ordinary control flow / guard — edge-case behavior characterized in the report's contract-direction + edge-case notes
src/composing/analysis/key/keymodeanalyzer.cpp,branch,762,if,analyzeKeyMode,L3,code,NO-ISSUE,,ordinary control flow / guard — edge-case behavior characterized in the report's contract-direction + edge-case notes
src/composing/analysis/key/keymodeanalyzer.cpp,branch,764,ternary,analyzeKeyMode,L3,code,NO-ISSUE,,ordinary control flow / guard — edge-case behavior characterized in the report's contract-direction + edge-case notes
src/composing/analysis/key/keymodeanalyzer.cpp,branch,770,if,analyzeKeyMode,L3,code,NO-ISSUE,,ordinary control flow / guard — edge-case behavior characterized in the report's contract-direction + edge-case notes
src/composing/analysis/key/keymodeanalyzer.cpp,branch,773,ternary,analyzeKeyMode,L3,code,NO-ISSUE,,ordinary control flow / guard — edge-case behavior characterized in the report's contract-direction + edge-case notes
src/composing/analysis/key/keymodeanalyzer.cpp,branch,788,if,analyzeKeyMode,L3,code,NO-ISSUE,,ordinary control flow / guard — edge-case behavior characterized in the report's contract-direction + edge-case notes
src/composing/analysis/key/keymodeanalyzer.cpp,branch,799,if,analyzeKeyMode,L3,code,NO-ISSUE,,ordinary control flow / guard — edge-case behavior characterized in the report's contract-direction + edge-case notes
src/composing/analysis/key/keymodeanalyzer.cpp,branch,803,ternary,analyzeKeyMode,L3,code,NO-ISSUE,,ordinary control flow / guard — edge-case behavior characterized in the report's contract-direction + edge-case notes
src/composing/analysis/key/keymodeanalyzer.cpp,branch,841,ternary,keyModeScaleIntervals,L3,code,NO-ISSUE,,ordinary control flow / guard — edge-case behavior characterized in the report's contract-direction + edge-case notes
src/composing/analysis/key/keymodeanalyzer.h,branch,61,switch,keyModeIsMajor,L3,code,NO-ISSUE,,ordinary control flow / guard — edge-case behavior characterized in the report's contract-direction + edge-case notes
src/composing/analysis/key/keymodeanalyzer.h,branch,62,case,keyModeIsMajor,L3,code,NO-ISSUE,,ordinary control flow / guard — edge-case behavior characterized in the report's contract-direction + edge-case notes
src/composing/analysis/key/keymodeanalyzer.h,branch,63,case,keyModeIsMajor,L3,code,NO-ISSUE,,ordinary control flow / guard — edge-case behavior characterized in the report's contract-direction + edge-case notes
src/composing/analysis/key/keymodeanalyzer.h,branch,64,case,keyModeIsMajor,L3,code,NO-ISSUE,,ordinary control flow / guard — edge-case behavior characterized in the report's contract-direction + edge-case notes
src/composing/analysis/key/keymodeanalyzer.h,branch,65,case,keyModeIsMajor,L3,code,NO-ISSUE,,ordinary control flow / guard — edge-case behavior characterized in the report's contract-direction + edge-case notes
src/composing/analysis/key/keymodeanalyzer.h,branch,66,case,keyModeIsMajor,L3,code,NO-ISSUE,,ordinary control flow / guard — edge-case behavior characterized in the report's contract-direction + edge-case notes
src/composing/analysis/key/keymodeanalyzer.h,branch,67,case,keyModeIsMajor,L3,code,NO-ISSUE,,ordinary control flow / guard — edge-case behavior characterized in the report's contract-direction + edge-case notes
src/composing/analysis/key/keymodeanalyzer.h,branch,68,case,keyModeIsMajor,L3,code,NO-ISSUE,,ordinary control flow / guard — edge-case behavior characterized in the report's contract-direction + edge-case notes
src/composing/analysis/key/keymodeanalyzer.h,branch,69,case,keyModeIsMajor,L3,code,NO-ISSUE,,ordinary control flow / guard — edge-case behavior characterized in the report's contract-direction + edge-case notes
src/composing/analysis/key/keymodeanalyzer.h,branch,70,case,keyModeIsMajor,L3,code,NO-ISSUE,,ordinary control flow / guard — edge-case behavior characterized in the report's contract-direction + edge-case notes
src/composing/analysis/key/keymodeformatting.cpp,branch,79,switch,keyModeTonicName,L3,code,NO-ISSUE,,ordinary control flow / guard — edge-case behavior characterized in the report's contract-direction + edge-case notes
src/composing/analysis/key/keymodeformatting.cpp,branch,81,case,keyModeTonicName,L3,code,NO-ISSUE,,ordinary control flow / guard — edge-case behavior characterized in the report's contract-direction + edge-case notes
src/composing/analysis/key/keymodeformatting.cpp,branch,82,case,keyModeTonicName,L3,code,NO-ISSUE,,ordinary control flow / guard — edge-case behavior characterized in the report's contract-direction + edge-case notes
src/composing/analysis/key/keymodeformatting.cpp,branch,83,case,keyModeTonicName,L3,code,NO-ISSUE,,ordinary control flow / guard — edge-case behavior characterized in the report's contract-direction + edge-case notes
src/composing/analysis/key/keymodeformatting.cpp,branch,84,case,keyModeTonicName,L3,code,NO-ISSUE,,ordinary control flow / guard — edge-case behavior characterized in the report's contract-direction + edge-case notes
src/composing/analysis/key/keymodeformatting.cpp,branch,85,case,keyModeTonicName,L3,code,NO-ISSUE,,ordinary control flow / guard — edge-case behavior characterized in the report's contract-direction + edge-case notes
src/composing/analysis/key/keymodeformatting.cpp,branch,86,case,keyModeTonicName,L3,code,NO-ISSUE,,ordinary control flow / guard — edge-case behavior characterized in the report's contract-direction + edge-case notes
src/composing/analysis/key/keymodeformatting.cpp,branch,87,case,keyModeTonicName,L3,code,NO-ISSUE,,ordinary control flow / guard — edge-case behavior characterized in the report's contract-direction + edge-case notes
src/composing/analysis/key/keymodeformatting.cpp,branch,89,case,keyModeTonicName,L3,code,NO-ISSUE,,ordinary control flow / guard — edge-case behavior characterized in the report's contract-direction + edge-case notes
src/composing/analysis/key/keymodeformatting.cpp,branch,90,case,keyModeTonicName,L3,code,NO-ISSUE,,ordinary control flow / guard — edge-case behavior characterized in the report's contract-direction + edge-case notes
src/composing/analysis/key/keymodeformatting.cpp,branch,91,case,keyModeTonicName,L3,code,NO-ISSUE,,ordinary control flow / guard — edge-case behavior characterized in the report's contract-direction + edge-case notes
src/composing/analysis/key/keymodeformatting.cpp,branch,92,case,keyModeTonicName,L3,code,NO-ISSUE,,ordinary control flow / guard — edge-case behavior characterized in the report's contract-direction + edge-case notes
src/composing/analysis/key/keymodeformatting.cpp,branch,93,case,keyModeTonicName,L3,code,NO-ISSUE,,ordinary control flow / guard — edge-case behavior characterized in the report's contract-direction + edge-case notes
src/composing/analysis/key/keymodeformatting.cpp,branch,94,case,keyModeTonicName,L3,code,NO-ISSUE,,ordinary control flow / guard — edge-case behavior characterized in the report's contract-direction + edge-case notes
src/composing/analysis/key/keymodeformatting.cpp,branch,95,case,keyModeTonicName,L3,code,NO-ISSUE,,ordinary control flow / guard — edge-case behavior characterized in the report's contract-direction + edge-case notes
src/composing/analysis/key/keymodeformatting.cpp,branch,97,case,keyModeTonicName,L3,code,NO-ISSUE,,ordinary control flow / guard — edge-case behavior characterized in the report's contract-direction + edge-case notes
src/composing/analysis/key/keymodeformatting.cpp,branch,98,case,keyModeTonicName,L3,code,NO-ISSUE,,ordinary control flow / guard — edge-case behavior characterized in the report's contract-direction + edge-case notes
src/composing/analysis/key/keymodeformatting.cpp,branch,99,case,keyModeTonicName,L3,code,NO-ISSUE,,ordinary control flow / guard — edge-case behavior characterized in the report's contract-direction + edge-case notes
src/composing/analysis/key/keymodeformatting.cpp,branch,100,case,keyModeTonicName,L3,code,NO-ISSUE,,ordinary control flow / guard — edge-case behavior characterized in the report's contract-direction + edge-case notes
src/composing/analysis/key/keymodeformatting.cpp,branch,101,case,keyModeTonicName,L3,code,NO-ISSUE,,ordinary control flow / guard — edge-case behavior characterized in the report's contract-direction + edge-case notes
src/composing/analysis/key/keymodeformatting.cpp,branch,102,case,keyModeTonicName,L3,code,NO-ISSUE,,ordinary control flow / guard — edge-case behavior characterized in the report's contract-direction + edge-case notes
src/composing/analysis/key/keymodeformatting.cpp,branch,103,case,keyModeTonicName,L3,code,NO-ISSUE,,ordinary control flow / guard — edge-case behavior characterized in the report's contract-direction + edge-case notes
src/composing/analysis/key/keymodeformatting.cpp,branch,110,switch,keyModeSuffix,L3,code,NO-ISSUE,,ordinary control flow / guard — edge-case behavior characterized in the report's contract-direction + edge-case notes
src/composing/analysis/key/keymodeformatting.cpp,branch,112,case,keyModeSuffix,L3,code,NO-ISSUE,,ordinary control flow / guard — edge-case behavior characterized in the report's contract-direction + edge-case notes
src/composing/analysis/key/keymodeformatting.cpp,branch,113,case,keyModeSuffix,L3,code,NO-ISSUE,,ordinary control flow / guard — edge-case behavior characterized in the report's contract-direction + edge-case notes
src/composing/analysis/key/keymodeformatting.cpp,branch,114,case,keyModeSuffix,L3,code,NO-ISSUE,,ordinary control flow / guard — edge-case behavior characterized in the report's contract-direction + edge-case notes
src/composing/analysis/key/keymodeformatting.cpp,branch,115,case,keyModeSuffix,L3,code,NO-ISSUE,,ordinary control flow / guard — edge-case behavior characterized in the report's contract-direction + edge-case notes
src/composing/analysis/key/keymodeformatting.cpp,branch,116,case,keyModeSuffix,L3,code,NO-ISSUE,,ordinary control flow / guard — edge-case behavior characterized in the report's contract-direction + edge-case notes
src/composing/analysis/key/keymodeformatting.cpp,branch,117,case,keyModeSuffix,L3,code,NO-ISSUE,,ordinary control flow / guard — edge-case behavior characterized in the report's contract-direction + edge-case notes
src/composing/analysis/key/keymodeformatting.cpp,branch,118,case,keyModeSuffix,L3,code,NO-ISSUE,,ordinary control flow / guard — edge-case behavior characterized in the report's contract-direction + edge-case notes
src/composing/analysis/key/keymodeformatting.cpp,branch,120,case,keyModeSuffix,L3,code,NO-ISSUE,,ordinary control flow / guard — edge-case behavior characterized in the report's contract-direction + edge-case notes
src/composing/analysis/key/keymodeformatting.cpp,branch,121,case,keyModeSuffix,L3,code,NO-ISSUE,,ordinary control flow / guard — edge-case behavior characterized in the report's contract-direction + edge-case notes
src/composing/analysis/key/keymodeformatting.cpp,branch,122,case,keyModeSuffix,L3,code,NO-ISSUE,,ordinary control flow / guard — edge-case behavior characterized in the report's contract-direction + edge-case notes
src/composing/analysis/key/keymodeformatting.cpp,branch,123,case,keyModeSuffix,L3,code,NO-ISSUE,,ordinary control flow / guard — edge-case behavior characterized in the report's contract-direction + edge-case notes
src/composing/analysis/key/keymodeformatting.cpp,branch,124,case,keyModeSuffix,L3,code,NO-ISSUE,,ordinary control flow / guard — edge-case behavior characterized in the report's contract-direction + edge-case notes
src/composing/analysis/key/keymodeformatting.cpp,branch,125,case,keyModeSuffix,L3,code,NO-ISSUE,,ordinary control flow / guard — edge-case behavior characterized in the report's contract-direction + edge-case notes
src/composing/analysis/key/keymodeformatting.cpp,branch,126,case,keyModeSuffix,L3,code,NO-ISSUE,,ordinary control flow / guard — edge-case behavior characterized in the report's contract-direction + edge-case notes
src/composing/analysis/key/keymodeformatting.cpp,branch,128,case,keyModeSuffix,L3,code,NO-ISSUE,,ordinary control flow / guard — edge-case behavior characterized in the report's contract-direction + edge-case notes
src/composing/analysis/key/keymodeformatting.cpp,branch,129,case,keyModeSuffix,L3,code,NO-ISSUE,,ordinary control flow / guard — edge-case behavior characterized in the report's contract-direction + edge-case notes
src/composing/analysis/key/keymodeformatting.cpp,branch,130,case,keyModeSuffix,L3,code,NO-ISSUE,,ordinary control flow / guard — edge-case behavior characterized in the report's contract-direction + edge-case notes
src/composing/analysis/key/keymodeformatting.cpp,branch,131,case,keyModeSuffix,L3,code,NO-ISSUE,,ordinary control flow / guard — edge-case behavior characterized in the report's contract-direction + edge-case notes
src/composing/analysis/key/keymodeformatting.cpp,branch,132,case,keyModeSuffix,L3,code,NO-ISSUE,,ordinary control flow / guard — edge-case behavior characterized in the report's contract-direction + edge-case notes
src/composing/analysis/key/keymodeformatting.cpp,branch,133,case,keyModeSuffix,L3,code,NO-ISSUE,,ordinary control flow / guard — edge-case behavior characterized in the report's contract-direction + edge-case notes
src/composing/analysis/key/keymodeformatting.cpp,branch,134,case,keyModeSuffix,L3,code,NO-ISSUE,,ordinary control flow / guard — edge-case behavior characterized in the report's contract-direction + edge-case notes
src/composing/analysis/key/keymodesequence.cpp,branch,146,if,buildLattice,L3,code,NO-ISSUE,,ordinary control flow / guard — edge-case behavior characterized in the report's contract-direction + edge-case notes
src/composing/analysis/key/keymodesequence.cpp,branch,149,if,buildLattice,L3,code,NO-ISSUE,,ordinary control flow / guard — edge-case behavior characterized in the report's contract-direction + edge-case notes
src/composing/analysis/key/keymodesequence.cpp,branch,180,if,stateIndexForResult,L3,code,NO-ISSUE,,ordinary control flow / guard — edge-case behavior characterized in the report's contract-direction + edge-case notes
src/composing/analysis/key/keymodesequence.cpp,branch,206,if,populateEmissionConfidence,L3,code,NO-ISSUE,,ordinary control flow / guard — edge-case behavior characterized in the report's contract-direction + edge-case notes
src/composing/analysis/key/keymodesequence.cpp,branch,210,if,populateEmissionConfidence,L3,code,NO-ISSUE,,ordinary control flow / guard — edge-case behavior characterized in the report's contract-direction + edge-case notes
src/composing/analysis/key/keymodesequence.cpp,branch,217,if,populateEmissionConfidence,L3,code,NO-ISSUE,,ordinary control flow / guard — edge-case behavior characterized in the report's contract-direction + edge-case notes
src/composing/analysis/key/keymodesequence.cpp,branch,222,ternary,populateEmissionConfidence,L3,code,NO-ISSUE,,ordinary control flow / guard — edge-case behavior characterized in the report's contract-direction + edge-case notes
src/composing/analysis/key/keymodesequence.cpp,branch,234,if,changeCost,L3,code,NO-ISSUE,,ordinary control flow / guard — edge-case behavior characterized in the report's contract-direction + edge-case notes
src/composing/analysis/key/keymodesequence.cpp,branch,238,ternary,changeCost,L3,code,NO-ISSUE,,ordinary control flow / guard — edge-case behavior characterized in the report's contract-direction + edge-case notes
src/composing/analysis/key/keymodesequence.cpp,branch,251,if,decodeLattice,L3,code,NO-ISSUE,,ordinary control flow / guard — edge-case behavior characterized in the report's contract-direction + edge-case notes
src/composing/analysis/key/keymodesequence.cpp,branch,256,if,decodeLattice,L3,code,NO-ISSUE,,ordinary control flow / guard — edge-case behavior characterized in the report's contract-direction + edge-case notes
src/composing/analysis/key/keymodesequence.cpp,branch,259,if,decodeLattice,L3,code,NO-ISSUE,,ordinary control flow / guard — edge-case behavior characterized in the report's contract-direction + edge-case notes
src/composing/analysis/key/keymodesequence.cpp,branch,269,if,decodeLattice,L3,code,NO-ISSUE,,ordinary control flow / guard — edge-case behavior characterized in the report's contract-direction + edge-case notes
src/composing/analysis/key/keymodesequence.cpp,branch,275,if,decodeLattice,L3,code,NO-ISSUE,,ordinary control flow / guard — edge-case behavior characterized in the report's contract-direction + edge-case notes
src/composing/analysis/key/keymodesequence.cpp,branch,281,if,decodeLattice,L3,code,NO-ISSUE,,ordinary control flow / guard — edge-case behavior characterized in the report's contract-direction + edge-case notes
src/composing/analysis/key/keymodesequence.cpp,branch,285,if,decodeLattice,L3,code,NO-ISSUE,,ordinary control flow / guard — edge-case behavior characterized in the report's contract-direction + edge-case notes
src/composing/analysis/key/keymodesequence.cpp,branch,290,if,decodeLattice,L3,code,NO-ISSUE,,ordinary control flow / guard — edge-case behavior characterized in the report's contract-direction + edge-case notes
src/composing/analysis/key/keymodesequence.cpp,branch,301,if,decodeLattice,L3,code,NO-ISSUE,,ordinary control flow / guard — edge-case behavior characterized in the report's contract-direction + edge-case notes
src/composing/analysis/key/keymodesequence.cpp,branch,307,if,decodeLattice,L3,code,NO-ISSUE,,ordinary control flow / guard — edge-case behavior characterized in the report's contract-direction + edge-case notes
src/composing/analysis/key/keymodesequence.cpp,branch,311,ternary,decodeLattice,L3,code,NO-ISSUE,,ordinary control flow / guard — edge-case behavior characterized in the report's contract-direction + edge-case notes
src/composing/analysis/key/keymodesequence.cpp,branch,312,if,decodeLattice,L3,code,NO-ISSUE,,ordinary control flow / guard — edge-case behavior characterized in the report's contract-direction + edge-case notes
src/composing/analysis/key/keymodesequence.cpp,branch,317,if,decodeLattice,L3,code,NO-ISSUE,,ordinary control flow / guard — edge-case behavior characterized in the report's contract-direction + edge-case notes
src/composing/analysis/key/keymodesequence.cpp,branch,326,if,decodeLattice,L3,code,NO-ISSUE,,ordinary control flow / guard — edge-case behavior characterized in the report's contract-direction + edge-case notes
src/composing/analysis/key/keymodesequence.cpp,branch,332,if,decodeLattice,L3,code,NO-ISSUE,,ordinary control flow / guard — edge-case behavior characterized in the report's contract-direction + edge-case notes
src/composing/analysis/key/keymodesequence.cpp,branch,337,if,decodeLattice,L3,code,NO-ISSUE,,ordinary control flow / guard — edge-case behavior characterized in the report's contract-direction + edge-case notes
src/composing/analysis/key/keymodesequence.cpp,branch,342,if,decodeLattice,L3,code,NO-ISSUE,,ordinary control flow / guard — edge-case behavior characterized in the report's contract-direction + edge-case notes
src/composing/analysis/key/keymodesequence.cpp,branch,356,ternary,decodeLattice,L3,code,NO-ISSUE,,ordinary control flow / guard — edge-case behavior characterized in the report's contract-direction + edge-case notes
src/composing/analysis/key/keymodesequence.cpp,branch,365,if,decodeLattice,L3,code,NO-ISSUE,,ordinary control flow / guard — edge-case behavior characterized in the report's contract-direction + edge-case notes
src/composing/analysis/key/keymodesequence.cpp,branch,368,if,decodeLattice,L3,code,NO-ISSUE,,ordinary control flow / guard — edge-case behavior characterized in the report's contract-direction + edge-case notes
src/composing/analysis/key/keymodesequence.cpp,branch,373,if,decodeLattice,L3,code,NO-ISSUE,,ordinary control flow / guard — edge-case behavior characterized in the report's contract-direction + edge-case notes
src/composing/analysis/key/keymodesequence.cpp,branch,378,ternary,decodeLattice,L3,code,NO-ISSUE,,ordinary control flow / guard — edge-case behavior characterized in the report's contract-direction + edge-case notes
src/composing/analysis/key/keymodesequence.cpp,branch,380,ternary,decodeLattice,L3,code,NO-ISSUE,,ordinary control flow / guard — edge-case behavior characterized in the report's contract-direction + edge-case notes
src/composing/analysis/key/keymodesequence.cpp,branch,389,ternary,decodeLattice,L3,code,NO-ISSUE,,ordinary control flow / guard — edge-case behavior characterized in the report's contract-direction + edge-case notes
src/composing/analysis/key/keymodesequence.cpp,branch,429,if,redecodeRange,L3,code,NO-ISSUE,,ordinary control flow / guard — edge-case behavior characterized in the report's contract-direction + edge-case notes
src/composing/analysis/key/keyresolver.cpp,branch,117,if,partialSignatureCorrection,L3,code,NO-ISSUE,,ordinary control flow / guard — edge-case behavior characterized in the report's contract-direction + edge-case notes
src/composing/analysis/key/keyresolver.cpp,branch,121,ternary,partialSignatureCorrection,L3,code,NO-ISSUE,,ordinary control flow / guard — edge-case behavior characterized in the report's contract-direction + edge-case notes
src/composing/analysis/key/keyresolver.cpp,branch,122,if,partialSignatureCorrection,L3,code,NO-ISSUE,,ordinary control flow / guard — edge-case behavior characterized in the report's contract-direction + edge-case notes
src/composing/analysis/key/keyresolver.cpp,branch,131,if,partialSignatureCorrection,L3,code,NO-ISSUE,,ordinary control flow / guard — edge-case behavior characterized in the report's contract-direction + edge-case notes
src/composing/analysis/key/keyresolver.cpp,branch,132,if,partialSignatureCorrection,L3,code,NO-ISSUE,,ordinary control flow / guard — edge-case behavior characterized in the report's contract-direction + edge-case notes
src/composing/analysis/key/keyresolver.cpp,branch,134,if,partialSignatureCorrection,L3,code,NO-ISSUE,,ordinary control flow / guard — edge-case behavior characterized in the report's contract-direction + edge-case notes
src/composing/analysis/key/keyresolver.cpp,branch,143,if,partialSignatureCorrection,L3,code,NO-ISSUE,,ordinary control flow / guard — edge-case behavior characterized in the report's contract-direction + edge-case notes
src/composing/analysis/key/keyresolver.cpp,branch,152,if,partialSignatureCorrection,L3,code,NO-ISSUE,,ordinary control flow / guard — edge-case behavior characterized in the report's contract-direction + edge-case notes
src/composing/analysis/key/keyresolver.cpp,branch,156,if,partialSignatureCorrection,L3,code,NO-ISSUE,,ordinary control flow / guard — edge-case behavior characterized in the report's contract-direction + edge-case notes
src/composing/analysis/key/keyresolver.cpp,branch,161,if,partialSignatureCorrection,L3,code,NO-ISSUE,,ordinary control flow / guard — edge-case behavior characterized in the report's contract-direction + edge-case notes
src/composing/analysis/key/keyresolver.cpp,branch,167,if,partialSignatureCorrection,L3,code,NO-ISSUE,,ordinary control flow / guard — edge-case behavior characterized in the report's contract-direction + edge-case notes
src/composing/analysis/key/keyresolver.cpp,branch,178,if,partialSignatureCorrection,L3,code,NO-ISSUE,,ordinary control flow / guard — edge-case behavior characterized in the report's contract-direction + edge-case notes
src/composing/analysis/key/keyresolver.cpp,branch,186,if,partialSignatureCorrection,L3,code,NO-ISSUE,,ordinary control flow / guard — edge-case behavior characterized in the report's contract-direction + edge-case notes
src/composing/analysis/key/keyresolver.cpp,branch,198,if,promoteWinnerInPlace,L3,code,NO-ISSUE,,ordinary control flow / guard — edge-case behavior characterized in the report's contract-direction + edge-case notes
src/composing/analysis/key/keyresolver.cpp,branch,225,switch,resolveKeySignatureContext,L3,code,NO-ISSUE,,ordinary control flow / guard — edge-case behavior characterized in the report's contract-direction + edge-case notes
src/composing/analysis/key/keyresolver.cpp,branch,226,case,resolveKeySignatureContext,L3,code,NO-ISSUE,,ordinary control flow / guard — edge-case behavior characterized in the report's contract-direction + edge-case notes
src/composing/analysis/key/keyresolver.cpp,branch,227,case,resolveKeySignatureContext,L3,code,NO-ISSUE,,ordinary control flow / guard — edge-case behavior characterized in the report's contract-direction + edge-case notes
src/composing/analysis/key/keyresolver.cpp,branch,228,case,resolveKeySignatureContext,L3,code,NO-ISSUE,,ordinary control flow / guard — edge-case behavior characterized in the report's contract-direction + edge-case notes
src/composing/analysis/key/keyresolver.cpp,branch,229,case,resolveKeySignatureContext,L3,code,NO-ISSUE,,ordinary control flow / guard — edge-case behavior characterized in the report's contract-direction + edge-case notes
src/composing/analysis/key/keyresolver.cpp,branch,230,case,resolveKeySignatureContext,L3,code,NO-ISSUE,,ordinary control flow / guard — edge-case behavior characterized in the report's contract-direction + edge-case notes
src/composing/analysis/key/keyresolver.cpp,branch,231,case,resolveKeySignatureContext,L3,code,NO-ISSUE,,ordinary control flow / guard — edge-case behavior characterized in the report's contract-direction + edge-case notes
src/composing/analysis/key/keyresolver.cpp,branch,232,case,resolveKeySignatureContext,L3,code,NO-ISSUE,,ordinary control flow / guard — edge-case behavior characterized in the report's contract-direction + edge-case notes
src/composing/analysis/key/keyresolver.cpp,branch,233,case,resolveKeySignatureContext,L3,code,NO-ISSUE,,ordinary control flow / guard — edge-case behavior characterized in the report's contract-direction + edge-case notes
src/composing/analysis/key/keyresolver.cpp,branch,234,case,resolveKeySignatureContext,L3,code,NO-ISSUE,,ordinary control flow / guard — edge-case behavior characterized in the report's contract-direction + edge-case notes
src/composing/analysis/key/keyresolver.cpp,branch,242,if,resolveKeySignatureContext,L3,code,NO-ISSUE,,ordinary control flow / guard — edge-case behavior characterized in the report's contract-direction + edge-case notes
src/composing/analysis/key/keyresolver.cpp,branch,247,if,resolveKeySignatureContext,L3,code,NO-ISSUE,,ordinary control flow / guard — edge-case behavior characterized in the report's contract-direction + edge-case notes
src/composing/analysis/key/keyresolver.cpp,branch,276,if,resolveKeyAndModeRanked,L3,code,NO-ISSUE,,ordinary control flow / guard — edge-case behavior characterized in the report's contract-direction + edge-case notes
src/composing/analysis/key/keyresolver.cpp,branch,280,ternary,resolveKeyAndModeRanked,L3,code,NO-ISSUE,,ordinary control flow / guard — edge-case behavior characterized in the report's contract-direction + edge-case notes
src/composing/analysis/key/keyresolver.cpp,branch,288,ternary,resolveKeyAndModeRanked,L3,code,NO-ISSUE,,ordinary control flow / guard — edge-case behavior characterized in the report's contract-direction + edge-case notes
src/composing/analysis/key/keyresolver.cpp,branch,315,ternary,resolveKeyAndModeRanked,L3,code,NO-ISSUE,,ordinary control flow / guard — edge-case behavior characterized in the report's contract-direction + edge-case notes
src/composing/analysis/key/keyresolver.cpp,branch,316,if,resolveKeyAndModeRanked,L3,code,NO-ISSUE,,ordinary control flow / guard — edge-case behavior characterized in the report's contract-direction + edge-case notes
src/composing/analysis/key/keyresolver.cpp,branch,322,if,resolveKeyAndModeRanked,L3,code,NO-ISSUE,,ordinary control flow / guard — edge-case behavior characterized in the report's contract-direction + edge-case notes
src/composing/analysis/key/keyresolver.cpp,branch,329,if,resolveKeyAndModeRanked,L3,code,NO-ISSUE,,ordinary control flow / guard — edge-case behavior characterized in the report's contract-direction + edge-case notes
src/composing/analysis/key/keyresolver.cpp,branch,330,if,resolveKeyAndModeRanked,L3,code,NO-ISSUE,,ordinary control flow / guard — edge-case behavior characterized in the report's contract-direction + edge-case notes
src/composing/analysis/key/keyresolver.cpp,branch,340,if,resolveKeyAndModeRanked,L3,code,NO-ISSUE,,ordinary control flow / guard — edge-case behavior characterized in the report's contract-direction + edge-case notes
src/composing/analysis/key/keyresolver.cpp,branch,342,ternary,resolveKeyAndModeRanked,L3,code,NO-ISSUE,,ordinary control flow / guard — edge-case behavior characterized in the report's contract-direction + edge-case notes
src/composing/analysis/key/keyresolver.cpp,branch,344,if,resolveKeyAndModeRanked,L3,code,NO-ISSUE,,ordinary control flow / guard — edge-case behavior characterized in the report's contract-direction + edge-case notes
src/composing/analysis/key/keyresolver.cpp,branch,351,if,resolveKeyAndModeRanked,L3,code,NO-ISSUE,,ordinary control flow / guard — edge-case behavior characterized in the report's contract-direction + edge-case notes
src/composing/analysis/region/regionanalyzer.cpp,branch,80,ternary,makeChordPathNode,L4,code,NO-ISSUE,,ordinary control flow / guard — edge-case behavior characterized in the report's contract-direction + edge-case notes
src/composing/analysis/region/regionanalyzer.cpp,branch,82,ternary,makeChordPathNode,L4,code,NO-ISSUE,,ordinary control flow / guard — edge-case behavior characterized in the report's contract-direction + edge-case notes
src/composing/analysis/region/regionanalyzer.cpp,branch,95,ternary,measureTicksBefore,L3,code,NO-ISSUE,,ordinary control flow / guard — edge-case behavior characterized in the report's contract-direction + edge-case notes
src/composing/analysis/region/regionanalyzer.cpp,branch,96,if,measureTicksBefore,L3,code,NO-ISSUE,,ordinary control flow / guard — edge-case behavior characterized in the report's contract-direction + edge-case notes
src/composing/analysis/region/regionanalyzer.cpp,branch,98,if,measureTicksBefore,L3,code,NO-ISSUE,,ordinary control flow / guard — edge-case behavior characterized in the report's contract-direction + edge-case notes
src/composing/analysis/region/regionanalyzer.cpp,branch,118,if,coalesceShortSameRootRuns,L4,code,NO-ISSUE,,ordinary control flow / guard — edge-case behavior characterized in the report's contract-direction + edge-case notes
src/composing/analysis/region/regionanalyzer.cpp,branch,127,if,coalesceShortSameRootRuns,L4,code,NO-ISSUE,,ordinary control flow / guard — edge-case behavior characterized in the report's contract-direction + edge-case notes
src/composing/analysis/region/regionanalyzer.cpp,branch,138,if,coalesceShortSameRootRuns,L4,code,NO-ISSUE,,ordinary control flow / guard — edge-case behavior characterized in the report's contract-direction + edge-case notes
src/composing/analysis/region/regionanalyzer.cpp,branch,148,if,coalesceShortSameRootRuns,L4,code,NO-ISSUE,,ordinary control flow / guard — edge-case behavior characterized in the report's contract-direction + edge-case notes
src/composing/analysis/region/regionanalyzer.cpp,branch,149,if,coalesceShortSameRootRuns,L4,code,NO-ISSUE,,ordinary control flow / guard — edge-case behavior characterized in the report's contract-direction + edge-case notes
src/composing/analysis/region/regionanalyzer.cpp,branch,150,if,coalesceShortSameRootRuns,L4,code,NO-ISSUE,,ordinary control flow / guard — edge-case behavior characterized in the report's contract-direction + edge-case notes
src/composing/analysis/region/regionanalyzer.cpp,branch,169,if,coalesceShortSameRootRuns,L4,code,NO-ISSUE,,ordinary control flow / guard — edge-case behavior characterized in the report's contract-direction + edge-case notes
src/composing/analysis/region/regionanalyzer.cpp,branch,174,if,coalesceShortSameRootRuns,L4,code,NO-ISSUE,,ordinary control flow / guard — edge-case behavior characterized in the report's contract-direction + edge-case notes
src/composing/analysis/region/regionanalyzer.cpp,branch,180,if,coalesceShortSameRootRuns,L4,code,NO-ISSUE,,ordinary control flow / guard — edge-case behavior characterized in the report's contract-direction + edge-case notes
src/composing/analysis/region/regionanalyzer.cpp,branch,183,if,coalesceShortSameRootRuns,L4,code,NO-ISSUE,,ordinary control flow / guard — edge-case behavior characterized in the report's contract-direction + edge-case notes
src/composing/analysis/region/regionanalyzer.cpp,branch,217,if,tryCollapseSameChordRegion,L4,code,NO-ISSUE,,ordinary control flow / guard — edge-case behavior characterized in the report's contract-direction + edge-case notes
src/composing/analysis/region/regionanalyzer.cpp,branch,224,if,tryCollapseSameChordRegion,L4,code,NO-ISSUE,,ordinary control flow / guard — edge-case behavior characterized in the report's contract-direction + edge-case notes
src/composing/analysis/region/regionanalyzer.cpp,branch,241,if,absorbShortRegions,L4,code,NO-ISSUE,,ordinary control flow / guard — edge-case behavior characterized in the report's contract-direction + edge-case notes
src/composing/analysis/region/regionanalyzer.cpp,branch,249,if,absorbShortRegions,L4,code,NO-ISSUE,,ordinary control flow / guard — edge-case behavior characterized in the report's contract-direction + edge-case notes
src/composing/analysis/region/regionanalyzer.cpp,branch,310,if,restampBassMinorSeventhAfterMerge,L4,code,NO-ISSUE,,ordinary control flow / guard — edge-case behavior characterized in the report's contract-direction + edge-case notes
src/composing/analysis/region/regionanalyzer.cpp,branch,313,if,restampBassMinorSeventhAfterMerge,L4,code,NO-ISSUE,,ordinary control flow / guard — edge-case behavior characterized in the report's contract-direction + edge-case notes
src/composing/analysis/region/regionanalyzer.cpp,branch,314,if,restampBassMinorSeventhAfterMerge,L4,code,NO-ISSUE,,ordinary control flow / guard — edge-case behavior characterized in the report's contract-direction + edge-case notes
src/composing/analysis/region/regionanalyzer.cpp,branch,316,if,restampBassMinorSeventhAfterMerge,L4,code,NO-ISSUE,,ordinary control flow / guard — edge-case behavior characterized in the report's contract-direction + edge-case notes
src/composing/analysis/region/regionanalyzer.cpp,branch,317,if,restampBassMinorSeventhAfterMerge,L4,code,NO-ISSUE,,ordinary control flow / guard — edge-case behavior characterized in the report's contract-direction + edge-case notes
src/composing/analysis/region/regionanalyzer.cpp,branch,318,if,restampBassMinorSeventhAfterMerge,L4,code,NO-ISSUE,,ordinary control flow / guard — edge-case behavior characterized in the report's contract-direction + edge-case notes
src/composing/analysis/region/regionanalyzer.cpp,branch,323,if,restampBassMinorSeventhAfterMerge,L4,code,NO-ISSUE,,ordinary control flow / guard — edge-case behavior characterized in the report's contract-direction + edge-case notes
src/composing/analysis/region/regionanalyzer.cpp,branch,327,if,restampBassMinorSeventhAfterMerge,L4,code,NO-ISSUE,,ordinary control flow / guard — edge-case behavior characterized in the report's contract-direction + edge-case notes
src/composing/analysis/region/regionanalyzer.cpp,branch,354,if,denseBoundaryTicks,L2,code,NO-ISSUE,,ordinary control flow / guard — edge-case behavior characterized in the report's contract-direction + edge-case notes
src/composing/analysis/region/regionanalyzer.cpp,branch,361,if,denseBoundaryTicks,L2,code,NO-ISSUE,,ordinary control flow / guard — edge-case behavior characterized in the report's contract-direction + edge-case notes
src/composing/analysis/region/regionanalyzer.cpp,branch,366,if,denseBoundaryTicks,L2,code,NO-ISSUE,,ordinary control flow / guard — edge-case behavior characterized in the report's contract-direction + edge-case notes
src/composing/analysis/region/regionanalyzer.cpp,branch,403,if,applyJointKeyWiring,L3,code,NO-ISSUE,,ordinary control flow / guard — edge-case behavior characterized in the report's contract-direction + edge-case notes
src/composing/analysis/region/regionanalyzer.cpp,branch,419,if,applyJointKeyWiring,L3,code,NO-ISSUE,,ordinary control flow / guard — edge-case behavior characterized in the report's contract-direction + edge-case notes
src/composing/analysis/region/regionanalyzer.cpp,branch,423,if,applyJointKeyWiring,L3,code,NO-ISSUE,,ordinary control flow / guard — edge-case behavior characterized in the report's contract-direction + edge-case notes
src/composing/analysis/region/regionanalyzer.cpp,branch,425,else-if,applyJointKeyWiring,L3,code,NO-ISSUE,,ordinary control flow / guard — edge-case behavior characterized in the report's contract-direction + edge-case notes
src/composing/analysis/region/regionanalyzer.cpp,branch,443,ternary,applyJointKeyWiring,L3,code,NO-ISSUE,,ordinary control flow / guard — edge-case behavior characterized in the report's contract-direction + edge-case notes
src/composing/analysis/region/regionanalyzer.cpp,branch,444,ternary,applyJointKeyWiring,L3,code,NO-ISSUE,,ordinary control flow / guard — edge-case behavior characterized in the report's contract-direction + edge-case notes
src/composing/analysis/region/regionanalyzer.cpp,branch,449,ternary,applyJointKeyWiring,L3,code,NO-ISSUE,,ordinary control flow / guard — edge-case behavior characterized in the report's contract-direction + edge-case notes
src/composing/analysis/region/regionanalyzer.cpp,branch,457,if,applyJointKeyWiring,L3,code,NO-ISSUE,,ordinary control flow / guard — edge-case behavior characterized in the report's contract-direction + edge-case notes
src/composing/analysis/region/regionanalyzer.cpp,branch,459,if,applyJointKeyWiring,L3,code,NO-ISSUE,,ordinary control flow / guard — edge-case behavior characterized in the report's contract-direction + edge-case notes
src/composing/analysis/region/regionanalyzer.cpp,branch,465,if,applyJointKeyWiring,L3,code,NO-ISSUE,,ordinary control flow / guard — edge-case behavior characterized in the report's contract-direction + edge-case notes
src/composing/analysis/region/regionanalyzer.cpp,branch,466,if,applyJointKeyWiring,L3,code,NO-ISSUE,,ordinary control flow / guard — edge-case behavior characterized in the report's contract-direction + edge-case notes
src/composing/analysis/region/regionanalyzer.cpp,branch,478,if,applyJointKeyWiring,L3,code,NO-ISSUE,,ordinary control flow / guard — edge-case behavior characterized in the report's contract-direction + edge-case notes
src/composing/analysis/region/regionanalyzer.cpp,branch,494,if,applyJointKeyWiring,L3,code,NO-ISSUE,,ordinary control flow / guard — edge-case behavior characterized in the report's contract-direction + edge-case notes
src/composing/analysis/region/regionanalyzer.cpp,branch,504,if,applyJointKeyWiring,L3,code,NO-ISSUE,,ordinary control flow / guard — edge-case behavior characterized in the report's contract-direction + edge-case notes
src/composing/analysis/region/regionanalyzer.cpp,branch,511,ternary,applyJointKeyWiring,L3,code,NO-ISSUE,,ordinary control flow / guard — edge-case behavior characterized in the report's contract-direction + edge-case notes
src/composing/analysis/region/regionanalyzer.cpp,branch,516,if,applyJointKeyWiring,L3,code,NO-ISSUE,,ordinary control flow / guard — edge-case behavior characterized in the report's contract-direction + edge-case notes
src/composing/analysis/region/regionanalyzer.cpp,branch,545,if,applyJointKeyWiring,L3,code,NO-ISSUE,,ordinary control flow / guard — edge-case behavior characterized in the report's contract-direction + edge-case notes
src/composing/analysis/region/regionanalyzer.cpp,branch,569,if,analyzeRegions,L3-seam+L4-loop,code,NO-ISSUE,,ordinary control flow / guard — edge-case behavior characterized in the report's contract-direction + edge-case notes
src/composing/analysis/region/regionanalyzer.cpp,branch,575,if,analyzeRegions,L3-seam+L4-loop,code,NO-ISSUE,,ordinary control flow / guard — edge-case behavior characterized in the report's contract-direction + edge-case notes
src/composing/analysis/region/regionanalyzer.cpp,branch,590,ternary,analyzeRegions,L3-seam+L4-loop,code,NO-ISSUE,,ordinary control flow / guard — edge-case behavior characterized in the report's contract-direction + edge-case notes
src/composing/analysis/region/regionanalyzer.cpp,branch,598,if,analyzeRegions,L3-seam+L4-loop,code,NO-ISSUE,,ordinary control flow / guard — edge-case behavior characterized in the report's contract-direction + edge-case notes
src/composing/analysis/region/regionanalyzer.cpp,branch,658,if,analyzeRegions,L3-seam+L4-loop,code,NO-ISSUE,,ordinary control flow / guard — edge-case behavior characterized in the report's contract-direction + edge-case notes
src/composing/analysis/region/regionanalyzer.cpp,branch,666,if,analyzeRegions,L3-seam+L4-loop,code,NO-ISSUE,,ordinary control flow / guard — edge-case behavior characterized in the report's contract-direction + edge-case notes
src/composing/analysis/region/regionanalyzer.cpp,branch,681,if,analyzeRegions,L3-seam+L4-loop,code,NO-ISSUE,,ordinary control flow / guard — edge-case behavior characterized in the report's contract-direction + edge-case notes
src/composing/analysis/region/regionanalyzer.cpp,branch,691,if,analyzeRegions,L3-seam+L4-loop,code,NO-ISSUE,,ordinary control flow / guard — edge-case behavior characterized in the report's contract-direction + edge-case notes
src/composing/analysis/region/regionanalyzer.cpp,branch,697,ternary,analyzeRegions,L3-seam+L4-loop,code,NO-ISSUE,,ordinary control flow / guard — edge-case behavior characterized in the report's contract-direction + edge-case notes
src/composing/analysis/region/regionanalyzer.cpp,branch,699,if,analyzeRegions,L3-seam+L4-loop,code,NO-ISSUE,,ordinary control flow / guard — edge-case behavior characterized in the report's contract-direction + edge-case notes
src/composing/analysis/region/regionanalyzer.cpp,branch,712,if,analyzeRegions,L3-seam+L4-loop,code,NO-ISSUE,,ordinary control flow / guard — edge-case behavior characterized in the report's contract-direction + edge-case notes
src/composing/analysis/region/regionanalyzer.cpp,branch,713,if,analyzeRegions,L3-seam+L4-loop,code,NO-ISSUE,,ordinary control flow / guard — edge-case behavior characterized in the report's contract-direction + edge-case notes
src/composing/analysis/region/regionanalyzer.cpp,branch,738,if,analyzeRegions,L3-seam+L4-loop,code,NO-ISSUE,,ordinary control flow / guard — edge-case behavior characterized in the report's contract-direction + edge-case notes
src/composing/analysis/region/regionanalyzer.cpp,branch,750,if,analyzeRegions,L3-seam+L4-loop,code,NO-ISSUE,,ordinary control flow / guard — edge-case behavior characterized in the report's contract-direction + edge-case notes
src/composing/analysis/region/regionanalyzer.cpp,branch,752,if,analyzeRegions,L3-seam+L4-loop,code,NO-ISSUE,,ordinary control flow / guard — edge-case behavior characterized in the report's contract-direction + edge-case notes
src/composing/analysis/region/regionanalyzer.cpp,branch,771,if,analyzeRegions,L3-seam+L4-loop,code,NO-ISSUE,,ordinary control flow / guard — edge-case behavior characterized in the report's contract-direction + edge-case notes
src/composing/analysis/region/regionanalyzer.cpp,branch,780,if,analyzeRegions,L3-seam+L4-loop,code,NO-ISSUE,,ordinary control flow / guard — edge-case behavior characterized in the report's contract-direction + edge-case notes
src/composing/analysis/region/regionanalyzer.cpp,branch,784,if,analyzeRegions,L3-seam+L4-loop,code,NO-ISSUE,,ordinary control flow / guard — edge-case behavior characterized in the report's contract-direction + edge-case notes
src/composing/analysis/region/regionanalyzer.cpp,branch,795,if,analyzeRegions,L3-seam+L4-loop,code,NO-ISSUE,,ordinary control flow / guard — edge-case behavior characterized in the report's contract-direction + edge-case notes
src/composing/analysis/region/regionanalyzer.cpp,branch,800,if,analyzeRegions,L3-seam+L4-loop,code,NO-ISSUE,,ordinary control flow / guard — edge-case behavior characterized in the report's contract-direction + edge-case notes
src/composing/analysis/region/regionanalyzer.cpp,branch,822,if,analyzeRegions,L3-seam+L4-loop,code,NO-ISSUE,,ordinary control flow / guard — edge-case behavior characterized in the report's contract-direction + edge-case notes
src/composing/analysis/region/regionanalyzer.cpp,branch,829,if,analyzeRegions,L3-seam+L4-loop,code,NO-ISSUE,,ordinary control flow / guard — edge-case behavior characterized in the report's contract-direction + edge-case notes
src/composing/analysis/region/regionanalyzer.cpp,branch,832,if,analyzeRegions,L3-seam+L4-loop,code,NO-ISSUE,,ordinary control flow / guard — edge-case behavior characterized in the report's contract-direction + edge-case notes
src/composing/analysis/region/regionanalyzer.cpp,branch,849,if,analyzeRegions,L3-seam+L4-loop,code,NO-ISSUE,,ordinary control flow / guard — edge-case behavior characterized in the report's contract-direction + edge-case notes
src/composing/analysis/region/regionanalyzer.cpp,branch,859,if,analyzeRegions,L3-seam+L4-loop,code,NO-ISSUE,,ordinary control flow / guard — edge-case behavior characterized in the report's contract-direction + edge-case notes
src/composing/analysis/region/regionanalyzer.cpp,branch,879,if,analyzeRegions,L3-seam+L4-loop,code,NO-ISSUE,,ordinary control flow / guard — edge-case behavior characterized in the report's contract-direction + edge-case notes
src/composing/analysis/region/regionanalyzer.cpp,branch,885,if,analyzeRegions,L3-seam+L4-loop,code,NO-ISSUE,,ordinary control flow / guard — edge-case behavior characterized in the report's contract-direction + edge-case notes
src/composing/analysis/region/regionanalyzer.cpp,branch,889,if,analyzeRegions,L3-seam+L4-loop,code,NO-ISSUE,,ordinary control flow / guard — edge-case behavior characterized in the report's contract-direction + edge-case notes
src/composing/analysis/region/regionanalyzer.cpp,branch,923,if,analyzeRegions,L3-seam+L4-loop,code,NO-ISSUE,,ordinary control flow / guard — edge-case behavior characterized in the report's contract-direction + edge-case notes
src/composing/analysis/region/regionanalyzer.cpp,branch,933,ternary,analyzeRegions,L3-seam+L4-loop,code,NO-ISSUE,,ordinary control flow / guard — edge-case behavior characterized in the report's contract-direction + edge-case notes
src/composing/analysis/region/regionanalyzer.cpp,branch,938,if,analyzeRegions,L3-seam+L4-loop,code,NO-ISSUE,,ordinary control flow / guard — edge-case behavior characterized in the report's contract-direction + edge-case notes
src/composing/analysis/region/regionanalyzer.cpp,branch,944,if,analyzeRegions,L3-seam+L4-loop,code,NO-ISSUE,,ordinary control flow / guard — edge-case behavior characterized in the report's contract-direction + edge-case notes
src/composing/analysis/region/regionanalyzer.cpp,branch,962,if,analyzeRegions,L3-seam+L4-loop,code,NO-ISSUE,,ordinary control flow / guard — edge-case behavior characterized in the report's contract-direction + edge-case notes
src/composing/analysis/region/regionanalyzer.cpp,branch,965,ternary,analyzeRegions,L3-seam+L4-loop,code,NO-ISSUE,,ordinary control flow / guard — edge-case behavior characterized in the report's contract-direction + edge-case notes
src/composing/analysis/region/regionanalyzer.cpp,branch,970,if,analyzeRegions,L3-seam+L4-loop,code,NO-ISSUE,,ordinary control flow / guard — edge-case behavior characterized in the report's contract-direction + edge-case notes
src/composing/analysis/region/regionanalyzer.cpp,branch,982,ternary,analyzeRegions,L3-seam+L4-loop,code,NO-ISSUE,,ordinary control flow / guard — edge-case behavior characterized in the report's contract-direction + edge-case notes
src/composing/analysis/region/regionanalyzer.cpp,branch,990,if,analyzeRegions,L3-seam+L4-loop,code,NO-ISSUE,,ordinary control flow / guard — edge-case behavior characterized in the report's contract-direction + edge-case notes
src/composing/analysis/region/regionanalyzer.cpp,branch,1001,ternary,analyzeRegions,L3-seam+L4-loop,code,NO-ISSUE,,ordinary control flow / guard — edge-case behavior characterized in the report's contract-direction + edge-case notes
src/composing/analysis/region/regionanalyzer.cpp,branch,1010,if,analyzeRegions,L3-seam+L4-loop,code,NO-ISSUE,,ordinary control flow / guard — edge-case behavior characterized in the report's contract-direction + edge-case notes
src/composing/analysis/region/regionanalyzer.cpp,branch,1023,if,analyzeRegions,L3-seam+L4-loop,code,NO-ISSUE,,ordinary control flow / guard — edge-case behavior characterized in the report's contract-direction + edge-case notes
src/composing/analysis/region/regionanalyzer.cpp,branch,1041,if,analyzeRegions,L3-seam+L4-loop,code,NO-ISSUE,,ordinary control flow / guard — edge-case behavior characterized in the report's contract-direction + edge-case notes
src/composing/analysis/region/regionanalyzer.cpp,branch,1063,if,analyzeRegions,L3-seam+L4-loop,code,NO-ISSUE,,ordinary control flow / guard — edge-case behavior characterized in the report's contract-direction + edge-case notes
src/composing/analysis/region/regionanalyzer.cpp,branch,1069,if,analyzeRegions,L3-seam+L4-loop,code,NO-ISSUE,,ordinary control flow / guard — edge-case behavior characterized in the report's contract-direction + edge-case notes
src/composing/analysis/region/regionanalyzer.cpp,branch,1076,if,analyzeRegions,L3-seam+L4-loop,code,NO-ISSUE,,ordinary control flow / guard — edge-case behavior characterized in the report's contract-direction + edge-case notes
src/composing/analysis/region/regionanalyzer.cpp,branch,1086,if,analyzeRegions,L3-seam+L4-loop,code,NO-ISSUE,,ordinary control flow / guard — edge-case behavior characterized in the report's contract-direction + edge-case notes
src/composing/analysis/region/regionanalyzer.cpp,branch,1102,ternary,analyzeRegions,L3-seam+L4-loop,code,NO-ISSUE,,ordinary control flow / guard — edge-case behavior characterized in the report's contract-direction + edge-case notes
src/composing/analysis/region/regionanalyzer.cpp,branch,1104,ternary,analyzeRegions,L3-seam+L4-loop,code,NO-ISSUE,,ordinary control flow / guard — edge-case behavior characterized in the report's contract-direction + edge-case notes
src/composing/analysis/region/regionanalyzer.cpp,branch,1116,if,analyzeRegions,L3-seam+L4-loop,code,NO-ISSUE,,ordinary control flow / guard — edge-case behavior characterized in the report's contract-direction + edge-case notes
src/composing/analysis/region/regionanalyzer.cpp,branch,1136,if,analyzeRegions,L3-seam+L4-loop,code,NO-ISSUE,,ordinary control flow / guard — edge-case behavior characterized in the report's contract-direction + edge-case notes
src/composing/analysis/region/regionanalyzer.cpp,branch,1151,if,analyzeRegions,L3-seam+L4-loop,code,NO-ISSUE,,ordinary control flow / guard — edge-case behavior characterized in the report's contract-direction + edge-case notes
src/composing/analysis/region/regionanalyzer.cpp,branch,1161,ternary,analyzeRegions,L3-seam+L4-loop,code,NO-ISSUE,,ordinary control flow / guard — edge-case behavior characterized in the report's contract-direction + edge-case notes
src/composing/analysis/region/regionanalyzer.cpp,branch,1177,if,analyzeRegions,L3-seam+L4-loop,code,NO-ISSUE,,ordinary control flow / guard — edge-case behavior characterized in the report's contract-direction + edge-case notes
src/composing/analysis/region/regionanalyzer.cpp,branch,1180,else-if,analyzeRegions,L3-seam+L4-loop,code,NO-ISSUE,,ordinary control flow / guard — edge-case behavior characterized in the report's contract-direction + edge-case notes
src/composing/analysis/region/regionanalyzer.cpp,branch,1185,if,analyzeRegions,L3-seam+L4-loop,code,NO-ISSUE,,ordinary control flow / guard — edge-case behavior characterized in the report's contract-direction + edge-case notes
src/composing/analysis/region/regionanalyzer.cpp,branch,1199,if,analyzeRegions,L3-seam+L4-loop,code,NO-ISSUE,,ordinary control flow / guard — edge-case behavior characterized in the report's contract-direction + edge-case notes
src/composing/analysis/region/regionanalyzer.cpp,branch,1219,ternary,analyzeRegions,L3-seam+L4-loop,code,NO-ISSUE,,ordinary control flow / guard — edge-case behavior characterized in the report's contract-direction + edge-case notes
src/composing/analysis/region/regionanalyzer.cpp,branch,1226,if,analyzeRegions,L3-seam+L4-loop,code,NO-ISSUE,,ordinary control flow / guard — edge-case behavior characterized in the report's contract-direction + edge-case notes
src/composing/analysis/region/regionanalyzer.cpp,branch,1239,if,analyzeRegions,L3-seam+L4-loop,code,NO-ISSUE,,ordinary control flow / guard — edge-case behavior characterized in the report's contract-direction + edge-case notes
src/composing/analysis/region/regionanalyzer.cpp,branch,1260,if,analyzeRegions,L3-seam+L4-loop,code,NO-ISSUE,,ordinary control flow / guard — edge-case behavior characterized in the report's contract-direction + edge-case notes
src/composing/analysis/region/regionanalyzer.cpp,branch,1275,if,analyzeRegions,L3-seam+L4-loop,code,NO-ISSUE,,ordinary control flow / guard — edge-case behavior characterized in the report's contract-direction + edge-case notes
src/composing/analysis/region/regionanalyzer.cpp,branch,1285,if,analyzeRegions,L3-seam+L4-loop,code,NO-ISSUE,,ordinary control flow / guard — edge-case behavior characterized in the report's contract-direction + edge-case notes
src/composing/analysis/region/regionanalyzer.cpp,branch,1303,ternary,analyzeRegions,L3-seam+L4-loop,code,NO-ISSUE,,ordinary control flow / guard — edge-case behavior characterized in the report's contract-direction + edge-case notes
src/composing/analysis/region/regionanalyzer.cpp,branch,1305,ternary,analyzeRegions,L3-seam+L4-loop,code,NO-ISSUE,,ordinary control flow / guard — edge-case behavior characterized in the report's contract-direction + edge-case notes
src/composing/analysis/region/regionanalyzer.cpp,branch,1315,if,analyzeRegions,L3-seam+L4-loop,code,NO-ISSUE,,ordinary control flow / guard — edge-case behavior characterized in the report's contract-direction + edge-case notes
src/composing/analysis/region/regionanalyzer.cpp,branch,1333,if,analyzeRegions,L3-seam+L4-loop,code,NO-ISSUE,,ordinary control flow / guard — edge-case behavior characterized in the report's contract-direction + edge-case notes
src/composing/analysis/region/regionanalyzer.cpp,branch,1346,if,analyzeRegions,L3-seam+L4-loop,code,NO-ISSUE,,ordinary control flow / guard — edge-case behavior characterized in the report's contract-direction + edge-case notes
src/composing/analysis/region/regionanalyzer.cpp,branch,1356,ternary,analyzeRegions,L3-seam+L4-loop,code,NO-ISSUE,,ordinary control flow / guard — edge-case behavior characterized in the report's contract-direction + edge-case notes
src/composing/analysis/region/regionanalyzer.cpp,branch,1366,if,analyzeRegions,L3-seam+L4-loop,code,NO-ISSUE,,ordinary control flow / guard — edge-case behavior characterized in the report's contract-direction + edge-case notes
src/composing/analysis/region/regionanalyzer.cpp,branch,1369,else-if,analyzeRegions,L3-seam+L4-loop,code,NO-ISSUE,,ordinary control flow / guard — edge-case behavior characterized in the report's contract-direction + edge-case notes
src/composing/analysis/region/regionanalyzer.cpp,branch,1374,if,analyzeRegions,L3-seam+L4-loop,code,NO-ISSUE,,ordinary control flow / guard — edge-case behavior characterized in the report's contract-direction + edge-case notes
src/composing/analysis/region/regionanalyzer.cpp,branch,1388,if,analyzeRegions,L3-seam+L4-loop,code,NO-ISSUE,,ordinary control flow / guard — edge-case behavior characterized in the report's contract-direction + edge-case notes
src/composing/analysis/region/regionanalyzer.cpp,branch,1409,ternary,analyzeRegions,L3-seam+L4-loop,code,NO-ISSUE,,ordinary control flow / guard — edge-case behavior characterized in the report's contract-direction + edge-case notes
src/composing/analysis/region/regionanalyzer.cpp,branch,1416,if,analyzeRegions,L3-seam+L4-loop,code,NO-ISSUE,,ordinary control flow / guard — edge-case behavior characterized in the report's contract-direction + edge-case notes
src/composing/analysis/region/regionanalyzer.cpp,branch,1426,ternary,analyzeRegions,L3-seam+L4-loop,code,NO-ISSUE,,ordinary control flow / guard — edge-case behavior characterized in the report's contract-direction + edge-case notes
src/composing/analysis/region/regionanalyzer.cpp,branch,1428,ternary,analyzeRegions,L3-seam+L4-loop,code,NO-ISSUE,,ordinary control flow / guard — edge-case behavior characterized in the report's contract-direction + edge-case notes
src/composing/analysis/region/regionanalyzer.cpp,branch,1451,if,analyzeRegions,L3-seam+L4-loop,code,NO-ISSUE,,ordinary control flow / guard — edge-case behavior characterized in the report's contract-direction + edge-case notes
src/composing/analysis/region/regionanalyzer.cpp,branch,1456,if,analyzeRegions,L3-seam+L4-loop,code,NO-ISSUE,,ordinary control flow / guard — edge-case behavior characterized in the report's contract-direction + edge-case notes
src/composing/analysis/region/regionanalyzer.cpp,branch,1472,if,analyzeRegions,L3-seam+L4-loop,code,NO-ISSUE,,ordinary control flow / guard — edge-case behavior characterized in the report's contract-direction + edge-case notes
src/composing/analysis/region/regionanalyzer.cpp,branch,1483,if,analyzeRegions,L3-seam+L4-loop,code,NO-ISSUE,,ordinary control flow / guard — edge-case behavior characterized in the report's contract-direction + edge-case notes
src/composing/analysis/region/regionanalyzer.cpp,branch,1493,if,analyzeRegions,L3-seam+L4-loop,code,NO-ISSUE,,ordinary control flow / guard — edge-case behavior characterized in the report's contract-direction + edge-case notes
src/composing/analysis/region/regionanalyzer.cpp,branch,1494,if,analyzeRegions,L3-seam+L4-loop,code,NO-ISSUE,,ordinary control flow / guard — edge-case behavior characterized in the report's contract-direction + edge-case notes
src/composing/analysis/region/regionanalyzer.cpp,branch,1497,if,analyzeRegions,L3-seam+L4-loop,code,NO-ISSUE,,ordinary control flow / guard — edge-case behavior characterized in the report's contract-direction + edge-case notes
src/composing/analysis/section/cadencekeyanchor.cpp,branch,42,if,detectAuthenticCadences,L3,code,NO-ISSUE,,ordinary control flow / guard — edge-case behavior characterized in the report's contract-direction + edge-case notes
src/composing/analysis/section/cadencekeyanchor.cpp,branch,51,if,detectAuthenticCadences,L3,code,NO-ISSUE,,ordinary control flow / guard — edge-case behavior characterized in the report's contract-direction + edge-case notes
src/composing/analysis/section/cadencekeyanchor.cpp,branch,58,if,detectAuthenticCadences,L3,code,NO-ISSUE,,ordinary control flow / guard — edge-case behavior characterized in the report's contract-direction + edge-case notes
src/composing/analysis/section/cadencekeyanchor.cpp,branch,65,if,detectAuthenticCadences,L3,code,NO-ISSUE,,ordinary control flow / guard — edge-case behavior characterized in the report's contract-direction + edge-case notes
src/composing/analysis/section/cadencekeyanchor.cpp,branch,70,if,detectAuthenticCadences,L3,code,NO-ISSUE,,ordinary control flow / guard — edge-case behavior characterized in the report's contract-direction + edge-case notes
src/composing/analysis/section/cadencekeyanchor.cpp,branch,79,if,detectAuthenticCadences,L3,code,NO-ISSUE,,ordinary control flow / guard — edge-case behavior characterized in the report's contract-direction + edge-case notes
src/composing/analysis/section/cadencekeyanchor.cpp,branch,127,if,aggregateGlobalAnchor,L3,code,NO-ISSUE,,ordinary control flow / guard — edge-case behavior characterized in the report's contract-direction + edge-case notes
src/composing/analysis/section/cadencekeyanchor.cpp,branch,149,ternary,aggregateGlobalAnchor,L3,code,NO-ISSUE,,ordinary control flow / guard — edge-case behavior characterized in the report's contract-direction + edge-case notes
src/composing/analysis/section/cadencekeyanchor.cpp,branch,152,ternary,aggregateGlobalAnchor,L3,code,NO-ISSUE,,ordinary control flow / guard — edge-case behavior characterized in the report's contract-direction + edge-case notes
src/composing/analysis/section/cadencekeyanchor.cpp,branch,153,ternary,aggregateGlobalAnchor,L3,code,NO-ISSUE,,ordinary control flow / guard — edge-case behavior characterized in the report's contract-direction + edge-case notes
src/composing/analysis/section/cadencekeyanchor.cpp,branch,156,if,aggregateGlobalAnchor,L3,code,NO-ISSUE,,ordinary control flow / guard — edge-case behavior characterized in the report's contract-direction + edge-case notes
src/composing/analysis/section/cadencekeyanchor.cpp,branch,164,if,aggregateGlobalAnchor,L3,code,NO-ISSUE,,ordinary control flow / guard — edge-case behavior characterized in the report's contract-direction + edge-case notes
src/composing/analysis/section/cadencekeyanchor.cpp,branch,178,if,aggregateGlobalAnchor,L3,code,NO-ISSUE,,ordinary control flow / guard — edge-case behavior characterized in the report's contract-direction + edge-case notes
src/composing/analysis/section/cadencekeyanchor.cpp,branch,180,if,aggregateGlobalAnchor,L3,code,NO-ISSUE,,ordinary control flow / guard — edge-case behavior characterized in the report's contract-direction + edge-case notes
src/composing/analysis/section/cadencekeyanchor.cpp,branch,188,if,aggregateGlobalAnchor,L3,code,NO-ISSUE,,ordinary control flow / guard — edge-case behavior characterized in the report's contract-direction + edge-case notes
src/composing/analysis/section/cadencekeyanchor.cpp,branch,191,if,aggregateGlobalAnchor,L3,code,NO-ISSUE,,ordinary control flow / guard — edge-case behavior characterized in the report's contract-direction + edge-case notes
src/composing/analysis/section/cadencekeyanchor.cpp,branch,195,if,aggregateGlobalAnchor,L3,code,NO-ISSUE,,ordinary control flow / guard — edge-case behavior characterized in the report's contract-direction + edge-case notes
src/composing/analysis/section/cadencekeyanchor.cpp,branch,203,ternary,aggregateGlobalAnchor,L3,code,NO-ISSUE,,ordinary control flow / guard — edge-case behavior characterized in the report's contract-direction + edge-case notes
src/composing/analysis/section/jointkeydecision.cpp,branch,49,if,jkdInCollectionFraction,L3,code,NO-ISSUE,,ordinary control flow / guard — edge-case behavior characterized in the report's contract-direction + edge-case notes
src/composing/analysis/section/jointkeydecision.cpp,branch,51,if,jkdInCollectionFraction,L3,code,NO-ISSUE,,ordinary control flow / guard — edge-case behavior characterized in the report's contract-direction + edge-case notes
src/composing/analysis/section/jointkeydecision.cpp,branch,56,ternary,jkdInCollectionFraction,L3,code,NO-ISSUE,,ordinary control flow / guard — edge-case behavior characterized in the report's contract-direction + edge-case notes
src/composing/analysis/section/jointkeydecision.cpp,branch,62,if,jkdRootDiatonic,L3,code,NO-ISSUE,,ordinary control flow / guard — edge-case behavior characterized in the report's contract-direction + edge-case notes
src/composing/analysis/section/jointkeydecision.cpp,branch,98,if,jkdChordPinned,L3,code,NO-ISSUE,,ordinary control flow / guard — edge-case behavior characterized in the report's contract-direction + edge-case notes
src/composing/analysis/section/jointkeydecision.cpp,branch,102,if,jkdChordPinned,L3,code,NO-ISSUE,,ordinary control flow / guard — edge-case behavior characterized in the report's contract-direction + edge-case notes
src/composing/analysis/section/jointkeydecision.cpp,branch,112,if,jkdChordPinned,L3,code,NO-ISSUE,,ordinary control flow / guard — edge-case behavior characterized in the report's contract-direction + edge-case notes
src/composing/analysis/section/jointkeydecision.cpp,branch,113,if,jkdChordPinned,L3,code,NO-ISSUE,,ordinary control flow / guard — edge-case behavior characterized in the report's contract-direction + edge-case notes
src/composing/analysis/section/jointkeydecision.cpp,branch,154,if,decideJointKey,L3,code,NO-ISSUE,,ordinary control flow / guard — edge-case behavior characterized in the report's contract-direction + edge-case notes
src/composing/analysis/section/jointkeydecision.cpp,branch,201,if,decideJointKey,L3,code,NO-ISSUE,,ordinary control flow / guard — edge-case behavior characterized in the report's contract-direction + edge-case notes
src/composing/analysis/section/jointkeydecision.cpp,branch,224,if,decideJointKey,L3,code,NO-ISSUE,,ordinary control flow / guard — edge-case behavior characterized in the report's contract-direction + edge-case notes
src/composing/analysis/section/jointkeydecision.cpp,branch,242,if,decideJointKey,L3,code,NO-ISSUE,,ordinary control flow / guard — edge-case behavior characterized in the report's contract-direction + edge-case notes
src/composing/analysis/section/jointkeydecision.cpp,branch,248,if,decideJointKey,L3,code,NO-ISSUE,,ordinary control flow / guard — edge-case behavior characterized in the report's contract-direction + edge-case notes
src/composing/analysis/section/jointkeydecision.cpp,branch,255,if,decideJointKey,L3,code,NO-ISSUE,,ordinary control flow / guard — edge-case behavior characterized in the report's contract-direction + edge-case notes
src/composing/analysis/section/jointkeydecision.cpp,branch,262,if,decideJointKey,L3,code,NO-ISSUE,,ordinary control flow / guard — edge-case behavior characterized in the report's contract-direction + edge-case notes
src/composing/analysis/section/jointkeydecision.cpp,branch,266,if,decideJointKey,L3,code,NO-ISSUE,,ordinary control flow / guard — edge-case behavior characterized in the report's contract-direction + edge-case notes
src/composing/analysis/section/jointkeydecision.cpp,branch,280,if,decideJointKey,L3,code,NO-ISSUE,,ordinary control flow / guard — edge-case behavior characterized in the report's contract-direction + edge-case notes
src/composing/analysis/section/jointkeydecision.cpp,branch,292,ternary,decideJointKey,L3,code,NO-ISSUE,,ordinary control flow / guard — edge-case behavior characterized in the report's contract-direction + edge-case notes
src/composing/analysis/section/jointkeydecision.cpp,branch,296,ternary,decideJointKey,L3,code,NO-ISSUE,,ordinary control flow / guard — edge-case behavior characterized in the report's contract-direction + edge-case notes
src/composing/analysis/section/jointkeydecision.cpp,branch,297,ternary,decideJointKey,L3,code,NO-ISSUE,,ordinary control flow / guard — edge-case behavior characterized in the report's contract-direction + edge-case notes
src/composing/analysis/section/jointkeydecision.cpp,branch,311,if,decideJointKey,L3,code,NO-ISSUE,,ordinary control flow / guard — edge-case behavior characterized in the report's contract-direction + edge-case notes
src/composing/analysis/section/jointkeydecision.cpp,branch,324,ternary,decideJointKey,L3,code,NO-ISSUE,,ordinary control flow / guard — edge-case behavior characterized in the report's contract-direction + edge-case notes
src/composing/analysis/section/jointkeydecision.cpp,branch,325,if,decideJointKey,L3,code,NO-ISSUE,,ordinary control flow / guard — edge-case behavior characterized in the report's contract-direction + edge-case notes
src/composing/analysis/section/jointkeydecision.cpp,branch,338,if,decideJointKey,L3,code,NO-ISSUE,,ordinary control flow / guard — edge-case behavior characterized in the report's contract-direction + edge-case notes
src/composing/analysis/section/jointkeydecision.cpp,branch,345,if,decideJointKey,L3,code,NO-ISSUE,,ordinary control flow / guard — edge-case behavior characterized in the report's contract-direction + edge-case notes
src/composing/analysis/section/jointkeydecision.cpp,branch,381,if,decideJointKey,L3,code,NO-ISSUE,,ordinary control flow / guard — edge-case behavior characterized in the report's contract-direction + edge-case notes
src/composing/analysis/section/jointkeydecision.cpp,branch,388,if,decideJointKey,L3,code,NO-ISSUE,,ordinary control flow / guard — edge-case behavior characterized in the report's contract-direction + edge-case notes
src/composing/analysis/section/jointkeydecision.cpp,branch,391,if,decideJointKey,L3,code,NO-ISSUE,,ordinary control flow / guard — edge-case behavior characterized in the report's contract-direction + edge-case notes
src/composing/analysis/section/localmodulationdetector.cpp,branch,70,if,lmdOutOfCollectionCount,L3,code,NO-ISSUE,,ordinary control flow / guard — edge-case behavior characterized in the report's contract-direction + edge-case notes
src/composing/analysis/section/localmodulationdetector.cpp,branch,83,if,lmdRegionConsistent,L3,code,NO-ISSUE,,ordinary control flow / guard — edge-case behavior characterized in the report's contract-direction + edge-case notes
src/composing/analysis/section/localmodulationdetector.cpp,branch,86,if,lmdRegionConsistent,L3,code,NO-ISSUE,,ordinary control flow / guard — edge-case behavior characterized in the report's contract-direction + edge-case notes
src/composing/analysis/section/localmodulationdetector.cpp,branch,105,if,detectLocalModulations,L3,code,NO-ISSUE,,ordinary control flow / guard — edge-case behavior characterized in the report's contract-direction + edge-case notes
src/composing/analysis/section/localmodulationdetector.cpp,branch,130,if,detectLocalModulations,L3,code,NO-ISSUE,,ordinary control flow / guard — edge-case behavior characterized in the report's contract-direction + edge-case notes
src/composing/analysis/section/localmodulationdetector.cpp,branch,138,if,detectLocalModulations,L3,code,NO-ISSUE,,ordinary control flow / guard — edge-case behavior characterized in the report's contract-direction + edge-case notes
src/composing/analysis/section/localmodulationdetector.cpp,branch,149,if,detectLocalModulations,L3,code,NO-ISSUE,,ordinary control flow / guard — edge-case behavior characterized in the report's contract-direction + edge-case notes
src/composing/analysis/section/localmodulationdetector.cpp,branch,151,ternary,detectLocalModulations,L3,code,NO-ISSUE,,ordinary control flow / guard — edge-case behavior characterized in the report's contract-direction + edge-case notes
src/composing/analysis/section/localmodulationdetector.cpp,branch,162,if,detectLocalModulations,L3,code,NO-ISSUE,,ordinary control flow / guard — edge-case behavior characterized in the report's contract-direction + edge-case notes
src/composing/analysis/section/localmodulationdetector.cpp,branch,181,if,detectLocalModulations,L3,code,NO-ISSUE,,ordinary control flow / guard — edge-case behavior characterized in the report's contract-direction + edge-case notes
src/composing/analysis/section/localmodulationdetector.cpp,branch,184,if,detectLocalModulations,L3,code,NO-ISSUE,,ordinary control flow / guard — edge-case behavior characterized in the report's contract-direction + edge-case notes
src/composing/analysis/section/localmodulationdetector.cpp,branch,190,if,detectLocalModulations,L3,code,NO-ISSUE,,ordinary control flow / guard — edge-case behavior characterized in the report's contract-direction + edge-case notes
src/composing/analysis/section/sectionanalyzer.cpp,branch,81,if,distinctPitchClassCount,util,code,NO-ISSUE,,ordinary control flow / guard — edge-case behavior characterized in the report's contract-direction + edge-case notes
src/composing/analysis/section/sectionanalyzer.cpp,branch,94,if,stabilizeHarmonicRegionsForDisplay,L3,code,NO-ISSUE,,ordinary control flow / guard — edge-case behavior characterized in the report's contract-direction + edge-case notes
src/composing/analysis/section/sectionanalyzer.cpp,branch,104,if,stabilizeHarmonicRegionsForDisplay,L3,code,NO-ISSUE,,ordinary control flow / guard — edge-case behavior characterized in the report's contract-direction + edge-case notes
src/composing/analysis/section/sectionanalyzer.cpp,branch,111,if,stabilizeHarmonicRegionsForDisplay,L3,code,NO-ISSUE,,ordinary control flow / guard — edge-case behavior characterized in the report's contract-direction + edge-case notes
src/composing/analysis/section/sectionanalyzer.cpp,branch,113,if,stabilizeHarmonicRegionsForDisplay,L3,code,NO-ISSUE,,ordinary control flow / guard — edge-case behavior characterized in the report's contract-direction + edge-case notes
src/composing/analysis/section/sectionanalyzer.cpp,branch,118,if,stabilizeHarmonicRegionsForDisplay,L3,code,NO-ISSUE,,ordinary control flow / guard — edge-case behavior characterized in the report's contract-direction + edge-case notes
src/composing/analysis/section/sectionanalyzer.cpp,branch,141,if,stabilizeHarmonicRegionsForDisplay,L3,code,NO-ISSUE,,ordinary control flow / guard — edge-case behavior characterized in the report's contract-direction + edge-case notes
src/composing/analysis/section/sectionanalyzer.cpp,branch,146,if,stabilizeHarmonicRegionsForDisplay,L3,code,NO-ISSUE,,ordinary control flow / guard — edge-case behavior characterized in the report's contract-direction + edge-case notes
src/composing/analysis/section/sectionanalyzer.cpp,branch,151,if,stabilizeHarmonicRegionsForDisplay,L3,code,NO-ISSUE,,ordinary control flow / guard — edge-case behavior characterized in the report's contract-direction + edge-case notes
src/composing/analysis/section/sectionanalyzer.cpp,branch,188,if,analyzeSection,L3-seam+L4-gap,code,NO-ISSUE,,ordinary control flow / guard — edge-case behavior characterized in the report's contract-direction + edge-case notes
src/composing/analysis/section/sectionanalyzer.cpp,branch,200,if,analyzeSection,L3-seam+L4-gap,code,NO-ISSUE,,ordinary control flow / guard — edge-case behavior characterized in the report's contract-direction + edge-case notes
src/composing/analysis/section/sectionanalyzer.cpp,branch,232,if,analyzeSection,L3-seam+L4-gap,code,NO-ISSUE,,ordinary control flow / guard — edge-case behavior characterized in the report's contract-direction + edge-case notes
src/composing/analysis/section/sectionanalyzer.cpp,branch,238,if,analyzeSection,L3-seam+L4-gap,code,NO-ISSUE,,ordinary control flow / guard — edge-case behavior characterized in the report's contract-direction + edge-case notes
src/composing/analysis/section/sectionanalyzer.cpp,branch,246,if,analyzeSection,L3-seam+L4-gap,code,NO-ISSUE,,ordinary control flow / guard — edge-case behavior characterized in the report's contract-direction + edge-case notes
src/composing/analysis/section/sectionanalyzer.cpp,branch,251,if,analyzeSection,L3-seam+L4-gap,code,NO-ISSUE,,ordinary control flow / guard — edge-case behavior characterized in the report's contract-direction + edge-case notes
src/composing/analysis/section/sectionanalyzer.cpp,branch,256,if,analyzeSection,L3-seam+L4-gap,code,NO-ISSUE,,ordinary control flow / guard — edge-case behavior characterized in the report's contract-direction + edge-case notes
src/composing/analysis/section/sectionanalyzer.cpp,branch,276,if,analyzeSection,L3-seam+L4-gap,code,NO-ISSUE,,ordinary control flow / guard — edge-case behavior characterized in the report's contract-direction + edge-case notes
src/composing/analysis/section/sectionanalyzer.cpp,branch,281,if,analyzeSection,L3-seam+L4-gap,code,NO-ISSUE,,ordinary control flow / guard — edge-case behavior characterized in the report's contract-direction + edge-case notes
src/composing/analysis/section/sectionanalyzer.cpp,branch,286,if,analyzeSection,L3-seam+L4-gap,code,NO-ISSUE,,ordinary control flow / guard — edge-case behavior characterized in the report's contract-direction + edge-case notes
src/composing/analysis/section/sectionanalyzer.cpp,branch,300,if,analyzeSection,L3-seam+L4-gap,code,NO-ISSUE,,ordinary control flow / guard — edge-case behavior characterized in the report's contract-direction + edge-case notes
src/composing/analysis/section/sectionanalyzer.cpp,branch,303,if,analyzeSection,L3-seam+L4-gap,code,NO-ISSUE,,ordinary control flow / guard — edge-case behavior characterized in the report's contract-direction + edge-case notes
src/composing/analysis/section/sectionanalyzer.cpp,branch,314,if,analyzeSection,L3-seam+L4-gap,code,NO-ISSUE,,ordinary control flow / guard — edge-case behavior characterized in the report's contract-direction + edge-case notes
src/composing/analysis/section/sectionanalyzer.cpp,branch,320,if,analyzeSection,L3-seam+L4-gap,code,NO-ISSUE,,ordinary control flow / guard — edge-case behavior characterized in the report's contract-direction + edge-case notes
src/composing/analysis/section/sectionanalyzer.cpp,branch,327,if,analyzeSection,L3-seam+L4-gap,code,NO-ISSUE,,ordinary control flow / guard — edge-case behavior characterized in the report's contract-direction + edge-case notes
src/composing/analysis/section/sectionanalyzer.cpp,branch,351,if,analyzeSection,L3-seam+L4-gap,code,NO-ISSUE,,ordinary control flow / guard — edge-case behavior characterized in the report's contract-direction + edge-case notes
src/composing/analysis/section/sectionanalyzer.cpp,branch,356,if,analyzeSection,L3-seam+L4-gap,code,NO-ISSUE,,ordinary control flow / guard — edge-case behavior characterized in the report's contract-direction + edge-case notes
src/composing/analysis/section/sectionanalyzer.cpp,branch,358,else-if,analyzeSection,L3-seam+L4-gap,code,NO-ISSUE,,ordinary control flow / guard — edge-case behavior characterized in the report's contract-direction + edge-case notes
src/composing/analysis/section/sectionanalyzer.cpp,branch,360,else-if,analyzeSection,L3-seam+L4-gap,code,NO-ISSUE,,ordinary control flow / guard — edge-case behavior characterized in the report's contract-direction + edge-case notes
src/composing/analysis/section/sectionanalyzer.cpp,branch,362,else-if,analyzeSection,L3-seam+L4-gap,code,NO-ISSUE,,ordinary control flow / guard — edge-case behavior characterized in the report's contract-direction + edge-case notes
src/composing/analysis/section/sectionanalyzer.cpp,branch,370,if,analyzeSection,L3-seam+L4-gap,code,NO-ISSUE,,ordinary control flow / guard — edge-case behavior characterized in the report's contract-direction + edge-case notes
src/composing/analysis/section/sectionanalyzer.cpp,branch,376,if,analyzeSection,L3-seam+L4-gap,code,NO-ISSUE,,ordinary control flow / guard — edge-case behavior characterized in the report's contract-direction + edge-case notes
src/composing/analysis/section/sectionanalyzer.cpp,branch,379,else-if,analyzeSection,L3-seam+L4-gap,code,NO-ISSUE,,ordinary control flow / guard — edge-case behavior characterized in the report's contract-direction + edge-case notes
src/composing/analysis/section/sectionanalyzer.cpp,branch,382,else-if,analyzeSection,L3-seam+L4-gap,code,NO-ISSUE,,ordinary control flow / guard — edge-case behavior characterized in the report's contract-direction + edge-case notes
src/composing/analysis/section/sectionanalyzer.cpp,branch,385,else-if,analyzeSection,L3-seam+L4-gap,code,NO-ISSUE,,ordinary control flow / guard — edge-case behavior characterized in the report's contract-direction + edge-case notes
src/composing/analysis/section/sectionanalyzer.cpp,branch,392,if,analyzeSection,L3-seam+L4-gap,code,NO-ISSUE,,ordinary control flow / guard — edge-case behavior characterized in the report's contract-direction + edge-case notes
src/composing/analysis/section/sectionanalyzer.cpp,branch,397,if,analyzeSection,L3-seam+L4-gap,code,NO-ISSUE,,ordinary control flow / guard — edge-case behavior characterized in the report's contract-direction + edge-case notes
src/composing/analysis/section/sectionanalyzer.cpp,branch,426,if,analyzeSection,L3-seam+L4-gap,code,NO-ISSUE,,ordinary control flow / guard — edge-case behavior characterized in the report's contract-direction + edge-case notes
src/composing/analysis/section/sectionanalyzer.cpp,branch,438,if,analyzeSection,L3-seam+L4-gap,code,NO-ISSUE,,ordinary control flow / guard — edge-case behavior characterized in the report's contract-direction + edge-case notes
src/composing/analysis/section/sectionanalyzer.cpp,branch,440,if,analyzeSection,L3-seam+L4-gap,code,NO-ISSUE,,ordinary control flow / guard — edge-case behavior characterized in the report's contract-direction + edge-case notes
src/composing/analysis/section/sectionanalyzer.cpp,branch,447,if,analyzeSection,L3-seam+L4-gap,code,NO-ISSUE,,ordinary control flow / guard — edge-case behavior characterized in the report's contract-direction + edge-case notes
src/composing/analysis/section/sectionanalyzer.cpp,branch,460,if,analyzeSection,L3-seam+L4-gap,code,NO-ISSUE,,ordinary control flow / guard — edge-case behavior characterized in the report's contract-direction + edge-case notes
src/composing/analysis/section/sectionanalyzer.cpp,branch,468,if,analyzeSection,L3-seam+L4-gap,code,NO-ISSUE,,ordinary control flow / guard — edge-case behavior characterized in the report's contract-direction + edge-case notes
src/composing/analysis/section/sectionanalyzer.cpp,branch,469,ternary,analyzeSection,L3-seam+L4-gap,code,NO-ISSUE,,ordinary control flow / guard — edge-case behavior characterized in the report's contract-direction + edge-case notes
src/composing/analysis/section/sectionanalyzer.cpp,branch,470,if,analyzeSection,L3-seam+L4-gap,code,NO-ISSUE,,ordinary control flow / guard — edge-case behavior characterized in the report's contract-direction + edge-case notes
src/composing/analysis/section/sectionanalyzer.cpp,branch,495,if,analyzeSection,L3-seam+L4-gap,code,NO-ISSUE,,ordinary control flow / guard — edge-case behavior characterized in the report's contract-direction + edge-case notes
src/composing/analysis/section/sectionanalyzer.cpp,branch,502,if,analyzeSection,L3-seam+L4-gap,code,NO-ISSUE,,ordinary control flow / guard — edge-case behavior characterized in the report's contract-direction + edge-case notes
src/composing/analysis/section/sectionanalyzer.cpp,branch,510,if,analyzeSection,L3-seam+L4-gap,code,NO-ISSUE,,ordinary control flow / guard — edge-case behavior characterized in the report's contract-direction + edge-case notes
src/composing/analysis/section/sectionanalyzer.cpp,branch,513,if,analyzeSection,L3-seam+L4-gap,code,NO-ISSUE,,ordinary control flow / guard — edge-case behavior characterized in the report's contract-direction + edge-case notes
src/composing/analysis/section/sectionanalyzer.cpp,branch,515,if,analyzeSection,L3-seam+L4-gap,code,NO-ISSUE,,ordinary control flow / guard — edge-case behavior characterized in the report's contract-direction + edge-case notes
src/composing/analysis/section/sectionanalyzer.cpp,branch,522,if,analyzeSection,L3-seam+L4-gap,code,NO-ISSUE,,ordinary control flow / guard — edge-case behavior characterized in the report's contract-direction + edge-case notes
src/composing/analysis/section/sectionanalyzer.cpp,branch,526,if,analyzeSection,L3-seam+L4-gap,code,NO-ISSUE,,ordinary control flow / guard — edge-case behavior characterized in the report's contract-direction + edge-case notes
src/composing/analysis/section/sectionanalyzer.cpp,branch,531,if,analyzeSection,L3-seam+L4-gap,code,NO-ISSUE,,ordinary control flow / guard — edge-case behavior characterized in the report's contract-direction + edge-case notes
src/composing/analysis/section/sectionanalyzer.cpp,branch,532,if,analyzeSection,L3-seam+L4-gap,code,NO-ISSUE,,ordinary control flow / guard — edge-case behavior characterized in the report's contract-direction + edge-case notes
src/composing/analysis/section/sectionanalyzer.cpp,branch,540,if,analyzeSection,L3-seam+L4-gap,code,NO-ISSUE,,ordinary control flow / guard — edge-case behavior characterized in the report's contract-direction + edge-case notes
src/composing/analysis/section/sectionanalyzer.cpp,branch,541,if,analyzeSection,L3-seam+L4-gap,code,NO-ISSUE,,ordinary control flow / guard — edge-case behavior characterized in the report's contract-direction + edge-case notes
src/composing/analysis/section/sectionanalyzer.cpp,branch,549,if,analyzeSection,L3-seam+L4-gap,code,NO-ISSUE,,ordinary control flow / guard — edge-case behavior characterized in the report's contract-direction + edge-case notes
src/composing/analysis/section/sectionanalyzer.cpp,branch,553,if,analyzeSection,L3-seam+L4-gap,code,NO-ISSUE,,ordinary control flow / guard — edge-case behavior characterized in the report's contract-direction + edge-case notes
src/composing/analysis/section/sectionanalyzer.cpp,branch,557,if,analyzeSection,L3-seam+L4-gap,code,NO-ISSUE,,ordinary control flow / guard — edge-case behavior characterized in the report's contract-direction + edge-case notes
src/composing/analysis/section/sectionanalyzer.cpp,branch,566,if,analyzeSection,L3-seam+L4-gap,code,NO-ISSUE,,ordinary control flow / guard — edge-case behavior characterized in the report's contract-direction + edge-case notes
src/composing/analysis/section/sectionanalyzer.cpp,branch,579,if,analyzeSection,L3-seam+L4-gap,code,NO-ISSUE,,ordinary control flow / guard — edge-case behavior characterized in the report's contract-direction + edge-case notes
src/composing/analysis/section/sectionanalyzer.cpp,branch,589,ternary,analyzeSection,L3-seam+L4-gap,code,NO-ISSUE,,ordinary control flow / guard — edge-case behavior characterized in the report's contract-direction + edge-case notes
src/composing/analysis/section/sectionanalyzer.cpp,branch,606,if,analyzeSection,L3-seam+L4-gap,code,NO-ISSUE,,ordinary control flow / guard — edge-case behavior characterized in the report's contract-direction + edge-case notes
src/composing/analysis/section/sectionanalyzer.cpp,branch,613,if,analyzeSection,L3-seam+L4-gap,code,NO-ISSUE,,ordinary control flow / guard — edge-case behavior characterized in the report's contract-direction + edge-case notes
src/composing/analysis/section/sectionanalyzer.cpp,branch,616,if,analyzeSection,L3-seam+L4-gap,code,NO-ISSUE,,ordinary control flow / guard — edge-case behavior characterized in the report's contract-direction + edge-case notes
src/composing/analysis/section/sectionanalyzer.cpp,branch,629,ternary,analyzeSection,L3-seam+L4-gap,code,NO-ISSUE,,ordinary control flow / guard — edge-case behavior characterized in the report's contract-direction + edge-case notes
src/composing/analysis/section/sectionanalyzer.cpp,branch,632,if,analyzeSection,L3-seam+L4-gap,code,NO-ISSUE,,ordinary control flow / guard — edge-case behavior characterized in the report's contract-direction + edge-case notes
src/composing/analysis/section/sectionanalyzer.cpp,branch,633,if,analyzeSection,L3-seam+L4-gap,code,NO-ISSUE,,ordinary control flow / guard — edge-case behavior characterized in the report's contract-direction + edge-case notes
src/composing/analysis/section/sectionanalyzer.cpp,branch,647,if,analyzeSection,L3-seam+L4-gap,code,NO-ISSUE,,ordinary control flow / guard — edge-case behavior characterized in the report's contract-direction + edge-case notes
src/composing/analysis/section/sectionanalyzer.cpp,branch,658,if,analyzeSection,L3-seam+L4-gap,code,NO-ISSUE,,ordinary control flow / guard — edge-case behavior characterized in the report's contract-direction + edge-case notes
src/composing/analysis/section/sectionanalyzer.cpp,branch,659,if,analyzeSection,L3-seam+L4-gap,code,NO-ISSUE,,ordinary control flow / guard — edge-case behavior characterized in the report's contract-direction + edge-case notes
src/composing/analysis/section/sectionanalyzer.cpp,branch,668,else-if,analyzeSection,L3-seam+L4-gap,code,NO-ISSUE,,ordinary control flow / guard — edge-case behavior characterized in the report's contract-direction + edge-case notes
src/composing/analysis/section/sectionanalyzer.cpp,branch,670,ternary,analyzeSection,L3-seam+L4-gap,code,NO-ISSUE,,ordinary control flow / guard — edge-case behavior characterized in the report's contract-direction + edge-case notes
src/composing/analysis/section/sectionanalyzer.cpp,branch,675,if,analyzeSection,L3-seam+L4-gap,code,NO-ISSUE,,ordinary control flow / guard — edge-case behavior characterized in the report's contract-direction + edge-case notes
src/composing/analysis/section/sectionanalyzer.cpp,branch,680,if,analyzeSection,L3-seam+L4-gap,code,NO-ISSUE,,ordinary control flow / guard — edge-case behavior characterized in the report's contract-direction + edge-case notes
src/composing/analysis/section/sectionanalyzer.cpp,branch,697,if,analyzeSection,L3-seam+L4-gap,code,NO-ISSUE,,ordinary control flow / guard — edge-case behavior characterized in the report's contract-direction + edge-case notes
src/composing/analysis/section/sectionanalyzer.cpp,branch,698,if,analyzeSection,L3-seam+L4-gap,code,NO-ISSUE,,ordinary control flow / guard — edge-case behavior characterized in the report's contract-direction + edge-case notes
src/composing/analysis/section/sectionanalyzer.cpp,branch,700,ternary,analyzeSection,L3-seam+L4-gap,code,NO-ISSUE,,ordinary control flow / guard — edge-case behavior characterized in the report's contract-direction + edge-case notes
src/composing/analysis/section/sectionanalyzer.cpp,branch,706,if,analyzeSection,L3-seam+L4-gap,code,NO-ISSUE,,ordinary control flow / guard — edge-case behavior characterized in the report's contract-direction + edge-case notes
src/composing/analysis/section/sectionanalyzer.cpp,branch,759,if,analyzeSection,L3-seam+L4-gap,code,NO-ISSUE,,ordinary control flow / guard — edge-case behavior characterized in the report's contract-direction + edge-case notes
src/composing/analysis/section/sectionanalyzer.cpp,branch,771,if,analyzeSection,L3-seam+L4-gap,code,NO-ISSUE,,ordinary control flow / guard — edge-case behavior characterized in the report's contract-direction + edge-case notes
src/composing/analysis/section/sectioncadencedetection.cpp,branch,68,if,detectCadences,L5,code,NO-ISSUE,,ordinary control flow / guard — edge-case behavior characterized in the report's contract-direction + edge-case notes
src/composing/analysis/section/sectioncadencedetection.cpp,branch,78,if,detectCadences,L5,code,NO-ISSUE,,ordinary control flow / guard — edge-case behavior characterized in the report's contract-direction + edge-case notes
src/composing/analysis/section/sectioncadencedetection.cpp,branch,87,if,detectCadences,L5,code,NO-ISSUE,,ordinary control flow / guard — edge-case behavior characterized in the report's contract-direction + edge-case notes
src/composing/analysis/section/sectioncadencedetection.cpp,branch,94,if,detectCadences,L5,code,NO-ISSUE,,ordinary control flow / guard — edge-case behavior characterized in the report's contract-direction + edge-case notes
src/composing/analysis/section/sectioncadencedetection.cpp,branch,101,if,detectCadences,L5,code,NO-ISSUE,,ordinary control flow / guard — edge-case behavior characterized in the report's contract-direction + edge-case notes
src/composing/analysis/section/sectioncadencedetection.cpp,branch,105,else-if,detectCadences,L5,code,NO-ISSUE,,ordinary control flow / guard — edge-case behavior characterized in the report's contract-direction + edge-case notes
src/composing/analysis/section/sectioncadencedetection.cpp,branch,107,else-if,detectCadences,L5,code,NO-ISSUE,,ordinary control flow / guard — edge-case behavior characterized in the report's contract-direction + edge-case notes
src/composing/analysis/section/sectioncadencedetection.cpp,branch,113,if,detectCadences,L5,code,NO-ISSUE,,ordinary control flow / guard — edge-case behavior characterized in the report's contract-direction + edge-case notes
src/composing/analysis/section/sectioncadencedetection.cpp,branch,122,ternary,detectCadences,L5,code,NO-ISSUE,,ordinary control flow / guard — edge-case behavior characterized in the report's contract-direction + edge-case notes
src/composing/analysis/section/sectioncadencedetection.cpp,branch,130,if,detectCadences,L5,code,NO-ISSUE,,ordinary control flow / guard — edge-case behavior characterized in the report's contract-direction + edge-case notes
src/composing/analysis/section/sectioncadencedetection.cpp,branch,136,if,detectCadences,L5,code,NO-ISSUE,,ordinary control flow / guard — edge-case behavior characterized in the report's contract-direction + edge-case notes
src/composing/analysis/section/sectioncadencedetection.cpp,branch,152,if,detectPivotChords,L5,code,NO-ISSUE,,ordinary control flow / guard — edge-case behavior characterized in the report's contract-direction + edge-case notes
src/composing/analysis/section/sectioncadencedetection.cpp,branch,175,if,detectPivotChords,L5,code,NO-ISSUE,,ordinary control flow / guard — edge-case behavior characterized in the report's contract-direction + edge-case notes
src/composing/analysis/section/sectioncadencedetection.cpp,branch,178,if,detectPivotChords,L5,code,NO-ISSUE,,ordinary control flow / guard — edge-case behavior characterized in the report's contract-direction + edge-case notes
src/composing/analysis/section/sectioncadencedetection.cpp,branch,184,if,detectPivotChords,L5,code,NO-ISSUE,,ordinary control flow / guard — edge-case behavior characterized in the report's contract-direction + edge-case notes
src/composing/analysis/section/sectioncadencedetection.cpp,branch,203,if,detectPivotChords,L5,code,NO-ISSUE,,ordinary control flow / guard — edge-case behavior characterized in the report's contract-direction + edge-case notes
src/composing/analysis/section/sectioncadencedetection.cpp,branch,210,if,detectPivotChords,L5,code,NO-ISSUE,,ordinary control flow / guard — edge-case behavior characterized in the report's contract-direction + edge-case notes
src/composing/analysis/section/sectioncadencedetection.cpp,branch,227,if,detectPivotChords,L5,code,NO-ISSUE,,ordinary control flow / guard — edge-case behavior characterized in the report's contract-direction + edge-case notes
src/composing/analysis/section/sectioncadencedetection.cpp,branch,230,if,detectPivotChords,L5,code,NO-ISSUE,,ordinary control flow / guard — edge-case behavior characterized in the report's contract-direction + edge-case notes
src/composing/analysis/section/sectioncadencedetection.cpp,branch,246,if,detectPivotChords,L5,code,NO-ISSUE,,ordinary control flow / guard — edge-case behavior characterized in the report's contract-direction + edge-case notes
src/composing/analysis/key/keymodeanalyzer.cpp,crosslayer,23,keymodeanalyzer.h,external,L3,cross,FORWARD-OK,,forward/self dependency (L1 notes / L2 slices / L1.5 views / types leaf / self / engraving) — Dependency Rule respected
src/composing/analysis/key/keymodeanalyzer.cpp,crosslayer,24,../chord/analysisutils.h,chord,L3,cross,BACK-EDGE-NOTE,,"L3-F7: CORE L3 file includes chord/analysisutils.h for shared pitch-class primitives (normalizePc / diatonicMaskFromFifths) — dependency-free util siloed under chord/ (L4 dir); layering smell, not a heavy coupling"
src/composing/analysis/key/keymodeanalyzer.h,crosslayer,28,../types/analysistypes.h,types,L3,cross,FORWARD-OK,,forward/self dependency (L1 notes / L2 slices / L1.5 views / types leaf / self / engraving) — Dependency Rule respected
src/composing/analysis/key/keymodeformatting.cpp,crosslayer,23,keymodeanalyzer.h,external,L3,cross,FORWARD-OK,,forward/self dependency (L1 notes / L2 slices / L1.5 views / types leaf / self / engraving) — Dependency Rule respected
src/composing/analysis/key/keymodesequence.cpp,crosslayer,23,keymodesequence.h,external,L3,cross,FORWARD-OK,,forward/self dependency (L1 notes / L2 slices / L1.5 views / types leaf / self / engraving) — Dependency Rule respected
src/composing/analysis/key/keymodesequence.cpp,crosslayer,32,engraving/types/constants.h,types,L3,cross,FORWARD-OK,,forward/self dependency (L1 notes / L2 slices / L1.5 views / types leaf / self / engraving) — Dependency Rule respected
src/composing/analysis/key/keymodesequence.cpp,crosslayer,34,composing/analysis/engravingbridge/regiontonecollector.h,engravingbridge,L3,cross,FORWARD-OK,,forward/self dependency (L1 notes / L2 slices / L1.5 views / types leaf / self / engraving) — Dependency Rule respected
src/composing/analysis/key/keymodesequence.h,crosslayer,99,keymodeanalyzer.h,external,L3,cross,FORWARD-OK,,forward/self dependency (L1 notes / L2 slices / L1.5 views / types leaf / self / engraving) — Dependency Rule respected
src/composing/analysis/key/keymodesequence.h,crosslayer,100,composing/analysis/notemodel/note_model.h,notemodel,L3,cross,FORWARD-OK,,forward/self dependency (L1 notes / L2 slices / L1.5 views / types leaf / self / engraving) — Dependency Rule respected
src/composing/analysis/key/keymodesequence.h,crosslayer,101,composing/analysis/scoreharvest/metricweights.h,scoreharvest,L3,cross,FORWARD-OK,,forward/self dependency (L1 notes / L2 slices / L1.5 views / types leaf / self / engraving) — Dependency Rule respected
src/composing/analysis/key/keymodesequence.h,crosslayer,102,composing/analysis/slicing/slicer.h,slicing,L3,cross,FORWARD-OK,,forward/self dependency (L1 notes / L2 slices / L1.5 views / types leaf / self / engraving) — Dependency Rule respected
src/composing/analysis/key/keyresolver.cpp,crosslayer,23,keyresolver.h,external,L3,cross,FORWARD-OK,,forward/self dependency (L1 notes / L2 slices / L1.5 views / types leaf / self / engraving) — Dependency Rule respected
src/composing/analysis/key/keyresolver.cpp,crosslayer,29,engraving/dom/chord.h,external,L3,cross,FORWARD-OK,,forward/self dependency (L1 notes / L2 slices / L1.5 views / types leaf / self / engraving) — Dependency Rule respected
src/composing/analysis/key/keyresolver.cpp,crosslayer,30,engraving/dom/chordrest.h,external,L3,cross,FORWARD-OK,,forward/self dependency (L1 notes / L2 slices / L1.5 views / types leaf / self / engraving) — Dependency Rule respected
src/composing/analysis/key/keyresolver.cpp,crosslayer,31,engraving/dom/key.h,external,L3,cross,FORWARD-OK,,forward/self dependency (L1 notes / L2 slices / L1.5 views / types leaf / self / engraving) — Dependency Rule respected
src/composing/analysis/key/keyresolver.cpp,crosslayer,32,engraving/dom/keysig.h,external,L3,cross,FORWARD-OK,,forward/self dependency (L1 notes / L2 slices / L1.5 views / types leaf / self / engraving) — Dependency Rule respected
src/composing/analysis/key/keyresolver.cpp,crosslayer,33,engraving/dom/measure.h,external,L3,cross,FORWARD-OK,,forward/self dependency (L1 notes / L2 slices / L1.5 views / types leaf / self / engraving) — Dependency Rule respected
src/composing/analysis/key/keyresolver.cpp,crosslayer,34,engraving/dom/note.h,external,L3,cross,FORWARD-OK,,forward/self dependency (L1 notes / L2 slices / L1.5 views / types leaf / self / engraving) — Dependency Rule respected
src/composing/analysis/key/keyresolver.cpp,crosslayer,35,engraving/dom/score.h,external,L3,cross,FORWARD-OK,,forward/self dependency (L1 notes / L2 slices / L1.5 views / types leaf / self / engraving) — Dependency Rule respected
src/composing/analysis/key/keyresolver.cpp,crosslayer,36,engraving/dom/segment.h,external,L3,cross,FORWARD-OK,,forward/self dependency (L1 notes / L2 slices / L1.5 views / types leaf / self / engraving) — Dependency Rule respected
src/composing/analysis/key/keyresolver.cpp,crosslayer,37,engraving/dom/staff.h,external,L3,cross,FORWARD-OK,,forward/self dependency (L1 notes / L2 slices / L1.5 views / types leaf / self / engraving) — Dependency Rule respected
src/composing/analysis/key/keyresolver.cpp,crosslayer,38,engraving/types/constants.h,types,L3,cross,FORWARD-OK,,forward/self dependency (L1 notes / L2 slices / L1.5 views / types leaf / self / engraving) — Dependency Rule respected
src/composing/analysis/key/keyresolver.cpp,crosslayer,39,engraving/types/fraction.h,types,L3,cross,FORWARD-OK,,forward/self dependency (L1 notes / L2 slices / L1.5 views / types leaf / self / engraving) — Dependency Rule respected
src/composing/analysis/key/keyresolver.cpp,crosslayer,41,composing/analysis/chord/analysisutils.h,chord,L3,cross,BACK-EDGE-NOTE,,"L3-F7: CORE L3 file includes chord/analysisutils.h for shared pitch-class primitives (normalizePc / diatonicMaskFromFifths) — dependency-free util siloed under chord/ (L4 dir); layering smell, not a heavy coupling"
src/composing/analysis/key/keyresolver.cpp,crosslayer,42,composing/analysis/engravingbridge/regiontonecollector.h,engravingbridge,L3,cross,FORWARD-OK,,forward/self dependency (L1 notes / L2 slices / L1.5 views / types leaf / self / engraving) — Dependency Rule respected
src/composing/analysis/key/keyresolver.cpp,crosslayer,43,composing/analysis/scoreharvest/metricweights.h,scoreharvest,L3,cross,FORWARD-OK,,forward/self dependency (L1 notes / L2 slices / L1.5 views / types leaf / self / engraving) — Dependency Rule respected
src/composing/analysis/key/keyresolver.h,crosslayer,56,composing/analysis/key/keymodeanalyzer.h,key,L3,cross,FORWARD-OK,,forward/self dependency (L1 notes / L2 slices / L1.5 views / types leaf / self / engraving) — Dependency Rule respected
src/composing/analysis/key/modepriorpresets.cpp,crosslayer,23,modepriorpresets.h,external,L3,cross,FORWARD-OK,,forward/self dependency (L1 notes / L2 slices / L1.5 views / types leaf / self / engraving) — Dependency Rule respected
src/composing/analysis/region/harmonicrhythm.h,crosslayer,29,../chord/chordanalyzer.h,chord,L3-MIXED,cross,MIXED-DEFERRED,,L4/L5 include in a mixed orchestrator file (its L4/L5 part) — expected; deferred to the owning layer's audit
src/composing/analysis/region/harmonicrhythm.h,crosslayer,30,../key/keymodeanalyzer.h,key,L3-MIXED,cross,FORWARD-OK,,forward/self dependency (L1 notes / L2 slices / L1.5 views / types leaf / self / engraving) — Dependency Rule respected
src/composing/analysis/region/regionanalyzer.cpp,crosslayer,23,regionanalyzer.h,external,L3-MIXED,cross,FORWARD-OK,,forward/self dependency (L1 notes / L2 slices / L1.5 views / types leaf / self / engraving) — Dependency Rule respected
src/composing/analysis/region/regionanalyzer.cpp,crosslayer,30,engraving/dom/chord.h,external,L3-MIXED,cross,FORWARD-OK,,forward/self dependency (L1 notes / L2 slices / L1.5 views / types leaf / self / engraving) — Dependency Rule respected
src/composing/analysis/region/regionanalyzer.cpp,crosslayer,31,engraving/dom/engravingitem.h,external,L3-MIXED,cross,FORWARD-OK,,forward/self dependency (L1 notes / L2 slices / L1.5 views / types leaf / self / engraving) — Dependency Rule respected
src/composing/analysis/region/regionanalyzer.cpp,crosslayer,32,engraving/dom/key.h,external,L3-MIXED,cross,FORWARD-OK,,forward/self dependency (L1 notes / L2 slices / L1.5 views / types leaf / self / engraving) — Dependency Rule respected
src/composing/analysis/region/regionanalyzer.cpp,crosslayer,33,engraving/dom/masterscore.h,external,L3-MIXED,cross,FORWARD-OK,,forward/self dependency (L1 notes / L2 slices / L1.5 views / types leaf / self / engraving) — Dependency Rule respected
src/composing/analysis/region/regionanalyzer.cpp,crosslayer,34,engraving/dom/measure.h,external,L3-MIXED,cross,FORWARD-OK,,forward/self dependency (L1 notes / L2 slices / L1.5 views / types leaf / self / engraving) — Dependency Rule respected
src/composing/analysis/region/regionanalyzer.cpp,crosslayer,35,engraving/dom/segment.h,external,L3-MIXED,cross,FORWARD-OK,,forward/self dependency (L1 notes / L2 slices / L1.5 views / types leaf / self / engraving) — Dependency Rule respected
src/composing/analysis/region/regionanalyzer.cpp,crosslayer,36,engraving/dom/staff.h,external,L3-MIXED,cross,FORWARD-OK,,forward/self dependency (L1 notes / L2 slices / L1.5 views / types leaf / self / engraving) — Dependency Rule respected
src/composing/analysis/region/regionanalyzer.cpp,crosslayer,37,engraving/types/constants.h,types,L3-MIXED,cross,FORWARD-OK,,forward/self dependency (L1 notes / L2 slices / L1.5 views / types leaf / self / engraving) — Dependency Rule respected
src/composing/analysis/region/regionanalyzer.cpp,crosslayer,39,composing/analysis/chord/analysisutils.h,chord,L3-MIXED,cross,MIXED-DEFERRED,,L4/L5 include in a mixed orchestrator file (its L4/L5 part) — expected; deferred to the owning layer's audit
src/composing/analysis/region/regionanalyzer.cpp,crosslayer,40,composing/analysis/chord/chordanalyzer.h,chord,L3-MIXED,cross,MIXED-DEFERRED,,L4/L5 include in a mixed orchestrator file (its L4/L5 part) — expected; deferred to the owning layer's audit
src/composing/analysis/region/regionanalyzer.cpp,crosslayer,41,composing/analysis/decode/chordpathdecoder.h,decode,L3-MIXED,cross,MIXED-DEFERRED,,L4/L5 include in a mixed orchestrator file (its L4/L5 part) — expected; deferred to the owning layer's audit
src/composing/analysis/region/regionanalyzer.cpp,crosslayer,42,composing/analysis/engravingbridge/phraseboundaryview.h,engravingbridge,L3-MIXED,cross,FORWARD-OK,,forward/self dependency (L1 notes / L2 slices / L1.5 views / types leaf / self / engraving) — Dependency Rule respected
src/composing/analysis/region/regionanalyzer.cpp,crosslayer,43,composing/analysis/engravingbridge/regiontonecollector.h,engravingbridge,L3-MIXED,cross,FORWARD-OK,,forward/self dependency (L1 notes / L2 slices / L1.5 views / types leaf / self / engraving) — Dependency Rule respected
src/composing/analysis/region/regionanalyzer.cpp,crosslayer,44,composing/analysis/function/harmonicfunctionlayer.h,function,L3-MIXED,cross,MIXED-DEFERRED,,L4/L5 include in a mixed orchestrator file (its L4/L5 part) — expected; deferred to the owning layer's audit
src/composing/analysis/region/regionanalyzer.cpp,crosslayer,45,composing/analysis/harmony/harmonicsegmenter.h,harmony,L3-MIXED,cross,FORWARD-OK,,same-tier / infra include (region-section orchestration / param-override / harmony-legacy) — within the L3 seam's remit
src/composing/analysis/region/regionanalyzer.cpp,crosslayer,46,composing/analysis/key/keymodeanalyzer.h,key,L3-MIXED,cross,FORWARD-OK,,forward/self dependency (L1 notes / L2 slices / L1.5 views / types leaf / self / engraving) — Dependency Rule respected
src/composing/analysis/region/regionanalyzer.cpp,crosslayer,47,composing/analysis/key/keymodesequence.h,key,L3-MIXED,cross,FORWARD-OK,,forward/self dependency (L1 notes / L2 slices / L1.5 views / types leaf / self / engraving) — Dependency Rule respected
src/composing/analysis/region/regionanalyzer.cpp,crosslayer,48,composing/analysis/key/keyresolver.h,key,L3-MIXED,cross,FORWARD-OK,,forward/self dependency (L1 notes / L2 slices / L1.5 views / types leaf / self / engraving) — Dependency Rule respected
src/composing/analysis/region/regionanalyzer.cpp,crosslayer,49,composing/analysis/region/sparsechordrefinement.h,region,L3-MIXED,cross,FORWARD-OK,,same-tier / infra include (region-section orchestration / param-override / harmony-legacy) — within the L3 seam's remit
src/composing/analysis/region/regionanalyzer.cpp,crosslayer,50,composing/analysis/scoreharvest/metricweights.h,scoreharvest,L3-MIXED,cross,FORWARD-OK,,forward/self dependency (L1 notes / L2 slices / L1.5 views / types leaf / self / engraving) — Dependency Rule respected
src/composing/analysis/region/regionanalyzer.cpp,crosslayer,51,composing/analysis/section/jointkeydecision.h,section,L3-MIXED,cross,FORWARD-OK,,same-tier / infra include (region-section orchestration / param-override / harmony-legacy) — within the L3 seam's remit
src/composing/analysis/region/regionanalyzer.cpp,crosslayer,52,composing/analysis/slicing/slicer.h,slicing,L3-MIXED,cross,FORWARD-OK,,forward/self dependency (L1 notes / L2 slices / L1.5 views / types leaf / self / engraving) — Dependency Rule respected
src/composing/analysis/region/regionanalyzer.h,crosslayer,47,composing/analysis/chord/chordanalyzer.h,chord,L3-MIXED,cross,MIXED-DEFERRED,,L4/L5 include in a mixed orchestrator file (its L4/L5 part) — expected; deferred to the owning layer's audit
src/composing/analysis/region/regionanalyzer.h,crosslayer,48,composing/analysis/key/keymodeanalyzer.h,key,L3-MIXED,cross,FORWARD-OK,,forward/self dependency (L1 notes / L2 slices / L1.5 views / types leaf / self / engraving) — Dependency Rule respected
src/composing/analysis/region/regionanalyzer.h,crosslayer,49,composing/analysis/region/harmonicrhythm.h,region,L3-MIXED,cross,FORWARD-OK,,same-tier / infra include (region-section orchestration / param-override / harmony-legacy) — within the L3 seam's remit
src/composing/analysis/region/regionanalyzer.h,crosslayer,50,engraving/types/fraction.h,types,L3-MIXED,cross,FORWARD-OK,,forward/self dependency (L1 notes / L2 slices / L1.5 views / types leaf / self / engraving) — Dependency Rule respected
src/composing/analysis/section/cadencekeyanchor.cpp,crosslayer,23,composing/analysis/section/cadencekeyanchor.h,section,L3,cross,FORWARD-OK,,same-tier / infra include (region-section orchestration / param-override / harmony-legacy) — within the L3 seam's remit
src/composing/analysis/section/cadencekeyanchor.cpp,crosslayer,25,composing/analysis/chord/analysisutils.h,chord,L3,cross,BACK-EDGE-NOTE,,"L3-F7: CORE L3 file includes chord/analysisutils.h for shared pitch-class primitives (normalizePc / diatonicMaskFromFifths) — dependency-free util siloed under chord/ (L4 dir); layering smell, not a heavy coupling"
src/composing/analysis/section/cadencekeyanchor.h,crosslayer,50,composing/analysis/chord/chordanalyzer.h,chord,L3,cross,BACK-EDGE,,"L3-F4: CORE L3 key-evidence header includes the HEAVY L4 chord/chordanalyzer.h only for the ChordQuality enum, which lives in the dependency-free types leaf analysistypes.h — an avoidable header back-edge the types-leaf refactor removed elsewhere (Dependency Rule / #7)"
src/composing/analysis/section/jointkeydecision.cpp,crosslayer,23,composing/analysis/section/jointkeydecision.h,section,L3,cross,FORWARD-OK,,same-tier / infra include (region-section orchestration / param-override / harmony-legacy) — within the L3 seam's remit
src/composing/analysis/section/jointkeydecision.cpp,crosslayer,25,composing/analysis/chord/analysisutils.h,chord,L3,cross,BACK-EDGE-NOTE,,"L3-F7: CORE L3 file includes chord/analysisutils.h for shared pitch-class primitives (normalizePc / diatonicMaskFromFifths) — dependency-free util siloed under chord/ (L4 dir); layering smell, not a heavy coupling"
src/composing/analysis/section/jointkeydecision.h,crosslayer,84,composing/analysis/section/localmodulationdetector.h,section,L3,cross,FORWARD-OK,,same-tier / infra include (region-section orchestration / param-override / harmony-legacy) — within the L3 seam's remit
src/composing/analysis/section/jointkeydecision.h,crosslayer,85,composing/analysis/chord/chordanalyzer.h,chord,L3,cross,BACK-EDGE,,"L3-F4: CORE L3 key-evidence header includes the HEAVY L4 chord/chordanalyzer.h only for the ChordQuality enum, which lives in the dependency-free types leaf analysistypes.h — an avoidable header back-edge the types-leaf refactor removed elsewhere (Dependency Rule / #7)"
src/composing/analysis/section/localmodulationdetector.cpp,crosslayer,23,composing/analysis/section/localmodulationdetector.h,section,L3,cross,FORWARD-OK,,same-tier / infra include (region-section orchestration / param-override / harmony-legacy) — within the L3 seam's remit
src/composing/analysis/section/localmodulationdetector.cpp,crosslayer,25,composing/analysis/chord/analysisutils.h,chord,L3,cross,BACK-EDGE-NOTE,,"L3-F7: CORE L3 file includes chord/analysisutils.h for shared pitch-class primitives (normalizePc / diatonicMaskFromFifths) — dependency-free util siloed under chord/ (L4 dir); layering smell, not a heavy coupling"
src/composing/analysis/section/localmodulationdetector.h,crosslayer,56,composing/analysis/section/cadencekeyanchor.h,section,L3,cross,FORWARD-OK,,same-tier / infra include (region-section orchestration / param-override / harmony-legacy) — within the L3 seam's remit
src/composing/analysis/section/sectionanalyzer.cpp,crosslayer,30,composing/analysis/section/sectionanalyzer.h,section,L3-MIXED,cross,FORWARD-OK,,same-tier / infra include (region-section orchestration / param-override / harmony-legacy) — within the L3 seam's remit
src/composing/analysis/section/sectionanalyzer.cpp,crosslayer,31,composing/analysis/param/paramoverride.h,param,L3-MIXED,cross,FORWARD-OK,,same-tier / infra include (region-section orchestration / param-override / harmony-legacy) — within the L3 seam's remit
src/composing/analysis/section/sectionanalyzer.cpp,crosslayer,42,engraving/dom/chord.h,external,L3-MIXED,cross,FORWARD-OK,,forward/self dependency (L1 notes / L2 slices / L1.5 views / types leaf / self / engraving) — Dependency Rule respected
src/composing/analysis/section/sectionanalyzer.cpp,crosslayer,43,engraving/dom/key.h,external,L3-MIXED,cross,FORWARD-OK,,forward/self dependency (L1 notes / L2 slices / L1.5 views / types leaf / self / engraving) — Dependency Rule respected
src/composing/analysis/section/sectionanalyzer.cpp,crosslayer,44,engraving/dom/masterscore.h,external,L3-MIXED,cross,FORWARD-OK,,forward/self dependency (L1 notes / L2 slices / L1.5 views / types leaf / self / engraving) — Dependency Rule respected
src/composing/analysis/section/sectionanalyzer.cpp,crosslayer,45,engraving/dom/measure.h,external,L3-MIXED,cross,FORWARD-OK,,forward/self dependency (L1 notes / L2 slices / L1.5 views / types leaf / self / engraving) — Dependency Rule respected
src/composing/analysis/section/sectionanalyzer.cpp,crosslayer,46,engraving/dom/note.h,external,L3-MIXED,cross,FORWARD-OK,,forward/self dependency (L1 notes / L2 slices / L1.5 views / types leaf / self / engraving) — Dependency Rule respected
src/composing/analysis/section/sectionanalyzer.cpp,crosslayer,47,engraving/dom/segment.h,external,L3-MIXED,cross,FORWARD-OK,,forward/self dependency (L1 notes / L2 slices / L1.5 views / types leaf / self / engraving) — Dependency Rule respected
src/composing/analysis/section/sectionanalyzer.cpp,crosslayer,48,engraving/dom/sig.h,external,L3-MIXED,cross,FORWARD-OK,,forward/self dependency (L1 notes / L2 slices / L1.5 views / types leaf / self / engraving) — Dependency Rule respected
src/composing/analysis/section/sectionanalyzer.cpp,crosslayer,49,engraving/dom/staff.h,external,L3-MIXED,cross,FORWARD-OK,,forward/self dependency (L1 notes / L2 slices / L1.5 views / types leaf / self / engraving) — Dependency Rule respected
src/composing/analysis/section/sectionanalyzer.cpp,crosslayer,50,engraving/types/constants.h,types,L3-MIXED,cross,FORWARD-OK,,forward/self dependency (L1 notes / L2 slices / L1.5 views / types leaf / self / engraving) — Dependency Rule respected
src/composing/analysis/section/sectionanalyzer.cpp,crosslayer,52,composing/analysis/chord/analysisutils.h,chord,L3-MIXED,cross,MIXED-DEFERRED,,L4/L5 include in a mixed orchestrator file (its L4/L5 part) — expected; deferred to the owning layer's audit
src/composing/analysis/section/sectionanalyzer.cpp,crosslayer,53,composing/analysis/chord/chordanalyzer.h,chord,L3-MIXED,cross,MIXED-DEFERRED,,L4/L5 include in a mixed orchestrator file (its L4/L5 part) — expected; deferred to the owning layer's audit
src/composing/analysis/section/sectionanalyzer.cpp,crosslayer,54,composing/analysis/engravingbridge/regiontonecollector.h,engravingbridge,L3-MIXED,cross,FORWARD-OK,,forward/self dependency (L1 notes / L2 slices / L1.5 views / types leaf / self / engraving) — Dependency Rule respected
src/composing/analysis/section/sectionanalyzer.cpp,crosslayer,55,composing/analysis/key/keymodeanalyzer.h,key,L3-MIXED,cross,FORWARD-OK,,forward/self dependency (L1 notes / L2 slices / L1.5 views / types leaf / self / engraving) — Dependency Rule respected
src/composing/analysis/section/sectionanalyzer.cpp,crosslayer,56,composing/analysis/region/sparsechordrefinement.h,region,L3-MIXED,cross,FORWARD-OK,,same-tier / infra include (region-section orchestration / param-override / harmony-legacy) — within the L3 seam's remit
src/composing/analysis/section/sectionanalyzer.cpp,crosslayer,57,composing/analysis/section/jointkeydecision.h,section,L3-MIXED,cross,FORWARD-OK,,same-tier / infra include (region-section orchestration / param-override / harmony-legacy) — within the L3 seam's remit
src/composing/analysis/section/sectionanalyzer.h,crosslayer,44,composing/analysis/chord/chordanalyzer.h,chord,L3-MIXED,cross,MIXED-DEFERRED,,L4/L5 include in a mixed orchestrator file (its L4/L5 part) — expected; deferred to the owning layer's audit
src/composing/analysis/section/sectionanalyzer.h,crosslayer,45,composing/analysis/key/keymodeanalyzer.h,key,L3-MIXED,cross,FORWARD-OK,,forward/self dependency (L1 notes / L2 slices / L1.5 views / types leaf / self / engraving) — Dependency Rule respected
src/composing/analysis/section/sectionanalyzer.h,crosslayer,46,composing/analysis/region/harmonicrhythm.h,region,L3-MIXED,cross,FORWARD-OK,,same-tier / infra include (region-section orchestration / param-override / harmony-legacy) — within the L3 seam's remit
src/composing/analysis/section/sectionanalyzer.h,crosslayer,47,composing/analyzed_section.h,external,L3-MIXED,cross,FORWARD-OK,,forward/self dependency (L1 notes / L2 slices / L1.5 views / types leaf / self / engraving) — Dependency Rule respected
src/composing/analysis/section/sectionanalyzer.h,crosslayer,48,engraving/types/fraction.h,types,L3-MIXED,cross,FORWARD-OK,,forward/self dependency (L1 notes / L2 slices / L1.5 views / types leaf / self / engraving) — Dependency Rule respected
src/composing/analysis/section/sectioncadencedetection.cpp,crosslayer,31,composing/analysis/section/sectionanalyzer.h,section,L3-MIXED,cross,FORWARD-OK,,same-tier / infra include (region-section orchestration / param-override / harmony-legacy) — within the L3 seam's remit
src/composing/analysis/section/sectioncadencedetection.cpp,crosslayer,38,composing/analysis/chord/analysisutils.h,chord,L3-MIXED,cross,MIXED-DEFERRED,,L4/L5 include in a mixed orchestrator file (its L4/L5 part) — expected; deferred to the owning layer's audit
src/composing/analysis/section/sectioncadencedetection.cpp,crosslayer,39,composing/analysis/chord/chordanalyzer.h,chord,L3-MIXED,cross,MIXED-DEFERRED,,L4/L5 include in a mixed orchestrator file (its L4/L5 part) — expected; deferred to the owning layer's audit
src/composing/analysis/section/sectioncadencedetection.cpp,crosslayer,40,composing/analysis/key/keymodeanalyzer.h,key,L3-MIXED,cross,FORWARD-OK,,forward/self dependency (L1 notes / L2 slices / L1.5 views / types leaf / self / engraving) — Dependency Rule respected
src/composing/analysis/section/sectioncadencedetection.cpp,crosslayer,41,composing/analysis/region/sparsechordrefinement.h,region,L3-MIXED,cross,FORWARD-OK,,same-tier / infra include (region-section orchestration / param-override / harmony-legacy) — within the L3 seam's remit
