file,line,kind,value,func,population,verdict_class,verdict,in_param_manifest,assumes,publishes,consumes,edge_cases,finding,note
src/composing/analysis/chord/chordsymbolformatter.cpp,23,crosslayer,,,LIVE,code,SURVIVES,n/a,n/a,n/a,n/a,n/a,,cross-layer include/call.
src/composing/analysis/chord/chordsymbolformatter.cpp,24,crosslayer,,,LIVE,code,SURVIVES,n/a,n/a,n/a,n/a,n/a,,cross-layer include/call.
src/composing/analysis/chord/chordsymbolformatter.cpp,43,function,csfPitchClassName,,LIVE,code,SURVIVES,n/a,a committed ChordAnalysisResult (identity + function + key context),a display string (chord symbol / Roman numeral / Nashville number),"notation render bridge, batch_analyze output, status bar / context menu","empty/sparse identity, Unknown quality, slash bass, enharmonic spelling, chromatic root, symmetric chord",,LIVE display formatter function; analysis-is-display-agnostic separation (#2.3).
src/composing/analysis/chord/chordsymbolformatter.cpp,46,literal,12,csfPitchClassName,LIVE,constant,ESTABLISHED,n/a,a committed ChordAnalysisResult + key-signature fifths,a display substring,notation render / batch output / status bar,handled per rendering branch,FINDING duplication (#6): SHARP/FLAT/GERMAN note-name tables,The four static note-name arrays are duplicated verbatim in csfPitchClassNameFromTpc (88-99). ARCHITECTURE.md already flags this (a latent mis-spelling risk if one copy is edited without the other) and proposes a shared helper. Music-theory constant tables (ESTABLISHED values); the second copy is a #6 duplication.
src/composing/analysis/chord/chordsymbolformatter.cpp,49,literal,12,csfPitchClassName,LIVE,constant,ESTABLISHED,n/a,a committed ChordAnalysisResult + key-signature fifths,a display substring,notation render / batch output / status bar,handled per rendering branch,,The four static note-name arrays are duplicated verbatim in csfPitchClassNameFromTpc (88-99). ARCHITECTURE.md already flags this (a latent mis-spelling risk if one copy is edited without the other) and proposes a shared helper. Music-theory constant tables (ESTABLISHED values); the second copy is a #6 duplication.
src/composing/analysis/chord/chordsymbolformatter.cpp,53,literal,12,csfPitchClassName,LIVE,constant,ESTABLISHED,n/a,a committed ChordAnalysisResult + key-signature fifths,a display substring,notation render / batch output / status bar,handled per rendering branch,,The four static note-name arrays are duplicated verbatim in csfPitchClassNameFromTpc (88-99). ARCHITECTURE.md already flags this (a latent mis-spelling risk if one copy is edited without the other) and proposes a shared helper. Music-theory constant tables (ESTABLISHED values); the second copy is a #6 duplication.
src/composing/analysis/chord/chordsymbolformatter.cpp,56,literal,12,csfPitchClassName,LIVE,constant,ESTABLISHED,n/a,a committed ChordAnalysisResult + key-signature fifths,a display substring,notation render / batch output / status bar,handled per rendering branch,,The four static note-name arrays are duplicated verbatim in csfPitchClassNameFromTpc (88-99). ARCHITECTURE.md already flags this (a latent mis-spelling risk if one copy is edited without the other) and proposes a shared helper. Music-theory constant tables (ESTABLISHED values); the second copy is a #6 duplication.
src/composing/analysis/chord/chordsymbolformatter.cpp,62,branch,,csfPitchClassName,LIVE,constant,ESTABLISHED,n/a,a committed identity's quality/extensions/bass,a display substring for that case,the formatter's output string,the per-case notation convention it encodes,,The four static note-name arrays are duplicated verbatim in csfPitchClassNameFromTpc (88-99). ARCHITECTURE.md already flags this (a latent mis-spelling risk if one copy is edited without the other) and proposes a shared helper. Music-theory constant tables (ESTABLISHED values); the second copy is a #6 duplication.
src/composing/analysis/chord/chordsymbolformatter.cpp,63,branch,,csfPitchClassName,LIVE,constant,ESTABLISHED,n/a,a committed identity's quality/extensions/bass,a display substring for that case,the formatter's output string,the per-case notation convention it encodes,,The four static note-name arrays are duplicated verbatim in csfPitchClassNameFromTpc (88-99). ARCHITECTURE.md already flags this (a latent mis-spelling risk if one copy is edited without the other) and proposes a shared helper. Music-theory constant tables (ESTABLISHED values); the second copy is a #6 duplication.
src/composing/analysis/chord/chordsymbolformatter.cpp,65,branch,,csfPitchClassName,LIVE,constant,ESTABLISHED,n/a,a committed identity's quality/extensions/bass,a display substring for that case,the formatter's output string,the per-case notation convention it encodes,,The four static note-name arrays are duplicated verbatim in csfPitchClassNameFromTpc (88-99). ARCHITECTURE.md already flags this (a latent mis-spelling risk if one copy is edited without the other) and proposes a shared helper. Music-theory constant tables (ESTABLISHED values); the second copy is a #6 duplication.
src/composing/analysis/chord/chordsymbolformatter.cpp,85,function,csfPitchClassNameFromTpc,,LIVE,code,SURVIVES,n/a,a committed ChordAnalysisResult (identity + function + key context),a display string (chord symbol / Roman numeral / Nashville number),"notation render bridge, batch_analyze output, status bar / context menu","empty/sparse identity, Unknown quality, slash bass, enharmonic spelling, chromatic root, symmetric chord",,LIVE display formatter function; analysis-is-display-agnostic separation (#2.3).
src/composing/analysis/chord/chordsymbolformatter.cpp,88,literal,12,csfPitchClassNameFromTpc,LIVE,constant,ESTABLISHED,n/a,a committed ChordAnalysisResult + key-signature fifths,a display substring,notation render / batch output / status bar,handled per rendering branch,FINDING duplication (#6): SHARP/FLAT/GERMAN note-name tables (2nd copy),Second verbatim copy of the 46-58 note-name tables. Same ARCHITECTURE-known duplication.
src/composing/analysis/chord/chordsymbolformatter.cpp,91,literal,12,csfPitchClassNameFromTpc,LIVE,constant,ESTABLISHED,n/a,a committed ChordAnalysisResult + key-signature fifths,a display substring,notation render / batch output / status bar,handled per rendering branch,,Second verbatim copy of the 46-58 note-name tables. Same ARCHITECTURE-known duplication.
src/composing/analysis/chord/chordsymbolformatter.cpp,94,literal,12,csfPitchClassNameFromTpc,LIVE,constant,ESTABLISHED,n/a,a committed ChordAnalysisResult + key-signature fifths,a display substring,notation render / batch output / status bar,handled per rendering branch,,Second verbatim copy of the 46-58 note-name tables. Same ARCHITECTURE-known duplication.
src/composing/analysis/chord/chordsymbolformatter.cpp,97,literal,12,csfPitchClassNameFromTpc,LIVE,constant,ESTABLISHED,n/a,a committed ChordAnalysisResult + key-signature fifths,a display substring,notation render / batch output / status bar,handled per rendering branch,,Second verbatim copy of the 46-58 note-name tables. Same ARCHITECTURE-known duplication.
src/composing/analysis/chord/chordsymbolformatter.cpp,102,branch,,csfPitchClassNameFromTpc,LIVE,code,SURVIVES,n/a,a committed identity's quality/extensions/bass,a display substring for that case,the formatter's output string,the per-case notation convention it encodes,,notation-convention rendering branch.
src/composing/analysis/chord/chordsymbolformatter.cpp,108,branch,,csfPitchClassNameFromTpc,LIVE,premise,ASSUMPTION,n/a,a committed identity's quality/extensions/bass,a display substring for that case,the formatter's output string,the per-case notation convention it encodes,FINDING premise-provenance (#17f): enharmonic-spelling normalization thresholds,"The pc=3/pc=8/pc=10 and Cb/Fb spelling-normalization branches are notation-convention ASSUMPTIONS justified in comments by hand-transcribed corpus-survey counts (Iter 78/84/89: '533 sharp-authored pc=8', '155/277', '95/256') that are not generated artifacts (#17f). Display-layer only (does not affect chord identity/inference). Load-bearing for display spelling correctness."
src/composing/analysis/chord/chordsymbolformatter.cpp,108,branch,,csfPitchClassNameFromTpc,LIVE,premise,ASSUMPTION,n/a,a committed identity's quality/extensions/bass,a display substring for that case,the formatter's output string,the per-case notation convention it encodes,,"The pc=3/pc=8/pc=10 and Cb/Fb spelling-normalization branches are notation-convention ASSUMPTIONS justified in comments by hand-transcribed corpus-survey counts (Iter 78/84/89: '533 sharp-authored pc=8', '155/277', '95/256') that are not generated artifacts (#17f). Display-layer only (does not affect chord identity/inference). Load-bearing for display spelling correctness."
src/composing/analysis/chord/chordsymbolformatter.cpp,108,literal,11,csfPitchClassNameFromTpc,LIVE,constant,ESTABLISHED,n/a,a committed ChordAnalysisResult + key-signature fifths,a display substring,notation render / batch output / status bar,handled per rendering branch,,"music-theory / TPC-encoding / notation-catalog integer (pitch class, scale interval, TPC code, key-fifths threshold, figured-bass index). Not tunable; not in param_manifest."
src/composing/analysis/chord/chordsymbolformatter.cpp,108,literal,7,csfPitchClassNameFromTpc,LIVE,constant,ESTABLISHED,n/a,a committed ChordAnalysisResult + key-signature fifths,a display substring,notation render / batch output / status bar,handled per rendering branch,,"music-theory / TPC-encoding / notation-catalog integer (pitch class, scale interval, TPC code, key-fifths threshold, figured-bass index). Not tunable; not in param_manifest."
src/composing/analysis/chord/chordsymbolformatter.cpp,108,literal,8,csfPitchClassNameFromTpc,LIVE,constant,ESTABLISHED,n/a,a committed ChordAnalysisResult + key-signature fifths,a display substring,notation render / batch output / status bar,handled per rendering branch,,"music-theory / TPC-encoding / notation-catalog integer (pitch class, scale interval, TPC code, key-fifths threshold, figured-bass index). Not tunable; not in param_manifest."
src/composing/analysis/chord/chordsymbolformatter.cpp,109,branch,,csfPitchClassNameFromTpc,LIVE,premise,ASSUMPTION,n/a,a committed identity's quality/extensions/bass,a display substring for that case,the formatter's output string,the per-case notation convention it encodes,,"The pc=3/pc=8/pc=10 and Cb/Fb spelling-normalization branches are notation-convention ASSUMPTIONS justified in comments by hand-transcribed corpus-survey counts (Iter 78/84/89: '533 sharp-authored pc=8', '155/277', '95/256') that are not generated artifacts (#17f). Display-layer only (does not affect chord identity/inference). Load-bearing for display spelling correctness."
src/composing/analysis/chord/chordsymbolformatter.cpp,109,branch,,csfPitchClassNameFromTpc,LIVE,premise,ASSUMPTION,n/a,a committed identity's quality/extensions/bass,a display substring for that case,the formatter's output string,the per-case notation convention it encodes,,"The pc=3/pc=8/pc=10 and Cb/Fb spelling-normalization branches are notation-convention ASSUMPTIONS justified in comments by hand-transcribed corpus-survey counts (Iter 78/84/89: '533 sharp-authored pc=8', '155/277', '95/256') that are not generated artifacts (#17f). Display-layer only (does not affect chord identity/inference). Load-bearing for display spelling correctness."
src/composing/analysis/chord/chordsymbolformatter.cpp,109,literal,4,csfPitchClassNameFromTpc,LIVE,constant,ESTABLISHED,n/a,a committed ChordAnalysisResult + key-signature fifths,a display substring,notation render / batch output / status bar,handled per rendering branch,,"music-theory / TPC-encoding / notation-catalog integer (pitch class, scale interval, TPC code, key-fifths threshold, figured-bass index). Not tunable; not in param_manifest."
src/composing/analysis/chord/chordsymbolformatter.cpp,109,literal,6,csfPitchClassNameFromTpc,LIVE,constant,ESTABLISHED,n/a,a committed ChordAnalysisResult + key-signature fifths,a display substring,notation render / batch output / status bar,handled per rendering branch,,"music-theory / TPC-encoding / notation-catalog integer (pitch class, scale interval, TPC code, key-fifths threshold, figured-bass index). Not tunable; not in param_manifest."
src/composing/analysis/chord/chordsymbolformatter.cpp,109,literal,7,csfPitchClassNameFromTpc,LIVE,constant,ESTABLISHED,n/a,a committed ChordAnalysisResult + key-signature fifths,a display substring,notation render / batch output / status bar,handled per rendering branch,,"music-theory / TPC-encoding / notation-catalog integer (pitch class, scale interval, TPC code, key-fifths threshold, figured-bass index). Not tunable; not in param_manifest."
src/composing/analysis/chord/chordsymbolformatter.cpp,131,branch,,csfPitchClassNameFromTpc,LIVE,premise,ASSUMPTION,n/a,a committed identity's quality/extensions/bass,a display substring for that case,the formatter's output string,the per-case notation convention it encodes,,"The pc=3/pc=8/pc=10 and Cb/Fb spelling-normalization branches are notation-convention ASSUMPTIONS justified in comments by hand-transcribed corpus-survey counts (Iter 78/84/89: '533 sharp-authored pc=8', '155/277', '95/256') that are not generated artifacts (#17f). Display-layer only (does not affect chord identity/inference). Load-bearing for display spelling correctness."
src/composing/analysis/chord/chordsymbolformatter.cpp,131,literal,20,csfPitchClassNameFromTpc,LIVE,constant,ESTABLISHED,n/a,a committed ChordAnalysisResult + key-signature fifths,a display substring,notation render / batch output / status bar,handled per rendering branch,,"music-theory / TPC-encoding / notation-catalog integer (pitch class, scale interval, TPC code, key-fifths threshold, figured-bass index). Not tunable; not in param_manifest."
src/composing/analysis/chord/chordsymbolformatter.cpp,133,branch,,csfPitchClassNameFromTpc,LIVE,premise,ASSUMPTION,n/a,a committed identity's quality/extensions/bass,a display substring for that case,the formatter's output string,the per-case notation convention it encodes,,"The pc=3/pc=8/pc=10 and Cb/Fb spelling-normalization branches are notation-convention ASSUMPTIONS justified in comments by hand-transcribed corpus-survey counts (Iter 78/84/89: '533 sharp-authored pc=8', '155/277', '95/256') that are not generated artifacts (#17f). Display-layer only (does not affect chord identity/inference). Load-bearing for display spelling correctness."
src/composing/analysis/chord/chordsymbolformatter.cpp,133,literal,3,csfPitchClassNameFromTpc,LIVE,constant,ESTABLISHED,n/a,a committed ChordAnalysisResult + key-signature fifths,a display substring,notation render / batch output / status bar,handled per rendering branch,,"music-theory / TPC-encoding / notation-catalog integer (pitch class, scale interval, TPC code, key-fifths threshold, figured-bass index). Not tunable; not in param_manifest."
src/composing/analysis/chord/chordsymbolformatter.cpp,133,literal,4,csfPitchClassNameFromTpc,LIVE,constant,ESTABLISHED,n/a,a committed ChordAnalysisResult + key-signature fifths,a display substring,notation render / batch output / status bar,handled per rendering branch,,"music-theory / TPC-encoding / notation-catalog integer (pitch class, scale interval, TPC code, key-fifths threshold, figured-bass index). Not tunable; not in param_manifest."
src/composing/analysis/chord/chordsymbolformatter.cpp,134,literal,10,csfPitchClassNameFromTpc,LIVE,constant,ESTABLISHED,n/a,a committed ChordAnalysisResult + key-signature fifths,a display substring,notation render / batch output / status bar,handled per rendering branch,,"music-theory / TPC-encoding / notation-catalog integer (pitch class, scale interval, TPC code, key-fifths threshold, figured-bass index). Not tunable; not in param_manifest."
src/composing/analysis/chord/chordsymbolformatter.cpp,134,literal,5,csfPitchClassNameFromTpc,LIVE,constant,ESTABLISHED,n/a,a committed ChordAnalysisResult + key-signature fifths,a display substring,notation render / batch output / status bar,handled per rendering branch,,"music-theory / TPC-encoding / notation-catalog integer (pitch class, scale interval, TPC code, key-fifths threshold, figured-bass index). Not tunable; not in param_manifest."
src/composing/analysis/chord/chordsymbolformatter.cpp,136,branch,,csfPitchClassNameFromTpc,LIVE,premise,ASSUMPTION,n/a,a committed identity's quality/extensions/bass,a display substring for that case,the formatter's output string,the per-case notation convention it encodes,,"The pc=3/pc=8/pc=10 and Cb/Fb spelling-normalization branches are notation-convention ASSUMPTIONS justified in comments by hand-transcribed corpus-survey counts (Iter 78/84/89: '533 sharp-authored pc=8', '155/277', '95/256') that are not generated artifacts (#17f). Display-layer only (does not affect chord identity/inference). Load-bearing for display spelling correctness."
src/composing/analysis/chord/chordsymbolformatter.cpp,140,branch,,csfPitchClassNameFromTpc,LIVE,premise,ASSUMPTION,n/a,a committed identity's quality/extensions/bass,a display substring for that case,the formatter's output string,the per-case notation convention it encodes,,"The pc=3/pc=8/pc=10 and Cb/Fb spelling-normalization branches are notation-convention ASSUMPTIONS justified in comments by hand-transcribed corpus-survey counts (Iter 78/84/89: '533 sharp-authored pc=8', '155/277', '95/256') that are not generated artifacts (#17f). Display-layer only (does not affect chord identity/inference). Load-bearing for display spelling correctness."
src/composing/analysis/chord/chordsymbolformatter.cpp,141,literal,8,csfPitchClassNameFromTpc,LIVE,constant,ESTABLISHED,n/a,a committed ChordAnalysisResult + key-signature fifths,a display substring,notation render / batch output / status bar,handled per rendering branch,,"music-theory / TPC-encoding / notation-catalog integer (pitch class, scale interval, TPC code, key-fifths threshold, figured-bass index). Not tunable; not in param_manifest."
src/composing/analysis/chord/chordsymbolformatter.cpp,142,literal,6,csfPitchClassNameFromTpc,LIVE,constant,ESTABLISHED,n/a,a committed ChordAnalysisResult + key-signature fifths,a display substring,notation render / batch output / status bar,handled per rendering branch,,"music-theory / TPC-encoding / notation-catalog integer (pitch class, scale interval, TPC code, key-fifths threshold, figured-bass index). Not tunable; not in param_manifest."
src/composing/analysis/chord/chordsymbolformatter.cpp,143,literal,8,csfPitchClassNameFromTpc,LIVE,constant,ESTABLISHED,n/a,a committed ChordAnalysisResult + key-signature fifths,a display substring,notation render / batch output / status bar,handled per rendering branch,,"music-theory / TPC-encoding / notation-catalog integer (pitch class, scale interval, TPC code, key-fifths threshold, figured-bass index). Not tunable; not in param_manifest."
src/composing/analysis/chord/chordsymbolformatter.cpp,144,literal,2,csfPitchClassNameFromTpc,LIVE,constant,ESTABLISHED,n/a,a committed ChordAnalysisResult + key-signature fifths,a display substring,notation render / batch output / status bar,handled per rendering branch,,"music-theory / TPC-encoding / notation-catalog integer (pitch class, scale interval, TPC code, key-fifths threshold, figured-bass index). Not tunable; not in param_manifest."
src/composing/analysis/chord/chordsymbolformatter.cpp,144,literal,8,csfPitchClassNameFromTpc,LIVE,constant,ESTABLISHED,n/a,a committed ChordAnalysisResult + key-signature fifths,a display substring,notation render / batch output / status bar,handled per rendering branch,,"music-theory / TPC-encoding / notation-catalog integer (pitch class, scale interval, TPC code, key-fifths threshold, figured-bass index). Not tunable; not in param_manifest."
src/composing/analysis/chord/chordsymbolformatter.cpp,174,literal,7,csfPitchClassNameFromTpc,LIVE,constant,ESTABLISHED,n/a,a committed ChordAnalysisResult + key-signature fifths,a display substring,notation render / batch output / status bar,handled per rendering branch,,"music-theory / TPC-encoding / notation-catalog integer (pitch class, scale interval, TPC code, key-fifths threshold, figured-bass index). Not tunable; not in param_manifest."
src/composing/analysis/chord/chordsymbolformatter.cpp,174,literal,14,csfPitchClassNameFromTpc,LIVE,constant,ESTABLISHED,n/a,a committed ChordAnalysisResult + key-signature fifths,a display substring,notation render / batch output / status bar,handled per rendering branch,,"music-theory / TPC-encoding / notation-catalog integer (pitch class, scale interval, TPC code, key-fifths threshold, figured-bass index). Not tunable; not in param_manifest."
src/composing/analysis/chord/chordsymbolformatter.cpp,176,branch,,csfPitchClassNameFromTpc,LIVE,premise,ASSUMPTION,n/a,a committed identity's quality/extensions/bass,a display substring for that case,the formatter's output string,the per-case notation convention it encodes,,"The pc=3/pc=8/pc=10 and Cb/Fb spelling-normalization branches are notation-convention ASSUMPTIONS justified in comments by hand-transcribed corpus-survey counts (Iter 78/84/89: '533 sharp-authored pc=8', '155/277', '95/256') that are not generated artifacts (#17f). Display-layer only (does not affect chord identity/inference). Load-bearing for display spelling correctness."
src/composing/analysis/chord/chordsymbolformatter.cpp,177,branch,,csfPitchClassNameFromTpc,LIVE,premise,ASSUMPTION,n/a,a committed identity's quality/extensions/bass,a display substring for that case,the formatter's output string,the per-case notation convention it encodes,,"The pc=3/pc=8/pc=10 and Cb/Fb spelling-normalization branches are notation-convention ASSUMPTIONS justified in comments by hand-transcribed corpus-survey counts (Iter 78/84/89: '533 sharp-authored pc=8', '155/277', '95/256') that are not generated artifacts (#17f). Display-layer only (does not affect chord identity/inference). Load-bearing for display spelling correctness."
src/composing/analysis/chord/chordsymbolformatter.cpp,179,branch,,csfPitchClassNameFromTpc,LIVE,premise,ASSUMPTION,n/a,a committed identity's quality/extensions/bass,a display substring for that case,the formatter's output string,the per-case notation convention it encodes,,"The pc=3/pc=8/pc=10 and Cb/Fb spelling-normalization branches are notation-convention ASSUMPTIONS justified in comments by hand-transcribed corpus-survey counts (Iter 78/84/89: '533 sharp-authored pc=8', '155/277', '95/256') that are not generated artifacts (#17f). Display-layer only (does not affect chord identity/inference). Load-bearing for display spelling correctness."
src/composing/analysis/chord/chordsymbolformatter.cpp,187,branch,,csfPitchClassNameFromTpc,LIVE,premise,ASSUMPTION,n/a,a committed identity's quality/extensions/bass,a display substring for that case,the formatter's output string,the per-case notation convention it encodes,,"The pc=3/pc=8/pc=10 and Cb/Fb spelling-normalization branches are notation-convention ASSUMPTIONS justified in comments by hand-transcribed corpus-survey counts (Iter 78/84/89: '533 sharp-authored pc=8', '155/277', '95/256') that are not generated artifacts (#17f). Display-layer only (does not affect chord identity/inference). Load-bearing for display spelling correctness."
src/composing/analysis/chord/chordsymbolformatter.cpp,187,literal,5,csfPitchClassNameFromTpc,LIVE,constant,ESTABLISHED,n/a,a committed ChordAnalysisResult + key-signature fifths,a display substring,notation render / batch output / status bar,handled per rendering branch,,"music-theory / TPC-encoding / notation-catalog integer (pitch class, scale interval, TPC code, key-fifths threshold, figured-bass index). Not tunable; not in param_manifest."
src/composing/analysis/chord/chordsymbolformatter.cpp,187,literal,11,csfPitchClassNameFromTpc,LIVE,constant,ESTABLISHED,n/a,a committed ChordAnalysisResult + key-signature fifths,a display substring,notation render / batch output / status bar,handled per rendering branch,,"music-theory / TPC-encoding / notation-catalog integer (pitch class, scale interval, TPC code, key-fifths threshold, figured-bass index). Not tunable; not in param_manifest."
src/composing/analysis/chord/chordsymbolformatter.cpp,187,literal,19,csfPitchClassNameFromTpc,LIVE,constant,ESTABLISHED,n/a,a committed ChordAnalysisResult + key-signature fifths,a display substring,notation render / batch output / status bar,handled per rendering branch,,"music-theory / TPC-encoding / notation-catalog integer (pitch class, scale interval, TPC code, key-fifths threshold, figured-bass index). Not tunable; not in param_manifest."
src/composing/analysis/chord/chordsymbolformatter.cpp,187,literal,20,csfPitchClassNameFromTpc,LIVE,constant,ESTABLISHED,n/a,a committed ChordAnalysisResult + key-signature fifths,a display substring,notation render / batch output / status bar,handled per rendering branch,,"music-theory / TPC-encoding / notation-catalog integer (pitch class, scale interval, TPC code, key-fifths threshold, figured-bass index). Not tunable; not in param_manifest."
src/composing/analysis/chord/chordsymbolformatter.cpp,188,branch,,csfPitchClassNameFromTpc,LIVE,premise,ASSUMPTION,n/a,a committed identity's quality/extensions/bass,a display substring for that case,the formatter's output string,the per-case notation convention it encodes,,"The pc=3/pc=8/pc=10 and Cb/Fb spelling-normalization branches are notation-convention ASSUMPTIONS justified in comments by hand-transcribed corpus-survey counts (Iter 78/84/89: '533 sharp-authored pc=8', '155/277', '95/256') that are not generated artifacts (#17f). Display-layer only (does not affect chord identity/inference). Load-bearing for display spelling correctness."
src/composing/analysis/chord/chordsymbolformatter.cpp,189,branch,,csfPitchClassNameFromTpc,LIVE,premise,ASSUMPTION,n/a,a committed identity's quality/extensions/bass,a display substring for that case,the formatter's output string,the per-case notation convention it encodes,,"The pc=3/pc=8/pc=10 and Cb/Fb spelling-normalization branches are notation-convention ASSUMPTIONS justified in comments by hand-transcribed corpus-survey counts (Iter 78/84/89: '533 sharp-authored pc=8', '155/277', '95/256') that are not generated artifacts (#17f). Display-layer only (does not affect chord identity/inference). Load-bearing for display spelling correctness."
src/composing/analysis/chord/chordsymbolformatter.cpp,189,literal,6,csfPitchClassNameFromTpc,LIVE,constant,ESTABLISHED,n/a,a committed ChordAnalysisResult + key-signature fifths,a display substring,notation render / batch output / status bar,handled per rendering branch,,"music-theory / TPC-encoding / notation-catalog integer (pitch class, scale interval, TPC code, key-fifths threshold, figured-bass index). Not tunable; not in param_manifest."
src/composing/analysis/chord/chordsymbolformatter.cpp,189,literal,4,csfPitchClassNameFromTpc,LIVE,constant,ESTABLISHED,n/a,a committed ChordAnalysisResult + key-signature fifths,a display substring,notation render / batch output / status bar,handled per rendering branch,,"music-theory / TPC-encoding / notation-catalog integer (pitch class, scale interval, TPC code, key-fifths threshold, figured-bass index). Not tunable; not in param_manifest."
src/composing/analysis/chord/chordsymbolformatter.cpp,189,literal,18,csfPitchClassNameFromTpc,LIVE,constant,ESTABLISHED,n/a,a committed ChordAnalysisResult + key-signature fifths,a display substring,notation render / batch output / status bar,handled per rendering branch,,"music-theory / TPC-encoding / notation-catalog integer (pitch class, scale interval, TPC code, key-fifths threshold, figured-bass index). Not tunable; not in param_manifest."
src/composing/analysis/chord/chordsymbolformatter.cpp,189,literal,19,csfPitchClassNameFromTpc,LIVE,constant,ESTABLISHED,n/a,a committed ChordAnalysisResult + key-signature fifths,a display substring,notation render / batch output / status bar,handled per rendering branch,,"music-theory / TPC-encoding / notation-catalog integer (pitch class, scale interval, TPC code, key-fifths threshold, figured-bass index). Not tunable; not in param_manifest."
src/composing/analysis/chord/chordsymbolformatter.cpp,190,branch,,csfPitchClassNameFromTpc,LIVE,premise,ASSUMPTION,n/a,a committed identity's quality/extensions/bass,a display substring for that case,the formatter's output string,the per-case notation convention it encodes,,"The pc=3/pc=8/pc=10 and Cb/Fb spelling-normalization branches are notation-convention ASSUMPTIONS justified in comments by hand-transcribed corpus-survey counts (Iter 78/84/89: '533 sharp-authored pc=8', '155/277', '95/256') that are not generated artifacts (#17f). Display-layer only (does not affect chord identity/inference). Load-bearing for display spelling correctness."
src/composing/analysis/chord/chordsymbolformatter.cpp,195,function,csfQualitySuffix,,LIVE,code,SURVIVES,n/a,a committed ChordAnalysisResult (identity + function + key context),a display string (chord symbol / Roman numeral / Nashville number),"notation render bridge, batch_analyze output, status bar / context menu","empty/sparse identity, Unknown quality, slash bass, enharmonic spelling, chromatic root, symmetric chord",,LIVE display formatter function; analysis-is-display-agnostic separation (#2.3).
src/composing/analysis/chord/chordsymbolformatter.cpp,203,branch,,csfQualitySuffix,LIVE,code,SURVIVES,n/a,a committed identity's quality/extensions/bass,a display substring for that case,the formatter's output string,the per-case notation convention it encodes,,notation-convention rendering branch.
src/composing/analysis/chord/chordsymbolformatter.cpp,204,branch,,csfQualitySuffix,LIVE,code,SURVIVES,n/a,a committed identity's quality/extensions/bass,a display substring for that case,the formatter's output string,the per-case notation convention it encodes,,notation-convention rendering branch.
src/composing/analysis/chord/chordsymbolformatter.cpp,205,branch,,csfQualitySuffix,LIVE,code,SURVIVES,n/a,a committed identity's quality/extensions/bass,a display substring for that case,the formatter's output string,the per-case notation convention it encodes,,notation-convention rendering branch.
src/composing/analysis/chord/chordsymbolformatter.cpp,206,branch,,csfQualitySuffix,LIVE,code,SURVIVES,n/a,a committed identity's quality/extensions/bass,a display substring for that case,the formatter's output string,the per-case notation convention it encodes,,notation-convention rendering branch.
src/composing/analysis/chord/chordsymbolformatter.cpp,207,branch,,csfQualitySuffix,LIVE,code,SURVIVES,n/a,a committed identity's quality/extensions/bass,a display substring for that case,the formatter's output string,the per-case notation convention it encodes,,notation-convention rendering branch.
src/composing/analysis/chord/chordsymbolformatter.cpp,215,branch,,csfQualitySuffix,LIVE,code,SURVIVES,n/a,a committed identity's quality/extensions/bass,a display substring for that case,the formatter's output string,the per-case notation convention it encodes,,notation-convention rendering branch.
src/composing/analysis/chord/chordsymbolformatter.cpp,216,branch,,csfQualitySuffix,LIVE,code,SURVIVES,n/a,a committed identity's quality/extensions/bass,a display substring for that case,the formatter's output string,the per-case notation convention it encodes,,notation-convention rendering branch.
src/composing/analysis/chord/chordsymbolformatter.cpp,217,branch,,csfQualitySuffix,LIVE,code,SURVIVES,n/a,a committed identity's quality/extensions/bass,a display substring for that case,the formatter's output string,the per-case notation convention it encodes,,notation-convention rendering branch.
src/composing/analysis/chord/chordsymbolformatter.cpp,219,branch,,csfQualitySuffix,LIVE,code,SURVIVES,n/a,a committed identity's quality/extensions/bass,a display substring for that case,the formatter's output string,the per-case notation convention it encodes,,notation-convention rendering branch.
src/composing/analysis/chord/chordsymbolformatter.cpp,220,branch,,csfQualitySuffix,LIVE,code,SURVIVES,n/a,a committed identity's quality/extensions/bass,a display substring for that case,the formatter's output string,the per-case notation convention it encodes,,notation-convention rendering branch.
src/composing/analysis/chord/chordsymbolformatter.cpp,221,branch,,csfQualitySuffix,LIVE,code,SURVIVES,n/a,a committed identity's quality/extensions/bass,a display substring for that case,the formatter's output string,the per-case notation convention it encodes,,notation-convention rendering branch.
src/composing/analysis/chord/chordsymbolformatter.cpp,222,branch,,csfQualitySuffix,LIVE,code,SURVIVES,n/a,a committed identity's quality/extensions/bass,a display substring for that case,the formatter's output string,the per-case notation convention it encodes,,notation-convention rendering branch.
src/composing/analysis/chord/chordsymbolformatter.cpp,223,branch,,csfQualitySuffix,LIVE,code,SURVIVES,n/a,a committed identity's quality/extensions/bass,a display substring for that case,the formatter's output string,the per-case notation convention it encodes,,notation-convention rendering branch.
src/composing/analysis/chord/chordsymbolformatter.cpp,224,branch,,csfQualitySuffix,LIVE,code,SURVIVES,n/a,a committed identity's quality/extensions/bass,a display substring for that case,the formatter's output string,the per-case notation convention it encodes,,notation-convention rendering branch.
src/composing/analysis/chord/chordsymbolformatter.cpp,227,branch,,csfQualitySuffix,LIVE,code,SURVIVES,n/a,a committed identity's quality/extensions/bass,a display substring for that case,the formatter's output string,the per-case notation convention it encodes,,notation-convention rendering branch.
src/composing/analysis/chord/chordsymbolformatter.cpp,229,branch,,csfQualitySuffix,LIVE,code,SURVIVES,n/a,a committed identity's quality/extensions/bass,a display substring for that case,the formatter's output string,the per-case notation convention it encodes,,notation-convention rendering branch.
src/composing/analysis/chord/chordsymbolformatter.cpp,230,branch,,csfQualitySuffix,LIVE,code,SURVIVES,n/a,a committed identity's quality/extensions/bass,a display substring for that case,the formatter's output string,the per-case notation convention it encodes,,notation-convention rendering branch.
src/composing/analysis/chord/chordsymbolformatter.cpp,231,branch,,csfQualitySuffix,LIVE,code,SURVIVES,n/a,a committed identity's quality/extensions/bass,a display substring for that case,the formatter's output string,the per-case notation convention it encodes,,notation-convention rendering branch.
src/composing/analysis/chord/chordsymbolformatter.cpp,232,branch,,csfQualitySuffix,LIVE,code,SURVIVES,n/a,a committed identity's quality/extensions/bass,a display substring for that case,the formatter's output string,the per-case notation convention it encodes,,notation-convention rendering branch.
src/composing/analysis/chord/chordsymbolformatter.cpp,233,branch,,csfQualitySuffix,LIVE,code,SURVIVES,n/a,a committed identity's quality/extensions/bass,a display substring for that case,the formatter's output string,the per-case notation convention it encodes,,notation-convention rendering branch.
src/composing/analysis/chord/chordsymbolformatter.cpp,234,branch,,csfQualitySuffix,LIVE,code,SURVIVES,n/a,a committed identity's quality/extensions/bass,a display substring for that case,the formatter's output string,the per-case notation convention it encodes,,notation-convention rendering branch.
src/composing/analysis/chord/chordsymbolformatter.cpp,235,branch,,csfQualitySuffix,LIVE,code,SURVIVES,n/a,a committed identity's quality/extensions/bass,a display substring for that case,the formatter's output string,the per-case notation convention it encodes,,notation-convention rendering branch.
src/composing/analysis/chord/chordsymbolformatter.cpp,236,branch,,csfQualitySuffix,LIVE,code,SURVIVES,n/a,a committed identity's quality/extensions/bass,a display substring for that case,the formatter's output string,the per-case notation convention it encodes,,notation-convention rendering branch.
src/composing/analysis/chord/chordsymbolformatter.cpp,237,branch,,csfQualitySuffix,LIVE,code,SURVIVES,n/a,a committed identity's quality/extensions/bass,a display substring for that case,the formatter's output string,the per-case notation convention it encodes,,notation-convention rendering branch.
src/composing/analysis/chord/chordsymbolformatter.cpp,238,branch,,csfQualitySuffix,LIVE,code,SURVIVES,n/a,a committed identity's quality/extensions/bass,a display substring for that case,the formatter's output string,the per-case notation convention it encodes,,notation-convention rendering branch.
src/composing/analysis/chord/chordsymbolformatter.cpp,239,branch,,csfQualitySuffix,LIVE,code,SURVIVES,n/a,a committed identity's quality/extensions/bass,a display substring for that case,the formatter's output string,the per-case notation convention it encodes,,notation-convention rendering branch.
src/composing/analysis/chord/chordsymbolformatter.cpp,239,branch,,csfQualitySuffix,LIVE,code,SURVIVES,n/a,a committed identity's quality/extensions/bass,a display substring for that case,the formatter's output string,the per-case notation convention it encodes,,notation-convention rendering branch.
src/composing/analysis/chord/chordsymbolformatter.cpp,242,branch,,csfQualitySuffix,LIVE,code,SURVIVES,n/a,a committed identity's quality/extensions/bass,a display substring for that case,the formatter's output string,the per-case notation convention it encodes,,notation-convention rendering branch.
src/composing/analysis/chord/chordsymbolformatter.cpp,243,branch,,csfQualitySuffix,LIVE,code,SURVIVES,n/a,a committed identity's quality/extensions/bass,a display substring for that case,the formatter's output string,the per-case notation convention it encodes,,notation-convention rendering branch.
src/composing/analysis/chord/chordsymbolformatter.cpp,245,branch,,csfQualitySuffix,LIVE,code,SURVIVES,n/a,a committed identity's quality/extensions/bass,a display substring for that case,the formatter's output string,the per-case notation convention it encodes,,notation-convention rendering branch.
src/composing/analysis/chord/chordsymbolformatter.cpp,246,branch,,csfQualitySuffix,LIVE,code,SURVIVES,n/a,a committed identity's quality/extensions/bass,a display substring for that case,the formatter's output string,the per-case notation convention it encodes,,notation-convention rendering branch.
src/composing/analysis/chord/chordsymbolformatter.cpp,248,branch,,csfQualitySuffix,LIVE,code,SURVIVES,n/a,a committed identity's quality/extensions/bass,a display substring for that case,the formatter's output string,the per-case notation convention it encodes,,notation-convention rendering branch.
src/composing/analysis/chord/chordsymbolformatter.cpp,249,branch,,csfQualitySuffix,LIVE,code,SURVIVES,n/a,a committed identity's quality/extensions/bass,a display substring for that case,the formatter's output string,the per-case notation convention it encodes,,notation-convention rendering branch.
src/composing/analysis/chord/chordsymbolformatter.cpp,251,branch,,csfQualitySuffix,LIVE,code,SURVIVES,n/a,a committed identity's quality/extensions/bass,a display substring for that case,the formatter's output string,the per-case notation convention it encodes,,notation-convention rendering branch.
src/composing/analysis/chord/chordsymbolformatter.cpp,252,branch,,csfQualitySuffix,LIVE,code,SURVIVES,n/a,a committed identity's quality/extensions/bass,a display substring for that case,the formatter's output string,the per-case notation convention it encodes,,notation-convention rendering branch.
src/composing/analysis/chord/chordsymbolformatter.cpp,253,branch,,csfQualitySuffix,LIVE,code,SURVIVES,n/a,a committed identity's quality/extensions/bass,a display substring for that case,the formatter's output string,the per-case notation convention it encodes,,notation-convention rendering branch.
src/composing/analysis/chord/chordsymbolformatter.cpp,254,branch,,csfQualitySuffix,LIVE,code,SURVIVES,n/a,a committed identity's quality/extensions/bass,a display substring for that case,the formatter's output string,the per-case notation convention it encodes,,notation-convention rendering branch.
src/composing/analysis/chord/chordsymbolformatter.cpp,256,branch,,csfQualitySuffix,LIVE,code,SURVIVES,n/a,a committed identity's quality/extensions/bass,a display substring for that case,the formatter's output string,the per-case notation convention it encodes,,notation-convention rendering branch.
src/composing/analysis/chord/chordsymbolformatter.cpp,257,branch,,csfQualitySuffix,LIVE,code,SURVIVES,n/a,a committed identity's quality/extensions/bass,a display substring for that case,the formatter's output string,the per-case notation convention it encodes,,notation-convention rendering branch.
src/composing/analysis/chord/chordsymbolformatter.cpp,258,branch,,csfQualitySuffix,LIVE,code,SURVIVES,n/a,a committed identity's quality/extensions/bass,a display substring for that case,the formatter's output string,the per-case notation convention it encodes,,notation-convention rendering branch.
src/composing/analysis/chord/chordsymbolformatter.cpp,259,branch,,csfQualitySuffix,LIVE,code,SURVIVES,n/a,a committed identity's quality/extensions/bass,a display substring for that case,the formatter's output string,the per-case notation convention it encodes,,notation-convention rendering branch.
src/composing/analysis/chord/chordsymbolformatter.cpp,259,branch,,csfQualitySuffix,LIVE,code,SURVIVES,n/a,a committed identity's quality/extensions/bass,a display substring for that case,the formatter's output string,the per-case notation convention it encodes,,notation-convention rendering branch.
src/composing/analysis/chord/chordsymbolformatter.cpp,260,branch,,csfQualitySuffix,LIVE,code,SURVIVES,n/a,a committed identity's quality/extensions/bass,a display substring for that case,the formatter's output string,the per-case notation convention it encodes,,notation-convention rendering branch.
src/composing/analysis/chord/chordsymbolformatter.cpp,261,branch,,csfQualitySuffix,LIVE,code,SURVIVES,n/a,a committed identity's quality/extensions/bass,a display substring for that case,the formatter's output string,the per-case notation convention it encodes,,notation-convention rendering branch.
src/composing/analysis/chord/chordsymbolformatter.cpp,263,branch,,csfQualitySuffix,LIVE,code,SURVIVES,n/a,a committed identity's quality/extensions/bass,a display substring for that case,the formatter's output string,the per-case notation convention it encodes,,notation-convention rendering branch.
src/composing/analysis/chord/chordsymbolformatter.cpp,269,branch,,csfQualitySuffix,LIVE,code,SURVIVES,n/a,a committed identity's quality/extensions/bass,a display substring for that case,the formatter's output string,the per-case notation convention it encodes,,notation-convention rendering branch.
src/composing/analysis/chord/chordsymbolformatter.cpp,270,branch,,csfQualitySuffix,LIVE,code,SURVIVES,n/a,a committed identity's quality/extensions/bass,a display substring for that case,the formatter's output string,the per-case notation convention it encodes,,notation-convention rendering branch.
src/composing/analysis/chord/chordsymbolformatter.cpp,271,branch,,csfQualitySuffix,LIVE,code,SURVIVES,n/a,a committed identity's quality/extensions/bass,a display substring for that case,the formatter's output string,the per-case notation convention it encodes,,notation-convention rendering branch.
src/composing/analysis/chord/chordsymbolformatter.cpp,272,branch,,csfQualitySuffix,LIVE,code,SURVIVES,n/a,a committed identity's quality/extensions/bass,a display substring for that case,the formatter's output string,the per-case notation convention it encodes,,notation-convention rendering branch.
src/composing/analysis/chord/chordsymbolformatter.cpp,273,branch,,csfQualitySuffix,LIVE,code,SURVIVES,n/a,a committed identity's quality/extensions/bass,a display substring for that case,the formatter's output string,the per-case notation convention it encodes,,notation-convention rendering branch.
src/composing/analysis/chord/chordsymbolformatter.cpp,274,branch,,csfQualitySuffix,LIVE,code,SURVIVES,n/a,a committed identity's quality/extensions/bass,a display substring for that case,the formatter's output string,the per-case notation convention it encodes,,notation-convention rendering branch.
src/composing/analysis/chord/chordsymbolformatter.cpp,276,branch,,csfQualitySuffix,LIVE,code,SURVIVES,n/a,a committed identity's quality/extensions/bass,a display substring for that case,the formatter's output string,the per-case notation convention it encodes,,notation-convention rendering branch.
src/composing/analysis/chord/chordsymbolformatter.cpp,278,branch,,csfQualitySuffix,LIVE,code,SURVIVES,n/a,a committed identity's quality/extensions/bass,a display substring for that case,the formatter's output string,the per-case notation convention it encodes,,notation-convention rendering branch.
src/composing/analysis/chord/chordsymbolformatter.cpp,279,branch,,csfQualitySuffix,LIVE,code,SURVIVES,n/a,a committed identity's quality/extensions/bass,a display substring for that case,the formatter's output string,the per-case notation convention it encodes,,notation-convention rendering branch.
src/composing/analysis/chord/chordsymbolformatter.cpp,280,branch,,csfQualitySuffix,LIVE,code,SURVIVES,n/a,a committed identity's quality/extensions/bass,a display substring for that case,the formatter's output string,the per-case notation convention it encodes,,notation-convention rendering branch.
src/composing/analysis/chord/chordsymbolformatter.cpp,282,branch,,csfQualitySuffix,LIVE,code,SURVIVES,n/a,a committed identity's quality/extensions/bass,a display substring for that case,the formatter's output string,the per-case notation convention it encodes,,notation-convention rendering branch.
src/composing/analysis/chord/chordsymbolformatter.cpp,282,branch,,csfQualitySuffix,LIVE,code,SURVIVES,n/a,a committed identity's quality/extensions/bass,a display substring for that case,the formatter's output string,the per-case notation convention it encodes,,notation-convention rendering branch.
src/composing/analysis/chord/chordsymbolformatter.cpp,283,branch,,csfQualitySuffix,LIVE,code,SURVIVES,n/a,a committed identity's quality/extensions/bass,a display substring for that case,the formatter's output string,the per-case notation convention it encodes,,notation-convention rendering branch.
src/composing/analysis/chord/chordsymbolformatter.cpp,284,branch,,csfQualitySuffix,LIVE,code,SURVIVES,n/a,a committed identity's quality/extensions/bass,a display substring for that case,the formatter's output string,the per-case notation convention it encodes,,notation-convention rendering branch.
src/composing/analysis/chord/chordsymbolformatter.cpp,285,branch,,csfQualitySuffix,LIVE,code,SURVIVES,n/a,a committed identity's quality/extensions/bass,a display substring for that case,the formatter's output string,the per-case notation convention it encodes,,notation-convention rendering branch.
src/composing/analysis/chord/chordsymbolformatter.cpp,285,branch,,csfQualitySuffix,LIVE,code,SURVIVES,n/a,a committed identity's quality/extensions/bass,a display substring for that case,the formatter's output string,the per-case notation convention it encodes,,notation-convention rendering branch.
src/composing/analysis/chord/chordsymbolformatter.cpp,288,branch,,csfQualitySuffix,LIVE,code,SURVIVES,n/a,a committed identity's quality/extensions/bass,a display substring for that case,the formatter's output string,the per-case notation convention it encodes,,notation-convention rendering branch.
src/composing/analysis/chord/chordsymbolformatter.cpp,289,branch,,csfQualitySuffix,LIVE,code,SURVIVES,n/a,a committed identity's quality/extensions/bass,a display substring for that case,the formatter's output string,the per-case notation convention it encodes,,notation-convention rendering branch.
src/composing/analysis/chord/chordsymbolformatter.cpp,291,branch,,csfQualitySuffix,LIVE,code,SURVIVES,n/a,a committed identity's quality/extensions/bass,a display substring for that case,the formatter's output string,the per-case notation convention it encodes,,notation-convention rendering branch.
src/composing/analysis/chord/chordsymbolformatter.cpp,293,branch,,csfQualitySuffix,LIVE,code,SURVIVES,n/a,a committed identity's quality/extensions/bass,a display substring for that case,the formatter's output string,the per-case notation convention it encodes,,notation-convention rendering branch.
src/composing/analysis/chord/chordsymbolformatter.cpp,295,branch,,csfQualitySuffix,LIVE,code,SURVIVES,n/a,a committed identity's quality/extensions/bass,a display substring for that case,the formatter's output string,the per-case notation convention it encodes,,notation-convention rendering branch.
src/composing/analysis/chord/chordsymbolformatter.cpp,297,branch,,csfQualitySuffix,LIVE,code,SURVIVES,n/a,a committed identity's quality/extensions/bass,a display substring for that case,the formatter's output string,the per-case notation convention it encodes,,notation-convention rendering branch.
src/composing/analysis/chord/chordsymbolformatter.cpp,298,branch,,csfQualitySuffix,LIVE,code,SURVIVES,n/a,a committed identity's quality/extensions/bass,a display substring for that case,the formatter's output string,the per-case notation convention it encodes,,notation-convention rendering branch.
src/composing/analysis/chord/chordsymbolformatter.cpp,298,branch,,csfQualitySuffix,LIVE,code,SURVIVES,n/a,a committed identity's quality/extensions/bass,a display substring for that case,the formatter's output string,the per-case notation convention it encodes,,notation-convention rendering branch.
src/composing/analysis/chord/chordsymbolformatter.cpp,304,branch,,csfQualitySuffix,LIVE,code,SURVIVES,n/a,a committed identity's quality/extensions/bass,a display substring for that case,the formatter's output string,the per-case notation convention it encodes,,notation-convention rendering branch.
src/composing/analysis/chord/chordsymbolformatter.cpp,305,branch,,csfQualitySuffix,LIVE,code,SURVIVES,n/a,a committed identity's quality/extensions/bass,a display substring for that case,the formatter's output string,the per-case notation convention it encodes,,notation-convention rendering branch.
src/composing/analysis/chord/chordsymbolformatter.cpp,308,branch,,csfQualitySuffix,LIVE,code,SURVIVES,n/a,a committed identity's quality/extensions/bass,a display substring for that case,the formatter's output string,the per-case notation convention it encodes,,notation-convention rendering branch.
src/composing/analysis/chord/chordsymbolformatter.cpp,309,branch,,csfQualitySuffix,LIVE,code,SURVIVES,n/a,a committed identity's quality/extensions/bass,a display substring for that case,the formatter's output string,the per-case notation convention it encodes,,notation-convention rendering branch.
src/composing/analysis/chord/chordsymbolformatter.cpp,311,branch,,csfQualitySuffix,LIVE,code,SURVIVES,n/a,a committed identity's quality/extensions/bass,a display substring for that case,the formatter's output string,the per-case notation convention it encodes,,notation-convention rendering branch.
src/composing/analysis/chord/chordsymbolformatter.cpp,313,branch,,csfQualitySuffix,LIVE,code,SURVIVES,n/a,a committed identity's quality/extensions/bass,a display substring for that case,the formatter's output string,the per-case notation convention it encodes,,notation-convention rendering branch.
src/composing/analysis/chord/chordsymbolformatter.cpp,315,branch,,csfQualitySuffix,LIVE,code,SURVIVES,n/a,a committed identity's quality/extensions/bass,a display substring for that case,the formatter's output string,the per-case notation convention it encodes,,notation-convention rendering branch.
src/composing/analysis/chord/chordsymbolformatter.cpp,322,branch,,csfQualitySuffix,LIVE,code,SURVIVES,n/a,a committed identity's quality/extensions/bass,a display substring for that case,the formatter's output string,the per-case notation convention it encodes,,notation-convention rendering branch.
src/composing/analysis/chord/chordsymbolformatter.cpp,325,branch,,csfQualitySuffix,LIVE,code,SURVIVES,n/a,a committed identity's quality/extensions/bass,a display substring for that case,the formatter's output string,the per-case notation convention it encodes,,notation-convention rendering branch.
src/composing/analysis/chord/chordsymbolformatter.cpp,326,branch,,csfQualitySuffix,LIVE,code,SURVIVES,n/a,a committed identity's quality/extensions/bass,a display substring for that case,the formatter's output string,the per-case notation convention it encodes,,notation-convention rendering branch.
src/composing/analysis/chord/chordsymbolformatter.cpp,330,branch,,csfQualitySuffix,LIVE,code,SURVIVES,n/a,a committed identity's quality/extensions/bass,a display substring for that case,the formatter's output string,the per-case notation convention it encodes,,notation-convention rendering branch.
src/composing/analysis/chord/chordsymbolformatter.cpp,331,branch,,csfQualitySuffix,LIVE,code,SURVIVES,n/a,a committed identity's quality/extensions/bass,a display substring for that case,the formatter's output string,the per-case notation convention it encodes,,notation-convention rendering branch.
src/composing/analysis/chord/chordsymbolformatter.cpp,333,branch,,csfQualitySuffix,LIVE,code,SURVIVES,n/a,a committed identity's quality/extensions/bass,a display substring for that case,the formatter's output string,the per-case notation convention it encodes,,notation-convention rendering branch.
src/composing/analysis/chord/chordsymbolformatter.cpp,334,branch,,csfQualitySuffix,LIVE,code,SURVIVES,n/a,a committed identity's quality/extensions/bass,a display substring for that case,the formatter's output string,the per-case notation convention it encodes,,notation-convention rendering branch.
src/composing/analysis/chord/chordsymbolformatter.cpp,336,branch,,csfQualitySuffix,LIVE,code,SURVIVES,n/a,a committed identity's quality/extensions/bass,a display substring for that case,the formatter's output string,the per-case notation convention it encodes,,notation-convention rendering branch.
src/composing/analysis/chord/chordsymbolformatter.cpp,337,branch,,csfQualitySuffix,LIVE,code,SURVIVES,n/a,a committed identity's quality/extensions/bass,a display substring for that case,the formatter's output string,the per-case notation convention it encodes,,notation-convention rendering branch.
src/composing/analysis/chord/chordsymbolformatter.cpp,338,branch,,csfQualitySuffix,LIVE,code,SURVIVES,n/a,a committed identity's quality/extensions/bass,a display substring for that case,the formatter's output string,the per-case notation convention it encodes,,notation-convention rendering branch.
src/composing/analysis/chord/chordsymbolformatter.cpp,342,branch,,csfQualitySuffix,LIVE,code,SURVIVES,n/a,a committed identity's quality/extensions/bass,a display substring for that case,the formatter's output string,the per-case notation convention it encodes,,notation-convention rendering branch.
src/composing/analysis/chord/chordsymbolformatter.cpp,343,branch,,csfQualitySuffix,LIVE,code,SURVIVES,n/a,a committed identity's quality/extensions/bass,a display substring for that case,the formatter's output string,the per-case notation convention it encodes,,notation-convention rendering branch.
src/composing/analysis/chord/chordsymbolformatter.cpp,345,branch,,csfQualitySuffix,LIVE,code,SURVIVES,n/a,a committed identity's quality/extensions/bass,a display substring for that case,the formatter's output string,the per-case notation convention it encodes,,notation-convention rendering branch.
src/composing/analysis/chord/chordsymbolformatter.cpp,351,branch,,csfQualitySuffix,LIVE,code,SURVIVES,n/a,a committed identity's quality/extensions/bass,a display substring for that case,the formatter's output string,the per-case notation convention it encodes,,notation-convention rendering branch.
src/composing/analysis/chord/chordsymbolformatter.cpp,352,branch,,csfQualitySuffix,LIVE,code,SURVIVES,n/a,a committed identity's quality/extensions/bass,a display substring for that case,the formatter's output string,the per-case notation convention it encodes,,notation-convention rendering branch.
src/composing/analysis/chord/chordsymbolformatter.cpp,353,branch,,csfQualitySuffix,LIVE,code,SURVIVES,n/a,a committed identity's quality/extensions/bass,a display substring for that case,the formatter's output string,the per-case notation convention it encodes,,notation-convention rendering branch.
src/composing/analysis/chord/chordsymbolformatter.cpp,353,branch,,csfQualitySuffix,LIVE,code,SURVIVES,n/a,a committed identity's quality/extensions/bass,a display substring for that case,the formatter's output string,the per-case notation convention it encodes,,notation-convention rendering branch.
src/composing/analysis/chord/chordsymbolformatter.cpp,353,branch,,csfQualitySuffix,LIVE,code,SURVIVES,n/a,a committed identity's quality/extensions/bass,a display substring for that case,the formatter's output string,the per-case notation convention it encodes,,notation-convention rendering branch.
src/composing/analysis/chord/chordsymbolformatter.cpp,356,branch,,csfQualitySuffix,LIVE,code,SURVIVES,n/a,a committed identity's quality/extensions/bass,a display substring for that case,the formatter's output string,the per-case notation convention it encodes,,notation-convention rendering branch.
src/composing/analysis/chord/chordsymbolformatter.cpp,360,branch,,csfQualitySuffix,LIVE,code,SURVIVES,n/a,a committed identity's quality/extensions/bass,a display substring for that case,the formatter's output string,the per-case notation convention it encodes,,notation-convention rendering branch.
src/composing/analysis/chord/chordsymbolformatter.cpp,361,branch,,csfQualitySuffix,LIVE,code,SURVIVES,n/a,a committed identity's quality/extensions/bass,a display substring for that case,the formatter's output string,the per-case notation convention it encodes,,notation-convention rendering branch.
src/composing/analysis/chord/chordsymbolformatter.cpp,363,branch,,csfQualitySuffix,LIVE,code,SURVIVES,n/a,a committed identity's quality/extensions/bass,a display substring for that case,the formatter's output string,the per-case notation convention it encodes,,notation-convention rendering branch.
src/composing/analysis/chord/chordsymbolformatter.cpp,365,branch,,csfQualitySuffix,LIVE,code,SURVIVES,n/a,a committed identity's quality/extensions/bass,a display substring for that case,the formatter's output string,the per-case notation convention it encodes,,notation-convention rendering branch.
src/composing/analysis/chord/chordsymbolformatter.cpp,366,branch,,csfQualitySuffix,LIVE,code,SURVIVES,n/a,a committed identity's quality/extensions/bass,a display substring for that case,the formatter's output string,the per-case notation convention it encodes,,notation-convention rendering branch.
src/composing/analysis/chord/chordsymbolformatter.cpp,367,branch,,csfQualitySuffix,LIVE,code,SURVIVES,n/a,a committed identity's quality/extensions/bass,a display substring for that case,the formatter's output string,the per-case notation convention it encodes,,notation-convention rendering branch.
src/composing/analysis/chord/chordsymbolformatter.cpp,370,branch,,csfQualitySuffix,LIVE,code,SURVIVES,n/a,a committed identity's quality/extensions/bass,a display substring for that case,the formatter's output string,the per-case notation convention it encodes,,notation-convention rendering branch.
src/composing/analysis/chord/chordsymbolformatter.cpp,372,branch,,csfQualitySuffix,LIVE,code,SURVIVES,n/a,a committed identity's quality/extensions/bass,a display substring for that case,the formatter's output string,the per-case notation convention it encodes,,notation-convention rendering branch.
src/composing/analysis/chord/chordsymbolformatter.cpp,378,branch,,csfQualitySuffix,LIVE,code,SURVIVES,n/a,a committed identity's quality/extensions/bass,a display substring for that case,the formatter's output string,the per-case notation convention it encodes,,notation-convention rendering branch.
src/composing/analysis/chord/chordsymbolformatter.cpp,379,branch,,csfQualitySuffix,LIVE,code,SURVIVES,n/a,a committed identity's quality/extensions/bass,a display substring for that case,the formatter's output string,the per-case notation convention it encodes,,notation-convention rendering branch.
src/composing/analysis/chord/chordsymbolformatter.cpp,380,branch,,csfQualitySuffix,LIVE,code,SURVIVES,n/a,a committed identity's quality/extensions/bass,a display substring for that case,the formatter's output string,the per-case notation convention it encodes,,notation-convention rendering branch.
src/composing/analysis/chord/chordsymbolformatter.cpp,381,branch,,csfQualitySuffix,LIVE,code,SURVIVES,n/a,a committed identity's quality/extensions/bass,a display substring for that case,the formatter's output string,the per-case notation convention it encodes,,notation-convention rendering branch.
src/composing/analysis/chord/chordsymbolformatter.cpp,382,branch,,csfQualitySuffix,LIVE,code,SURVIVES,n/a,a committed identity's quality/extensions/bass,a display substring for that case,the formatter's output string,the per-case notation convention it encodes,,notation-convention rendering branch.
src/composing/analysis/chord/chordsymbolformatter.cpp,383,branch,,csfQualitySuffix,LIVE,code,SURVIVES,n/a,a committed identity's quality/extensions/bass,a display substring for that case,the formatter's output string,the per-case notation convention it encodes,,notation-convention rendering branch.
src/composing/analysis/chord/chordsymbolformatter.cpp,387,branch,,csfQualitySuffix,LIVE,code,SURVIVES,n/a,a committed identity's quality/extensions/bass,a display substring for that case,the formatter's output string,the per-case notation convention it encodes,,notation-convention rendering branch.
src/composing/analysis/chord/chordsymbolformatter.cpp,389,branch,,csfQualitySuffix,LIVE,code,SURVIVES,n/a,a committed identity's quality/extensions/bass,a display substring for that case,the formatter's output string,the per-case notation convention it encodes,,notation-convention rendering branch.
src/composing/analysis/chord/chordsymbolformatter.cpp,390,branch,,csfQualitySuffix,LIVE,code,SURVIVES,n/a,a committed identity's quality/extensions/bass,a display substring for that case,the formatter's output string,the per-case notation convention it encodes,,notation-convention rendering branch.
src/composing/analysis/chord/chordsymbolformatter.cpp,391,branch,,csfQualitySuffix,LIVE,code,SURVIVES,n/a,a committed identity's quality/extensions/bass,a display substring for that case,the formatter's output string,the per-case notation convention it encodes,,notation-convention rendering branch.
src/composing/analysis/chord/chordsymbolformatter.cpp,393,branch,,csfQualitySuffix,LIVE,code,SURVIVES,n/a,a committed identity's quality/extensions/bass,a display substring for that case,the formatter's output string,the per-case notation convention it encodes,,notation-convention rendering branch.
src/composing/analysis/chord/chordsymbolformatter.cpp,402,branch,,csfQualitySuffix,LIVE,code,SURVIVES,n/a,a committed identity's quality/extensions/bass,a display substring for that case,the formatter's output string,the per-case notation convention it encodes,,notation-convention rendering branch.
src/composing/analysis/chord/chordsymbolformatter.cpp,415,branch,,csfQualitySuffix,LIVE,code,SURVIVES,n/a,a committed identity's quality/extensions/bass,a display substring for that case,the formatter's output string,the per-case notation convention it encodes,,notation-convention rendering branch.
src/composing/analysis/chord/chordsymbolformatter.cpp,418,branch,,csfQualitySuffix,LIVE,code,SURVIVES,n/a,a committed identity's quality/extensions/bass,a display substring for that case,the formatter's output string,the per-case notation convention it encodes,,notation-convention rendering branch.
src/composing/analysis/chord/chordsymbolformatter.cpp,427,branch,,csfQualitySuffix,LIVE,code,SURVIVES,n/a,a committed identity's quality/extensions/bass,a display substring for that case,the formatter's output string,the per-case notation convention it encodes,,notation-convention rendering branch.
src/composing/analysis/chord/chordsymbolformatter.cpp,433,branch,,csfQualitySuffix,LIVE,code,SURVIVES,n/a,a committed identity's quality/extensions/bass,a display substring for that case,the formatter's output string,the per-case notation convention it encodes,,notation-convention rendering branch.
src/composing/analysis/chord/chordsymbolformatter.cpp,438,branch,,csfQualitySuffix,LIVE,code,SURVIVES,n/a,a committed identity's quality/extensions/bass,a display substring for that case,the formatter's output string,the per-case notation convention it encodes,,notation-convention rendering branch.
src/composing/analysis/chord/chordsymbolformatter.cpp,455,function,csfChromaticRoman,,LIVE,code,SURVIVES,n/a,a committed ChordAnalysisResult (identity + function + key context),a display string (chord symbol / Roman numeral / Nashville number),"notation render bridge, batch_analyze output, status bar / context menu","empty/sparse identity, Unknown quality, slash bass, enharmonic spelling, chromatic root, symmetric chord",,LIVE display formatter function; analysis-is-display-agnostic separation (#2.3).
src/composing/analysis/chord/chordsymbolformatter.cpp,457,literal,7,csfChromaticRoman,LIVE,constant,ESTABLISHED,n/a,a committed ChordAnalysisResult + key-signature fifths,a display substring,notation render / batch output / status bar,handled per rendering branch,FINDING duplication (#6): diatonic scale-interval table (csfChromaticRoman SCALES),"The 7-mode diatonic interval table is repeated at csfTonicizationScales (788-796) in the same file, and the shared key-layer primitive keyModeScaleIntervals already holds it (used by sparsechordrefinement). Three copies of the same music-theory table."
src/composing/analysis/chord/chordsymbolformatter.cpp,457,literal,7,csfChromaticRoman,LIVE,constant,ESTABLISHED,n/a,a committed ChordAnalysisResult + key-signature fifths,a display substring,notation render / batch output / status bar,handled per rendering branch,,"The 7-mode diatonic interval table is repeated at csfTonicizationScales (788-796) in the same file, and the shared key-layer primitive keyModeScaleIntervals already holds it (used by sparsechordrefinement). Three copies of the same music-theory table."
src/composing/analysis/chord/chordsymbolformatter.cpp,458,literal,2,csfChromaticRoman,LIVE,constant,ESTABLISHED,n/a,a committed ChordAnalysisResult + key-signature fifths,a display substring,notation render / batch output / status bar,handled per rendering branch,,"The 7-mode diatonic interval table is repeated at csfTonicizationScales (788-796) in the same file, and the shared key-layer primitive keyModeScaleIntervals already holds it (used by sparsechordrefinement). Three copies of the same music-theory table."
src/composing/analysis/chord/chordsymbolformatter.cpp,458,literal,4,csfChromaticRoman,LIVE,constant,ESTABLISHED,n/a,a committed ChordAnalysisResult + key-signature fifths,a display substring,notation render / batch output / status bar,handled per rendering branch,,"The 7-mode diatonic interval table is repeated at csfTonicizationScales (788-796) in the same file, and the shared key-layer primitive keyModeScaleIntervals already holds it (used by sparsechordrefinement). Three copies of the same music-theory table."
src/composing/analysis/chord/chordsymbolformatter.cpp,458,literal,5,csfChromaticRoman,LIVE,constant,ESTABLISHED,n/a,a committed ChordAnalysisResult + key-signature fifths,a display substring,notation render / batch output / status bar,handled per rendering branch,,"The 7-mode diatonic interval table is repeated at csfTonicizationScales (788-796) in the same file, and the shared key-layer primitive keyModeScaleIntervals already holds it (used by sparsechordrefinement). Three copies of the same music-theory table."
src/composing/analysis/chord/chordsymbolformatter.cpp,458,literal,7,csfChromaticRoman,LIVE,constant,ESTABLISHED,n/a,a committed ChordAnalysisResult + key-signature fifths,a display substring,notation render / batch output / status bar,handled per rendering branch,,"The 7-mode diatonic interval table is repeated at csfTonicizationScales (788-796) in the same file, and the shared key-layer primitive keyModeScaleIntervals already holds it (used by sparsechordrefinement). Three copies of the same music-theory table."
src/composing/analysis/chord/chordsymbolformatter.cpp,458,literal,9,csfChromaticRoman,LIVE,constant,ESTABLISHED,n/a,a committed ChordAnalysisResult + key-signature fifths,a display substring,notation render / batch output / status bar,handled per rendering branch,,"The 7-mode diatonic interval table is repeated at csfTonicizationScales (788-796) in the same file, and the shared key-layer primitive keyModeScaleIntervals already holds it (used by sparsechordrefinement). Three copies of the same music-theory table."
src/composing/analysis/chord/chordsymbolformatter.cpp,458,literal,11,csfChromaticRoman,LIVE,constant,ESTABLISHED,n/a,a committed ChordAnalysisResult + key-signature fifths,a display substring,notation render / batch output / status bar,handled per rendering branch,,"The 7-mode diatonic interval table is repeated at csfTonicizationScales (788-796) in the same file, and the shared key-layer primitive keyModeScaleIntervals already holds it (used by sparsechordrefinement). Three copies of the same music-theory table."
src/composing/analysis/chord/chordsymbolformatter.cpp,459,literal,2,csfChromaticRoman,LIVE,constant,ESTABLISHED,n/a,a committed ChordAnalysisResult + key-signature fifths,a display substring,notation render / batch output / status bar,handled per rendering branch,,"The 7-mode diatonic interval table is repeated at csfTonicizationScales (788-796) in the same file, and the shared key-layer primitive keyModeScaleIntervals already holds it (used by sparsechordrefinement). Three copies of the same music-theory table."
src/composing/analysis/chord/chordsymbolformatter.cpp,459,literal,3,csfChromaticRoman,LIVE,constant,ESTABLISHED,n/a,a committed ChordAnalysisResult + key-signature fifths,a display substring,notation render / batch output / status bar,handled per rendering branch,,"The 7-mode diatonic interval table is repeated at csfTonicizationScales (788-796) in the same file, and the shared key-layer primitive keyModeScaleIntervals already holds it (used by sparsechordrefinement). Three copies of the same music-theory table."
src/composing/analysis/chord/chordsymbolformatter.cpp,459,literal,5,csfChromaticRoman,LIVE,constant,ESTABLISHED,n/a,a committed ChordAnalysisResult + key-signature fifths,a display substring,notation render / batch output / status bar,handled per rendering branch,,"The 7-mode diatonic interval table is repeated at csfTonicizationScales (788-796) in the same file, and the shared key-layer primitive keyModeScaleIntervals already holds it (used by sparsechordrefinement). Three copies of the same music-theory table."
src/composing/analysis/chord/chordsymbolformatter.cpp,459,literal,7,csfChromaticRoman,LIVE,constant,ESTABLISHED,n/a,a committed ChordAnalysisResult + key-signature fifths,a display substring,notation render / batch output / status bar,handled per rendering branch,,"The 7-mode diatonic interval table is repeated at csfTonicizationScales (788-796) in the same file, and the shared key-layer primitive keyModeScaleIntervals already holds it (used by sparsechordrefinement). Three copies of the same music-theory table."
src/composing/analysis/chord/chordsymbolformatter.cpp,459,literal,9,csfChromaticRoman,LIVE,constant,ESTABLISHED,n/a,a committed ChordAnalysisResult + key-signature fifths,a display substring,notation render / batch output / status bar,handled per rendering branch,,"The 7-mode diatonic interval table is repeated at csfTonicizationScales (788-796) in the same file, and the shared key-layer primitive keyModeScaleIntervals already holds it (used by sparsechordrefinement). Three copies of the same music-theory table."
src/composing/analysis/chord/chordsymbolformatter.cpp,459,literal,10,csfChromaticRoman,LIVE,constant,ESTABLISHED,n/a,a committed ChordAnalysisResult + key-signature fifths,a display substring,notation render / batch output / status bar,handled per rendering branch,,"The 7-mode diatonic interval table is repeated at csfTonicizationScales (788-796) in the same file, and the shared key-layer primitive keyModeScaleIntervals already holds it (used by sparsechordrefinement). Three copies of the same music-theory table."
src/composing/analysis/chord/chordsymbolformatter.cpp,460,literal,3,csfChromaticRoman,LIVE,constant,ESTABLISHED,n/a,a committed ChordAnalysisResult + key-signature fifths,a display substring,notation render / batch output / status bar,handled per rendering branch,,"The 7-mode diatonic interval table is repeated at csfTonicizationScales (788-796) in the same file, and the shared key-layer primitive keyModeScaleIntervals already holds it (used by sparsechordrefinement). Three copies of the same music-theory table."
src/composing/analysis/chord/chordsymbolformatter.cpp,460,literal,5,csfChromaticRoman,LIVE,constant,ESTABLISHED,n/a,a committed ChordAnalysisResult + key-signature fifths,a display substring,notation render / batch output / status bar,handled per rendering branch,,"The 7-mode diatonic interval table is repeated at csfTonicizationScales (788-796) in the same file, and the shared key-layer primitive keyModeScaleIntervals already holds it (used by sparsechordrefinement). Three copies of the same music-theory table."
src/composing/analysis/chord/chordsymbolformatter.cpp,460,literal,7,csfChromaticRoman,LIVE,constant,ESTABLISHED,n/a,a committed ChordAnalysisResult + key-signature fifths,a display substring,notation render / batch output / status bar,handled per rendering branch,,"The 7-mode diatonic interval table is repeated at csfTonicizationScales (788-796) in the same file, and the shared key-layer primitive keyModeScaleIntervals already holds it (used by sparsechordrefinement). Three copies of the same music-theory table."
src/composing/analysis/chord/chordsymbolformatter.cpp,460,literal,8,csfChromaticRoman,LIVE,constant,ESTABLISHED,n/a,a committed ChordAnalysisResult + key-signature fifths,a display substring,notation render / batch output / status bar,handled per rendering branch,,"The 7-mode diatonic interval table is repeated at csfTonicizationScales (788-796) in the same file, and the shared key-layer primitive keyModeScaleIntervals already holds it (used by sparsechordrefinement). Three copies of the same music-theory table."
src/composing/analysis/chord/chordsymbolformatter.cpp,460,literal,10,csfChromaticRoman,LIVE,constant,ESTABLISHED,n/a,a committed ChordAnalysisResult + key-signature fifths,a display substring,notation render / batch output / status bar,handled per rendering branch,,"The 7-mode diatonic interval table is repeated at csfTonicizationScales (788-796) in the same file, and the shared key-layer primitive keyModeScaleIntervals already holds it (used by sparsechordrefinement). Three copies of the same music-theory table."
src/composing/analysis/chord/chordsymbolformatter.cpp,461,literal,2,csfChromaticRoman,LIVE,constant,ESTABLISHED,n/a,a committed ChordAnalysisResult + key-signature fifths,a display substring,notation render / batch output / status bar,handled per rendering branch,,"The 7-mode diatonic interval table is repeated at csfTonicizationScales (788-796) in the same file, and the shared key-layer primitive keyModeScaleIntervals already holds it (used by sparsechordrefinement). Three copies of the same music-theory table."
src/composing/analysis/chord/chordsymbolformatter.cpp,461,literal,4,csfChromaticRoman,LIVE,constant,ESTABLISHED,n/a,a committed ChordAnalysisResult + key-signature fifths,a display substring,notation render / batch output / status bar,handled per rendering branch,,"The 7-mode diatonic interval table is repeated at csfTonicizationScales (788-796) in the same file, and the shared key-layer primitive keyModeScaleIntervals already holds it (used by sparsechordrefinement). Three copies of the same music-theory table."
src/composing/analysis/chord/chordsymbolformatter.cpp,461,literal,6,csfChromaticRoman,LIVE,constant,ESTABLISHED,n/a,a committed ChordAnalysisResult + key-signature fifths,a display substring,notation render / batch output / status bar,handled per rendering branch,,"The 7-mode diatonic interval table is repeated at csfTonicizationScales (788-796) in the same file, and the shared key-layer primitive keyModeScaleIntervals already holds it (used by sparsechordrefinement). Three copies of the same music-theory table."
src/composing/analysis/chord/chordsymbolformatter.cpp,461,literal,7,csfChromaticRoman,LIVE,constant,ESTABLISHED,n/a,a committed ChordAnalysisResult + key-signature fifths,a display substring,notation render / batch output / status bar,handled per rendering branch,,"The 7-mode diatonic interval table is repeated at csfTonicizationScales (788-796) in the same file, and the shared key-layer primitive keyModeScaleIntervals already holds it (used by sparsechordrefinement). Three copies of the same music-theory table."
src/composing/analysis/chord/chordsymbolformatter.cpp,461,literal,9,csfChromaticRoman,LIVE,constant,ESTABLISHED,n/a,a committed ChordAnalysisResult + key-signature fifths,a display substring,notation render / batch output / status bar,handled per rendering branch,,"The 7-mode diatonic interval table is repeated at csfTonicizationScales (788-796) in the same file, and the shared key-layer primitive keyModeScaleIntervals already holds it (used by sparsechordrefinement). Three copies of the same music-theory table."
src/composing/analysis/chord/chordsymbolformatter.cpp,461,literal,11,csfChromaticRoman,LIVE,constant,ESTABLISHED,n/a,a committed ChordAnalysisResult + key-signature fifths,a display substring,notation render / batch output / status bar,handled per rendering branch,,"The 7-mode diatonic interval table is repeated at csfTonicizationScales (788-796) in the same file, and the shared key-layer primitive keyModeScaleIntervals already holds it (used by sparsechordrefinement). Three copies of the same music-theory table."
src/composing/analysis/chord/chordsymbolformatter.cpp,462,literal,2,csfChromaticRoman,LIVE,constant,ESTABLISHED,n/a,a committed ChordAnalysisResult + key-signature fifths,a display substring,notation render / batch output / status bar,handled per rendering branch,,"The 7-mode diatonic interval table is repeated at csfTonicizationScales (788-796) in the same file, and the shared key-layer primitive keyModeScaleIntervals already holds it (used by sparsechordrefinement). Three copies of the same music-theory table."
src/composing/analysis/chord/chordsymbolformatter.cpp,462,literal,4,csfChromaticRoman,LIVE,constant,ESTABLISHED,n/a,a committed ChordAnalysisResult + key-signature fifths,a display substring,notation render / batch output / status bar,handled per rendering branch,,"The 7-mode diatonic interval table is repeated at csfTonicizationScales (788-796) in the same file, and the shared key-layer primitive keyModeScaleIntervals already holds it (used by sparsechordrefinement). Three copies of the same music-theory table."
src/composing/analysis/chord/chordsymbolformatter.cpp,462,literal,5,csfChromaticRoman,LIVE,constant,ESTABLISHED,n/a,a committed ChordAnalysisResult + key-signature fifths,a display substring,notation render / batch output / status bar,handled per rendering branch,,"The 7-mode diatonic interval table is repeated at csfTonicizationScales (788-796) in the same file, and the shared key-layer primitive keyModeScaleIntervals already holds it (used by sparsechordrefinement). Three copies of the same music-theory table."
src/composing/analysis/chord/chordsymbolformatter.cpp,462,literal,7,csfChromaticRoman,LIVE,constant,ESTABLISHED,n/a,a committed ChordAnalysisResult + key-signature fifths,a display substring,notation render / batch output / status bar,handled per rendering branch,,"The 7-mode diatonic interval table is repeated at csfTonicizationScales (788-796) in the same file, and the shared key-layer primitive keyModeScaleIntervals already holds it (used by sparsechordrefinement). Three copies of the same music-theory table."
src/composing/analysis/chord/chordsymbolformatter.cpp,462,literal,9,csfChromaticRoman,LIVE,constant,ESTABLISHED,n/a,a committed ChordAnalysisResult + key-signature fifths,a display substring,notation render / batch output / status bar,handled per rendering branch,,"The 7-mode diatonic interval table is repeated at csfTonicizationScales (788-796) in the same file, and the shared key-layer primitive keyModeScaleIntervals already holds it (used by sparsechordrefinement). Three copies of the same music-theory table."
src/composing/analysis/chord/chordsymbolformatter.cpp,462,literal,10,csfChromaticRoman,LIVE,constant,ESTABLISHED,n/a,a committed ChordAnalysisResult + key-signature fifths,a display substring,notation render / batch output / status bar,handled per rendering branch,,"The 7-mode diatonic interval table is repeated at csfTonicizationScales (788-796) in the same file, and the shared key-layer primitive keyModeScaleIntervals already holds it (used by sparsechordrefinement). Three copies of the same music-theory table."
src/composing/analysis/chord/chordsymbolformatter.cpp,463,literal,2,csfChromaticRoman,LIVE,constant,ESTABLISHED,n/a,a committed ChordAnalysisResult + key-signature fifths,a display substring,notation render / batch output / status bar,handled per rendering branch,,"The 7-mode diatonic interval table is repeated at csfTonicizationScales (788-796) in the same file, and the shared key-layer primitive keyModeScaleIntervals already holds it (used by sparsechordrefinement). Three copies of the same music-theory table."
src/composing/analysis/chord/chordsymbolformatter.cpp,463,literal,3,csfChromaticRoman,LIVE,constant,ESTABLISHED,n/a,a committed ChordAnalysisResult + key-signature fifths,a display substring,notation render / batch output / status bar,handled per rendering branch,,"The 7-mode diatonic interval table is repeated at csfTonicizationScales (788-796) in the same file, and the shared key-layer primitive keyModeScaleIntervals already holds it (used by sparsechordrefinement). Three copies of the same music-theory table."
src/composing/analysis/chord/chordsymbolformatter.cpp,463,literal,5,csfChromaticRoman,LIVE,constant,ESTABLISHED,n/a,a committed ChordAnalysisResult + key-signature fifths,a display substring,notation render / batch output / status bar,handled per rendering branch,,"The 7-mode diatonic interval table is repeated at csfTonicizationScales (788-796) in the same file, and the shared key-layer primitive keyModeScaleIntervals already holds it (used by sparsechordrefinement). Three copies of the same music-theory table."
src/composing/analysis/chord/chordsymbolformatter.cpp,463,literal,7,csfChromaticRoman,LIVE,constant,ESTABLISHED,n/a,a committed ChordAnalysisResult + key-signature fifths,a display substring,notation render / batch output / status bar,handled per rendering branch,,"The 7-mode diatonic interval table is repeated at csfTonicizationScales (788-796) in the same file, and the shared key-layer primitive keyModeScaleIntervals already holds it (used by sparsechordrefinement). Three copies of the same music-theory table."
src/composing/analysis/chord/chordsymbolformatter.cpp,463,literal,8,csfChromaticRoman,LIVE,constant,ESTABLISHED,n/a,a committed ChordAnalysisResult + key-signature fifths,a display substring,notation render / batch output / status bar,handled per rendering branch,,"The 7-mode diatonic interval table is repeated at csfTonicizationScales (788-796) in the same file, and the shared key-layer primitive keyModeScaleIntervals already holds it (used by sparsechordrefinement). Three copies of the same music-theory table."
src/composing/analysis/chord/chordsymbolformatter.cpp,463,literal,10,csfChromaticRoman,LIVE,constant,ESTABLISHED,n/a,a committed ChordAnalysisResult + key-signature fifths,a display substring,notation render / batch output / status bar,handled per rendering branch,,"The 7-mode diatonic interval table is repeated at csfTonicizationScales (788-796) in the same file, and the shared key-layer primitive keyModeScaleIntervals already holds it (used by sparsechordrefinement). Three copies of the same music-theory table."
src/composing/analysis/chord/chordsymbolformatter.cpp,464,literal,3,csfChromaticRoman,LIVE,constant,ESTABLISHED,n/a,a committed ChordAnalysisResult + key-signature fifths,a display substring,notation render / batch output / status bar,handled per rendering branch,,"The 7-mode diatonic interval table is repeated at csfTonicizationScales (788-796) in the same file, and the shared key-layer primitive keyModeScaleIntervals already holds it (used by sparsechordrefinement). Three copies of the same music-theory table."
src/composing/analysis/chord/chordsymbolformatter.cpp,464,literal,5,csfChromaticRoman,LIVE,constant,ESTABLISHED,n/a,a committed ChordAnalysisResult + key-signature fifths,a display substring,notation render / batch output / status bar,handled per rendering branch,,"The 7-mode diatonic interval table is repeated at csfTonicizationScales (788-796) in the same file, and the shared key-layer primitive keyModeScaleIntervals already holds it (used by sparsechordrefinement). Three copies of the same music-theory table."
src/composing/analysis/chord/chordsymbolformatter.cpp,464,literal,6,csfChromaticRoman,LIVE,constant,ESTABLISHED,n/a,a committed ChordAnalysisResult + key-signature fifths,a display substring,notation render / batch output / status bar,handled per rendering branch,,"The 7-mode diatonic interval table is repeated at csfTonicizationScales (788-796) in the same file, and the shared key-layer primitive keyModeScaleIntervals already holds it (used by sparsechordrefinement). Three copies of the same music-theory table."
src/composing/analysis/chord/chordsymbolformatter.cpp,464,literal,8,csfChromaticRoman,LIVE,constant,ESTABLISHED,n/a,a committed ChordAnalysisResult + key-signature fifths,a display substring,notation render / batch output / status bar,handled per rendering branch,,"The 7-mode diatonic interval table is repeated at csfTonicizationScales (788-796) in the same file, and the shared key-layer primitive keyModeScaleIntervals already holds it (used by sparsechordrefinement). Three copies of the same music-theory table."
src/composing/analysis/chord/chordsymbolformatter.cpp,464,literal,10,csfChromaticRoman,LIVE,constant,ESTABLISHED,n/a,a committed ChordAnalysisResult + key-signature fifths,a display substring,notation render / batch output / status bar,handled per rendering branch,,"The 7-mode diatonic interval table is repeated at csfTonicizationScales (788-796) in the same file, and the shared key-layer primitive keyModeScaleIntervals already holds it (used by sparsechordrefinement). Three copies of the same music-theory table."
src/composing/analysis/chord/chordsymbolformatter.cpp,466,literal,7,csfChromaticRoman,LIVE,constant,ESTABLISHED,n/a,a committed ChordAnalysisResult + key-signature fifths,a display substring,notation render / batch output / status bar,handled per rendering branch,FINDING duplication (#6): UPPER/LOWER Roman-numeral arrays,The UPPER/LOWER numeral literal arrays recur at 492-493 (csfDiatonicRoman) and 937-938 (formatRomanNumeral tonicization). Three copies.
src/composing/analysis/chord/chordsymbolformatter.cpp,467,literal,7,csfChromaticRoman,LIVE,constant,ESTABLISHED,n/a,a committed ChordAnalysisResult + key-signature fifths,a display substring,notation render / batch output / status bar,handled per rendering branch,,The UPPER/LOWER numeral literal arrays recur at 492-493 (csfDiatonicRoman) and 937-938 (formatRomanNumeral tonicization). Three copies.
src/composing/analysis/chord/chordsymbolformatter.cpp,469,literal,7,csfChromaticRoman,LIVE,constant,ESTABLISHED,n/a,a committed ChordAnalysisResult + key-signature fifths,a display substring,notation render / batch output / status bar,handled per rendering branch,,"music-theory / TPC-encoding / notation-catalog integer (pitch class, scale interval, TPC code, key-fifths threshold, figured-bass index). Not tunable; not in param_manifest."
src/composing/analysis/chord/chordsymbolformatter.cpp,472,literal,7,csfChromaticRoman,LIVE,constant,ESTABLISHED,n/a,a committed ChordAnalysisResult + key-signature fifths,a display substring,notation render / batch output / status bar,handled per rendering branch,,"music-theory / TPC-encoding / notation-catalog integer (pitch class, scale interval, TPC code, key-fifths threshold, figured-bass index). Not tunable; not in param_manifest."
src/composing/analysis/chord/chordsymbolformatter.cpp,473,branch,,csfChromaticRoman,LIVE,code,SURVIVES,n/a,a committed identity's quality/extensions/bass,a display substring for that case,the formatter's output string,the per-case notation convention it encodes,,notation-convention rendering branch.
src/composing/analysis/chord/chordsymbolformatter.cpp,473,literal,12,csfChromaticRoman,LIVE,constant,ESTABLISHED,n/a,a committed ChordAnalysisResult + key-signature fifths,a display substring,notation render / batch output / status bar,handled per rendering branch,,"music-theory / TPC-encoding / notation-catalog integer (pitch class, scale interval, TPC code, key-fifths threshold, figured-bass index). Not tunable; not in param_manifest."
src/composing/analysis/chord/chordsymbolformatter.cpp,473,literal,12,csfChromaticRoman,LIVE,constant,ESTABLISHED,n/a,a committed ChordAnalysisResult + key-signature fifths,a display substring,notation render / batch output / status bar,handled per rendering branch,,"music-theory / TPC-encoding / notation-catalog integer (pitch class, scale interval, TPC code, key-fifths threshold, figured-bass index). Not tunable; not in param_manifest."
src/composing/analysis/chord/chordsymbolformatter.cpp,474,branch,,csfChromaticRoman,LIVE,code,SURVIVES,n/a,a committed identity's quality/extensions/bass,a display substring for that case,the formatter's output string,the per-case notation convention it encodes,,notation-convention rendering branch.
src/composing/analysis/chord/chordsymbolformatter.cpp,478,literal,7,csfChromaticRoman,LIVE,constant,ESTABLISHED,n/a,a committed ChordAnalysisResult + key-signature fifths,a display substring,notation render / batch output / status bar,handled per rendering branch,,"music-theory / TPC-encoding / notation-catalog integer (pitch class, scale interval, TPC code, key-fifths threshold, figured-bass index). Not tunable; not in param_manifest."
src/composing/analysis/chord/chordsymbolformatter.cpp,479,branch,,csfChromaticRoman,LIVE,code,SURVIVES,n/a,a committed identity's quality/extensions/bass,a display substring for that case,the formatter's output string,the per-case notation convention it encodes,,notation-convention rendering branch.
src/composing/analysis/chord/chordsymbolformatter.cpp,479,literal,12,csfChromaticRoman,LIVE,constant,ESTABLISHED,n/a,a committed ChordAnalysisResult + key-signature fifths,a display substring,notation render / batch output / status bar,handled per rendering branch,,"music-theory / TPC-encoding / notation-catalog integer (pitch class, scale interval, TPC code, key-fifths threshold, figured-bass index). Not tunable; not in param_manifest."
src/composing/analysis/chord/chordsymbolformatter.cpp,480,branch,,csfChromaticRoman,LIVE,code,SURVIVES,n/a,a committed identity's quality/extensions/bass,a display substring for that case,the formatter's output string,the per-case notation convention it encodes,,notation-convention rendering branch.
src/composing/analysis/chord/chordsymbolformatter.cpp,486,function,csfDiatonicRoman,,LIVE,code,SURVIVES,n/a,a committed ChordAnalysisResult (identity + function + key context),a display string (chord symbol / Roman numeral / Nashville number),"notation render bridge, batch_analyze output, status bar / context menu","empty/sparse identity, Unknown quality, slash bass, enharmonic spelling, chromatic root, symmetric chord",boundary note: csfDiatonicRoman emits L5-flavored functional Roman labels,csfDiatonicRoman/formatRomanNumeral read result.function.degree/keyTonicPc/keyMode/nextRootPc (functional/L5 facts) to build Roman numerals on an L4 translation unit. File-table FLAG; L4/L5 layer home is an open register question (not decided here).
src/composing/analysis/chord/chordsymbolformatter.cpp,488,branch,,csfDiatonicRoman,LIVE,code,SURVIVES,n/a,a committed identity's quality/extensions/bass,a display substring for that case,the formatter's output string,the per-case notation convention it encodes,,notation-convention rendering branch.
src/composing/analysis/chord/chordsymbolformatter.cpp,488,literal,6,csfDiatonicRoman,LIVE,constant,ESTABLISHED,n/a,a committed ChordAnalysisResult + key-signature fifths,a display substring,notation render / batch output / status bar,handled per rendering branch,,"music-theory / TPC-encoding / notation-catalog integer (pitch class, scale interval, TPC code, key-fifths threshold, figured-bass index). Not tunable; not in param_manifest."
src/composing/analysis/chord/chordsymbolformatter.cpp,492,literal,7,csfDiatonicRoman,LIVE,constant,ESTABLISHED,n/a,a committed ChordAnalysisResult + key-signature fifths,a display substring,notation render / batch output / status bar,handled per rendering branch,,"music-theory / TPC-encoding / notation-catalog integer (pitch class, scale interval, TPC code, key-fifths threshold, figured-bass index). Not tunable; not in param_manifest."
src/composing/analysis/chord/chordsymbolformatter.cpp,493,literal,7,csfDiatonicRoman,LIVE,constant,ESTABLISHED,n/a,a committed ChordAnalysisResult + key-signature fifths,a display substring,notation render / batch output / status bar,handled per rendering branch,,"music-theory / TPC-encoding / notation-catalog integer (pitch class, scale interval, TPC code, key-fifths threshold, figured-bass index). Not tunable; not in param_manifest."
src/composing/analysis/chord/chordsymbolformatter.cpp,499,branch,,csfDiatonicRoman,LIVE,code,SURVIVES,n/a,a committed identity's quality/extensions/bass,a display substring for that case,the formatter's output string,the per-case notation convention it encodes,,notation-convention rendering branch.
src/composing/analysis/chord/chordsymbolformatter.cpp,500,branch,,csfDiatonicRoman,LIVE,code,SURVIVES,n/a,a committed identity's quality/extensions/bass,a display substring for that case,the formatter's output string,the per-case notation convention it encodes,,notation-convention rendering branch.
src/composing/analysis/chord/chordsymbolformatter.cpp,501,branch,,csfDiatonicRoman,LIVE,code,SURVIVES,n/a,a committed identity's quality/extensions/bass,a display substring for that case,the formatter's output string,the per-case notation convention it encodes,,notation-convention rendering branch.
src/composing/analysis/chord/chordsymbolformatter.cpp,502,branch,,csfDiatonicRoman,LIVE,code,SURVIVES,n/a,a committed identity's quality/extensions/bass,a display substring for that case,the formatter's output string,the per-case notation convention it encodes,,notation-convention rendering branch.
src/composing/analysis/chord/chordsymbolformatter.cpp,503,branch,,csfDiatonicRoman,LIVE,code,SURVIVES,n/a,a committed identity's quality/extensions/bass,a display substring for that case,the formatter's output string,the per-case notation convention it encodes,,notation-convention rendering branch.
src/composing/analysis/chord/chordsymbolformatter.cpp,504,branch,,csfDiatonicRoman,LIVE,code,SURVIVES,n/a,a committed identity's quality/extensions/bass,a display substring for that case,the formatter's output string,the per-case notation convention it encodes,,notation-convention rendering branch.
src/composing/analysis/chord/chordsymbolformatter.cpp,507,branch,,csfDiatonicRoman,LIVE,code,SURVIVES,n/a,a committed identity's quality/extensions/bass,a display substring for that case,the formatter's output string,the per-case notation convention it encodes,,notation-convention rendering branch.
src/composing/analysis/chord/chordsymbolformatter.cpp,508,branch,,csfDiatonicRoman,LIVE,code,SURVIVES,n/a,a committed identity's quality/extensions/bass,a display substring for that case,the formatter's output string,the per-case notation convention it encodes,,notation-convention rendering branch.
src/composing/analysis/chord/chordsymbolformatter.cpp,509,branch,,csfDiatonicRoman,LIVE,code,SURVIVES,n/a,a committed identity's quality/extensions/bass,a display substring for that case,the formatter's output string,the per-case notation convention it encodes,,notation-convention rendering branch.
src/composing/analysis/chord/chordsymbolformatter.cpp,517,branch,,csfDiatonicRoman,LIVE,code,SURVIVES,n/a,a committed identity's quality/extensions/bass,a display substring for that case,the formatter's output string,the per-case notation convention it encodes,,notation-convention rendering branch.
src/composing/analysis/chord/chordsymbolformatter.cpp,519,branch,,csfDiatonicRoman,LIVE,code,SURVIVES,n/a,a committed identity's quality/extensions/bass,a display substring for that case,the formatter's output string,the per-case notation convention it encodes,,notation-convention rendering branch.
src/composing/analysis/chord/chordsymbolformatter.cpp,524,branch,,csfDiatonicRoman,LIVE,code,SURVIVES,n/a,a committed identity's quality/extensions/bass,a display substring for that case,the formatter's output string,the per-case notation convention it encodes,,notation-convention rendering branch.
src/composing/analysis/chord/chordsymbolformatter.cpp,525,branch,,csfDiatonicRoman,LIVE,code,SURVIVES,n/a,a committed identity's quality/extensions/bass,a display substring for that case,the formatter's output string,the per-case notation convention it encodes,,notation-convention rendering branch.
src/composing/analysis/chord/chordsymbolformatter.cpp,540,branch,,csfDiatonicRoman,LIVE,code,SURVIVES,n/a,a committed identity's quality/extensions/bass,a display substring for that case,the formatter's output string,the per-case notation convention it encodes,FINDING doc-sync (#10): RN extension levels 9/11/13 ARE emitted,csfDiatonicRoman sets level=13/11/9 and appends the numeral (and (add9/11/13)); the corpus shows ~130 such Roman numerals per preset. ARCHITECTURE.md #4.3 states 'extensions beyond the 7th are not yet emitted' — stale/contradicted by code and data (#15).
src/composing/analysis/chord/chordsymbolformatter.cpp,541,branch,,csfDiatonicRoman,LIVE,code,SURVIVES,n/a,a committed identity's quality/extensions/bass,a display substring for that case,the formatter's output string,the per-case notation convention it encodes,,csfDiatonicRoman sets level=13/11/9 and appends the numeral (and (add9/11/13)); the corpus shows ~130 such Roman numerals per preset. ARCHITECTURE.md #4.3 states 'extensions beyond the 7th are not yet emitted' — stale/contradicted by code and data (#15).
src/composing/analysis/chord/chordsymbolformatter.cpp,541,literal,13,csfDiatonicRoman,LIVE,constant,ESTABLISHED,n/a,a committed ChordAnalysisResult + key-signature fifths,a display substring,notation render / batch output / status bar,handled per rendering branch,,"music-theory / TPC-encoding / notation-catalog integer (pitch class, scale interval, TPC code, key-fifths threshold, figured-bass index). Not tunable; not in param_manifest."
src/composing/analysis/chord/chordsymbolformatter.cpp,542,branch,,csfDiatonicRoman,LIVE,code,SURVIVES,n/a,a committed identity's quality/extensions/bass,a display substring for that case,the formatter's output string,the per-case notation convention it encodes,,csfDiatonicRoman sets level=13/11/9 and appends the numeral (and (add9/11/13)); the corpus shows ~130 such Roman numerals per preset. ARCHITECTURE.md #4.3 states 'extensions beyond the 7th are not yet emitted' — stale/contradicted by code and data (#15).
src/composing/analysis/chord/chordsymbolformatter.cpp,542,literal,11,csfDiatonicRoman,LIVE,constant,ESTABLISHED,n/a,a committed ChordAnalysisResult + key-signature fifths,a display substring,notation render / batch output / status bar,handled per rendering branch,,"music-theory / TPC-encoding / notation-catalog integer (pitch class, scale interval, TPC code, key-fifths threshold, figured-bass index). Not tunable; not in param_manifest."
src/composing/analysis/chord/chordsymbolformatter.cpp,543,branch,,csfDiatonicRoman,LIVE,code,SURVIVES,n/a,a committed identity's quality/extensions/bass,a display substring for that case,the formatter's output string,the per-case notation convention it encodes,,csfDiatonicRoman sets level=13/11/9 and appends the numeral (and (add9/11/13)); the corpus shows ~130 such Roman numerals per preset. ARCHITECTURE.md #4.3 states 'extensions beyond the 7th are not yet emitted' — stale/contradicted by code and data (#15).
src/composing/analysis/chord/chordsymbolformatter.cpp,543,literal,9,csfDiatonicRoman,LIVE,constant,ESTABLISHED,n/a,a committed ChordAnalysisResult + key-signature fifths,a display substring,notation render / batch output / status bar,handled per rendering branch,,"music-theory / TPC-encoding / notation-catalog integer (pitch class, scale interval, TPC code, key-fifths threshold, figured-bass index). Not tunable; not in param_manifest."
src/composing/analysis/chord/chordsymbolformatter.cpp,544,literal,7,csfDiatonicRoman,LIVE,constant,ESTABLISHED,n/a,a committed ChordAnalysisResult + key-signature fifths,a display substring,notation render / batch output / status bar,handled per rendering branch,,"music-theory / TPC-encoding / notation-catalog integer (pitch class, scale interval, TPC code, key-fifths threshold, figured-bass index). Not tunable; not in param_manifest."
src/composing/analysis/chord/chordsymbolformatter.cpp,548,branch,,csfDiatonicRoman,LIVE,code,SURVIVES,n/a,a committed identity's quality/extensions/bass,a display substring for that case,the formatter's output string,the per-case notation convention it encodes,,notation-convention rendering branch.
src/composing/analysis/chord/chordsymbolformatter.cpp,551,branch,,csfDiatonicRoman,LIVE,code,SURVIVES,n/a,a committed identity's quality/extensions/bass,a display substring for that case,the formatter's output string,the per-case notation convention it encodes,,notation-convention rendering branch.
src/composing/analysis/chord/chordsymbolformatter.cpp,552,branch,,csfDiatonicRoman,LIVE,code,SURVIVES,n/a,a committed identity's quality/extensions/bass,a display substring for that case,the formatter's output string,the per-case notation convention it encodes,,notation-convention rendering branch.
src/composing/analysis/chord/chordsymbolformatter.cpp,553,branch,,csfDiatonicRoman,LIVE,code,SURVIVES,n/a,a committed identity's quality/extensions/bass,a display substring for that case,the formatter's output string,the per-case notation convention it encodes,,notation-convention rendering branch.
src/composing/analysis/chord/chordsymbolformatter.cpp,554,branch,,csfDiatonicRoman,LIVE,code,SURVIVES,n/a,a committed identity's quality/extensions/bass,a display substring for that case,the formatter's output string,the per-case notation convention it encodes,,notation-convention rendering branch.
src/composing/analysis/chord/chordsymbolformatter.cpp,559,branch,,csfDiatonicRoman,LIVE,code,SURVIVES,n/a,a committed identity's quality/extensions/bass,a display substring for that case,the formatter's output string,the per-case notation convention it encodes,,notation-convention rendering branch.
src/composing/analysis/chord/chordsymbolformatter.cpp,565,branch,,csfDiatonicRoman,LIVE,code,SURVIVES,n/a,a committed identity's quality/extensions/bass,a display substring for that case,the formatter's output string,the per-case notation convention it encodes,,notation-convention rendering branch.
src/composing/analysis/chord/chordsymbolformatter.cpp,566,branch,,csfDiatonicRoman,LIVE,code,SURVIVES,n/a,a committed identity's quality/extensions/bass,a display substring for that case,the formatter's output string,the per-case notation convention it encodes,,notation-convention rendering branch.
src/composing/analysis/chord/chordsymbolformatter.cpp,567,branch,,csfDiatonicRoman,LIVE,code,SURVIVES,n/a,a committed identity's quality/extensions/bass,a display substring for that case,the formatter's output string,the per-case notation convention it encodes,,notation-convention rendering branch.
src/composing/analysis/chord/chordsymbolformatter.cpp,568,branch,,csfDiatonicRoman,LIVE,code,SURVIVES,n/a,a committed identity's quality/extensions/bass,a display substring for that case,the formatter's output string,the per-case notation convention it encodes,,notation-convention rendering branch.
src/composing/analysis/chord/chordsymbolformatter.cpp,570,branch,,csfDiatonicRoman,LIVE,code,SURVIVES,n/a,a committed identity's quality/extensions/bass,a display substring for that case,the formatter's output string,the per-case notation convention it encodes,,notation-convention rendering branch.
src/composing/analysis/chord/chordsymbolformatter.cpp,571,branch,,csfDiatonicRoman,LIVE,code,SURVIVES,n/a,a committed identity's quality/extensions/bass,a display substring for that case,the formatter's output string,the per-case notation convention it encodes,,notation-convention rendering branch.
src/composing/analysis/chord/chordsymbolformatter.cpp,572,branch,,csfDiatonicRoman,LIVE,code,SURVIVES,n/a,a committed identity's quality/extensions/bass,a display substring for that case,the formatter's output string,the per-case notation convention it encodes,,notation-convention rendering branch.
src/composing/analysis/chord/chordsymbolformatter.cpp,573,branch,,csfDiatonicRoman,LIVE,code,SURVIVES,n/a,a committed identity's quality/extensions/bass,a display substring for that case,the formatter's output string,the per-case notation convention it encodes,,notation-convention rendering branch.
src/composing/analysis/chord/chordsymbolformatter.cpp,574,branch,,csfDiatonicRoman,LIVE,code,SURVIVES,n/a,a committed identity's quality/extensions/bass,a display substring for that case,the formatter's output string,the per-case notation convention it encodes,,notation-convention rendering branch.
src/composing/analysis/chord/chordsymbolformatter.cpp,575,branch,,csfDiatonicRoman,LIVE,code,SURVIVES,n/a,a committed identity's quality/extensions/bass,a display substring for that case,the formatter's output string,the per-case notation convention it encodes,,notation-convention rendering branch.
src/composing/analysis/chord/chordsymbolformatter.cpp,584,branch,,csfDiatonicRoman,LIVE,code,SURVIVES,n/a,a committed identity's quality/extensions/bass,a display substring for that case,the formatter's output string,the per-case notation convention it encodes,,notation-convention rendering branch.
src/composing/analysis/chord/chordsymbolformatter.cpp,585,branch,,csfDiatonicRoman,LIVE,code,SURVIVES,n/a,a committed identity's quality/extensions/bass,a display substring for that case,the formatter's output string,the per-case notation convention it encodes,,notation-convention rendering branch.
src/composing/analysis/chord/chordsymbolformatter.cpp,591,branch,,csfDiatonicRoman,LIVE,code,SURVIVES,n/a,a committed identity's quality/extensions/bass,a display substring for that case,the formatter's output string,the per-case notation convention it encodes,,notation-convention rendering branch.
src/composing/analysis/chord/chordsymbolformatter.cpp,592,branch,,csfDiatonicRoman,LIVE,code,SURVIVES,n/a,a committed identity's quality/extensions/bass,a display substring for that case,the formatter's output string,the per-case notation convention it encodes,,notation-convention rendering branch.
src/composing/analysis/chord/chordsymbolformatter.cpp,593,branch,,csfDiatonicRoman,LIVE,code,SURVIVES,n/a,a committed identity's quality/extensions/bass,a display substring for that case,the formatter's output string,the per-case notation convention it encodes,,notation-convention rendering branch.
src/composing/analysis/chord/chordsymbolformatter.cpp,594,branch,,csfDiatonicRoman,LIVE,code,SURVIVES,n/a,a committed identity's quality/extensions/bass,a display substring for that case,the formatter's output string,the per-case notation convention it encodes,,notation-convention rendering branch.
src/composing/analysis/chord/chordsymbolformatter.cpp,595,branch,,csfDiatonicRoman,LIVE,code,SURVIVES,n/a,a committed identity's quality/extensions/bass,a display substring for that case,the formatter's output string,the per-case notation convention it encodes,,notation-convention rendering branch.
src/composing/analysis/chord/chordsymbolformatter.cpp,596,branch,,csfDiatonicRoman,LIVE,code,SURVIVES,n/a,a committed identity's quality/extensions/bass,a display substring for that case,the formatter's output string,the per-case notation convention it encodes,,notation-convention rendering branch.
src/composing/analysis/chord/chordsymbolformatter.cpp,597,branch,,csfDiatonicRoman,LIVE,code,SURVIVES,n/a,a committed identity's quality/extensions/bass,a display substring for that case,the formatter's output string,the per-case notation convention it encodes,,notation-convention rendering branch.
src/composing/analysis/chord/chordsymbolformatter.cpp,601,branch,,csfDiatonicRoman,LIVE,code,SURVIVES,n/a,a committed identity's quality/extensions/bass,a display substring for that case,the formatter's output string,the per-case notation convention it encodes,,notation-convention rendering branch.
src/composing/analysis/chord/chordsymbolformatter.cpp,602,branch,,csfDiatonicRoman,LIVE,code,SURVIVES,n/a,a committed identity's quality/extensions/bass,a display substring for that case,the formatter's output string,the per-case notation convention it encodes,,notation-convention rendering branch.
src/composing/analysis/chord/chordsymbolformatter.cpp,604,branch,,csfDiatonicRoman,LIVE,code,SURVIVES,n/a,a committed identity's quality/extensions/bass,a display substring for that case,the formatter's output string,the per-case notation convention it encodes,,notation-convention rendering branch.
src/composing/analysis/chord/chordsymbolformatter.cpp,606,branch,,csfDiatonicRoman,LIVE,code,SURVIVES,n/a,a committed identity's quality/extensions/bass,a display substring for that case,the formatter's output string,the per-case notation convention it encodes,,notation-convention rendering branch.
src/composing/analysis/chord/chordsymbolformatter.cpp,608,branch,,csfDiatonicRoman,LIVE,code,SURVIVES,n/a,a committed identity's quality/extensions/bass,a display substring for that case,the formatter's output string,the per-case notation convention it encodes,,notation-convention rendering branch.
src/composing/analysis/chord/chordsymbolformatter.cpp,610,branch,,csfDiatonicRoman,LIVE,code,SURVIVES,n/a,a committed identity's quality/extensions/bass,a display substring for that case,the formatter's output string,the per-case notation convention it encodes,,notation-convention rendering branch.
src/composing/analysis/chord/chordsymbolformatter.cpp,612,branch,,csfDiatonicRoman,LIVE,code,SURVIVES,n/a,a committed identity's quality/extensions/bass,a display substring for that case,the formatter's output string,the per-case notation convention it encodes,,notation-convention rendering branch.
src/composing/analysis/chord/chordsymbolformatter.cpp,620,function,csfCoreIntervals,,LIVE,code,SURVIVES,n/a,a committed ChordAnalysisResult (identity + function + key context),a display string (chord symbol / Roman numeral / Nashville number),"notation render bridge, batch_analyze output, status bar / context menu","empty/sparse identity, Unknown quality, slash bass, enharmonic spelling, chromatic root, symmetric chord",,LIVE display formatter function; analysis-is-display-agnostic separation (#2.3).
src/composing/analysis/chord/chordsymbolformatter.cpp,625,branch,,csfCoreIntervals,LIVE,code,SURVIVES,n/a,a committed identity's quality/extensions/bass,a display substring for that case,the formatter's output string,the per-case notation convention it encodes,,notation-convention rendering branch.
src/composing/analysis/chord/chordsymbolformatter.cpp,626,branch,,csfCoreIntervals,LIVE,code,SURVIVES,n/a,a committed identity's quality/extensions/bass,a display substring for that case,the formatter's output string,the per-case notation convention it encodes,,notation-convention rendering branch.
src/composing/analysis/chord/chordsymbolformatter.cpp,627,literal,4,csfCoreIntervals,LIVE,constant,ESTABLISHED,n/a,a committed ChordAnalysisResult + key-signature fifths,a display substring,notation render / batch output / status bar,handled per rendering branch,,"music-theory / TPC-encoding / notation-catalog integer (pitch class, scale interval, TPC code, key-fifths threshold, figured-bass index). Not tunable; not in param_manifest."
src/composing/analysis/chord/chordsymbolformatter.cpp,627,literal,7,csfCoreIntervals,LIVE,constant,ESTABLISHED,n/a,a committed ChordAnalysisResult + key-signature fifths,a display substring,notation render / batch output / status bar,handled per rendering branch,,"music-theory / TPC-encoding / notation-catalog integer (pitch class, scale interval, TPC code, key-fifths threshold, figured-bass index). Not tunable; not in param_manifest."
src/composing/analysis/chord/chordsymbolformatter.cpp,629,branch,,csfCoreIntervals,LIVE,code,SURVIVES,n/a,a committed identity's quality/extensions/bass,a display substring for that case,the formatter's output string,the per-case notation convention it encodes,,notation-convention rendering branch.
src/composing/analysis/chord/chordsymbolformatter.cpp,630,literal,3,csfCoreIntervals,LIVE,constant,ESTABLISHED,n/a,a committed ChordAnalysisResult + key-signature fifths,a display substring,notation render / batch output / status bar,handled per rendering branch,,"music-theory / TPC-encoding / notation-catalog integer (pitch class, scale interval, TPC code, key-fifths threshold, figured-bass index). Not tunable; not in param_manifest."
src/composing/analysis/chord/chordsymbolformatter.cpp,630,literal,7,csfCoreIntervals,LIVE,constant,ESTABLISHED,n/a,a committed ChordAnalysisResult + key-signature fifths,a display substring,notation render / batch output / status bar,handled per rendering branch,,"music-theory / TPC-encoding / notation-catalog integer (pitch class, scale interval, TPC code, key-fifths threshold, figured-bass index). Not tunable; not in param_manifest."
src/composing/analysis/chord/chordsymbolformatter.cpp,632,branch,,csfCoreIntervals,LIVE,code,SURVIVES,n/a,a committed identity's quality/extensions/bass,a display substring for that case,the formatter's output string,the per-case notation convention it encodes,,notation-convention rendering branch.
src/composing/analysis/chord/chordsymbolformatter.cpp,633,literal,3,csfCoreIntervals,LIVE,constant,ESTABLISHED,n/a,a committed ChordAnalysisResult + key-signature fifths,a display substring,notation render / batch output / status bar,handled per rendering branch,,"music-theory / TPC-encoding / notation-catalog integer (pitch class, scale interval, TPC code, key-fifths threshold, figured-bass index). Not tunable; not in param_manifest."
src/composing/analysis/chord/chordsymbolformatter.cpp,633,literal,6,csfCoreIntervals,LIVE,constant,ESTABLISHED,n/a,a committed ChordAnalysisResult + key-signature fifths,a display substring,notation render / batch output / status bar,handled per rendering branch,,"music-theory / TPC-encoding / notation-catalog integer (pitch class, scale interval, TPC code, key-fifths threshold, figured-bass index). Not tunable; not in param_manifest."
src/composing/analysis/chord/chordsymbolformatter.cpp,633,literal,10,csfCoreIntervals,LIVE,constant,ESTABLISHED,n/a,a committed ChordAnalysisResult + key-signature fifths,a display substring,notation render / batch output / status bar,handled per rendering branch,,"music-theory / TPC-encoding / notation-catalog integer (pitch class, scale interval, TPC code, key-fifths threshold, figured-bass index). Not tunable; not in param_manifest."
src/composing/analysis/chord/chordsymbolformatter.cpp,635,branch,,csfCoreIntervals,LIVE,code,SURVIVES,n/a,a committed identity's quality/extensions/bass,a display substring for that case,the formatter's output string,the per-case notation convention it encodes,,notation-convention rendering branch.
src/composing/analysis/chord/chordsymbolformatter.cpp,636,literal,3,csfCoreIntervals,LIVE,constant,ESTABLISHED,n/a,a committed ChordAnalysisResult + key-signature fifths,a display substring,notation render / batch output / status bar,handled per rendering branch,,"music-theory / TPC-encoding / notation-catalog integer (pitch class, scale interval, TPC code, key-fifths threshold, figured-bass index). Not tunable; not in param_manifest."
src/composing/analysis/chord/chordsymbolformatter.cpp,636,literal,6,csfCoreIntervals,LIVE,constant,ESTABLISHED,n/a,a committed ChordAnalysisResult + key-signature fifths,a display substring,notation render / batch output / status bar,handled per rendering branch,,"music-theory / TPC-encoding / notation-catalog integer (pitch class, scale interval, TPC code, key-fifths threshold, figured-bass index). Not tunable; not in param_manifest."
src/composing/analysis/chord/chordsymbolformatter.cpp,638,branch,,csfCoreIntervals,LIVE,code,SURVIVES,n/a,a committed identity's quality/extensions/bass,a display substring for that case,the formatter's output string,the per-case notation convention it encodes,,notation-convention rendering branch.
src/composing/analysis/chord/chordsymbolformatter.cpp,639,literal,4,csfCoreIntervals,LIVE,constant,ESTABLISHED,n/a,a committed ChordAnalysisResult + key-signature fifths,a display substring,notation render / batch output / status bar,handled per rendering branch,,"music-theory / TPC-encoding / notation-catalog integer (pitch class, scale interval, TPC code, key-fifths threshold, figured-bass index). Not tunable; not in param_manifest."
src/composing/analysis/chord/chordsymbolformatter.cpp,639,literal,8,csfCoreIntervals,LIVE,constant,ESTABLISHED,n/a,a committed ChordAnalysisResult + key-signature fifths,a display substring,notation render / batch output / status bar,handled per rendering branch,,"music-theory / TPC-encoding / notation-catalog integer (pitch class, scale interval, TPC code, key-fifths threshold, figured-bass index). Not tunable; not in param_manifest."
src/composing/analysis/chord/chordsymbolformatter.cpp,641,branch,,csfCoreIntervals,LIVE,code,SURVIVES,n/a,a committed identity's quality/extensions/bass,a display substring for that case,the formatter's output string,the per-case notation convention it encodes,,notation-convention rendering branch.
src/composing/analysis/chord/chordsymbolformatter.cpp,642,literal,2,csfCoreIntervals,LIVE,constant,ESTABLISHED,n/a,a committed ChordAnalysisResult + key-signature fifths,a display substring,notation render / batch output / status bar,handled per rendering branch,,"music-theory / TPC-encoding / notation-catalog integer (pitch class, scale interval, TPC code, key-fifths threshold, figured-bass index). Not tunable; not in param_manifest."
src/composing/analysis/chord/chordsymbolformatter.cpp,642,literal,7,csfCoreIntervals,LIVE,constant,ESTABLISHED,n/a,a committed ChordAnalysisResult + key-signature fifths,a display substring,notation render / batch output / status bar,handled per rendering branch,,"music-theory / TPC-encoding / notation-catalog integer (pitch class, scale interval, TPC code, key-fifths threshold, figured-bass index). Not tunable; not in param_manifest."
src/composing/analysis/chord/chordsymbolformatter.cpp,644,branch,,csfCoreIntervals,LIVE,code,SURVIVES,n/a,a committed identity's quality/extensions/bass,a display substring for that case,the formatter's output string,the per-case notation convention it encodes,,notation-convention rendering branch.
src/composing/analysis/chord/chordsymbolformatter.cpp,645,literal,5,csfCoreIntervals,LIVE,constant,ESTABLISHED,n/a,a committed ChordAnalysisResult + key-signature fifths,a display substring,notation render / batch output / status bar,handled per rendering branch,,"music-theory / TPC-encoding / notation-catalog integer (pitch class, scale interval, TPC code, key-fifths threshold, figured-bass index). Not tunable; not in param_manifest."
src/composing/analysis/chord/chordsymbolformatter.cpp,645,literal,7,csfCoreIntervals,LIVE,constant,ESTABLISHED,n/a,a committed ChordAnalysisResult + key-signature fifths,a display substring,notation render / batch output / status bar,handled per rendering branch,,"music-theory / TPC-encoding / notation-catalog integer (pitch class, scale interval, TPC code, key-fifths threshold, figured-bass index). Not tunable; not in param_manifest."
src/composing/analysis/chord/chordsymbolformatter.cpp,647,branch,,csfCoreIntervals,LIVE,code,SURVIVES,n/a,a committed identity's quality/extensions/bass,a display substring for that case,the formatter's output string,the per-case notation convention it encodes,,notation-convention rendering branch.
src/composing/analysis/chord/chordsymbolformatter.cpp,648,literal,7,csfCoreIntervals,LIVE,constant,ESTABLISHED,n/a,a committed ChordAnalysisResult + key-signature fifths,a display substring,notation render / batch output / status bar,handled per rendering branch,,"music-theory / TPC-encoding / notation-catalog integer (pitch class, scale interval, TPC code, key-fifths threshold, figured-bass index). Not tunable; not in param_manifest."
src/composing/analysis/chord/chordsymbolformatter.cpp,651,literal,4,csfCoreIntervals,LIVE,constant,ESTABLISHED,n/a,a committed ChordAnalysisResult + key-signature fifths,a display substring,notation render / batch output / status bar,handled per rendering branch,,"music-theory / TPC-encoding / notation-catalog integer (pitch class, scale interval, TPC code, key-fifths threshold, figured-bass index). Not tunable; not in param_manifest."
src/composing/analysis/chord/chordsymbolformatter.cpp,651,literal,7,csfCoreIntervals,LIVE,constant,ESTABLISHED,n/a,a committed ChordAnalysisResult + key-signature fifths,a display substring,notation render / batch output / status bar,handled per rendering branch,,"music-theory / TPC-encoding / notation-catalog integer (pitch class, scale interval, TPC code, key-fifths threshold, figured-bass index). Not tunable; not in param_manifest."
src/composing/analysis/chord/chordsymbolformatter.cpp,655,branch,,csfCoreIntervals,LIVE,code,SURVIVES,n/a,a committed identity's quality/extensions/bass,a display substring for that case,the formatter's output string,the per-case notation convention it encodes,,notation-convention rendering branch.
src/composing/analysis/chord/chordsymbolformatter.cpp,656,literal,9,csfCoreIntervals,LIVE,constant,ESTABLISHED,n/a,a committed ChordAnalysisResult + key-signature fifths,a display substring,notation render / batch output / status bar,handled per rendering branch,,"music-theory / TPC-encoding / notation-catalog integer (pitch class, scale interval, TPC code, key-fifths threshold, figured-bass index). Not tunable; not in param_manifest."
src/composing/analysis/chord/chordsymbolformatter.cpp,657,branch,,csfCoreIntervals,LIVE,code,SURVIVES,n/a,a committed identity's quality/extensions/bass,a display substring for that case,the formatter's output string,the per-case notation convention it encodes,,notation-convention rendering branch.
src/composing/analysis/chord/chordsymbolformatter.cpp,658,literal,11,csfCoreIntervals,LIVE,constant,ESTABLISHED,n/a,a committed ChordAnalysisResult + key-signature fifths,a display substring,notation render / batch output / status bar,handled per rendering branch,,"music-theory / TPC-encoding / notation-catalog integer (pitch class, scale interval, TPC code, key-fifths threshold, figured-bass index). Not tunable; not in param_manifest."
src/composing/analysis/chord/chordsymbolformatter.cpp,659,branch,,csfCoreIntervals,LIVE,code,SURVIVES,n/a,a committed identity's quality/extensions/bass,a display substring for that case,the formatter's output string,the per-case notation convention it encodes,,notation-convention rendering branch.
src/composing/analysis/chord/chordsymbolformatter.cpp,660,literal,10,csfCoreIntervals,LIVE,constant,ESTABLISHED,n/a,a committed ChordAnalysisResult + key-signature fifths,a display substring,notation render / batch output / status bar,handled per rendering branch,,"music-theory / TPC-encoding / notation-catalog integer (pitch class, scale interval, TPC code, key-fifths threshold, figured-bass index). Not tunable; not in param_manifest."
src/composing/analysis/chord/chordsymbolformatter.cpp,666,function,csfRomanWithInversion,,LIVE,code,SURVIVES,n/a,a committed ChordAnalysisResult (identity + function + key context),a display string (chord symbol / Roman numeral / Nashville number),"notation render bridge, batch_analyze output, status bar / context menu","empty/sparse identity, Unknown quality, slash bass, enharmonic spelling, chromatic root, symmetric chord",,LIVE display formatter function; analysis-is-display-agnostic separation (#2.3).
src/composing/analysis/chord/chordsymbolformatter.cpp,669,branch,,csfRomanWithInversion,LIVE,code,SURVIVES,n/a,a committed identity's quality/extensions/bass,a display substring for that case,the formatter's output string,the per-case notation convention it encodes,,notation-convention rendering branch.
src/composing/analysis/chord/chordsymbolformatter.cpp,678,branch,,csfRomanWithInversion,LIVE,code,SURVIVES,n/a,a committed identity's quality/extensions/bass,a display substring for that case,the formatter's output string,the per-case notation convention it encodes,,notation-convention rendering branch.
src/composing/analysis/chord/chordsymbolformatter.cpp,683,branch,,csfRomanWithInversion,LIVE,code,SURVIVES,n/a,a committed identity's quality/extensions/bass,a display substring for that case,the formatter's output string,the per-case notation convention it encodes,,notation-convention rendering branch.
src/composing/analysis/chord/chordsymbolformatter.cpp,687,branch,,csfRomanWithInversion,LIVE,code,SURVIVES,n/a,a committed identity's quality/extensions/bass,a display substring for that case,the formatter's output string,the per-case notation convention it encodes,,notation-convention rendering branch.
src/composing/analysis/chord/chordsymbolformatter.cpp,687,literal,3,csfRomanWithInversion,LIVE,constant,ESTABLISHED,n/a,a committed ChordAnalysisResult + key-signature fifths,a display substring,notation render / batch output / status bar,handled per rendering branch,,"music-theory / TPC-encoding / notation-catalog integer (pitch class, scale interval, TPC code, key-fifths threshold, figured-bass index). Not tunable; not in param_manifest."
src/composing/analysis/chord/chordsymbolformatter.cpp,688,branch,,csfRomanWithInversion,LIVE,code,SURVIVES,n/a,a committed identity's quality/extensions/bass,a display substring for that case,the formatter's output string,the per-case notation convention it encodes,,notation-convention rendering branch.
src/composing/analysis/chord/chordsymbolformatter.cpp,691,branch,,csfRomanWithInversion,LIVE,code,SURVIVES,n/a,a committed identity's quality/extensions/bass,a display substring for that case,the formatter's output string,the per-case notation convention it encodes,,notation-convention rendering branch.
src/composing/analysis/chord/chordsymbolformatter.cpp,691,literal,2,csfRomanWithInversion,LIVE,constant,ESTABLISHED,n/a,a committed ChordAnalysisResult + key-signature fifths,a display substring,notation render / batch output / status bar,handled per rendering branch,,"music-theory / TPC-encoding / notation-catalog integer (pitch class, scale interval, TPC code, key-fifths threshold, figured-bass index). Not tunable; not in param_manifest."
src/composing/analysis/chord/chordsymbolformatter.cpp,697,literal,4,csfRomanWithInversion,LIVE,constant,ESTABLISHED,n/a,a committed ChordAnalysisResult + key-signature fifths,a display substring,notation render / batch output / status bar,handled per rendering branch,,"music-theory / TPC-encoding / notation-catalog integer (pitch class, scale interval, TPC code, key-fifths threshold, figured-bass index). Not tunable; not in param_manifest."
src/composing/analysis/chord/chordsymbolformatter.cpp,698,literal,3,csfRomanWithInversion,LIVE,constant,ESTABLISHED,n/a,a committed ChordAnalysisResult + key-signature fifths,a display substring,notation render / batch output / status bar,handled per rendering branch,,"music-theory / TPC-encoding / notation-catalog integer (pitch class, scale interval, TPC code, key-fifths threshold, figured-bass index). Not tunable; not in param_manifest."
src/composing/analysis/chord/chordsymbolformatter.cpp,699,branch,,csfRomanWithInversion,LIVE,code,SURVIVES,n/a,a committed identity's quality/extensions/bass,a display substring for that case,the formatter's output string,the per-case notation convention it encodes,,notation-convention rendering branch.
src/composing/analysis/chord/chordsymbolformatter.cpp,700,literal,2,csfRomanWithInversion,LIVE,constant,ESTABLISHED,n/a,a committed ChordAnalysisResult + key-signature fifths,a display substring,notation render / batch output / status bar,handled per rendering branch,,"music-theory / TPC-encoding / notation-catalog integer (pitch class, scale interval, TPC code, key-fifths threshold, figured-bass index). Not tunable; not in param_manifest."
src/composing/analysis/chord/chordsymbolformatter.cpp,702,branch,,csfRomanWithInversion,LIVE,code,SURVIVES,n/a,a committed identity's quality/extensions/bass,a display substring for that case,the formatter's output string,the per-case notation convention it encodes,,notation-convention rendering branch.
src/composing/analysis/chord/chordsymbolformatter.cpp,715,function,csfIsValidBassNoteName,,LIVE,code,SURVIVES,n/a,a committed ChordAnalysisResult (identity + function + key context),a display string (chord symbol / Roman numeral / Nashville number),"notation render bridge, batch_analyze output, status bar / context menu","empty/sparse identity, Unknown quality, slash bass, enharmonic spelling, chromatic root, symmetric chord",no issue: slash-bass name guard (the /p fix),"csfIsValidBassNoteName guards the slash-bass suffix against invalid TPC-derived names (the '/p' bug, fixed 2026-04-13). Present and correct."
src/composing/analysis/chord/chordsymbolformatter.cpp,717,branch,,csfIsValidBassNoteName,LIVE,code,SURVIVES,n/a,a committed identity's quality/extensions/bass,a display substring for that case,the formatter's output string,the per-case notation convention it encodes,,notation-convention rendering branch.
src/composing/analysis/chord/chordsymbolformatter.cpp,718,branch,,csfIsValidBassNoteName,LIVE,code,SURVIVES,n/a,a committed identity's quality/extensions/bass,a display substring for that case,the formatter's output string,the per-case notation convention it encodes,,notation-convention rendering branch.
src/composing/analysis/chord/chordsymbolformatter.cpp,721,branch,,csfIsValidBassNoteName,LIVE,code,SURVIVES,n/a,a committed identity's quality/extensions/bass,a display substring for that case,the formatter's output string,the per-case notation convention it encodes,,notation-convention rendering branch.
src/composing/analysis/chord/chordsymbolformatter.cpp,722,branch,,csfIsValidBassNoteName,LIVE,code,SURVIVES,n/a,a committed identity's quality/extensions/bass,a display substring for that case,the formatter's output string,the per-case notation convention it encodes,,notation-convention rendering branch.
src/composing/analysis/chord/chordsymbolformatter.cpp,722,literal,3,csfIsValidBassNoteName,LIVE,constant,ESTABLISHED,n/a,a committed ChordAnalysisResult + key-signature fifths,a display substring,notation render / batch output / status bar,handled per rendering branch,,"music-theory / TPC-encoding / notation-catalog integer (pitch class, scale interval, TPC code, key-fifths threshold, figured-bass index). Not tunable; not in param_manifest."
src/composing/analysis/chord/chordsymbolformatter.cpp,727,function,formatSymbol,,LIVE,code,SURVIVES,n/a,a committed ChordAnalysisResult (identity + function + key context),a display string (chord symbol / Roman numeral / Nashville number),"notation render bridge, batch_analyze output, status bar / context menu","empty/sparse identity, Unknown quality, slash bass, enharmonic spelling, chromatic root, symmetric chord",,LIVE display formatter function; analysis-is-display-agnostic separation (#2.3).
src/composing/analysis/chord/chordsymbolformatter.cpp,733,branch,,formatSymbol,LIVE,code,SURVIVES,n/a,a committed identity's quality/extensions/bass,a display substring for that case,the formatter's output string,the per-case notation convention it encodes,,notation-convention rendering branch.
src/composing/analysis/chord/chordsymbolformatter.cpp,736,branch,,formatSymbol,LIVE,code,SURVIVES,n/a,a committed identity's quality/extensions/bass,a display substring for that case,the formatter's output string,the per-case notation convention it encodes,,notation-convention rendering branch.
src/composing/analysis/chord/chordsymbolformatter.cpp,737,branch,,formatSymbol,LIVE,code,SURVIVES,n/a,a committed identity's quality/extensions/bass,a display substring for that case,the formatter's output string,the per-case notation convention it encodes,,notation-convention rendering branch.
src/composing/analysis/chord/chordsymbolformatter.cpp,738,literal,12,formatSymbol,LIVE,constant,ESTABLISHED,n/a,a committed ChordAnalysisResult + key-signature fifths,a display substring,notation render / batch output / status bar,handled per rendering branch,,"music-theory / TPC-encoding / notation-catalog integer (pitch class, scale interval, TPC code, key-fifths threshold, figured-bass index). Not tunable; not in param_manifest."
src/composing/analysis/chord/chordsymbolformatter.cpp,740,branch,,formatSymbol,LIVE,code,SURVIVES,n/a,a committed identity's quality/extensions/bass,a display substring for that case,the formatter's output string,the per-case notation convention it encodes,,notation-convention rendering branch.
src/composing/analysis/chord/chordsymbolformatter.cpp,769,branch,,formatSymbol,LIVE,code,SURVIVES,n/a,a committed identity's quality/extensions/bass,a display substring for that case,the formatter's output string,the per-case notation convention it encodes,,notation-convention rendering branch.
src/composing/analysis/chord/chordsymbolformatter.cpp,773,branch,,formatSymbol,LIVE,code,SURVIVES,n/a,a committed identity's quality/extensions/bass,a display substring for that case,the formatter's output string,the per-case notation convention it encodes,,notation-convention rendering branch.
src/composing/analysis/chord/chordsymbolformatter.cpp,774,literal,12,formatSymbol,LIVE,constant,ESTABLISHED,n/a,a committed ChordAnalysisResult + key-signature fifths,a display substring,notation render / batch output / status bar,handled per rendering branch,,"music-theory / TPC-encoding / notation-catalog integer (pitch class, scale interval, TPC code, key-fifths threshold, figured-bass index). Not tunable; not in param_manifest."
src/composing/analysis/chord/chordsymbolformatter.cpp,776,branch,,formatSymbol,LIVE,code,SURVIVES,n/a,a committed identity's quality/extensions/bass,a display substring for that case,the formatter's output string,the per-case notation convention it encodes,,notation-convention rendering branch.
src/composing/analysis/chord/chordsymbolformatter.cpp,788,literal,7,<file-scope>,LIVE,constant,ESTABLISHED,n/a,a committed ChordAnalysisResult + key-signature fifths,a display substring,notation render / batch output / status bar,handled per rendering branch,FINDING duplication (#6): diatonic scale-interval table (csfTonicizationScales),Second in-file copy of the 457-465 scale table; also duplicates the shared keyModeScaleIntervals.
src/composing/analysis/chord/chordsymbolformatter.cpp,788,literal,7,<file-scope>,LIVE,constant,ESTABLISHED,n/a,a committed ChordAnalysisResult + key-signature fifths,a display substring,notation render / batch output / status bar,handled per rendering branch,,Second in-file copy of the 457-465 scale table; also duplicates the shared keyModeScaleIntervals.
src/composing/analysis/chord/chordsymbolformatter.cpp,789,literal,2,<file-scope>,LIVE,constant,ESTABLISHED,n/a,a committed ChordAnalysisResult + key-signature fifths,a display substring,notation render / batch output / status bar,handled per rendering branch,,Second in-file copy of the 457-465 scale table; also duplicates the shared keyModeScaleIntervals.
src/composing/analysis/chord/chordsymbolformatter.cpp,789,literal,4,<file-scope>,LIVE,constant,ESTABLISHED,n/a,a committed ChordAnalysisResult + key-signature fifths,a display substring,notation render / batch output / status bar,handled per rendering branch,,Second in-file copy of the 457-465 scale table; also duplicates the shared keyModeScaleIntervals.
src/composing/analysis/chord/chordsymbolformatter.cpp,789,literal,5,<file-scope>,LIVE,constant,ESTABLISHED,n/a,a committed ChordAnalysisResult + key-signature fifths,a display substring,notation render / batch output / status bar,handled per rendering branch,,Second in-file copy of the 457-465 scale table; also duplicates the shared keyModeScaleIntervals.
src/composing/analysis/chord/chordsymbolformatter.cpp,789,literal,7,<file-scope>,LIVE,constant,ESTABLISHED,n/a,a committed ChordAnalysisResult + key-signature fifths,a display substring,notation render / batch output / status bar,handled per rendering branch,,Second in-file copy of the 457-465 scale table; also duplicates the shared keyModeScaleIntervals.
src/composing/analysis/chord/chordsymbolformatter.cpp,789,literal,9,<file-scope>,LIVE,constant,ESTABLISHED,n/a,a committed ChordAnalysisResult + key-signature fifths,a display substring,notation render / batch output / status bar,handled per rendering branch,,Second in-file copy of the 457-465 scale table; also duplicates the shared keyModeScaleIntervals.
src/composing/analysis/chord/chordsymbolformatter.cpp,789,literal,11,<file-scope>,LIVE,constant,ESTABLISHED,n/a,a committed ChordAnalysisResult + key-signature fifths,a display substring,notation render / batch output / status bar,handled per rendering branch,,Second in-file copy of the 457-465 scale table; also duplicates the shared keyModeScaleIntervals.
src/composing/analysis/chord/chordsymbolformatter.cpp,790,literal,2,<file-scope>,LIVE,constant,ESTABLISHED,n/a,a committed ChordAnalysisResult + key-signature fifths,a display substring,notation render / batch output / status bar,handled per rendering branch,,Second in-file copy of the 457-465 scale table; also duplicates the shared keyModeScaleIntervals.
src/composing/analysis/chord/chordsymbolformatter.cpp,790,literal,3,<file-scope>,LIVE,constant,ESTABLISHED,n/a,a committed ChordAnalysisResult + key-signature fifths,a display substring,notation render / batch output / status bar,handled per rendering branch,,Second in-file copy of the 457-465 scale table; also duplicates the shared keyModeScaleIntervals.
src/composing/analysis/chord/chordsymbolformatter.cpp,790,literal,5,<file-scope>,LIVE,constant,ESTABLISHED,n/a,a committed ChordAnalysisResult + key-signature fifths,a display substring,notation render / batch output / status bar,handled per rendering branch,,Second in-file copy of the 457-465 scale table; also duplicates the shared keyModeScaleIntervals.
src/composing/analysis/chord/chordsymbolformatter.cpp,790,literal,7,<file-scope>,LIVE,constant,ESTABLISHED,n/a,a committed ChordAnalysisResult + key-signature fifths,a display substring,notation render / batch output / status bar,handled per rendering branch,,Second in-file copy of the 457-465 scale table; also duplicates the shared keyModeScaleIntervals.
src/composing/analysis/chord/chordsymbolformatter.cpp,790,literal,9,<file-scope>,LIVE,constant,ESTABLISHED,n/a,a committed ChordAnalysisResult + key-signature fifths,a display substring,notation render / batch output / status bar,handled per rendering branch,,Second in-file copy of the 457-465 scale table; also duplicates the shared keyModeScaleIntervals.
src/composing/analysis/chord/chordsymbolformatter.cpp,790,literal,10,<file-scope>,LIVE,constant,ESTABLISHED,n/a,a committed ChordAnalysisResult + key-signature fifths,a display substring,notation render / batch output / status bar,handled per rendering branch,,Second in-file copy of the 457-465 scale table; also duplicates the shared keyModeScaleIntervals.
src/composing/analysis/chord/chordsymbolformatter.cpp,791,literal,3,<file-scope>,LIVE,constant,ESTABLISHED,n/a,a committed ChordAnalysisResult + key-signature fifths,a display substring,notation render / batch output / status bar,handled per rendering branch,,Second in-file copy of the 457-465 scale table; also duplicates the shared keyModeScaleIntervals.
src/composing/analysis/chord/chordsymbolformatter.cpp,791,literal,5,<file-scope>,LIVE,constant,ESTABLISHED,n/a,a committed ChordAnalysisResult + key-signature fifths,a display substring,notation render / batch output / status bar,handled per rendering branch,,Second in-file copy of the 457-465 scale table; also duplicates the shared keyModeScaleIntervals.
src/composing/analysis/chord/chordsymbolformatter.cpp,791,literal,7,<file-scope>,LIVE,constant,ESTABLISHED,n/a,a committed ChordAnalysisResult + key-signature fifths,a display substring,notation render / batch output / status bar,handled per rendering branch,,Second in-file copy of the 457-465 scale table; also duplicates the shared keyModeScaleIntervals.
src/composing/analysis/chord/chordsymbolformatter.cpp,791,literal,8,<file-scope>,LIVE,constant,ESTABLISHED,n/a,a committed ChordAnalysisResult + key-signature fifths,a display substring,notation render / batch output / status bar,handled per rendering branch,,Second in-file copy of the 457-465 scale table; also duplicates the shared keyModeScaleIntervals.
src/composing/analysis/chord/chordsymbolformatter.cpp,791,literal,10,<file-scope>,LIVE,constant,ESTABLISHED,n/a,a committed ChordAnalysisResult + key-signature fifths,a display substring,notation render / batch output / status bar,handled per rendering branch,,Second in-file copy of the 457-465 scale table; also duplicates the shared keyModeScaleIntervals.
src/composing/analysis/chord/chordsymbolformatter.cpp,792,literal,2,<file-scope>,LIVE,constant,ESTABLISHED,n/a,a committed ChordAnalysisResult + key-signature fifths,a display substring,notation render / batch output / status bar,handled per rendering branch,,Second in-file copy of the 457-465 scale table; also duplicates the shared keyModeScaleIntervals.
src/composing/analysis/chord/chordsymbolformatter.cpp,792,literal,4,<file-scope>,LIVE,constant,ESTABLISHED,n/a,a committed ChordAnalysisResult + key-signature fifths,a display substring,notation render / batch output / status bar,handled per rendering branch,,Second in-file copy of the 457-465 scale table; also duplicates the shared keyModeScaleIntervals.
src/composing/analysis/chord/chordsymbolformatter.cpp,792,literal,6,<file-scope>,LIVE,constant,ESTABLISHED,n/a,a committed ChordAnalysisResult + key-signature fifths,a display substring,notation render / batch output / status bar,handled per rendering branch,,Second in-file copy of the 457-465 scale table; also duplicates the shared keyModeScaleIntervals.
src/composing/analysis/chord/chordsymbolformatter.cpp,792,literal,7,<file-scope>,LIVE,constant,ESTABLISHED,n/a,a committed ChordAnalysisResult + key-signature fifths,a display substring,notation render / batch output / status bar,handled per rendering branch,,Second in-file copy of the 457-465 scale table; also duplicates the shared keyModeScaleIntervals.
src/composing/analysis/chord/chordsymbolformatter.cpp,792,literal,9,<file-scope>,LIVE,constant,ESTABLISHED,n/a,a committed ChordAnalysisResult + key-signature fifths,a display substring,notation render / batch output / status bar,handled per rendering branch,,Second in-file copy of the 457-465 scale table; also duplicates the shared keyModeScaleIntervals.
src/composing/analysis/chord/chordsymbolformatter.cpp,792,literal,11,<file-scope>,LIVE,constant,ESTABLISHED,n/a,a committed ChordAnalysisResult + key-signature fifths,a display substring,notation render / batch output / status bar,handled per rendering branch,,Second in-file copy of the 457-465 scale table; also duplicates the shared keyModeScaleIntervals.
src/composing/analysis/chord/chordsymbolformatter.cpp,793,literal,2,<file-scope>,LIVE,constant,ESTABLISHED,n/a,a committed ChordAnalysisResult + key-signature fifths,a display substring,notation render / batch output / status bar,handled per rendering branch,,Second in-file copy of the 457-465 scale table; also duplicates the shared keyModeScaleIntervals.
src/composing/analysis/chord/chordsymbolformatter.cpp,793,literal,4,<file-scope>,LIVE,constant,ESTABLISHED,n/a,a committed ChordAnalysisResult + key-signature fifths,a display substring,notation render / batch output / status bar,handled per rendering branch,,Second in-file copy of the 457-465 scale table; also duplicates the shared keyModeScaleIntervals.
src/composing/analysis/chord/chordsymbolformatter.cpp,793,literal,5,<file-scope>,LIVE,constant,ESTABLISHED,n/a,a committed ChordAnalysisResult + key-signature fifths,a display substring,notation render / batch output / status bar,handled per rendering branch,,Second in-file copy of the 457-465 scale table; also duplicates the shared keyModeScaleIntervals.
src/composing/analysis/chord/chordsymbolformatter.cpp,793,literal,7,<file-scope>,LIVE,constant,ESTABLISHED,n/a,a committed ChordAnalysisResult + key-signature fifths,a display substring,notation render / batch output / status bar,handled per rendering branch,,Second in-file copy of the 457-465 scale table; also duplicates the shared keyModeScaleIntervals.
src/composing/analysis/chord/chordsymbolformatter.cpp,793,literal,9,<file-scope>,LIVE,constant,ESTABLISHED,n/a,a committed ChordAnalysisResult + key-signature fifths,a display substring,notation render / batch output / status bar,handled per rendering branch,,Second in-file copy of the 457-465 scale table; also duplicates the shared keyModeScaleIntervals.
src/composing/analysis/chord/chordsymbolformatter.cpp,793,literal,10,<file-scope>,LIVE,constant,ESTABLISHED,n/a,a committed ChordAnalysisResult + key-signature fifths,a display substring,notation render / batch output / status bar,handled per rendering branch,,Second in-file copy of the 457-465 scale table; also duplicates the shared keyModeScaleIntervals.
src/composing/analysis/chord/chordsymbolformatter.cpp,794,literal,2,<file-scope>,LIVE,constant,ESTABLISHED,n/a,a committed ChordAnalysisResult + key-signature fifths,a display substring,notation render / batch output / status bar,handled per rendering branch,,Second in-file copy of the 457-465 scale table; also duplicates the shared keyModeScaleIntervals.
src/composing/analysis/chord/chordsymbolformatter.cpp,794,literal,3,<file-scope>,LIVE,constant,ESTABLISHED,n/a,a committed ChordAnalysisResult + key-signature fifths,a display substring,notation render / batch output / status bar,handled per rendering branch,,Second in-file copy of the 457-465 scale table; also duplicates the shared keyModeScaleIntervals.
src/composing/analysis/chord/chordsymbolformatter.cpp,794,literal,5,<file-scope>,LIVE,constant,ESTABLISHED,n/a,a committed ChordAnalysisResult + key-signature fifths,a display substring,notation render / batch output / status bar,handled per rendering branch,,Second in-file copy of the 457-465 scale table; also duplicates the shared keyModeScaleIntervals.
src/composing/analysis/chord/chordsymbolformatter.cpp,794,literal,7,<file-scope>,LIVE,constant,ESTABLISHED,n/a,a committed ChordAnalysisResult + key-signature fifths,a display substring,notation render / batch output / status bar,handled per rendering branch,,Second in-file copy of the 457-465 scale table; also duplicates the shared keyModeScaleIntervals.
src/composing/analysis/chord/chordsymbolformatter.cpp,794,literal,8,<file-scope>,LIVE,constant,ESTABLISHED,n/a,a committed ChordAnalysisResult + key-signature fifths,a display substring,notation render / batch output / status bar,handled per rendering branch,,Second in-file copy of the 457-465 scale table; also duplicates the shared keyModeScaleIntervals.
src/composing/analysis/chord/chordsymbolformatter.cpp,794,literal,10,<file-scope>,LIVE,constant,ESTABLISHED,n/a,a committed ChordAnalysisResult + key-signature fifths,a display substring,notation render / batch output / status bar,handled per rendering branch,,Second in-file copy of the 457-465 scale table; also duplicates the shared keyModeScaleIntervals.
src/composing/analysis/chord/chordsymbolformatter.cpp,795,literal,3,<file-scope>,LIVE,constant,ESTABLISHED,n/a,a committed ChordAnalysisResult + key-signature fifths,a display substring,notation render / batch output / status bar,handled per rendering branch,,Second in-file copy of the 457-465 scale table; also duplicates the shared keyModeScaleIntervals.
src/composing/analysis/chord/chordsymbolformatter.cpp,795,literal,5,<file-scope>,LIVE,constant,ESTABLISHED,n/a,a committed ChordAnalysisResult + key-signature fifths,a display substring,notation render / batch output / status bar,handled per rendering branch,,Second in-file copy of the 457-465 scale table; also duplicates the shared keyModeScaleIntervals.
src/composing/analysis/chord/chordsymbolformatter.cpp,795,literal,6,<file-scope>,LIVE,constant,ESTABLISHED,n/a,a committed ChordAnalysisResult + key-signature fifths,a display substring,notation render / batch output / status bar,handled per rendering branch,,Second in-file copy of the 457-465 scale table; also duplicates the shared keyModeScaleIntervals.
src/composing/analysis/chord/chordsymbolformatter.cpp,795,literal,8,<file-scope>,LIVE,constant,ESTABLISHED,n/a,a committed ChordAnalysisResult + key-signature fifths,a display substring,notation render / batch output / status bar,handled per rendering branch,,Second in-file copy of the 457-465 scale table; also duplicates the shared keyModeScaleIntervals.
src/composing/analysis/chord/chordsymbolformatter.cpp,795,literal,10,<file-scope>,LIVE,constant,ESTABLISHED,n/a,a committed ChordAnalysisResult + key-signature fifths,a display substring,notation render / batch output / status bar,handled per rendering branch,,Second in-file copy of the 457-465 scale table; also duplicates the shared keyModeScaleIntervals.
src/composing/analysis/chord/chordsymbolformatter.cpp,799,literal,21,<file-scope>,LIVE,constant,ESTABLISHED,n/a,a committed ChordAnalysisResult + key-signature fifths,a display substring,notation render / batch output / status bar,handled per rendering branch,FINDING duplication (#6): KeySigMode->diatonic-parent mapping (csfTonicizationParent),Byte-identical to CHR_DIATONIC_PARENT declared inside formatRomanNumeral (840-844). Two copies of the same 21-entry mode->parent table.
src/composing/analysis/chord/chordsymbolformatter.cpp,800,literal,2,<file-scope>,LIVE,constant,ESTABLISHED,n/a,a committed ChordAnalysisResult + key-signature fifths,a display substring,notation render / batch output / status bar,handled per rendering branch,,Byte-identical to CHR_DIATONIC_PARENT declared inside formatRomanNumeral (840-844). Two copies of the same 21-entry mode->parent table.
src/composing/analysis/chord/chordsymbolformatter.cpp,800,literal,3,<file-scope>,LIVE,constant,ESTABLISHED,n/a,a committed ChordAnalysisResult + key-signature fifths,a display substring,notation render / batch output / status bar,handled per rendering branch,,Byte-identical to CHR_DIATONIC_PARENT declared inside formatRomanNumeral (840-844). Two copies of the same 21-entry mode->parent table.
src/composing/analysis/chord/chordsymbolformatter.cpp,800,literal,4,<file-scope>,LIVE,constant,ESTABLISHED,n/a,a committed ChordAnalysisResult + key-signature fifths,a display substring,notation render / batch output / status bar,handled per rendering branch,,Byte-identical to CHR_DIATONIC_PARENT declared inside formatRomanNumeral (840-844). Two copies of the same 21-entry mode->parent table.
src/composing/analysis/chord/chordsymbolformatter.cpp,800,literal,5,<file-scope>,LIVE,constant,ESTABLISHED,n/a,a committed ChordAnalysisResult + key-signature fifths,a display substring,notation render / batch output / status bar,handled per rendering branch,,Byte-identical to CHR_DIATONIC_PARENT declared inside formatRomanNumeral (840-844). Two copies of the same 21-entry mode->parent table.
src/composing/analysis/chord/chordsymbolformatter.cpp,800,literal,6,<file-scope>,LIVE,constant,ESTABLISHED,n/a,a committed ChordAnalysisResult + key-signature fifths,a display substring,notation render / batch output / status bar,handled per rendering branch,,Byte-identical to CHR_DIATONIC_PARENT declared inside formatRomanNumeral (840-844). Two copies of the same 21-entry mode->parent table.
src/composing/analysis/chord/chordsymbolformatter.cpp,801,literal,2,<file-scope>,LIVE,constant,ESTABLISHED,n/a,a committed ChordAnalysisResult + key-signature fifths,a display substring,notation render / batch output / status bar,handled per rendering branch,,Byte-identical to CHR_DIATONIC_PARENT declared inside formatRomanNumeral (840-844). Two copies of the same 21-entry mode->parent table.
src/composing/analysis/chord/chordsymbolformatter.cpp,801,literal,3,<file-scope>,LIVE,constant,ESTABLISHED,n/a,a committed ChordAnalysisResult + key-signature fifths,a display substring,notation render / batch output / status bar,handled per rendering branch,,Byte-identical to CHR_DIATONIC_PARENT declared inside formatRomanNumeral (840-844). Two copies of the same 21-entry mode->parent table.
src/composing/analysis/chord/chordsymbolformatter.cpp,801,literal,4,<file-scope>,LIVE,constant,ESTABLISHED,n/a,a committed ChordAnalysisResult + key-signature fifths,a display substring,notation render / batch output / status bar,handled per rendering branch,,Byte-identical to CHR_DIATONIC_PARENT declared inside formatRomanNumeral (840-844). Two copies of the same 21-entry mode->parent table.
src/composing/analysis/chord/chordsymbolformatter.cpp,801,literal,5,<file-scope>,LIVE,constant,ESTABLISHED,n/a,a committed ChordAnalysisResult + key-signature fifths,a display substring,notation render / batch output / status bar,handled per rendering branch,,Byte-identical to CHR_DIATONIC_PARENT declared inside formatRomanNumeral (840-844). Two copies of the same 21-entry mode->parent table.
src/composing/analysis/chord/chordsymbolformatter.cpp,801,literal,6,<file-scope>,LIVE,constant,ESTABLISHED,n/a,a committed ChordAnalysisResult + key-signature fifths,a display substring,notation render / batch output / status bar,handled per rendering branch,,Byte-identical to CHR_DIATONIC_PARENT declared inside formatRomanNumeral (840-844). Two copies of the same 21-entry mode->parent table.
src/composing/analysis/chord/chordsymbolformatter.cpp,802,literal,5,<file-scope>,LIVE,constant,ESTABLISHED,n/a,a committed ChordAnalysisResult + key-signature fifths,a display substring,notation render / batch output / status bar,handled per rendering branch,,Byte-identical to CHR_DIATONIC_PARENT declared inside formatRomanNumeral (840-844). Two copies of the same 21-entry mode->parent table.
src/composing/analysis/chord/chordsymbolformatter.cpp,802,literal,6,<file-scope>,LIVE,constant,ESTABLISHED,n/a,a committed ChordAnalysisResult + key-signature fifths,a display substring,notation render / batch output / status bar,handled per rendering branch,,Byte-identical to CHR_DIATONIC_PARENT declared inside formatRomanNumeral (840-844). Two copies of the same 21-entry mode->parent table.
src/composing/analysis/chord/chordsymbolformatter.cpp,802,literal,2,<file-scope>,LIVE,constant,ESTABLISHED,n/a,a committed ChordAnalysisResult + key-signature fifths,a display substring,notation render / batch output / status bar,handled per rendering branch,,Byte-identical to CHR_DIATONIC_PARENT declared inside formatRomanNumeral (840-844). Two copies of the same 21-entry mode->parent table.
src/composing/analysis/chord/chordsymbolformatter.cpp,802,literal,3,<file-scope>,LIVE,constant,ESTABLISHED,n/a,a committed ChordAnalysisResult + key-signature fifths,a display substring,notation render / batch output / status bar,handled per rendering branch,,Byte-identical to CHR_DIATONIC_PARENT declared inside formatRomanNumeral (840-844). Two copies of the same 21-entry mode->parent table.
src/composing/analysis/chord/chordsymbolformatter.cpp,802,literal,4,<file-scope>,LIVE,constant,ESTABLISHED,n/a,a committed ChordAnalysisResult + key-signature fifths,a display substring,notation render / batch output / status bar,handled per rendering branch,,Byte-identical to CHR_DIATONIC_PARENT declared inside formatRomanNumeral (840-844). Two copies of the same 21-entry mode->parent table.
src/composing/analysis/chord/chordsymbolformatter.cpp,807,function,csfDiatonicDegreeForPc,,LIVE,code,SURVIVES,n/a,a committed ChordAnalysisResult (identity + function + key context),a display string (chord symbol / Roman numeral / Nashville number),"notation render bridge, batch_analyze output, status bar / context menu","empty/sparse identity, Unknown quality, slash bass, enharmonic spelling, chromatic root, symmetric chord",,LIVE display formatter function; analysis-is-display-agnostic separation (#2.3).
src/composing/analysis/chord/chordsymbolformatter.cpp,807,literal,7,csfDiatonicDegreeForPc,LIVE,constant,ESTABLISHED,n/a,a committed ChordAnalysisResult + key-signature fifths,a display substring,notation render / batch output / status bar,handled per rendering branch,,"music-theory / TPC-encoding / notation-catalog integer (pitch class, scale interval, TPC code, key-fifths threshold, figured-bass index). Not tunable; not in param_manifest."
src/composing/analysis/chord/chordsymbolformatter.cpp,809,literal,12,csfDiatonicDegreeForPc,LIVE,constant,ESTABLISHED,n/a,a committed ChordAnalysisResult + key-signature fifths,a display substring,notation render / batch output / status bar,handled per rendering branch,,"music-theory / TPC-encoding / notation-catalog integer (pitch class, scale interval, TPC code, key-fifths threshold, figured-bass index). Not tunable; not in param_manifest."
src/composing/analysis/chord/chordsymbolformatter.cpp,809,literal,12,csfDiatonicDegreeForPc,LIVE,constant,ESTABLISHED,n/a,a committed ChordAnalysisResult + key-signature fifths,a display substring,notation render / batch output / status bar,handled per rendering branch,,"music-theory / TPC-encoding / notation-catalog integer (pitch class, scale interval, TPC code, key-fifths threshold, figured-bass index). Not tunable; not in param_manifest."
src/composing/analysis/chord/chordsymbolformatter.cpp,810,literal,7,csfDiatonicDegreeForPc,LIVE,constant,ESTABLISHED,n/a,a committed ChordAnalysisResult + key-signature fifths,a display substring,notation render / batch output / status bar,handled per rendering branch,,"music-theory / TPC-encoding / notation-catalog integer (pitch class, scale interval, TPC code, key-fifths threshold, figured-bass index). Not tunable; not in param_manifest."
src/composing/analysis/chord/chordsymbolformatter.cpp,811,branch,,csfDiatonicDegreeForPc,LIVE,code,SURVIVES,n/a,a committed identity's quality/extensions/bass,a display substring for that case,the formatter's output string,the per-case notation convention it encodes,,notation-convention rendering branch.
src/composing/analysis/chord/chordsymbolformatter.cpp,820,function,csfIsDegreeMajorThird,,LIVE,code,SURVIVES,n/a,a committed ChordAnalysisResult (identity + function + key context),a display string (chord symbol / Roman numeral / Nashville number),"notation render bridge, batch_analyze output, status bar / context menu","empty/sparse identity, Unknown quality, slash bass, enharmonic spelling, chromatic root, symmetric chord",,LIVE display formatter function; analysis-is-display-agnostic separation (#2.3).
src/composing/analysis/chord/chordsymbolformatter.cpp,820,literal,7,csfIsDegreeMajorThird,LIVE,constant,ESTABLISHED,n/a,a committed ChordAnalysisResult + key-signature fifths,a display substring,notation render / batch output / status bar,handled per rendering branch,,"music-theory / TPC-encoding / notation-catalog integer (pitch class, scale interval, TPC code, key-fifths threshold, figured-bass index). Not tunable; not in param_manifest."
src/composing/analysis/chord/chordsymbolformatter.cpp,823,literal,2,csfIsDegreeMajorThird,LIVE,constant,ESTABLISHED,n/a,a committed ChordAnalysisResult + key-signature fifths,a display substring,notation render / batch output / status bar,handled per rendering branch,,"music-theory / TPC-encoding / notation-catalog integer (pitch class, scale interval, TPC code, key-fifths threshold, figured-bass index). Not tunable; not in param_manifest."
src/composing/analysis/chord/chordsymbolformatter.cpp,823,literal,7,csfIsDegreeMajorThird,LIVE,constant,ESTABLISHED,n/a,a committed ChordAnalysisResult + key-signature fifths,a display substring,notation render / batch output / status bar,handled per rendering branch,,"music-theory / TPC-encoding / notation-catalog integer (pitch class, scale interval, TPC code, key-fifths threshold, figured-bass index). Not tunable; not in param_manifest."
src/composing/analysis/chord/chordsymbolformatter.cpp,824,literal,12,csfIsDegreeMajorThird,LIVE,constant,ESTABLISHED,n/a,a committed ChordAnalysisResult + key-signature fifths,a display substring,notation render / batch output / status bar,handled per rendering branch,,"music-theory / TPC-encoding / notation-catalog integer (pitch class, scale interval, TPC code, key-fifths threshold, figured-bass index). Not tunable; not in param_manifest."
src/composing/analysis/chord/chordsymbolformatter.cpp,824,literal,12,csfIsDegreeMajorThird,LIVE,constant,ESTABLISHED,n/a,a committed ChordAnalysisResult + key-signature fifths,a display substring,notation render / batch output / status bar,handled per rendering branch,,"music-theory / TPC-encoding / notation-catalog integer (pitch class, scale interval, TPC code, key-fifths threshold, figured-bass index). Not tunable; not in param_manifest."
src/composing/analysis/chord/chordsymbolformatter.cpp,824,literal,4,csfIsDegreeMajorThird,LIVE,constant,ESTABLISHED,n/a,a committed ChordAnalysisResult + key-signature fifths,a display substring,notation render / batch output / status bar,handled per rendering branch,,"music-theory / TPC-encoding / notation-catalog integer (pitch class, scale interval, TPC code, key-fifths threshold, figured-bass index). Not tunable; not in param_manifest."
src/composing/analysis/chord/chordsymbolformatter.cpp,827,function,formatRomanNumeral,,LIVE,code,SURVIVES,n/a,a committed ChordAnalysisResult (identity + function + key context),a display string (chord symbol / Roman numeral / Nashville number),"notation render bridge, batch_analyze output, status bar / context menu","empty/sparse identity, Unknown quality, slash bass, enharmonic spelling, chromatic root, symmetric chord",,LIVE display formatter function; analysis-is-display-agnostic separation (#2.3).
src/composing/analysis/chord/chordsymbolformatter.cpp,831,branch,,formatRomanNumeral,LIVE,code,SURVIVES,n/a,a committed identity's quality/extensions/bass,a display substring for that case,the formatter's output string,the per-case notation convention it encodes,,notation-convention rendering branch.
src/composing/analysis/chord/chordsymbolformatter.cpp,837,literal,12,formatRomanNumeral,LIVE,constant,ESTABLISHED,n/a,a committed ChordAnalysisResult + key-signature fifths,a display substring,notation render / batch output / status bar,handled per rendering branch,,"music-theory / TPC-encoding / notation-catalog integer (pitch class, scale interval, TPC code, key-fifths threshold, figured-bass index). Not tunable; not in param_manifest."
src/composing/analysis/chord/chordsymbolformatter.cpp,837,literal,12,formatRomanNumeral,LIVE,constant,ESTABLISHED,n/a,a committed ChordAnalysisResult + key-signature fifths,a display substring,notation render / batch output / status bar,handled per rendering branch,,"music-theory / TPC-encoding / notation-catalog integer (pitch class, scale interval, TPC code, key-fifths threshold, figured-bass index). Not tunable; not in param_manifest."
src/composing/analysis/chord/chordsymbolformatter.cpp,840,literal,21,formatRomanNumeral,LIVE,constant,ESTABLISHED,n/a,a committed ChordAnalysisResult + key-signature fifths,a display substring,notation render / batch output / status bar,handled per rendering branch,FINDING duplication (#6): KeySigMode->diatonic-parent mapping (CHR_DIATONIC_PARENT),Byte-identical to csfTonicizationParent (799-803).
src/composing/analysis/chord/chordsymbolformatter.cpp,841,literal,2,formatRomanNumeral,LIVE,constant,ESTABLISHED,n/a,a committed ChordAnalysisResult + key-signature fifths,a display substring,notation render / batch output / status bar,handled per rendering branch,,Byte-identical to csfTonicizationParent (799-803).
src/composing/analysis/chord/chordsymbolformatter.cpp,841,literal,3,formatRomanNumeral,LIVE,constant,ESTABLISHED,n/a,a committed ChordAnalysisResult + key-signature fifths,a display substring,notation render / batch output / status bar,handled per rendering branch,,Byte-identical to csfTonicizationParent (799-803).
src/composing/analysis/chord/chordsymbolformatter.cpp,841,literal,4,formatRomanNumeral,LIVE,constant,ESTABLISHED,n/a,a committed ChordAnalysisResult + key-signature fifths,a display substring,notation render / batch output / status bar,handled per rendering branch,,Byte-identical to csfTonicizationParent (799-803).
src/composing/analysis/chord/chordsymbolformatter.cpp,841,literal,5,formatRomanNumeral,LIVE,constant,ESTABLISHED,n/a,a committed ChordAnalysisResult + key-signature fifths,a display substring,notation render / batch output / status bar,handled per rendering branch,,Byte-identical to csfTonicizationParent (799-803).
src/composing/analysis/chord/chordsymbolformatter.cpp,841,literal,6,formatRomanNumeral,LIVE,constant,ESTABLISHED,n/a,a committed ChordAnalysisResult + key-signature fifths,a display substring,notation render / batch output / status bar,handled per rendering branch,,Byte-identical to csfTonicizationParent (799-803).
src/composing/analysis/chord/chordsymbolformatter.cpp,842,literal,2,formatRomanNumeral,LIVE,constant,ESTABLISHED,n/a,a committed ChordAnalysisResult + key-signature fifths,a display substring,notation render / batch output / status bar,handled per rendering branch,,Byte-identical to csfTonicizationParent (799-803).
src/composing/analysis/chord/chordsymbolformatter.cpp,842,literal,3,formatRomanNumeral,LIVE,constant,ESTABLISHED,n/a,a committed ChordAnalysisResult + key-signature fifths,a display substring,notation render / batch output / status bar,handled per rendering branch,,Byte-identical to csfTonicizationParent (799-803).
src/composing/analysis/chord/chordsymbolformatter.cpp,842,literal,4,formatRomanNumeral,LIVE,constant,ESTABLISHED,n/a,a committed ChordAnalysisResult + key-signature fifths,a display substring,notation render / batch output / status bar,handled per rendering branch,,Byte-identical to csfTonicizationParent (799-803).
src/composing/analysis/chord/chordsymbolformatter.cpp,842,literal,5,formatRomanNumeral,LIVE,constant,ESTABLISHED,n/a,a committed ChordAnalysisResult + key-signature fifths,a display substring,notation render / batch output / status bar,handled per rendering branch,,Byte-identical to csfTonicizationParent (799-803).
src/composing/analysis/chord/chordsymbolformatter.cpp,842,literal,6,formatRomanNumeral,LIVE,constant,ESTABLISHED,n/a,a committed ChordAnalysisResult + key-signature fifths,a display substring,notation render / batch output / status bar,handled per rendering branch,,Byte-identical to csfTonicizationParent (799-803).
src/composing/analysis/chord/chordsymbolformatter.cpp,843,literal,5,formatRomanNumeral,LIVE,constant,ESTABLISHED,n/a,a committed ChordAnalysisResult + key-signature fifths,a display substring,notation render / batch output / status bar,handled per rendering branch,,Byte-identical to csfTonicizationParent (799-803).
src/composing/analysis/chord/chordsymbolformatter.cpp,843,literal,6,formatRomanNumeral,LIVE,constant,ESTABLISHED,n/a,a committed ChordAnalysisResult + key-signature fifths,a display substring,notation render / batch output / status bar,handled per rendering branch,,Byte-identical to csfTonicizationParent (799-803).
src/composing/analysis/chord/chordsymbolformatter.cpp,843,literal,2,formatRomanNumeral,LIVE,constant,ESTABLISHED,n/a,a committed ChordAnalysisResult + key-signature fifths,a display substring,notation render / batch output / status bar,handled per rendering branch,,Byte-identical to csfTonicizationParent (799-803).
src/composing/analysis/chord/chordsymbolformatter.cpp,843,literal,3,formatRomanNumeral,LIVE,constant,ESTABLISHED,n/a,a committed ChordAnalysisResult + key-signature fifths,a display substring,notation render / batch output / status bar,handled per rendering branch,,Byte-identical to csfTonicizationParent (799-803).
src/composing/analysis/chord/chordsymbolformatter.cpp,843,literal,4,formatRomanNumeral,LIVE,constant,ESTABLISHED,n/a,a committed ChordAnalysisResult + key-signature fifths,a display substring,notation render / batch output / status bar,handled per rendering branch,,Byte-identical to csfTonicizationParent (799-803).
src/composing/analysis/chord/chordsymbolformatter.cpp,847,branch,,formatRomanNumeral,LIVE,code,SURVIVES,n/a,a committed identity's quality/extensions/bass,a display substring for that case,the formatter's output string,the per-case notation convention it encodes,,notation-convention rendering branch.
src/composing/analysis/chord/chordsymbolformatter.cpp,856,branch,,formatRomanNumeral,LIVE,code,SURVIVES,n/a,a committed identity's quality/extensions/bass,a display substring for that case,the formatter's output string,the per-case notation convention it encodes,,notation-convention rendering branch.
src/composing/analysis/chord/chordsymbolformatter.cpp,888,branch,,formatRomanNumeral,LIVE,code,SURVIVES,n/a,a committed identity's quality/extensions/bass,a display substring for that case,the formatter's output string,the per-case notation convention it encodes,"FINDING contract-mismatch (#10): aug6 label preset-gating asserted by doc, deferred in code","The It+6/Fr+6/Ger+6 block fires unconditionally; its own comment says 'Preset gating (Standard/Baroque only): deferred — formatRomanNumeral() has no preset context'. ARCHITECTURE #5.11 claims aug6 is 'Gated to Standard and Baroque presets only'. Corpus: Baroque 8 / Default 7 / Jazz 0 aug6 labels — the Jazz 0 is an upstream-analysis coincidence (SharpThirteenth not set), not the documented gate. Any effective gating is at the call site (out of scope) — note the dependency. Also an L5-flavored functional label on an L4 TU (boundary)."
src/composing/analysis/chord/chordsymbolformatter.cpp,889,literal,8,formatRomanNumeral,LIVE,code,SURVIVES,n/a,a committed ChordAnalysisResult + key-signature fifths,a display substring,notation render / batch output / status bar,handled per rendering branch,,"The It+6/Fr+6/Ger+6 block fires unconditionally; its own comment says 'Preset gating (Standard/Baroque only): deferred — formatRomanNumeral() has no preset context'. ARCHITECTURE #5.11 claims aug6 is 'Gated to Standard and Baroque presets only'. Corpus: Baroque 8 / Default 7 / Jazz 0 aug6 labels — the Jazz 0 is an upstream-analysis coincidence (SharpThirteenth not set), not the documented gate. Any effective gating is at the call site (out of scope) — note the dependency. Also an L5-flavored functional label on an L4 TU (boundary)."
src/composing/analysis/chord/chordsymbolformatter.cpp,889,literal,12,formatRomanNumeral,LIVE,code,SURVIVES,n/a,a committed ChordAnalysisResult + key-signature fifths,a display substring,notation render / batch output / status bar,handled per rendering branch,,"The It+6/Fr+6/Ger+6 block fires unconditionally; its own comment says 'Preset gating (Standard/Baroque only): deferred — formatRomanNumeral() has no preset context'. ARCHITECTURE #5.11 claims aug6 is 'Gated to Standard and Baroque presets only'. Corpus: Baroque 8 / Default 7 / Jazz 0 aug6 labels — the Jazz 0 is an upstream-analysis coincidence (SharpThirteenth not set), not the documented gate. Any effective gating is at the call site (out of scope) — note the dependency. Also an L5-flavored functional label on an L4 TU (boundary)."
src/composing/analysis/chord/chordsymbolformatter.cpp,891,branch,,formatRomanNumeral,LIVE,code,SURVIVES,n/a,a committed identity's quality/extensions/bass,a display substring for that case,the formatter's output string,the per-case notation convention it encodes,,"The It+6/Fr+6/Ger+6 block fires unconditionally; its own comment says 'Preset gating (Standard/Baroque only): deferred — formatRomanNumeral() has no preset context'. ARCHITECTURE #5.11 claims aug6 is 'Gated to Standard and Baroque presets only'. Corpus: Baroque 8 / Default 7 / Jazz 0 aug6 labels — the Jazz 0 is an upstream-analysis coincidence (SharpThirteenth not set), not the documented gate. Any effective gating is at the call site (out of scope) — note the dependency. Also an L5-flavored functional label on an L4 TU (boundary)."
src/composing/analysis/chord/chordsymbolformatter.cpp,893,branch,,formatRomanNumeral,LIVE,code,SURVIVES,n/a,a committed identity's quality/extensions/bass,a display substring for that case,the formatter's output string,the per-case notation convention it encodes,,"The It+6/Fr+6/Ger+6 block fires unconditionally; its own comment says 'Preset gating (Standard/Baroque only): deferred — formatRomanNumeral() has no preset context'. ARCHITECTURE #5.11 claims aug6 is 'Gated to Standard and Baroque presets only'. Corpus: Baroque 8 / Default 7 / Jazz 0 aug6 labels — the Jazz 0 is an upstream-analysis coincidence (SharpThirteenth not set), not the documented gate. Any effective gating is at the call site (out of scope) — note the dependency. Also an L5-flavored functional label on an L4 TU (boundary)."
src/composing/analysis/chord/chordsymbolformatter.cpp,909,branch,,formatRomanNumeral,LIVE,code,SURVIVES,n/a,a committed identity's quality/extensions/bass,a display substring for that case,the formatter's output string,the per-case notation convention it encodes,"boundary note: tonicization label (V7/x, viio/x) is L5-flavored functional labeling",Fires when function.nextRootPc>=0 (chord-staff two-pass). Corpus: ~440 tonicization Roman labels per preset. Universal across presets by design (ARCHITECTURE #5.10). L4/L5 boundary; not decided.
src/composing/analysis/chord/chordsymbolformatter.cpp,923,literal,12,formatRomanNumeral,LIVE,code,SURVIVES,n/a,a committed ChordAnalysisResult + key-signature fifths,a display substring,notation render / batch output / status bar,handled per rendering branch,,Fires when function.nextRootPc>=0 (chord-staff two-pass). Corpus: ~440 tonicization Roman labels per preset. Universal across presets by design (ARCHITECTURE #5.10). L4/L5 boundary; not decided.
src/composing/analysis/chord/chordsymbolformatter.cpp,923,literal,12,formatRomanNumeral,LIVE,code,SURVIVES,n/a,a committed ChordAnalysisResult + key-signature fifths,a display substring,notation render / batch output / status bar,handled per rendering branch,,Fires when function.nextRootPc>=0 (chord-staff two-pass). Corpus: ~440 tonicization Roman labels per preset. Universal across presets by design (ARCHITECTURE #5.10). L4/L5 boundary; not decided.
src/composing/analysis/chord/chordsymbolformatter.cpp,924,literal,12,formatRomanNumeral,LIVE,code,SURVIVES,n/a,a committed ChordAnalysisResult + key-signature fifths,a display substring,notation render / batch output / status bar,handled per rendering branch,,Fires when function.nextRootPc>=0 (chord-staff two-pass). Corpus: ~440 tonicization Roman labels per preset. Universal across presets by design (ARCHITECTURE #5.10). L4/L5 boundary; not decided.
src/composing/analysis/chord/chordsymbolformatter.cpp,924,literal,12,formatRomanNumeral,LIVE,code,SURVIVES,n/a,a committed ChordAnalysisResult + key-signature fifths,a display substring,notation render / batch output / status bar,handled per rendering branch,,Fires when function.nextRootPc>=0 (chord-staff two-pass). Corpus: ~440 tonicization Roman labels per preset. Universal across presets by design (ARCHITECTURE #5.10). L4/L5 boundary; not decided.
src/composing/analysis/chord/chordsymbolformatter.cpp,926,literal,7,formatRomanNumeral,LIVE,code,SURVIVES,n/a,a committed ChordAnalysisResult + key-signature fifths,a display substring,notation render / batch output / status bar,handled per rendering branch,,Fires when function.nextRootPc>=0 (chord-staff two-pass). Corpus: ~440 tonicization Roman labels per preset. Universal across presets by design (ARCHITECTURE #5.10). L4/L5 boundary; not decided.
src/composing/analysis/chord/chordsymbolformatter.cpp,929,branch,,formatRomanNumeral,LIVE,code,SURVIVES,n/a,a committed identity's quality/extensions/bass,a display substring for that case,the formatter's output string,the per-case notation convention it encodes,,Fires when function.nextRootPc>=0 (chord-staff two-pass). Corpus: ~440 tonicization Roman labels per preset. Universal across presets by design (ARCHITECTURE #5.10). L4/L5 boundary; not decided.
src/composing/analysis/chord/chordsymbolformatter.cpp,931,literal,7,formatRomanNumeral,LIVE,code,SURVIVES,n/a,a committed ChordAnalysisResult + key-signature fifths,a display substring,notation render / batch output / status bar,handled per rendering branch,,Fires when function.nextRootPc>=0 (chord-staff two-pass). Corpus: ~440 tonicization Roman labels per preset. Universal across presets by design (ARCHITECTURE #5.10). L4/L5 boundary; not decided.
src/composing/analysis/chord/chordsymbolformatter.cpp,936,branch,,formatRomanNumeral,LIVE,code,SURVIVES,n/a,a committed identity's quality/extensions/bass,a display substring for that case,the formatter's output string,the per-case notation convention it encodes,,Fires when function.nextRootPc>=0 (chord-staff two-pass). Corpus: ~440 tonicization Roman labels per preset. Universal across presets by design (ARCHITECTURE #5.10). L4/L5 boundary; not decided.
src/composing/analysis/chord/chordsymbolformatter.cpp,937,literal,7,formatRomanNumeral,LIVE,code,SURVIVES,n/a,a committed ChordAnalysisResult + key-signature fifths,a display substring,notation render / batch output / status bar,handled per rendering branch,,Fires when function.nextRootPc>=0 (chord-staff two-pass). Corpus: ~440 tonicization Roman labels per preset. Universal across presets by design (ARCHITECTURE #5.10). L4/L5 boundary; not decided.
src/composing/analysis/chord/chordsymbolformatter.cpp,938,literal,7,formatRomanNumeral,LIVE,code,SURVIVES,n/a,a committed ChordAnalysisResult + key-signature fifths,a display substring,notation render / batch output / status bar,handled per rendering branch,,Fires when function.nextRootPc>=0 (chord-staff two-pass). Corpus: ~440 tonicization Roman labels per preset. Universal across presets by design (ARCHITECTURE #5.10). L4/L5 boundary; not decided.
src/composing/analysis/chord/chordsymbolformatter.cpp,941,branch,,formatRomanNumeral,LIVE,code,SURVIVES,n/a,a committed identity's quality/extensions/bass,a display substring for that case,the formatter's output string,the per-case notation convention it encodes,,Fires when function.nextRootPc>=0 (chord-staff two-pass). Corpus: ~440 tonicization Roman labels per preset. Universal across presets by design (ARCHITECTURE #5.10). L4/L5 boundary; not decided.
src/composing/analysis/chord/chordsymbolformatter.cpp,948,branch,,formatRomanNumeral,LIVE,code,SURVIVES,n/a,a committed identity's quality/extensions/bass,a display substring for that case,the formatter's output string,the per-case notation convention it encodes,,Fires when function.nextRootPc>=0 (chord-staff two-pass). Corpus: ~440 tonicization Roman labels per preset. Universal across presets by design (ARCHITECTURE #5.10). L4/L5 boundary; not decided.
src/composing/analysis/chord/chordsymbolformatter.cpp,949,branch,,formatRomanNumeral,LIVE,code,SURVIVES,n/a,a committed identity's quality/extensions/bass,a display substring for that case,the formatter's output string,the per-case notation convention it encodes,,Fires when function.nextRootPc>=0 (chord-staff two-pass). Corpus: ~440 tonicization Roman labels per preset. Universal across presets by design (ARCHITECTURE #5.10). L4/L5 boundary; not decided.
src/composing/analysis/chord/chordsymbolformatter.cpp,958,branch,,formatRomanNumeral,LIVE,code,SURVIVES,n/a,a committed identity's quality/extensions/bass,a display substring for that case,the formatter's output string,the per-case notation convention it encodes,,Fires when function.nextRootPc>=0 (chord-staff two-pass). Corpus: ~440 tonicization Roman labels per preset. Universal across presets by design (ARCHITECTURE #5.10). L4/L5 boundary; not decided.
src/composing/analysis/chord/chordsymbolformatter.cpp,971,function,nashvilleDegree,,LIVE,code,SURVIVES,n/a,a committed ChordAnalysisResult (identity + function + key context),a display string (chord symbol / Roman numeral / Nashville number),"notation render bridge, batch_analyze output, status bar / context menu","empty/sparse identity, Unknown quality, slash bass, enharmonic spelling, chromatic root, symmetric chord",FINDING contract-gap (P3): Nashville renders chromatic roots as '?' and bass via crude mod-7,"formatNashvilleNumber returns '?' for a non-diatonic (chromatic) root (1029-1032, 'refine as needed') and nashvilleBassSuffix maps any bass via (bassDegree%7)+1 (1013-1020, 'refine as needed'), which mislabels a chromatic bass degree. LIVE via the notation bridge/imploder/context-menu, so the gap is user-reachable, not test-only. Not every committed identity has a defined Nashville rendering."
src/composing/analysis/chord/chordsymbolformatter.cpp,973,branch,,nashvilleDegree,LIVE,code,SURVIVES,n/a,a committed identity's quality/extensions/bass,a display substring for that case,the formatter's output string,the per-case notation convention it encodes,,"formatNashvilleNumber returns '?' for a non-diatonic (chromatic) root (1029-1032, 'refine as needed') and nashvilleBassSuffix maps any bass via (bassDegree%7)+1 (1013-1020, 'refine as needed'), which mislabels a chromatic bass degree. LIVE via the notation bridge/imploder/context-menu, so the gap is user-reachable, not test-only. Not every committed identity has a defined Nashville rendering."
src/composing/analysis/chord/chordsymbolformatter.cpp,973,literal,7,nashvilleDegree,LIVE,code,SURVIVES,n/a,a committed ChordAnalysisResult + key-signature fifths,a display substring,notation render / batch output / status bar,handled per rendering branch,,"formatNashvilleNumber returns '?' for a non-diatonic (chromatic) root (1029-1032, 'refine as needed') and nashvilleBassSuffix maps any bass via (bassDegree%7)+1 (1013-1020, 'refine as needed'), which mislabels a chromatic bass degree. LIVE via the notation bridge/imploder/context-menu, so the gap is user-reachable, not test-only. Not every committed identity has a defined Nashville rendering."
src/composing/analysis/chord/chordsymbolformatter.cpp,978,function,nashvilleQualitySuffix,,LIVE,code,SURVIVES,n/a,a committed ChordAnalysisResult (identity + function + key context),a display string (chord symbol / Roman numeral / Nashville number),"notation render bridge, batch_analyze output, status bar / context menu","empty/sparse identity, Unknown quality, slash bass, enharmonic spelling, chromatic root, symmetric chord",,"formatNashvilleNumber returns '?' for a non-diatonic (chromatic) root (1029-1032, 'refine as needed') and nashvilleBassSuffix maps any bass via (bassDegree%7)+1 (1013-1020, 'refine as needed'), which mislabels a chromatic bass degree. LIVE via the notation bridge/imploder/context-menu, so the gap is user-reachable, not test-only. Not every committed identity has a defined Nashville rendering."
src/composing/analysis/chord/chordsymbolformatter.cpp,980,branch,,nashvilleQualitySuffix,LIVE,code,SURVIVES,n/a,a committed identity's quality/extensions/bass,a display substring for that case,the formatter's output string,the per-case notation convention it encodes,,"formatNashvilleNumber returns '?' for a non-diatonic (chromatic) root (1029-1032, 'refine as needed') and nashvilleBassSuffix maps any bass via (bassDegree%7)+1 (1013-1020, 'refine as needed'), which mislabels a chromatic bass degree. LIVE via the notation bridge/imploder/context-menu, so the gap is user-reachable, not test-only. Not every committed identity has a defined Nashville rendering."
src/composing/analysis/chord/chordsymbolformatter.cpp,981,branch,,nashvilleQualitySuffix,LIVE,code,SURVIVES,n/a,a committed identity's quality/extensions/bass,a display substring for that case,the formatter's output string,the per-case notation convention it encodes,,"formatNashvilleNumber returns '?' for a non-diatonic (chromatic) root (1029-1032, 'refine as needed') and nashvilleBassSuffix maps any bass via (bassDegree%7)+1 (1013-1020, 'refine as needed'), which mislabels a chromatic bass degree. LIVE via the notation bridge/imploder/context-menu, so the gap is user-reachable, not test-only. Not every committed identity has a defined Nashville rendering."
src/composing/analysis/chord/chordsymbolformatter.cpp,982,branch,,nashvilleQualitySuffix,LIVE,code,SURVIVES,n/a,a committed identity's quality/extensions/bass,a display substring for that case,the formatter's output string,the per-case notation convention it encodes,,"formatNashvilleNumber returns '?' for a non-diatonic (chromatic) root (1029-1032, 'refine as needed') and nashvilleBassSuffix maps any bass via (bassDegree%7)+1 (1013-1020, 'refine as needed'), which mislabels a chromatic bass degree. LIVE via the notation bridge/imploder/context-menu, so the gap is user-reachable, not test-only. Not every committed identity has a defined Nashville rendering."
src/composing/analysis/chord/chordsymbolformatter.cpp,983,branch,,nashvilleQualitySuffix,LIVE,code,SURVIVES,n/a,a committed identity's quality/extensions/bass,a display substring for that case,the formatter's output string,the per-case notation convention it encodes,,"formatNashvilleNumber returns '?' for a non-diatonic (chromatic) root (1029-1032, 'refine as needed') and nashvilleBassSuffix maps any bass via (bassDegree%7)+1 (1013-1020, 'refine as needed'), which mislabels a chromatic bass degree. LIVE via the notation bridge/imploder/context-menu, so the gap is user-reachable, not test-only. Not every committed identity has a defined Nashville rendering."
src/composing/analysis/chord/chordsymbolformatter.cpp,984,branch,,nashvilleQualitySuffix,LIVE,code,SURVIVES,n/a,a committed identity's quality/extensions/bass,a display substring for that case,the formatter's output string,the per-case notation convention it encodes,,"formatNashvilleNumber returns '?' for a non-diatonic (chromatic) root (1029-1032, 'refine as needed') and nashvilleBassSuffix maps any bass via (bassDegree%7)+1 (1013-1020, 'refine as needed'), which mislabels a chromatic bass degree. LIVE via the notation bridge/imploder/context-menu, so the gap is user-reachable, not test-only. Not every committed identity has a defined Nashville rendering."
src/composing/analysis/chord/chordsymbolformatter.cpp,985,branch,,nashvilleQualitySuffix,LIVE,code,SURVIVES,n/a,a committed identity's quality/extensions/bass,a display substring for that case,the formatter's output string,the per-case notation convention it encodes,,"formatNashvilleNumber returns '?' for a non-diatonic (chromatic) root (1029-1032, 'refine as needed') and nashvilleBassSuffix maps any bass via (bassDegree%7)+1 (1013-1020, 'refine as needed'), which mislabels a chromatic bass degree. LIVE via the notation bridge/imploder/context-menu, so the gap is user-reachable, not test-only. Not every committed identity has a defined Nashville rendering."
src/composing/analysis/chord/chordsymbolformatter.cpp,986,branch,,nashvilleQualitySuffix,LIVE,code,SURVIVES,n/a,a committed identity's quality/extensions/bass,a display substring for that case,the formatter's output string,the per-case notation convention it encodes,,"formatNashvilleNumber returns '?' for a non-diatonic (chromatic) root (1029-1032, 'refine as needed') and nashvilleBassSuffix maps any bass via (bassDegree%7)+1 (1013-1020, 'refine as needed'), which mislabels a chromatic bass degree. LIVE via the notation bridge/imploder/context-menu, so the gap is user-reachable, not test-only. Not every committed identity has a defined Nashville rendering."
src/composing/analysis/chord/chordsymbolformatter.cpp,987,branch,,nashvilleQualitySuffix,LIVE,code,SURVIVES,n/a,a committed identity's quality/extensions/bass,a display substring for that case,the formatter's output string,the per-case notation convention it encodes,,"formatNashvilleNumber returns '?' for a non-diatonic (chromatic) root (1029-1032, 'refine as needed') and nashvilleBassSuffix maps any bass via (bassDegree%7)+1 (1013-1020, 'refine as needed'), which mislabels a chromatic bass degree. LIVE via the notation bridge/imploder/context-menu, so the gap is user-reachable, not test-only. Not every committed identity has a defined Nashville rendering."
src/composing/analysis/chord/chordsymbolformatter.cpp,988,branch,,nashvilleQualitySuffix,LIVE,code,SURVIVES,n/a,a committed identity's quality/extensions/bass,a display substring for that case,the formatter's output string,the per-case notation convention it encodes,,"formatNashvilleNumber returns '?' for a non-diatonic (chromatic) root (1029-1032, 'refine as needed') and nashvilleBassSuffix maps any bass via (bassDegree%7)+1 (1013-1020, 'refine as needed'), which mislabels a chromatic bass degree. LIVE via the notation bridge/imploder/context-menu, so the gap is user-reachable, not test-only. Not every committed identity has a defined Nashville rendering."
src/composing/analysis/chord/chordsymbolformatter.cpp,993,function,nashvilleExtensionSuffix,,LIVE,code,SURVIVES,n/a,a committed ChordAnalysisResult (identity + function + key context),a display string (chord symbol / Roman numeral / Nashville number),"notation render bridge, batch_analyze output, status bar / context menu","empty/sparse identity, Unknown quality, slash bass, enharmonic spelling, chromatic root, symmetric chord",,"formatNashvilleNumber returns '?' for a non-diatonic (chromatic) root (1029-1032, 'refine as needed') and nashvilleBassSuffix maps any bass via (bassDegree%7)+1 (1013-1020, 'refine as needed'), which mislabels a chromatic bass degree. LIVE via the notation bridge/imploder/context-menu, so the gap is user-reachable, not test-only. Not every committed identity has a defined Nashville rendering."
src/composing/analysis/chord/chordsymbolformatter.cpp,995,branch,,nashvilleExtensionSuffix,LIVE,code,SURVIVES,n/a,a committed identity's quality/extensions/bass,a display substring for that case,the formatter's output string,the per-case notation convention it encodes,,"formatNashvilleNumber returns '?' for a non-diatonic (chromatic) root (1029-1032, 'refine as needed') and nashvilleBassSuffix maps any bass via (bassDegree%7)+1 (1013-1020, 'refine as needed'), which mislabels a chromatic bass degree. LIVE via the notation bridge/imploder/context-menu, so the gap is user-reachable, not test-only. Not every committed identity has a defined Nashville rendering."
src/composing/analysis/chord/chordsymbolformatter.cpp,996,branch,,nashvilleExtensionSuffix,LIVE,code,SURVIVES,n/a,a committed identity's quality/extensions/bass,a display substring for that case,the formatter's output string,the per-case notation convention it encodes,,"formatNashvilleNumber returns '?' for a non-diatonic (chromatic) root (1029-1032, 'refine as needed') and nashvilleBassSuffix maps any bass via (bassDegree%7)+1 (1013-1020, 'refine as needed'), which mislabels a chromatic bass degree. LIVE via the notation bridge/imploder/context-menu, so the gap is user-reachable, not test-only. Not every committed identity has a defined Nashville rendering."
src/composing/analysis/chord/chordsymbolformatter.cpp,997,branch,,nashvilleExtensionSuffix,LIVE,code,SURVIVES,n/a,a committed identity's quality/extensions/bass,a display substring for that case,the formatter's output string,the per-case notation convention it encodes,,"formatNashvilleNumber returns '?' for a non-diatonic (chromatic) root (1029-1032, 'refine as needed') and nashvilleBassSuffix maps any bass via (bassDegree%7)+1 (1013-1020, 'refine as needed'), which mislabels a chromatic bass degree. LIVE via the notation bridge/imploder/context-menu, so the gap is user-reachable, not test-only. Not every committed identity has a defined Nashville rendering."
src/composing/analysis/chord/chordsymbolformatter.cpp,998,branch,,nashvilleExtensionSuffix,LIVE,code,SURVIVES,n/a,a committed identity's quality/extensions/bass,a display substring for that case,the formatter's output string,the per-case notation convention it encodes,,"formatNashvilleNumber returns '?' for a non-diatonic (chromatic) root (1029-1032, 'refine as needed') and nashvilleBassSuffix maps any bass via (bassDegree%7)+1 (1013-1020, 'refine as needed'), which mislabels a chromatic bass degree. LIVE via the notation bridge/imploder/context-menu, so the gap is user-reachable, not test-only. Not every committed identity has a defined Nashville rendering."
src/composing/analysis/chord/chordsymbolformatter.cpp,999,branch,,nashvilleExtensionSuffix,LIVE,code,SURVIVES,n/a,a committed identity's quality/extensions/bass,a display substring for that case,the formatter's output string,the per-case notation convention it encodes,,"formatNashvilleNumber returns '?' for a non-diatonic (chromatic) root (1029-1032, 'refine as needed') and nashvilleBassSuffix maps any bass via (bassDegree%7)+1 (1013-1020, 'refine as needed'), which mislabels a chromatic bass degree. LIVE via the notation bridge/imploder/context-menu, so the gap is user-reachable, not test-only. Not every committed identity has a defined Nashville rendering."
src/composing/analysis/chord/chordsymbolformatter.cpp,1000,branch,,nashvilleExtensionSuffix,LIVE,code,SURVIVES,n/a,a committed identity's quality/extensions/bass,a display substring for that case,the formatter's output string,the per-case notation convention it encodes,,"formatNashvilleNumber returns '?' for a non-diatonic (chromatic) root (1029-1032, 'refine as needed') and nashvilleBassSuffix maps any bass via (bassDegree%7)+1 (1013-1020, 'refine as needed'), which mislabels a chromatic bass degree. LIVE via the notation bridge/imploder/context-menu, so the gap is user-reachable, not test-only. Not every committed identity has a defined Nashville rendering."
src/composing/analysis/chord/chordsymbolformatter.cpp,1001,branch,,nashvilleExtensionSuffix,LIVE,code,SURVIVES,n/a,a committed identity's quality/extensions/bass,a display substring for that case,the formatter's output string,the per-case notation convention it encodes,,"formatNashvilleNumber returns '?' for a non-diatonic (chromatic) root (1029-1032, 'refine as needed') and nashvilleBassSuffix maps any bass via (bassDegree%7)+1 (1013-1020, 'refine as needed'), which mislabels a chromatic bass degree. LIVE via the notation bridge/imploder/context-menu, so the gap is user-reachable, not test-only. Not every committed identity has a defined Nashville rendering."
src/composing/analysis/chord/chordsymbolformatter.cpp,1002,branch,,nashvilleExtensionSuffix,LIVE,code,SURVIVES,n/a,a committed identity's quality/extensions/bass,a display substring for that case,the formatter's output string,the per-case notation convention it encodes,,"formatNashvilleNumber returns '?' for a non-diatonic (chromatic) root (1029-1032, 'refine as needed') and nashvilleBassSuffix maps any bass via (bassDegree%7)+1 (1013-1020, 'refine as needed'), which mislabels a chromatic bass degree. LIVE via the notation bridge/imploder/context-menu, so the gap is user-reachable, not test-only. Not every committed identity has a defined Nashville rendering."
src/composing/analysis/chord/chordsymbolformatter.cpp,1003,branch,,nashvilleExtensionSuffix,LIVE,code,SURVIVES,n/a,a committed identity's quality/extensions/bass,a display substring for that case,the formatter's output string,the per-case notation convention it encodes,,"formatNashvilleNumber returns '?' for a non-diatonic (chromatic) root (1029-1032, 'refine as needed') and nashvilleBassSuffix maps any bass via (bassDegree%7)+1 (1013-1020, 'refine as needed'), which mislabels a chromatic bass degree. LIVE via the notation bridge/imploder/context-menu, so the gap is user-reachable, not test-only. Not every committed identity has a defined Nashville rendering."
src/composing/analysis/chord/chordsymbolformatter.cpp,1004,branch,,nashvilleExtensionSuffix,LIVE,code,SURVIVES,n/a,a committed identity's quality/extensions/bass,a display substring for that case,the formatter's output string,the per-case notation convention it encodes,,"formatNashvilleNumber returns '?' for a non-diatonic (chromatic) root (1029-1032, 'refine as needed') and nashvilleBassSuffix maps any bass via (bassDegree%7)+1 (1013-1020, 'refine as needed'), which mislabels a chromatic bass degree. LIVE via the notation bridge/imploder/context-menu, so the gap is user-reachable, not test-only. Not every committed identity has a defined Nashville rendering."
src/composing/analysis/chord/chordsymbolformatter.cpp,1005,branch,,nashvilleExtensionSuffix,LIVE,code,SURVIVES,n/a,a committed identity's quality/extensions/bass,a display substring for that case,the formatter's output string,the per-case notation convention it encodes,,"formatNashvilleNumber returns '?' for a non-diatonic (chromatic) root (1029-1032, 'refine as needed') and nashvilleBassSuffix maps any bass via (bassDegree%7)+1 (1013-1020, 'refine as needed'), which mislabels a chromatic bass degree. LIVE via the notation bridge/imploder/context-menu, so the gap is user-reachable, not test-only. Not every committed identity has a defined Nashville rendering."
src/composing/analysis/chord/chordsymbolformatter.cpp,1006,branch,,nashvilleExtensionSuffix,LIVE,code,SURVIVES,n/a,a committed identity's quality/extensions/bass,a display substring for that case,the formatter's output string,the per-case notation convention it encodes,,"formatNashvilleNumber returns '?' for a non-diatonic (chromatic) root (1029-1032, 'refine as needed') and nashvilleBassSuffix maps any bass via (bassDegree%7)+1 (1013-1020, 'refine as needed'), which mislabels a chromatic bass degree. LIVE via the notation bridge/imploder/context-menu, so the gap is user-reachable, not test-only. Not every committed identity has a defined Nashville rendering."
src/composing/analysis/chord/chordsymbolformatter.cpp,1007,branch,,nashvilleExtensionSuffix,LIVE,code,SURVIVES,n/a,a committed identity's quality/extensions/bass,a display substring for that case,the formatter's output string,the per-case notation convention it encodes,,"formatNashvilleNumber returns '?' for a non-diatonic (chromatic) root (1029-1032, 'refine as needed') and nashvilleBassSuffix maps any bass via (bassDegree%7)+1 (1013-1020, 'refine as needed'), which mislabels a chromatic bass degree. LIVE via the notation bridge/imploder/context-menu, so the gap is user-reachable, not test-only. Not every committed identity has a defined Nashville rendering."
src/composing/analysis/chord/chordsymbolformatter.cpp,1008,branch,,nashvilleExtensionSuffix,LIVE,code,SURVIVES,n/a,a committed identity's quality/extensions/bass,a display substring for that case,the formatter's output string,the per-case notation convention it encodes,,"formatNashvilleNumber returns '?' for a non-diatonic (chromatic) root (1029-1032, 'refine as needed') and nashvilleBassSuffix maps any bass via (bassDegree%7)+1 (1013-1020, 'refine as needed'), which mislabels a chromatic bass degree. LIVE via the notation bridge/imploder/context-menu, so the gap is user-reachable, not test-only. Not every committed identity has a defined Nashville rendering."
src/composing/analysis/chord/chordsymbolformatter.cpp,1009,branch,,nashvilleExtensionSuffix,LIVE,code,SURVIVES,n/a,a committed identity's quality/extensions/bass,a display substring for that case,the formatter's output string,the per-case notation convention it encodes,,"formatNashvilleNumber returns '?' for a non-diatonic (chromatic) root (1029-1032, 'refine as needed') and nashvilleBassSuffix maps any bass via (bassDegree%7)+1 (1013-1020, 'refine as needed'), which mislabels a chromatic bass degree. LIVE via the notation bridge/imploder/context-menu, so the gap is user-reachable, not test-only. Not every committed identity has a defined Nashville rendering."
src/composing/analysis/chord/chordsymbolformatter.cpp,1013,function,nashvilleBassSuffix,,LIVE,code,SURVIVES,n/a,a committed ChordAnalysisResult (identity + function + key context),a display string (chord symbol / Roman numeral / Nashville number),"notation render bridge, batch_analyze output, status bar / context menu","empty/sparse identity, Unknown quality, slash bass, enharmonic spelling, chromatic root, symmetric chord",,"formatNashvilleNumber returns '?' for a non-diatonic (chromatic) root (1029-1032, 'refine as needed') and nashvilleBassSuffix maps any bass via (bassDegree%7)+1 (1013-1020, 'refine as needed'), which mislabels a chromatic bass degree. LIVE via the notation bridge/imploder/context-menu, so the gap is user-reachable, not test-only. Not every committed identity has a defined Nashville rendering."
src/composing/analysis/chord/chordsymbolformatter.cpp,1014,branch,,nashvilleBassSuffix,LIVE,code,SURVIVES,n/a,a committed identity's quality/extensions/bass,a display substring for that case,the formatter's output string,the per-case notation convention it encodes,,"formatNashvilleNumber returns '?' for a non-diatonic (chromatic) root (1029-1032, 'refine as needed') and nashvilleBassSuffix maps any bass via (bassDegree%7)+1 (1013-1020, 'refine as needed'), which mislabels a chromatic bass degree. LIVE via the notation bridge/imploder/context-menu, so the gap is user-reachable, not test-only. Not every committed identity has a defined Nashville rendering."
src/composing/analysis/chord/chordsymbolformatter.cpp,1015,literal,12,nashvilleBassSuffix,LIVE,code,SURVIVES,n/a,a committed ChordAnalysisResult + key-signature fifths,a display substring,notation render / batch output / status bar,handled per rendering branch,,"formatNashvilleNumber returns '?' for a non-diatonic (chromatic) root (1029-1032, 'refine as needed') and nashvilleBassSuffix maps any bass via (bassDegree%7)+1 (1013-1020, 'refine as needed'), which mislabels a chromatic bass degree. LIVE via the notation bridge/imploder/context-menu, so the gap is user-reachable, not test-only. Not every committed identity has a defined Nashville rendering."
src/composing/analysis/chord/chordsymbolformatter.cpp,1015,literal,12,nashvilleBassSuffix,LIVE,code,SURVIVES,n/a,a committed ChordAnalysisResult + key-signature fifths,a display substring,notation render / batch output / status bar,handled per rendering branch,,"formatNashvilleNumber returns '?' for a non-diatonic (chromatic) root (1029-1032, 'refine as needed') and nashvilleBassSuffix maps any bass via (bassDegree%7)+1 (1013-1020, 'refine as needed'), which mislabels a chromatic bass degree. LIVE via the notation bridge/imploder/context-menu, so the gap is user-reachable, not test-only. Not every committed identity has a defined Nashville rendering."
src/composing/analysis/chord/chordsymbolformatter.cpp,1017,literal,7,nashvilleBassSuffix,LIVE,code,SURVIVES,n/a,a committed ChordAnalysisResult + key-signature fifths,a display substring,notation render / batch output / status bar,handled per rendering branch,,"formatNashvilleNumber returns '?' for a non-diatonic (chromatic) root (1029-1032, 'refine as needed') and nashvilleBassSuffix maps any bass via (bassDegree%7)+1 (1013-1020, 'refine as needed'), which mislabels a chromatic bass degree. LIVE via the notation bridge/imploder/context-menu, so the gap is user-reachable, not test-only. Not every committed identity has a defined Nashville rendering."
src/composing/analysis/chord/chordsymbolformatter.cpp,1023,function,formatNashvilleNumber,,LIVE,code,SURVIVES,n/a,a committed ChordAnalysisResult (identity + function + key context),a display string (chord symbol / Roman numeral / Nashville number),"notation render bridge, batch_analyze output, status bar / context menu","empty/sparse identity, Unknown quality, slash bass, enharmonic spelling, chromatic root, symmetric chord",,"formatNashvilleNumber returns '?' for a non-diatonic (chromatic) root (1029-1032, 'refine as needed') and nashvilleBassSuffix maps any bass via (bassDegree%7)+1 (1013-1020, 'refine as needed'), which mislabels a chromatic bass degree. LIVE via the notation bridge/imploder/context-menu, so the gap is user-reachable, not test-only. Not every committed identity has a defined Nashville rendering."
src/composing/analysis/chord/chordsymbolformatter.cpp,1026,branch,,formatNashvilleNumber,LIVE,code,SURVIVES,n/a,a committed identity's quality/extensions/bass,a display substring for that case,the formatter's output string,the per-case notation convention it encodes,,"formatNashvilleNumber returns '?' for a non-diatonic (chromatic) root (1029-1032, 'refine as needed') and nashvilleBassSuffix maps any bass via (bassDegree%7)+1 (1013-1020, 'refine as needed'), which mislabels a chromatic bass degree. LIVE via the notation bridge/imploder/context-menu, so the gap is user-reachable, not test-only. Not every committed identity has a defined Nashville rendering."
src/composing/analysis/chord/chordsymbolformatter.cpp,1026,literal,7,formatNashvilleNumber,LIVE,code,SURVIVES,n/a,a committed ChordAnalysisResult + key-signature fifths,a display substring,notation render / batch output / status bar,handled per rendering branch,,"formatNashvilleNumber returns '?' for a non-diatonic (chromatic) root (1029-1032, 'refine as needed') and nashvilleBassSuffix maps any bass via (bassDegree%7)+1 (1013-1020, 'refine as needed'), which mislabels a chromatic bass degree. LIVE via the notation bridge/imploder/context-menu, so the gap is user-reachable, not test-only. Not every committed identity has a defined Nashville rendering."
src/composing/analysis/decode/chordpathdecoder.h,59,crosslayer,,,LIVE (retire/survive at engagement OPEN),code,SURVIVES,n/a,n/a,n/a,n/a,n/a,boundary note: retire-vs-survive at the engagement is OPEN,"LIVE beam-1 commit-chain re-expression. Callers: regionanalyzer.cpp only (Pass-1 + two Pass-2/2b sub-loops) plus decode_tests.cpp. commit() re-expresses advanceTemporalContext (the retiring region-competition path's hand-threaded state); the forward members path()/recordNode()/alternatives/winnerScore/winnerMargin are inert staging for the SURVIVING Stage-6 consumer and wider-beam (Stage 3.2). Coupled to the retiring competition via advanceTemporalContext, shaped for the surviving consumer — facts recorded; the retire/survive decision is not made here (open register question)."
src/composing/analysis/decode/chordpathdecoder.h,70,field,committed,,LIVE (retire/survive at engagement OPEN),code,SURVIVES,n/a,n/a (decoder path state),the threaded path state / decoded path,the decoder's own commit()/recordNode(),initialized to the loop-local defaults it replaces,,"LIVE beam-1 commit-chain re-expression. Callers: regionanalyzer.cpp only (Pass-1 + two Pass-2/2b sub-loops) plus decode_tests.cpp. commit() re-expresses advanceTemporalContext (the retiring region-competition path's hand-threaded state); the forward members path()/recordNode()/alternatives/winnerScore/winnerMargin are inert staging for the SURVIVING Stage-6 consumer and wider-beam (Stage 3.2). Coupled to the retiring competition via advanceTemporalContext, shaped for the surviving consumer — facts recorded; the retire/survive decision is not made here (open register question)."
src/composing/analysis/decode/chordpathdecoder.h,71,field,alternatives,,LIVE (retire/survive at engagement OPEN),code,SURVIVES,n/a,n/a (decoder path state),the threaded path state / decoded path,the decoder's own commit()/recordNode(),initialized to the loop-local defaults it replaces,,"LIVE beam-1 commit-chain re-expression. Callers: regionanalyzer.cpp only (Pass-1 + two Pass-2/2b sub-loops) plus decode_tests.cpp. commit() re-expresses advanceTemporalContext (the retiring region-competition path's hand-threaded state); the forward members path()/recordNode()/alternatives/winnerScore/winnerMargin are inert staging for the SURVIVING Stage-6 consumer and wider-beam (Stage 3.2). Coupled to the retiring competition via advanceTemporalContext, shaped for the surviving consumer — facts recorded; the retire/survive decision is not made here (open register question)."
src/composing/analysis/decode/chordpathdecoder.h,72,field,winnerScore,,LIVE (retire/survive at engagement OPEN),code,SURVIVES,n/a,n/a (decoder path state),the threaded path state / decoded path,the decoder's own commit()/recordNode(),initialized to the loop-local defaults it replaces,,"LIVE beam-1 commit-chain re-expression. Callers: regionanalyzer.cpp only (Pass-1 + two Pass-2/2b sub-loops) plus decode_tests.cpp. commit() re-expresses advanceTemporalContext (the retiring region-competition path's hand-threaded state); the forward members path()/recordNode()/alternatives/winnerScore/winnerMargin are inert staging for the SURVIVING Stage-6 consumer and wider-beam (Stage 3.2). Coupled to the retiring competition via advanceTemporalContext, shaped for the surviving consumer — facts recorded; the retire/survive decision is not made here (open register question)."
src/composing/analysis/decode/chordpathdecoder.h,72,literal,0.0,<file-scope>,LIVE (retire/survive at engagement OPEN),code,SURVIVES,n/a,n/a,n/a,the enclosing function,scale-degree / pitch-class / interval bound,,"LIVE beam-1 commit-chain re-expression. Callers: regionanalyzer.cpp only (Pass-1 + two Pass-2/2b sub-loops) plus decode_tests.cpp. commit() re-expresses advanceTemporalContext (the retiring region-competition path's hand-threaded state); the forward members path()/recordNode()/alternatives/winnerScore/winnerMargin are inert staging for the SURVIVING Stage-6 consumer and wider-beam (Stage 3.2). Coupled to the retiring competition via advanceTemporalContext, shaped for the surviving consumer — facts recorded; the retire/survive decision is not made here (open register question)."
src/composing/analysis/decode/chordpathdecoder.h,73,field,winnerMargin,,LIVE (retire/survive at engagement OPEN),code,SURVIVES,n/a,n/a (decoder path state),the threaded path state / decoded path,the decoder's own commit()/recordNode(),initialized to the loop-local defaults it replaces,,"LIVE beam-1 commit-chain re-expression. Callers: regionanalyzer.cpp only (Pass-1 + two Pass-2/2b sub-loops) plus decode_tests.cpp. commit() re-expresses advanceTemporalContext (the retiring region-competition path's hand-threaded state); the forward members path()/recordNode()/alternatives/winnerScore/winnerMargin are inert staging for the SURVIVING Stage-6 consumer and wider-beam (Stage 3.2). Coupled to the retiring competition via advanceTemporalContext, shaped for the surviving consumer — facts recorded; the retire/survive decision is not made here (open register question)."
src/composing/analysis/decode/chordpathdecoder.h,73,literal,1.0,<file-scope>,LIVE (retire/survive at engagement OPEN),code,SURVIVES,n/a,n/a,n/a,the enclosing function,scale-degree / pitch-class / interval bound,,"LIVE beam-1 commit-chain re-expression. Callers: regionanalyzer.cpp only (Pass-1 + two Pass-2/2b sub-loops) plus decode_tests.cpp. commit() re-expresses advanceTemporalContext (the retiring region-competition path's hand-threaded state); the forward members path()/recordNode()/alternatives/winnerScore/winnerMargin are inert staging for the SURVIVING Stage-6 consumer and wider-beam (Stage 3.2). Coupled to the retiring competition via advanceTemporalContext, shaped for the surviving consumer — facts recorded; the retire/survive decision is not made here (open register question)."
src/composing/analysis/decode/chordpathdecoder.h,91,function,m_level,,LIVE (retire/survive at engagement OPEN),code,SURVIVES,n/a,the seed temporal context + per-region inputs written on context(),the threaded temporal context + (inert) decoded path,regionanalyzer.cpp (3 sites) + decode_tests.cpp,beam-1 single path; levels>FastBeam1 behave as FastBeam1 (no-op),,"LIVE beam-1 commit-chain re-expression. Callers: regionanalyzer.cpp only (Pass-1 + two Pass-2/2b sub-loops) plus decode_tests.cpp. commit() re-expresses advanceTemporalContext (the retiring region-competition path's hand-threaded state); the forward members path()/recordNode()/alternatives/winnerScore/winnerMargin are inert staging for the SURVIVING Stage-6 consumer and wider-beam (Stage 3.2). Coupled to the retiring competition via advanceTemporalContext, shaped for the surviving consumer — facts recorded; the retire/survive decision is not made here (open register question)."
src/composing/analysis/decode/chordpathdecoder.h,99,function,context,,LIVE (retire/survive at engagement OPEN),code,SURVIVES,n/a,the seed temporal context + per-region inputs written on context(),the threaded temporal context + (inert) decoded path,regionanalyzer.cpp (3 sites) + decode_tests.cpp,beam-1 single path; levels>FastBeam1 behave as FastBeam1 (no-op),,"LIVE beam-1 commit-chain re-expression. Callers: regionanalyzer.cpp only (Pass-1 + two Pass-2/2b sub-loops) plus decode_tests.cpp. commit() re-expresses advanceTemporalContext (the retiring region-competition path's hand-threaded state); the forward members path()/recordNode()/alternatives/winnerScore/winnerMargin are inert staging for the SURVIVING Stage-6 consumer and wider-beam (Stage 3.2). Coupled to the retiring competition via advanceTemporalContext, shaped for the surviving consumer — facts recorded; the retire/survive decision is not made here (open register question)."
src/composing/analysis/decode/chordpathdecoder.h,100,function,context,,LIVE (retire/survive at engagement OPEN),code,SURVIVES,n/a,the seed temporal context + per-region inputs written on context(),the threaded temporal context + (inert) decoded path,regionanalyzer.cpp (3 sites) + decode_tests.cpp,beam-1 single path; levels>FastBeam1 behave as FastBeam1 (no-op),,"LIVE beam-1 commit-chain re-expression. Callers: regionanalyzer.cpp only (Pass-1 + two Pass-2/2b sub-loops) plus decode_tests.cpp. commit() re-expresses advanceTemporalContext (the retiring region-competition path's hand-threaded state); the forward members path()/recordNode()/alternatives/winnerScore/winnerMargin are inert staging for the SURVIVING Stage-6 consumer and wider-beam (Stage 3.2). Coupled to the retiring competition via advanceTemporalContext, shaped for the surviving consumer — facts recorded; the retire/survive decision is not made here (open register question)."
src/composing/analysis/decode/chordpathdecoder.h,112,function,commit,,LIVE (retire/survive at engagement OPEN),code,SURVIVES,n/a,the seed temporal context + per-region inputs written on context(),the threaded temporal context + (inert) decoded path,regionanalyzer.cpp (3 sites) + decode_tests.cpp,beam-1 single path; levels>FastBeam1 behave as FastBeam1 (no-op),,"LIVE beam-1 commit-chain re-expression. Callers: regionanalyzer.cpp only (Pass-1 + two Pass-2/2b sub-loops) plus decode_tests.cpp. commit() re-expresses advanceTemporalContext (the retiring region-competition path's hand-threaded state); the forward members path()/recordNode()/alternatives/winnerScore/winnerMargin are inert staging for the SURVIVING Stage-6 consumer and wider-beam (Stage 3.2). Coupled to the retiring competition via advanceTemporalContext, shaped for the surviving consumer — facts recorded; the retire/survive decision is not made here (open register question)."
src/composing/analysis/decode/chordpathdecoder.h,120,decl,recordNode,,LIVE (retire/survive at engagement OPEN),code,SURVIVES,n/a,n/a,the declared surface,callers of the module,n/a,,"Inert at beam 1 (nothing reads path() yet). Declared dormancy with a named future consumer (Stage 6 functional labeling; Stage 3.1b decode-once/query-many) — satisfies the fact-publication corollary (declared dormancy, future consumer named), not waste."
src/composing/analysis/decode/chordpathdecoder.h,120,function,recordNode,,LIVE (retire/survive at engagement OPEN),code,SURVIVES,n/a,the seed temporal context + per-region inputs written on context(),the threaded temporal context + (inert) decoded path,regionanalyzer.cpp (3 sites) + decode_tests.cpp,beam-1 single path; levels>FastBeam1 behave as FastBeam1 (no-op),"declared-dormant, consumer named: path()/recordNode()/alternatives/margins","Inert at beam 1 (nothing reads path() yet). Declared dormancy with a named future consumer (Stage 6 functional labeling; Stage 3.1b decode-once/query-many) — satisfies the fact-publication corollary (declared dormancy, future consumer named), not waste."
src/composing/analysis/decode/chordpathdecoder.h,123,function,path,,LIVE (retire/survive at engagement OPEN),code,SURVIVES,n/a,the seed temporal context + per-region inputs written on context(),the threaded temporal context + (inert) decoded path,regionanalyzer.cpp (3 sites) + decode_tests.cpp,beam-1 single path; levels>FastBeam1 behave as FastBeam1 (no-op),,"Inert at beam 1 (nothing reads path() yet). Declared dormancy with a named future consumer (Stage 6 functional labeling; Stage 3.1b decode-once/query-many) — satisfies the fact-publication corollary (declared dormancy, future consumer named), not waste."
src/composing/analysis/decode/chordpathdecoder.h,126,function,level,,LIVE (retire/survive at engagement OPEN),code,SURVIVES,n/a,the seed temporal context + per-region inputs written on context(),the threaded temporal context + (inert) decoded path,regionanalyzer.cpp (3 sites) + decode_tests.cpp,beam-1 single path; levels>FastBeam1 behave as FastBeam1 (no-op),,"Inert at beam 1 (nothing reads path() yet). Declared dormancy with a named future consumer (Stage 6 functional labeling; Stage 3.1b decode-once/query-many) — satisfies the fact-publication corollary (declared dormancy, future consumer named), not waste."
src/composing/analysis/decode/chordpathdecoder.h,131,literal,3,<file-scope>,LIVE (retire/survive at engagement OPEN),code,SURVIVES,n/a,n/a,n/a,the enclosing function,scale-degree / pitch-class / interval bound,,"Inert at beam 1 (nothing reads path() yet). Declared dormancy with a named future consumer (Stage 6 functional labeling; Stage 3.1b decode-once/query-many) — satisfies the fact-publication corollary (declared dormancy, future consumer named), not waste."
src/composing/analysis/region/sparsechordrefinement.cpp,23,crosslayer,,,LIVE,code,SURVIVES,n/a,n/a,n/a,n/a,n/a,,cross-layer include/call.
src/composing/analysis/region/sparsechordrefinement.cpp,28,crosslayer,,,LIVE,code,SURVIVES,n/a,n/a,n/a,n/a,n/a,,cross-layer include/call.
src/composing/analysis/region/sparsechordrefinement.cpp,34,function,diatonicTriadShapeForDegree,,LIVE,code,SURVIVES,n/a,a committed ChordAnalysisResult + region tones + resolved key,a possibly-overwritten identity.quality (and function.degree/keyTonicPc/keyMode),"regionanalyzer Pass-1/2/2b, section analyzer, notation bridge","Unknown quality, <=2-PC region, Aeolian lone tonic/dominant, non-diatonic root",,LIVE post-commit diatonic-quality refinement (region path).
src/composing/analysis/region/sparsechordrefinement.cpp,37,branch,,diatonicTriadShapeForDegree,LIVE,code,SURVIVES,n/a,"the refinement guard inputs (quality, PC count, degree, key)",whether the committed quality is overwritten,the caller's committed ChordAnalysisResult,"Unknown/thin quality, <=2-PC, non-diatonic root, Aeolian exclusion",,refinement guard/branch.
src/composing/analysis/region/sparsechordrefinement.cpp,37,literal,6,diatonicTriadShapeForDegree,LIVE,constant,ESTABLISHED,n/a,n/a,n/a,the enclosing function,scale-degree / pitch-class / interval bound,,"music-theory bound (scale degree 0..6, pitch-class %12, triad interval). Not tunable; not in param_manifest."
src/composing/analysis/region/sparsechordrefinement.cpp,43,literal,2,diatonicTriadShapeForDegree,LIVE,constant,ESTABLISHED,n/a,n/a,n/a,the enclosing function,scale-degree / pitch-class / interval bound,,"music-theory bound (scale degree 0..6, pitch-class %12, triad interval). Not tunable; not in param_manifest."
src/composing/analysis/region/sparsechordrefinement.cpp,44,literal,4,diatonicTriadShapeForDegree,LIVE,constant,ESTABLISHED,n/a,n/a,n/a,the enclosing function,scale-degree / pitch-class / interval bound,,"music-theory bound (scale degree 0..6, pitch-class %12, triad interval). Not tunable; not in param_manifest."
src/composing/analysis/region/sparsechordrefinement.cpp,45,literal,7,diatonicTriadShapeForDegree,LIVE,constant,ESTABLISHED,n/a,n/a,n/a,the enclosing function,scale-degree / pitch-class / interval bound,,"music-theory bound (scale degree 0..6, pitch-class %12, triad interval). Not tunable; not in param_manifest."
src/composing/analysis/region/sparsechordrefinement.cpp,46,branch,,diatonicTriadShapeForDegree,LIVE,code,SURVIVES,n/a,"the refinement guard inputs (quality, PC count, degree, key)",whether the committed quality is overwritten,the caller's committed ChordAnalysisResult,"Unknown/thin quality, <=2-PC, non-diatonic root, Aeolian exclusion",,refinement guard/branch.
src/composing/analysis/region/sparsechordrefinement.cpp,46,literal,7,diatonicTriadShapeForDegree,LIVE,constant,ESTABLISHED,n/a,n/a,n/a,the enclosing function,scale-degree / pitch-class / interval bound,,"music-theory bound (scale degree 0..6, pitch-class %12, triad interval). Not tunable; not in param_manifest."
src/composing/analysis/region/sparsechordrefinement.cpp,46,literal,12,diatonicTriadShapeForDegree,LIVE,constant,ESTABLISHED,n/a,n/a,n/a,the enclosing function,scale-degree / pitch-class / interval bound,,"music-theory bound (scale degree 0..6, pitch-class %12, triad interval). Not tunable; not in param_manifest."
src/composing/analysis/region/sparsechordrefinement.cpp,47,literal,12,diatonicTriadShapeForDegree,LIVE,constant,ESTABLISHED,n/a,n/a,n/a,the enclosing function,scale-degree / pitch-class / interval bound,,"music-theory bound (scale degree 0..6, pitch-class %12, triad interval). Not tunable; not in param_manifest."
src/composing/analysis/region/sparsechordrefinement.cpp,48,literal,7,diatonicTriadShapeForDegree,LIVE,constant,ESTABLISHED,n/a,n/a,n/a,the enclosing function,scale-degree / pitch-class / interval bound,,"music-theory bound (scale degree 0..6, pitch-class %12, triad interval). Not tunable; not in param_manifest."
src/composing/analysis/region/sparsechordrefinement.cpp,49,branch,,diatonicTriadShapeForDegree,LIVE,code,SURVIVES,n/a,"the refinement guard inputs (quality, PC count, degree, key)",whether the committed quality is overwritten,the caller's committed ChordAnalysisResult,"Unknown/thin quality, <=2-PC, non-diatonic root, Aeolian exclusion",,refinement guard/branch.
src/composing/analysis/region/sparsechordrefinement.cpp,49,literal,7,diatonicTriadShapeForDegree,LIVE,constant,ESTABLISHED,n/a,n/a,n/a,the enclosing function,scale-degree / pitch-class / interval bound,,"music-theory bound (scale degree 0..6, pitch-class %12, triad interval). Not tunable; not in param_manifest."
src/composing/analysis/region/sparsechordrefinement.cpp,49,literal,12,diatonicTriadShapeForDegree,LIVE,constant,ESTABLISHED,n/a,n/a,n/a,the enclosing function,scale-degree / pitch-class / interval bound,,"music-theory bound (scale degree 0..6, pitch-class %12, triad interval). Not tunable; not in param_manifest."
src/composing/analysis/region/sparsechordrefinement.cpp,50,literal,12,diatonicTriadShapeForDegree,LIVE,constant,ESTABLISHED,n/a,n/a,n/a,the enclosing function,scale-degree / pitch-class / interval bound,,"music-theory bound (scale degree 0..6, pitch-class %12, triad interval). Not tunable; not in param_manifest."
src/composing/analysis/region/sparsechordrefinement.cpp,52,branch,,diatonicTriadShapeForDegree,LIVE,code,SURVIVES,n/a,"the refinement guard inputs (quality, PC count, degree, key)",whether the committed quality is overwritten,the caller's committed ChordAnalysisResult,"Unknown/thin quality, <=2-PC, non-diatonic root, Aeolian exclusion",,refinement guard/branch.
src/composing/analysis/region/sparsechordrefinement.cpp,52,literal,4,diatonicTriadShapeForDegree,LIVE,constant,ESTABLISHED,n/a,n/a,n/a,the enclosing function,scale-degree / pitch-class / interval bound,,"music-theory bound (scale degree 0..6, pitch-class %12, triad interval). Not tunable; not in param_manifest."
src/composing/analysis/region/sparsechordrefinement.cpp,52,literal,7,diatonicTriadShapeForDegree,LIVE,constant,ESTABLISHED,n/a,n/a,n/a,the enclosing function,scale-degree / pitch-class / interval bound,,"music-theory bound (scale degree 0..6, pitch-class %12, triad interval). Not tunable; not in param_manifest."
src/composing/analysis/region/sparsechordrefinement.cpp,55,branch,,diatonicTriadShapeForDegree,LIVE,code,SURVIVES,n/a,"the refinement guard inputs (quality, PC count, degree, key)",whether the committed quality is overwritten,the caller's committed ChordAnalysisResult,"Unknown/thin quality, <=2-PC, non-diatonic root, Aeolian exclusion",,refinement guard/branch.
src/composing/analysis/region/sparsechordrefinement.cpp,55,literal,3,diatonicTriadShapeForDegree,LIVE,constant,ESTABLISHED,n/a,n/a,n/a,the enclosing function,scale-degree / pitch-class / interval bound,,"music-theory bound (scale degree 0..6, pitch-class %12, triad interval). Not tunable; not in param_manifest."
src/composing/analysis/region/sparsechordrefinement.cpp,55,literal,7,diatonicTriadShapeForDegree,LIVE,constant,ESTABLISHED,n/a,n/a,n/a,the enclosing function,scale-degree / pitch-class / interval bound,,"music-theory bound (scale degree 0..6, pitch-class %12, triad interval). Not tunable; not in param_manifest."
src/composing/analysis/region/sparsechordrefinement.cpp,58,branch,,diatonicTriadShapeForDegree,LIVE,code,SURVIVES,n/a,"the refinement guard inputs (quality, PC count, degree, key)",whether the committed quality is overwritten,the caller's committed ChordAnalysisResult,"Unknown/thin quality, <=2-PC, non-diatonic root, Aeolian exclusion",,refinement guard/branch.
src/composing/analysis/region/sparsechordrefinement.cpp,58,literal,3,diatonicTriadShapeForDegree,LIVE,constant,ESTABLISHED,n/a,n/a,n/a,the enclosing function,scale-degree / pitch-class / interval bound,,"music-theory bound (scale degree 0..6, pitch-class %12, triad interval). Not tunable; not in param_manifest."
src/composing/analysis/region/sparsechordrefinement.cpp,58,literal,6,diatonicTriadShapeForDegree,LIVE,constant,ESTABLISHED,n/a,n/a,n/a,the enclosing function,scale-degree / pitch-class / interval bound,,"music-theory bound (scale degree 0..6, pitch-class %12, triad interval). Not tunable; not in param_manifest."
src/composing/analysis/region/sparsechordrefinement.cpp,61,branch,,diatonicTriadShapeForDegree,LIVE,code,SURVIVES,n/a,"the refinement guard inputs (quality, PC count, degree, key)",whether the committed quality is overwritten,the caller's committed ChordAnalysisResult,"Unknown/thin quality, <=2-PC, non-diatonic root, Aeolian exclusion",,refinement guard/branch.
src/composing/analysis/region/sparsechordrefinement.cpp,61,literal,4,diatonicTriadShapeForDegree,LIVE,constant,ESTABLISHED,n/a,n/a,n/a,the enclosing function,scale-degree / pitch-class / interval bound,,"music-theory bound (scale degree 0..6, pitch-class %12, triad interval). Not tunable; not in param_manifest."
src/composing/analysis/region/sparsechordrefinement.cpp,61,literal,8,diatonicTriadShapeForDegree,LIVE,constant,ESTABLISHED,n/a,n/a,n/a,the enclosing function,scale-degree / pitch-class / interval bound,,"music-theory bound (scale degree 0..6, pitch-class %12, triad interval). Not tunable; not in param_manifest."
src/composing/analysis/region/sparsechordrefinement.cpp,68,function,tonesFitTriadShape,,LIVE,code,SURVIVES,n/a,a committed ChordAnalysisResult + region tones + resolved key,a possibly-overwritten identity.quality (and function.degree/keyTonicPc/keyMode),"regionanalyzer Pass-1/2/2b, section analyzer, notation bridge","Unknown quality, <=2-PC region, Aeolian lone tonic/dominant, non-diatonic root",,LIVE post-commit diatonic-quality refinement (region path).
src/composing/analysis/region/sparsechordrefinement.cpp,73,literal,12,tonesFitTriadShape,LIVE,constant,ESTABLISHED,n/a,n/a,n/a,the enclosing function,scale-degree / pitch-class / interval bound,,"music-theory bound (scale degree 0..6, pitch-class %12, triad interval). Not tunable; not in param_manifest."
src/composing/analysis/region/sparsechordrefinement.cpp,75,literal,12,tonesFitTriadShape,LIVE,constant,ESTABLISHED,n/a,n/a,n/a,the enclosing function,scale-degree / pitch-class / interval bound,,"music-theory bound (scale degree 0..6, pitch-class %12, triad interval). Not tunable; not in param_manifest."
src/composing/analysis/region/sparsechordrefinement.cpp,76,branch,,tonesFitTriadShape,LIVE,code,SURVIVES,n/a,"the refinement guard inputs (quality, PC count, degree, key)",whether the committed quality is overwritten,the caller's committed ChordAnalysisResult,"Unknown/thin quality, <=2-PC, non-diatonic root, Aeolian exclusion",,refinement guard/branch.
src/composing/analysis/region/sparsechordrefinement.cpp,81,literal,12,tonesFitTriadShape,LIVE,constant,ESTABLISHED,n/a,n/a,n/a,the enclosing function,scale-degree / pitch-class / interval bound,,"music-theory bound (scale degree 0..6, pitch-class %12, triad interval). Not tunable; not in param_manifest."
src/composing/analysis/region/sparsechordrefinement.cpp,81,literal,12,tonesFitTriadShape,LIVE,constant,ESTABLISHED,n/a,n/a,n/a,the enclosing function,scale-degree / pitch-class / interval bound,,"music-theory bound (scale degree 0..6, pitch-class %12, triad interval). Not tunable; not in param_manifest."
src/composing/analysis/region/sparsechordrefinement.cpp,82,branch,,tonesFitTriadShape,LIVE,code,SURVIVES,n/a,"the refinement guard inputs (quality, PC count, degree, key)",whether the committed quality is overwritten,the caller's committed ChordAnalysisResult,"Unknown/thin quality, <=2-PC, non-diatonic root, Aeolian exclusion",,refinement guard/branch.
src/composing/analysis/region/sparsechordrefinement.cpp,89,function,distinctPitchClassCount,,LIVE,code,SURVIVES,n/a,a committed ChordAnalysisResult + region tones + resolved key,a possibly-overwritten identity.quality (and function.degree/keyTonicPc/keyMode),"regionanalyzer Pass-1/2/2b, section analyzer, notation bridge","Unknown quality, <=2-PC region, Aeolian lone tonic/dominant, non-diatonic root",,LIVE post-commit diatonic-quality refinement (region path).
src/composing/analysis/region/sparsechordrefinement.cpp,91,literal,12,distinctPitchClassCount,LIVE,constant,ESTABLISHED,n/a,n/a,n/a,the enclosing function,scale-degree / pitch-class / interval bound,,"music-theory bound (scale degree 0..6, pitch-class %12, triad interval). Not tunable; not in param_manifest."
src/composing/analysis/region/sparsechordrefinement.cpp,94,literal,12,distinctPitchClassCount,LIVE,constant,ESTABLISHED,n/a,n/a,n/a,the enclosing function,scale-degree / pitch-class / interval bound,,"music-theory bound (scale degree 0..6, pitch-class %12, triad interval). Not tunable; not in param_manifest."
src/composing/analysis/region/sparsechordrefinement.cpp,95,branch,,distinctPitchClassCount,LIVE,code,SURVIVES,n/a,"the refinement guard inputs (quality, PC count, degree, key)",whether the committed quality is overwritten,the caller's committed ChordAnalysisResult,"Unknown/thin quality, <=2-PC, non-diatonic root, Aeolian exclusion",,refinement guard/branch.
src/composing/analysis/region/sparsechordrefinement.cpp,106,function,diatonicDegreeForRootPc,,LIVE,derived-fact,PUBLISHED,n/a,a committed ChordAnalysisResult + region tones + resolved key,a possibly-overwritten identity.quality (and function.degree/keyTonicPc/keyMode),"regionanalyzer Pass-1/2/2b, section analyzer, notation bridge","Unknown quality, <=2-PC region, Aeolian lone tonic/dominant, non-diatonic root",note: diatonicDegreeForRootPc is a widely-consumed pure primitive in a narrow-purpose file,"Single published copy (no #6 duplication), consumed layer-wide: L5 function modules (functionresolver/functionromannumeral/functionrelationallabel), section, bridge, batch. Its HOME (region/sparsechordrefinement) is narrower than its consumer set — a possible-misplacement note (shared music-theory primitive), not a duplication."
src/composing/analysis/region/sparsechordrefinement.cpp,109,literal,12,diatonicDegreeForRootPc,LIVE,constant,ESTABLISHED,n/a,n/a,n/a,the enclosing function,scale-degree / pitch-class / interval bound,,"music-theory bound (scale degree 0..6, pitch-class %12, triad interval). Not tunable; not in param_manifest."
src/composing/analysis/region/sparsechordrefinement.cpp,112,branch,,diatonicDegreeForRootPc,LIVE,code,SURVIVES,n/a,"the refinement guard inputs (quality, PC count, degree, key)",whether the committed quality is overwritten,the caller's committed ChordAnalysisResult,"Unknown/thin quality, <=2-PC, non-diatonic root, Aeolian exclusion",,refinement guard/branch.
src/composing/analysis/region/sparsechordrefinement.cpp,112,literal,12,diatonicDegreeForRootPc,LIVE,constant,ESTABLISHED,n/a,n/a,n/a,the enclosing function,scale-degree / pitch-class / interval bound,,"music-theory bound (scale degree 0..6, pitch-class %12, triad interval). Not tunable; not in param_manifest."
src/composing/analysis/region/sparsechordrefinement.cpp,119,function,refineSparseChordQualityFromKeyContext,,LIVE,code,SURVIVES,n/a,a committed ChordAnalysisResult + region tones + resolved key,a possibly-overwritten identity.quality (and function.degree/keyTonicPc/keyMode),"regionanalyzer Pass-1/2/2b, section analyzer, notation bridge","Unknown quality, <=2-PC region, Aeolian lone tonic/dominant, non-diatonic root",,LIVE post-commit diatonic-quality refinement (region path).
src/composing/analysis/region/sparsechordrefinement.cpp,125,branch,,refineSparseChordQualityFromKeyContext,LIVE,code,SURVIVES,n/a,"the refinement guard inputs (quality, PC count, degree, key)",whether the committed quality is overwritten,the caller's committed ChordAnalysisResult,"Unknown/thin quality, <=2-PC, non-diatonic root, Aeolian exclusion",,refinement guard/branch.
src/composing/analysis/region/sparsechordrefinement.cpp,132,branch,,refineSparseChordQualityFromKeyContext,LIVE,code,SURVIVES,n/a,"the refinement guard inputs (quality, PC count, degree, key)",whether the committed quality is overwritten,the caller's committed ChordAnalysisResult,"Unknown/thin quality, <=2-PC, non-diatonic root, Aeolian exclusion",,refinement guard/branch.
src/composing/analysis/region/sparsechordrefinement.cpp,132,literal,6,refineSparseChordQualityFromKeyContext,LIVE,constant,ESTABLISHED,n/a,n/a,n/a,the enclosing function,scale-degree / pitch-class / interval bound,,"music-theory bound (scale degree 0..6, pitch-class %12, triad interval). Not tunable; not in param_manifest."
src/composing/analysis/region/sparsechordrefinement.cpp,134,branch,,refineSparseChordQualityFromKeyContext,LIVE,code,SURVIVES,n/a,"the refinement guard inputs (quality, PC count, degree, key)",whether the committed quality is overwritten,the caller's committed ChordAnalysisResult,"Unknown/thin quality, <=2-PC, non-diatonic root, Aeolian exclusion",,refinement guard/branch.
src/composing/analysis/region/sparsechordrefinement.cpp,140,literal,12,refineSparseChordQualityFromKeyContext,LIVE,constant,ESTABLISHED,n/a,n/a,n/a,the enclosing function,scale-degree / pitch-class / interval bound,,"music-theory bound (scale degree 0..6, pitch-class %12, triad interval). Not tunable; not in param_manifest."
src/composing/analysis/region/sparsechordrefinement.cpp,145,branch,,refineSparseChordQualityFromKeyContext,LIVE,code,SURVIVES,n/a,"the refinement guard inputs (quality, PC count, degree, key)",whether the committed quality is overwritten,the caller's committed ChordAnalysisResult,"Unknown/thin quality, <=2-PC, non-diatonic root, Aeolian exclusion",,refinement guard/branch.
src/composing/analysis/region/sparsechordrefinement.cpp,154,branch,,refineSparseChordQualityFromKeyContext,LIVE,code,SURVIVES,n/a,"the refinement guard inputs (quality, PC count, degree, key)",whether the committed quality is overwritten,the caller's committed ChordAnalysisResult,"Unknown/thin quality, <=2-PC, non-diatonic root, Aeolian exclusion",,refinement guard/branch.
src/composing/analysis/region/sparsechordrefinement.cpp,157,literal,4,refineSparseChordQualityFromKeyContext,LIVE,constant,ESTABLISHED,n/a,n/a,n/a,the enclosing function,scale-degree / pitch-class / interval bound,,"music-theory bound (scale degree 0..6, pitch-class %12, triad interval). Not tunable; not in param_manifest."
src/composing/analysis/region/sparsechordrefinement.cpp,161,branch,,refineSparseChordQualityFromKeyContext,LIVE,code,SURVIVES,n/a,"the refinement guard inputs (quality, PC count, degree, key)",whether the committed quality is overwritten,the caller's committed ChordAnalysisResult,"Unknown/thin quality, <=2-PC, non-diatonic root, Aeolian exclusion",,refinement guard/branch.
src/composing/analysis/region/sparsechordrefinement.cpp,168,function,applyTonicPriorToSparseChord,,LIVE,code,SURVIVES,n/a,a committed ChordAnalysisResult + region tones + resolved key,a possibly-overwritten identity.quality (and function.degree/keyTonicPc/keyMode),"regionanalyzer Pass-1/2/2b, section analyzer, notation bridge","Unknown quality, <=2-PC region, Aeolian lone tonic/dominant, non-diatonic root",boundary note (#1): applyTonicPriorToSparseChord overrides a committed NON-Unknown thin quality,"Unlike refineSparseChordQualityFromKeyContext (Unknown-only), this overwrites a committed Power/Suspended2/Suspended4 quality on <=2-PC regions with the key's diatonic triad quality. The most aggressive post-commit key-conditioned overwrite of an L4 field. Boundary-ownership open."
src/composing/analysis/region/sparsechordrefinement.cpp,178,branch,,applyTonicPriorToSparseChord,LIVE,code,SURVIVES,n/a,"the refinement guard inputs (quality, PC count, degree, key)",whether the committed quality is overwritten,the caller's committed ChordAnalysisResult,"Unknown/thin quality, <=2-PC, non-diatonic root, Aeolian exclusion",,refinement guard/branch.
src/composing/analysis/region/sparsechordrefinement.cpp,184,branch,,applyTonicPriorToSparseChord,LIVE,code,SURVIVES,n/a,"the refinement guard inputs (quality, PC count, degree, key)",whether the committed quality is overwritten,the caller's committed ChordAnalysisResult,"Unknown/thin quality, <=2-PC, non-diatonic root, Aeolian exclusion",,refinement guard/branch.
src/composing/analysis/region/sparsechordrefinement.cpp,184,literal,2,applyTonicPriorToSparseChord,LIVE,constant,ESTABLISHED,n/a,n/a,n/a,the enclosing function,scale-degree / pitch-class / interval bound,,"music-theory bound (scale degree 0..6, pitch-class %12, triad interval). Not tunable; not in param_manifest."
src/composing/analysis/region/sparsechordrefinement.cpp,190,branch,,applyTonicPriorToSparseChord,LIVE,code,SURVIVES,n/a,"the refinement guard inputs (quality, PC count, degree, key)",whether the committed quality is overwritten,the caller's committed ChordAnalysisResult,"Unknown/thin quality, <=2-PC, non-diatonic root, Aeolian exclusion",,refinement guard/branch.
src/composing/analysis/region/sparsechordrefinement.cpp,195,branch,,applyTonicPriorToSparseChord,LIVE,code,SURVIVES,n/a,"the refinement guard inputs (quality, PC count, degree, key)",whether the committed quality is overwritten,the caller's committed ChordAnalysisResult,"Unknown/thin quality, <=2-PC, non-diatonic root, Aeolian exclusion",,refinement guard/branch.
src/composing/analysis/region/sparsechordrefinement.cpp,203,function,forceChordTrackQualityFromKeyContext,,LIVE,code,SURVIVES,n/a,a committed ChordAnalysisResult + region tones + resolved key,a possibly-overwritten identity.quality (and function.degree/keyTonicPc/keyMode),"regionanalyzer Pass-1/2/2b, section analyzer, notation bridge","Unknown quality, <=2-PC region, Aeolian lone tonic/dominant, non-diatonic root",,LIVE post-commit diatonic-quality refinement (region path).
src/composing/analysis/region/sparsechordrefinement.cpp,207,branch,,forceChordTrackQualityFromKeyContext,LIVE,code,SURVIVES,n/a,"the refinement guard inputs (quality, PC count, degree, key)",whether the committed quality is overwritten,the caller's committed ChordAnalysisResult,"Unknown/thin quality, <=2-PC, non-diatonic root, Aeolian exclusion",,refinement guard/branch.
src/composing/analysis/region/sparsechordrefinement.cpp,213,branch,,forceChordTrackQualityFromKeyContext,LIVE,code,SURVIVES,n/a,"the refinement guard inputs (quality, PC count, degree, key)",whether the committed quality is overwritten,the caller's committed ChordAnalysisResult,"Unknown/thin quality, <=2-PC, non-diatonic root, Aeolian exclusion",,refinement guard/branch.
src/composing/analysis/region/sparsechordrefinement.h,35,crosslayer,,,LIVE,code,SURVIVES,n/a,n/a,n/a,n/a,n/a,boundary note (#1): overwrites committed L4 identity.quality from the resolved key,"LIVE diatonic-quality refinement on the region path (regionanalyzer 1003/1005/1221/1411; bridge 640; section 158). Consumes the resolved key (keyFifths/keyMode) as a prior and overwrites the committed identity.quality AFTER analyzeChord commit. L4/L5 layer home is an open register question — declared to Cowork, not decided here."
src/composing/analysis/region/sparsechordrefinement.h,36,crosslayer,,,LIVE,code,SURVIVES,n/a,n/a,n/a,n/a,n/a,,"LIVE diatonic-quality refinement on the region path (regionanalyzer 1003/1005/1221/1411; bridge 640; section 158). Consumes the resolved key (keyFifths/keyMode) as a prior and overwrites the committed identity.quality AFTER analyzeChord commit. L4/L5 layer home is an open register question — declared to Cowork, not decided here."
src/composing/analysis/region/sparsechordrefinement.h,42,decl,diatonicDegreeForRootPc,,LIVE,code,SURVIVES,n/a,n/a,the declared surface,callers of the module,n/a,,"LIVE diatonic-quality refinement on the region path (regionanalyzer 1003/1005/1221/1411; bridge 640; section 158). Consumes the resolved key (keyFifths/keyMode) as a prior and overwrites the committed identity.quality AFTER analyzeChord commit. L4/L5 layer home is an open register question — declared to Cowork, not decided here."
src/composing/analysis/types/analysistypes.h,89,field,min,,LIVE,derived-fact,PUBLISHED,no(structural),n/a (a value-type member),a value that crosses the L1.5/L3/L4 boundaries (pure-relocation leaf),"chord analyzer, key analyzer, engraving bridge, region/section pipeline",default member-initializer stated in-struct,,cross-layer value-type field in the pure-relocation types leaf.
src/composing/analysis/types/analysistypes.h,90,field,max,,LIVE,derived-fact,PUBLISHED,no(structural),n/a (a value-type member),a value that crosses the L1.5/L3/L4 boundaries (pure-relocation leaf),"chord analyzer, key analyzer, engraving bridge, region/section pipeline",default member-initializer stated in-struct,,cross-layer value-type field in the pure-relocation types leaf.
src/composing/analysis/types/analysistypes.h,91,field,isManual,,LIVE,derived-fact,PUBLISHED,no(structural),n/a (a value-type member),a value that crosses the L1.5/L3/L4 boundaries (pure-relocation leaf),"chord analyzer, key analyzer, engraving bridge, region/section pipeline",default member-initializer stated in-struct,,cross-layer value-type field in the pure-relocation types leaf.
src/composing/analysis/types/analysistypes.h,115,literal,2,<file-scope>,LIVE,constant,ESTABLISHED,no(structural),n/a (a default value / optimizer bound in a value type),the compile-time default consumed by the analyzer/competition pipeline,analyzeChord + the competition pipeline (use-site dispositioned in the oracle session),default member-initializer; bounds() supplies optimizer range,,ChordAnalyzerPreferences scoring default or bounds() optimizer range; fit-status per parameter is recorded in param_manifest.json; the USE-site disposition belongs to the oracle session.
src/composing/analysis/types/analysistypes.h,135,field,pitch,,LIVE,derived-fact,PUBLISHED,no(structural),n/a (a value-type member),a value that crosses the L1.5/L3/L4 boundaries (pure-relocation leaf),"chord analyzer, key analyzer, engraving bridge, region/section pipeline",default member-initializer stated in-struct,,cross-layer value-type field in the pure-relocation types leaf.
src/composing/analysis/types/analysistypes.h,136,field,tpc,,LIVE,derived-fact,PUBLISHED,no(structural),n/a (a value-type member),a value that crosses the L1.5/L3/L4 boundaries (pure-relocation leaf),"chord analyzer, key analyzer, engraving bridge, region/section pipeline",default member-initializer stated in-struct,,cross-layer value-type field in the pure-relocation types leaf.
src/composing/analysis/types/analysistypes.h,137,field,weight,,LIVE,derived-fact,PUBLISHED,no(structural),n/a (a value-type member),a value that crosses the L1.5/L3/L4 boundaries (pure-relocation leaf),"chord analyzer, key analyzer, engraving bridge, region/section pipeline",default member-initializer stated in-struct,,cross-layer value-type field in the pure-relocation types leaf.
src/composing/analysis/types/analysistypes.h,138,field,isBass,,LIVE,derived-fact,PUBLISHED,no(structural),n/a (a value-type member),a value that crosses the L1.5/L3/L4 boundaries (pure-relocation leaf),"chord analyzer, key analyzer, engraving bridge, region/section pipeline",default member-initializer stated in-struct,,cross-layer value-type field in the pure-relocation types leaf.
src/composing/analysis/types/analysistypes.h,145,field,durationInRegion,,LIVE,derived-fact,PUBLISHED,no(structural),n/a (a value-type member),a value that crosses the L1.5/L3/L4 boundaries (pure-relocation leaf),"chord analyzer, key analyzer, engraving bridge, region/section pipeline",default member-initializer stated in-struct,,cross-layer value-type field in the pure-relocation types leaf.
src/composing/analysis/types/analysistypes.h,150,field,distinctMetricPositions,,LIVE,derived-fact,PUBLISHED,no(structural),n/a (a value-type member),a value that crosses the L1.5/L3/L4 boundaries (pure-relocation leaf),"chord analyzer, key analyzer, engraving bridge, region/section pipeline",default member-initializer stated in-struct,,cross-layer value-type field in the pure-relocation types leaf.
src/composing/analysis/types/analysistypes.h,155,field,simultaneousVoiceCount,,LIVE,derived-fact,PUBLISHED,no(structural),n/a (a value-type member),a value that crosses the L1.5/L3/L4 boundaries (pure-relocation leaf),"chord analyzer, key analyzer, engraving bridge, region/section pipeline",default member-initializer stated in-struct,,cross-layer value-type field in the pure-relocation types leaf.
src/composing/analysis/types/analysistypes.h,162,field,onsetAtRegionStart,,LIVE,derived-fact,PUBLISHED,no(structural),n/a (a value-type member),a value that crosses the L1.5/L3/L4 boundaries (pure-relocation leaf),"chord analyzer, key analyzer, engraving bridge, region/section pipeline",default member-initializer stated in-struct,,cross-layer value-type field in the pure-relocation types leaf.
src/composing/analysis/types/analysistypes.h,177,field,bassNoteRootBonus,,LIVE,derived-fact,PUBLISHED,yes-row,n/a (a value-type member),a value that crosses the L1.5/L3/L4 boundaries (pure-relocation leaf),"chord analyzer, key analyzer, engraving bridge, region/section pipeline",default member-initializer stated in-struct,,cross-layer value-type field in the pure-relocation types leaf.
src/composing/analysis/types/analysistypes.h,177,literal,0.70,<file-scope>,LIVE,constant,ESTABLISHED,yes-row,n/a (a default value / optimizer bound in a value type),the compile-time default consumed by the analyzer/competition pipeline,analyzeChord + the competition pipeline (use-site dispositioned in the oracle session),default member-initializer; bounds() supplies optimizer range,,ChordAnalyzerPreferences scoring default or bounds() optimizer range; fit-status per parameter is recorded in param_manifest.json; the USE-site disposition belongs to the oracle session.
src/composing/analysis/types/analysistypes.h,183,field,bassRootThirdOnlyMultiplier,,LIVE,derived-fact,PUBLISHED,yes-row,n/a (a value-type member),a value that crosses the L1.5/L3/L4 boundaries (pure-relocation leaf),"chord analyzer, key analyzer, engraving bridge, region/section pipeline",default member-initializer stated in-struct,,cross-layer value-type field in the pure-relocation types leaf.
src/composing/analysis/types/analysistypes.h,183,literal,0.3,<file-scope>,LIVE,constant,ESTABLISHED,yes-row,n/a (a default value / optimizer bound in a value type),the compile-time default consumed by the analyzer/competition pipeline,analyzeChord + the competition pipeline (use-site dispositioned in the oracle session),default member-initializer; bounds() supplies optimizer range,,ChordAnalyzerPreferences scoring default or bounds() optimizer range; fit-status per parameter is recorded in param_manifest.json; the USE-site disposition belongs to the oracle session.
src/composing/analysis/types/analysistypes.h,188,field,bassRootAloneMultiplier,,LIVE,derived-fact,PUBLISHED,yes-row,n/a (a value-type member),a value that crosses the L1.5/L3/L4 boundaries (pure-relocation leaf),"chord analyzer, key analyzer, engraving bridge, region/section pipeline",default member-initializer stated in-struct,,cross-layer value-type field in the pure-relocation types leaf.
src/composing/analysis/types/analysistypes.h,188,literal,0.1,<file-scope>,LIVE,constant,ESTABLISHED,yes-row,n/a (a default value / optimizer bound in a value type),the compile-time default consumed by the analyzer/competition pipeline,analyzeChord + the competition pipeline (use-site dispositioned in the oracle session),default member-initializer; bounds() supplies optimizer range,,ChordAnalyzerPreferences scoring default or bounds() optimizer range; fit-status per parameter is recorded in param_manifest.json; the USE-site disposition belongs to the oracle session.
src/composing/analysis/types/analysistypes.h,191,field,diatonicRootBonus,,LIVE,derived-fact,PUBLISHED,yes-row,n/a (a value-type member),a value that crosses the L1.5/L3/L4 boundaries (pure-relocation leaf),"chord analyzer, key analyzer, engraving bridge, region/section pipeline",default member-initializer stated in-struct,,cross-layer value-type field in the pure-relocation types leaf.
src/composing/analysis/types/analysistypes.h,191,literal,0.30,<file-scope>,LIVE,constant,ESTABLISHED,yes-row,n/a (a default value / optimizer bound in a value type),the compile-time default consumed by the analyzer/competition pipeline,analyzeChord + the competition pipeline (use-site dispositioned in the oracle session),default member-initializer; bounds() supplies optimizer range,,ChordAnalyzerPreferences scoring default or bounds() optimizer range; fit-status per parameter is recorded in param_manifest.json; the USE-site disposition belongs to the oracle session.
src/composing/analysis/types/analysistypes.h,196,field,tpcConsistencyBonusPerTone,,LIVE,derived-fact,PUBLISHED,yes-row,n/a (a value-type member),a value that crosses the L1.5/L3/L4 boundaries (pure-relocation leaf),"chord analyzer, key analyzer, engraving bridge, region/section pipeline",default member-initializer stated in-struct,,cross-layer value-type field in the pure-relocation types leaf.
src/composing/analysis/types/analysistypes.h,196,literal,0.20,<file-scope>,LIVE,constant,ESTABLISHED,yes-row,n/a (a default value / optimizer bound in a value type),the compile-time default consumed by the analyzer/competition pipeline,analyzeChord + the competition pipeline (use-site dispositioned in the oracle session),default member-initializer; bounds() supplies optimizer range,,ChordAnalyzerPreferences scoring default or bounds() optimizer range; fit-status per parameter is recorded in param_manifest.json; the USE-site disposition belongs to the oracle session.
src/composing/analysis/types/analysistypes.h,200,field,rootContinuityBonus,,LIVE,derived-fact,PUBLISHED,yes-row,n/a (a value-type member),a value that crosses the L1.5/L3/L4 boundaries (pure-relocation leaf),"chord analyzer, key analyzer, engraving bridge, region/section pipeline",default member-initializer stated in-struct,,cross-layer value-type field in the pure-relocation types leaf.
src/composing/analysis/types/analysistypes.h,200,literal,0.40,<file-scope>,LIVE,constant,ESTABLISHED,yes-row,n/a (a default value / optimizer bound in a value type),the compile-time default consumed by the analyzer/competition pipeline,analyzeChord + the competition pipeline (use-site dispositioned in the oracle session),default member-initializer; bounds() supplies optimizer range,,ChordAnalyzerPreferences scoring default or bounds() optimizer range; fit-status per parameter is recorded in param_manifest.json; the USE-site disposition belongs to the oracle session.
src/composing/analysis/types/analysistypes.h,207,field,resolutionBonus,,LIVE,derived-fact,PUBLISHED,yes-row,n/a (a value-type member),a value that crosses the L1.5/L3/L4 boundaries (pure-relocation leaf),"chord analyzer, key analyzer, engraving bridge, region/section pipeline",default member-initializer stated in-struct,,cross-layer value-type field in the pure-relocation types leaf.
src/composing/analysis/types/analysistypes.h,207,literal,0.35,<file-scope>,LIVE,constant,ESTABLISHED,yes-row,n/a (a default value / optimizer bound in a value type),the compile-time default consumed by the analyzer/competition pipeline,analyzeChord + the competition pipeline (use-site dispositioned in the oracle session),default member-initializer; bounds() supplies optimizer range,,ChordAnalyzerPreferences scoring default or bounds() optimizer range; fit-status per parameter is recorded in param_manifest.json; the USE-site disposition belongs to the oracle session.
src/composing/analysis/types/analysistypes.h,226,field,stepwiseBassInversionBonus,,LIVE,derived-fact,PUBLISHED,yes-row,n/a (a value-type member),a value that crosses the L1.5/L3/L4 boundaries (pure-relocation leaf),"chord analyzer, key analyzer, engraving bridge, region/section pipeline",default member-initializer stated in-struct,,cross-layer value-type field in the pure-relocation types leaf.
src/composing/analysis/types/analysistypes.h,226,literal,0.5,<file-scope>,LIVE,constant,ESTABLISHED,yes-row,n/a (a default value / optimizer bound in a value type),the compile-time default consumed by the analyzer/competition pipeline,analyzeChord + the competition pipeline (use-site dispositioned in the oracle session),default member-initializer; bounds() supplies optimizer range,,ChordAnalyzerPreferences scoring default or bounds() optimizer range; fit-status per parameter is recorded in param_manifest.json; the USE-site disposition belongs to the oracle session.
src/composing/analysis/types/analysistypes.h,235,field,stepwiseBassLookaheadBonus,,LIVE,derived-fact,PUBLISHED,yes-row,n/a (a value-type member),a value that crosses the L1.5/L3/L4 boundaries (pure-relocation leaf),"chord analyzer, key analyzer, engraving bridge, region/section pipeline",default member-initializer stated in-struct,,cross-layer value-type field in the pure-relocation types leaf.
src/composing/analysis/types/analysistypes.h,235,literal,0.5,<file-scope>,LIVE,constant,ESTABLISHED,yes-row,n/a (a default value / optimizer bound in a value type),the compile-time default consumed by the analyzer/competition pipeline,analyzeChord + the competition pipeline (use-site dispositioned in the oracle session),default member-initializer; bounds() supplies optimizer range,,ChordAnalyzerPreferences scoring default or bounds() optimizer range; fit-status per parameter is recorded in param_manifest.json; the USE-site disposition belongs to the oracle session.
src/composing/analysis/types/analysistypes.h,243,field,completeTriadInversionBonus,,LIVE,derived-fact,PUBLISHED,yes-row,n/a (a value-type member),a value that crosses the L1.5/L3/L4 boundaries (pure-relocation leaf),"chord analyzer, key analyzer, engraving bridge, region/section pipeline",default member-initializer stated in-struct,,cross-layer value-type field in the pure-relocation types leaf.
src/composing/analysis/types/analysistypes.h,243,literal,0.45,<file-scope>,LIVE,constant,ESTABLISHED,yes-row,n/a (a default value / optimizer bound in a value type),the compile-time default consumed by the analyzer/competition pipeline,analyzeChord + the competition pipeline (use-site dispositioned in the oracle session),default member-initializer; bounds() supplies optimizer range,,ChordAnalyzerPreferences scoring default or bounds() optimizer range; fit-status per parameter is recorded in param_manifest.json; the USE-site disposition belongs to the oracle session.
src/composing/analysis/types/analysistypes.h,252,field,sameRootInversionBonus,,LIVE,derived-fact,PUBLISHED,yes-row,n/a (a value-type member),a value that crosses the L1.5/L3/L4 boundaries (pure-relocation leaf),"chord analyzer, key analyzer, engraving bridge, region/section pipeline",default member-initializer stated in-struct,,cross-layer value-type field in the pure-relocation types leaf.
src/composing/analysis/types/analysistypes.h,252,literal,0.4,<file-scope>,LIVE,constant,ESTABLISHED,yes-row,n/a (a default value / optimizer bound in a value type),the compile-time default consumed by the analyzer/competition pipeline,analyzeChord + the competition pipeline (use-site dispositioned in the oracle session),default member-initializer; bounds() supplies optimizer range,,ChordAnalyzerPreferences scoring default or bounds() optimizer range; fit-status per parameter is recorded in param_manifest.json; the USE-site disposition belongs to the oracle session.
src/composing/analysis/types/analysistypes.h,268,field,maxTotalInversionContextBonus,,LIVE,constant,ESTABLISHED,yes-row,n/a (a value-type member),a value that crosses the L1.5/L3/L4 boundaries (pure-relocation leaf),"chord analyzer, key analyzer, engraving bridge, region/section pipeline",default member-initializer stated in-struct,,"Default 2.0; the four feeding bonuses sum to <=1.85 (Baroque/Default) or 0.75 (Jazz), so std::min never binds. Documented-inert safety cap; consumer is fn::inversionContextBonus (oracle session). In param_manifest. Not a finding (documented)."
src/composing/analysis/types/analysistypes.h,268,literal,2.0,<file-scope>,LIVE,constant,ESTABLISHED,yes-row,n/a (a default value / optimizer bound in a value type),the compile-time default consumed by the analyzer/competition pipeline,analyzeChord + the competition pipeline (use-site dispositioned in the oracle session),default member-initializer; bounds() supplies optimizer range,note: maxTotalInversionContextBonus is a documented-inert cap (never clamps at current values),"Default 2.0; the four feeding bonuses sum to <=1.85 (Baroque/Default) or 0.75 (Jazz), so std::min never binds. Documented-inert safety cap; consumer is fn::inversionContextBonus (oracle session). In param_manifest. Not a finding (documented)."
src/composing/analysis/types/analysistypes.h,293,field,inversionSuspicionMargin,,LIVE,derived-fact,PUBLISHED,yes-row,n/a (a value-type member),a value that crosses the L1.5/L3/L4 boundaries (pure-relocation leaf),"chord analyzer, key analyzer, engraving bridge, region/section pipeline",default member-initializer stated in-struct,,cross-layer value-type field in the pure-relocation types leaf.
src/composing/analysis/types/analysistypes.h,293,literal,0.70,<file-scope>,LIVE,constant,ESTABLISHED,yes-row,n/a (a default value / optimizer bound in a value type),the compile-time default consumed by the analyzer/competition pipeline,analyzeChord + the competition pipeline (use-site dispositioned in the oracle session),default member-initializer; bounds() supplies optimizer range,,ChordAnalyzerPreferences scoring default or bounds() optimizer range; fit-status per parameter is recorded in param_manifest.json; the USE-site disposition belongs to the oracle session.
src/composing/analysis/types/analysistypes.h,298,field,inversionBonusReduction,,LIVE,derived-fact,PUBLISHED,yes-row,n/a (a value-type member),a value that crosses the L1.5/L3/L4 boundaries (pure-relocation leaf),"chord analyzer, key analyzer, engraving bridge, region/section pipeline",default member-initializer stated in-struct,,cross-layer value-type field in the pure-relocation types leaf.
src/composing/analysis/types/analysistypes.h,298,literal,0.0,<file-scope>,LIVE,constant,ESTABLISHED,yes-row,n/a (a default value / optimizer bound in a value type),the compile-time default consumed by the analyzer/competition pipeline,analyzeChord + the competition pipeline (use-site dispositioned in the oracle session),default member-initializer; bounds() supplies optimizer range,,ChordAnalyzerPreferences scoring default or bounds() optimizer range; fit-status per parameter is recorded in param_manifest.json; the USE-site disposition belongs to the oracle session.
src/composing/analysis/types/analysistypes.h,308,field,preferMinorOverMajorAdd6,,LIVE,derived-fact,PUBLISHED,yes-row,n/a (a value-type member),a value that crosses the L1.5/L3/L4 boundaries (pure-relocation leaf),"chord analyzer, key analyzer, engraving bridge, region/section pipeline",default member-initializer stated in-struct,,cross-layer value-type field in the pure-relocation types leaf.
src/composing/analysis/types/analysistypes.h,319,field,harmonicBoundaryJaccardThreshold,,LIVE,derived-fact,PUBLISHED,yes-row,n/a (a value-type member),a value that crosses the L1.5/L3/L4 boundaries (pure-relocation leaf),"chord analyzer, key analyzer, engraving bridge, region/section pipeline",default member-initializer stated in-struct,,cross-layer value-type field in the pure-relocation types leaf.
src/composing/analysis/types/analysistypes.h,319,literal,0.6,<file-scope>,LIVE,constant,ESTABLISHED,yes-row,n/a (a default value / optimizer bound in a value type),the compile-time default consumed by the analyzer/competition pipeline,analyzeChord + the competition pipeline (use-site dispositioned in the oracle session),default member-initializer; bounds() supplies optimizer range,,ChordAnalyzerPreferences scoring default or bounds() optimizer range; fit-status per parameter is recorded in param_manifest.json; the USE-site disposition belongs to the oracle session.
src/composing/analysis/types/analysistypes.h,325,field,pedalTailWeightMultiplier,,LIVE,derived-fact,PUBLISHED,yes-row,n/a (a value-type member),a value that crosses the L1.5/L3/L4 boundaries (pure-relocation leaf),"chord analyzer, key analyzer, engraving bridge, region/section pipeline",default member-initializer stated in-struct,,cross-layer value-type field in the pure-relocation types leaf.
src/composing/analysis/types/analysistypes.h,325,literal,0.3,<file-scope>,LIVE,constant,ESTABLISHED,yes-row,n/a (a default value / optimizer bound in a value type),the compile-time default consumed by the analyzer/competition pipeline,analyzeChord + the competition pipeline (use-site dispositioned in the oracle session),default member-initializer; bounds() supplies optimizer range,,ChordAnalyzerPreferences scoring default or bounds() optimizer range; fit-status per parameter is recorded in param_manifest.json; the USE-site disposition belongs to the oracle session.
src/composing/analysis/types/analysistypes.h,332,field,bassPassingToneMinWeightFraction,,LIVE,derived-fact,PUBLISHED,yes-row,n/a (a value-type member),a value that crosses the L1.5/L3/L4 boundaries (pure-relocation leaf),"chord analyzer, key analyzer, engraving bridge, region/section pipeline",default member-initializer stated in-struct,,cross-layer value-type field in the pure-relocation types leaf.
src/composing/analysis/types/analysistypes.h,332,literal,0.05,<file-scope>,LIVE,constant,ESTABLISHED,yes-row,n/a (a default value / optimizer bound in a value type),the compile-time default consumed by the analyzer/competition pipeline,analyzeChord + the competition pipeline (use-site dispositioned in the oracle session),default member-initializer; bounds() supplies optimizer range,,ChordAnalyzerPreferences scoring default or bounds() optimizer range; fit-status per parameter is recorded in param_manifest.json; the USE-site disposition belongs to the oracle session.
src/composing/analysis/types/analysistypes.h,346,field,extensionThreshold,,LIVE,derived-fact,PUBLISHED,notes-only,n/a (a value-type member),a value that crosses the L1.5/L3/L4 boundaries (pure-relocation leaf),"chord analyzer, key analyzer, engraving bridge, region/section pipeline",default member-initializer stated in-struct,,cross-layer value-type field in the pure-relocation types leaf.
src/composing/analysis/types/analysistypes.h,346,literal,0.20,<file-scope>,LIVE,constant,ESTABLISHED,notes-only,n/a (a default value / optimizer bound in a value type),the compile-time default consumed by the analyzer/competition pipeline,analyzeChord + the competition pipeline (use-site dispositioned in the oracle session),default member-initializer; bounds() supplies optimizer range,,ChordAnalyzerPreferences scoring default or bounds() optimizer range; fit-status per parameter is recorded in param_manifest.json; the USE-site disposition belongs to the oracle session.
src/composing/analysis/types/analysistypes.h,355,field,minDistinctPcsForCandidate,,LIVE,derived-fact,PUBLISHED,yes-row,n/a (a value-type member),a value that crosses the L1.5/L3/L4 boundaries (pure-relocation leaf),"chord analyzer, key analyzer, engraving bridge, region/section pipeline",default member-initializer stated in-struct,,cross-layer value-type field in the pure-relocation types leaf.
src/composing/analysis/types/analysistypes.h,355,literal,3,<file-scope>,LIVE,constant,ESTABLISHED,yes-row,n/a (a default value / optimizer bound in a value type),the compile-time default consumed by the analyzer/competition pipeline,analyzeChord + the competition pipeline (use-site dispositioned in the oracle session),default member-initializer; bounds() supplies optimizer range,,ChordAnalyzerPreferences scoring default or bounds() optimizer range; fit-status per parameter is recorded in param_manifest.json; the USE-site disposition belongs to the oracle session.
src/composing/analysis/types/analysistypes.h,367,field,scoringPhase,,LIVE,derived-fact,PUBLISHED,no,n/a (a value-type member),a value that crosses the L1.5/L3/L4 boundaries (pure-relocation leaf),"chord analyzer, key analyzer, engraving bridge, region/section pipeline",default member-initializer stated in-struct,,cross-layer value-type field in the pure-relocation types leaf.
src/composing/analysis/types/analysistypes.h,375,field,decodeQualityLevel,,LIVE,derived-fact,PUBLISHED,no,n/a (a value-type member),a value that crosses the L1.5/L3/L4 boundaries (pure-relocation leaf),"chord analyzer, key analyzer, engraving bridge, region/section pipeline",default member-initializer stated in-struct,,cross-layer value-type field in the pure-relocation types leaf.
src/composing/analysis/types/analysistypes.h,386,field,pedalConfidenceThreshold,,LIVE,derived-fact,PUBLISHED,yes-row,n/a (a value-type member),a value that crosses the L1.5/L3/L4 boundaries (pure-relocation leaf),"chord analyzer, key analyzer, engraving bridge, region/section pipeline",default member-initializer stated in-struct,,cross-layer value-type field in the pure-relocation types leaf.
src/composing/analysis/types/analysistypes.h,386,literal,0.65,<file-scope>,LIVE,constant,ESTABLISHED,yes-row,n/a (a default value / optimizer bound in a value type),the compile-time default consumed by the analyzer/competition pipeline,analyzeChord + the competition pipeline (use-site dispositioned in the oracle session),default member-initializer; bounds() supplies optimizer range,,ChordAnalyzerPreferences scoring default or bounds() optimizer range; fit-status per parameter is recorded in param_manifest.json; the USE-site disposition belongs to the oracle session.
src/composing/analysis/types/analysistypes.h,394,field,useExistingChordSymbols,,LIVE,constant,DEAD,no(structural),n/a (a value-type member),a value that crosses the L1.5/L3/L4 boundaries (pure-relocation leaf),"chord analyzer, key analyzer, engraving bridge, region/section pipeline",default member-initializer stated in-struct,declared placeholder (not waste): useExistingChordSymbols/useRomanNumeral/useNashvilleAnnotations + StylePrior,"Default-false, unwired 'TODO: implement' toggles. ARCHITECTURE 'Do not remove' lists them as placeholders for named planned features (LLM integration; Authoritative Chord Symbol Mode #4.1f). DEAD-but-reserved with named future consumer — declared, not silent dead code."
src/composing/analysis/types/analysistypes.h,397,field,useRomanNumeralAnnotations,,LIVE,constant,DEAD,no(structural),n/a (a value-type member),a value that crosses the L1.5/L3/L4 boundaries (pure-relocation leaf),"chord analyzer, key analyzer, engraving bridge, region/section pipeline",default member-initializer stated in-struct,,"Default-false, unwired 'TODO: implement' toggles. ARCHITECTURE 'Do not remove' lists them as placeholders for named planned features (LLM integration; Authoritative Chord Symbol Mode #4.1f). DEAD-but-reserved with named future consumer — declared, not silent dead code."
src/composing/analysis/types/analysistypes.h,400,field,useNashvilleAnnotations,,LIVE,constant,DEAD,no(structural),n/a (a value-type member),a value that crosses the L1.5/L3/L4 boundaries (pure-relocation leaf),"chord analyzer, key analyzer, engraving bridge, region/section pipeline",default member-initializer stated in-struct,,"Default-false, unwired 'TODO: implement' toggles. ARCHITECTURE 'Do not remove' lists them as placeholders for named planned features (LLM integration; Authoritative Chord Symbol Mode #4.1f). DEAD-but-reserved with named future consumer — declared, not silent dead code."
src/composing/analysis/types/analysistypes.h,425,function,bounds,,LIVE,code,SURVIVES,n/a,the seed temporal context + per-region inputs written on context(),the threaded temporal context + (inert) decoded path,regionanalyzer.cpp (3 sites) + decode_tests.cpp,beam-1 single path; levels>FastBeam1 behave as FastBeam1 (no-op),,byte-identical re-expression of advanceTemporalContext at beam 1.
src/composing/analysis/types/analysistypes.h,428,literal,0.0,bounds,LIVE,constant,ESTABLISHED,no(structural),n/a (a default value / optimizer bound in a value type),the compile-time default consumed by the analyzer/competition pipeline,analyzeChord + the competition pipeline (use-site dispositioned in the oracle session),default member-initializer; bounds() supplies optimizer range,,ChordAnalyzerPreferences scoring default or bounds() optimizer range; fit-status per parameter is recorded in param_manifest.json; the USE-site disposition belongs to the oracle session.
src/composing/analysis/types/analysistypes.h,428,literal,2.0,bounds,LIVE,constant,ESTABLISHED,no(structural),n/a (a default value / optimizer bound in a value type),the compile-time default consumed by the analyzer/competition pipeline,analyzeChord + the competition pipeline (use-site dispositioned in the oracle session),default member-initializer; bounds() supplies optimizer range,,ChordAnalyzerPreferences scoring default or bounds() optimizer range; fit-status per parameter is recorded in param_manifest.json; the USE-site disposition belongs to the oracle session.
src/composing/analysis/types/analysistypes.h,429,literal,0.0,bounds,LIVE,constant,ESTABLISHED,no(structural),n/a (a default value / optimizer bound in a value type),the compile-time default consumed by the analyzer/competition pipeline,analyzeChord + the competition pipeline (use-site dispositioned in the oracle session),default member-initializer; bounds() supplies optimizer range,,ChordAnalyzerPreferences scoring default or bounds() optimizer range; fit-status per parameter is recorded in param_manifest.json; the USE-site disposition belongs to the oracle session.
src/composing/analysis/types/analysistypes.h,429,literal,1.0,bounds,LIVE,constant,ESTABLISHED,no(structural),n/a (a default value / optimizer bound in a value type),the compile-time default consumed by the analyzer/competition pipeline,analyzeChord + the competition pipeline (use-site dispositioned in the oracle session),default member-initializer; bounds() supplies optimizer range,,ChordAnalyzerPreferences scoring default or bounds() optimizer range; fit-status per parameter is recorded in param_manifest.json; the USE-site disposition belongs to the oracle session.
src/composing/analysis/types/analysistypes.h,430,literal,0.0,bounds,LIVE,constant,ESTABLISHED,no(structural),n/a (a default value / optimizer bound in a value type),the compile-time default consumed by the analyzer/competition pipeline,analyzeChord + the competition pipeline (use-site dispositioned in the oracle session),default member-initializer; bounds() supplies optimizer range,,ChordAnalyzerPreferences scoring default or bounds() optimizer range; fit-status per parameter is recorded in param_manifest.json; the USE-site disposition belongs to the oracle session.
src/composing/analysis/types/analysistypes.h,430,literal,1.0,bounds,LIVE,constant,ESTABLISHED,no(structural),n/a (a default value / optimizer bound in a value type),the compile-time default consumed by the analyzer/competition pipeline,analyzeChord + the competition pipeline (use-site dispositioned in the oracle session),default member-initializer; bounds() supplies optimizer range,,ChordAnalyzerPreferences scoring default or bounds() optimizer range; fit-status per parameter is recorded in param_manifest.json; the USE-site disposition belongs to the oracle session.
src/composing/analysis/types/analysistypes.h,431,literal,0.0,bounds,LIVE,constant,ESTABLISHED,no(structural),n/a (a default value / optimizer bound in a value type),the compile-time default consumed by the analyzer/competition pipeline,analyzeChord + the competition pipeline (use-site dispositioned in the oracle session),default member-initializer; bounds() supplies optimizer range,,ChordAnalyzerPreferences scoring default or bounds() optimizer range; fit-status per parameter is recorded in param_manifest.json; the USE-site disposition belongs to the oracle session.
src/composing/analysis/types/analysistypes.h,431,literal,1.0,bounds,LIVE,constant,ESTABLISHED,no(structural),n/a (a default value / optimizer bound in a value type),the compile-time default consumed by the analyzer/competition pipeline,analyzeChord + the competition pipeline (use-site dispositioned in the oracle session),default member-initializer; bounds() supplies optimizer range,,ChordAnalyzerPreferences scoring default or bounds() optimizer range; fit-status per parameter is recorded in param_manifest.json; the USE-site disposition belongs to the oracle session.
src/composing/analysis/types/analysistypes.h,432,literal,0.0,bounds,LIVE,constant,ESTABLISHED,no(structural),n/a (a default value / optimizer bound in a value type),the compile-time default consumed by the analyzer/competition pipeline,analyzeChord + the competition pipeline (use-site dispositioned in the oracle session),default member-initializer; bounds() supplies optimizer range,,ChordAnalyzerPreferences scoring default or bounds() optimizer range; fit-status per parameter is recorded in param_manifest.json; the USE-site disposition belongs to the oracle session.
src/composing/analysis/types/analysistypes.h,432,literal,1.0,bounds,LIVE,constant,ESTABLISHED,no(structural),n/a (a default value / optimizer bound in a value type),the compile-time default consumed by the analyzer/competition pipeline,analyzeChord + the competition pipeline (use-site dispositioned in the oracle session),default member-initializer; bounds() supplies optimizer range,,ChordAnalyzerPreferences scoring default or bounds() optimizer range; fit-status per parameter is recorded in param_manifest.json; the USE-site disposition belongs to the oracle session.
src/composing/analysis/types/analysistypes.h,433,literal,0.0,bounds,LIVE,constant,ESTABLISHED,no(structural),n/a (a default value / optimizer bound in a value type),the compile-time default consumed by the analyzer/competition pipeline,analyzeChord + the competition pipeline (use-site dispositioned in the oracle session),default member-initializer; bounds() supplies optimizer range,,ChordAnalyzerPreferences scoring default or bounds() optimizer range; fit-status per parameter is recorded in param_manifest.json; the USE-site disposition belongs to the oracle session.
src/composing/analysis/types/analysistypes.h,433,literal,1.5,bounds,LIVE,constant,ESTABLISHED,no(structural),n/a (a default value / optimizer bound in a value type),the compile-time default consumed by the analyzer/competition pipeline,analyzeChord + the competition pipeline (use-site dispositioned in the oracle session),default member-initializer; bounds() supplies optimizer range,,ChordAnalyzerPreferences scoring default or bounds() optimizer range; fit-status per parameter is recorded in param_manifest.json; the USE-site disposition belongs to the oracle session.
src/composing/analysis/types/analysistypes.h,434,literal,0.0,bounds,LIVE,constant,ESTABLISHED,no(structural),n/a (a default value / optimizer bound in a value type),the compile-time default consumed by the analyzer/competition pipeline,analyzeChord + the competition pipeline (use-site dispositioned in the oracle session),default member-initializer; bounds() supplies optimizer range,,ChordAnalyzerPreferences scoring default or bounds() optimizer range; fit-status per parameter is recorded in param_manifest.json; the USE-site disposition belongs to the oracle session.
src/composing/analysis/types/analysistypes.h,434,literal,1.5,bounds,LIVE,constant,ESTABLISHED,no(structural),n/a (a default value / optimizer bound in a value type),the compile-time default consumed by the analyzer/competition pipeline,analyzeChord + the competition pipeline (use-site dispositioned in the oracle session),default member-initializer; bounds() supplies optimizer range,,ChordAnalyzerPreferences scoring default or bounds() optimizer range; fit-status per parameter is recorded in param_manifest.json; the USE-site disposition belongs to the oracle session.
src/composing/analysis/types/analysistypes.h,435,literal,0.0,bounds,LIVE,constant,ESTABLISHED,no(structural),n/a (a default value / optimizer bound in a value type),the compile-time default consumed by the analyzer/competition pipeline,analyzeChord + the competition pipeline (use-site dispositioned in the oracle session),default member-initializer; bounds() supplies optimizer range,,ChordAnalyzerPreferences scoring default or bounds() optimizer range; fit-status per parameter is recorded in param_manifest.json; the USE-site disposition belongs to the oracle session.
src/composing/analysis/types/analysistypes.h,435,literal,2.0,bounds,LIVE,constant,ESTABLISHED,no(structural),n/a (a default value / optimizer bound in a value type),the compile-time default consumed by the analyzer/competition pipeline,analyzeChord + the competition pipeline (use-site dispositioned in the oracle session),default member-initializer; bounds() supplies optimizer range,,ChordAnalyzerPreferences scoring default or bounds() optimizer range; fit-status per parameter is recorded in param_manifest.json; the USE-site disposition belongs to the oracle session.
src/composing/analysis/types/analysistypes.h,436,literal,0.0,bounds,LIVE,constant,ESTABLISHED,no(structural),n/a (a default value / optimizer bound in a value type),the compile-time default consumed by the analyzer/competition pipeline,analyzeChord + the competition pipeline (use-site dispositioned in the oracle session),default member-initializer; bounds() supplies optimizer range,,ChordAnalyzerPreferences scoring default or bounds() optimizer range; fit-status per parameter is recorded in param_manifest.json; the USE-site disposition belongs to the oracle session.
src/composing/analysis/types/analysistypes.h,436,literal,2.0,bounds,LIVE,constant,ESTABLISHED,no(structural),n/a (a default value / optimizer bound in a value type),the compile-time default consumed by the analyzer/competition pipeline,analyzeChord + the competition pipeline (use-site dispositioned in the oracle session),default member-initializer; bounds() supplies optimizer range,,ChordAnalyzerPreferences scoring default or bounds() optimizer range; fit-status per parameter is recorded in param_manifest.json; the USE-site disposition belongs to the oracle session.
src/composing/analysis/types/analysistypes.h,437,literal,0.0,bounds,LIVE,constant,ESTABLISHED,no(structural),n/a (a default value / optimizer bound in a value type),the compile-time default consumed by the analyzer/competition pipeline,analyzeChord + the competition pipeline (use-site dispositioned in the oracle session),default member-initializer; bounds() supplies optimizer range,,ChordAnalyzerPreferences scoring default or bounds() optimizer range; fit-status per parameter is recorded in param_manifest.json; the USE-site disposition belongs to the oracle session.
src/composing/analysis/types/analysistypes.h,437,literal,2.0,bounds,LIVE,constant,ESTABLISHED,no(structural),n/a (a default value / optimizer bound in a value type),the compile-time default consumed by the analyzer/competition pipeline,analyzeChord + the competition pipeline (use-site dispositioned in the oracle session),default member-initializer; bounds() supplies optimizer range,,ChordAnalyzerPreferences scoring default or bounds() optimizer range; fit-status per parameter is recorded in param_manifest.json; the USE-site disposition belongs to the oracle session.
src/composing/analysis/types/analysistypes.h,438,literal,0.0,bounds,LIVE,constant,ESTABLISHED,no(structural),n/a (a default value / optimizer bound in a value type),the compile-time default consumed by the analyzer/competition pipeline,analyzeChord + the competition pipeline (use-site dispositioned in the oracle session),default member-initializer; bounds() supplies optimizer range,,ChordAnalyzerPreferences scoring default or bounds() optimizer range; fit-status per parameter is recorded in param_manifest.json; the USE-site disposition belongs to the oracle session.
src/composing/analysis/types/analysistypes.h,438,literal,2.0,bounds,LIVE,constant,ESTABLISHED,no(structural),n/a (a default value / optimizer bound in a value type),the compile-time default consumed by the analyzer/competition pipeline,analyzeChord + the competition pipeline (use-site dispositioned in the oracle session),default member-initializer; bounds() supplies optimizer range,,ChordAnalyzerPreferences scoring default or bounds() optimizer range; fit-status per parameter is recorded in param_manifest.json; the USE-site disposition belongs to the oracle session.
src/composing/analysis/types/analysistypes.h,439,literal,0.0,bounds,LIVE,constant,ESTABLISHED,no(structural),n/a (a default value / optimizer bound in a value type),the compile-time default consumed by the analyzer/competition pipeline,analyzeChord + the competition pipeline (use-site dispositioned in the oracle session),default member-initializer; bounds() supplies optimizer range,,ChordAnalyzerPreferences scoring default or bounds() optimizer range; fit-status per parameter is recorded in param_manifest.json; the USE-site disposition belongs to the oracle session.
src/composing/analysis/types/analysistypes.h,439,literal,10.0,bounds,LIVE,constant,ESTABLISHED,no(structural),n/a (a default value / optimizer bound in a value type),the compile-time default consumed by the analyzer/competition pipeline,analyzeChord + the competition pipeline (use-site dispositioned in the oracle session),default member-initializer; bounds() supplies optimizer range,,ChordAnalyzerPreferences scoring default or bounds() optimizer range; fit-status per parameter is recorded in param_manifest.json; the USE-site disposition belongs to the oracle session.
src/composing/analysis/types/analysistypes.h,440,literal,0.0,bounds,LIVE,constant,ESTABLISHED,no(structural),n/a (a default value / optimizer bound in a value type),the compile-time default consumed by the analyzer/competition pipeline,analyzeChord + the competition pipeline (use-site dispositioned in the oracle session),default member-initializer; bounds() supplies optimizer range,,ChordAnalyzerPreferences scoring default or bounds() optimizer range; fit-status per parameter is recorded in param_manifest.json; the USE-site disposition belongs to the oracle session.
src/composing/analysis/types/analysistypes.h,440,literal,2.0,bounds,LIVE,constant,ESTABLISHED,no(structural),n/a (a default value / optimizer bound in a value type),the compile-time default consumed by the analyzer/competition pipeline,analyzeChord + the competition pipeline (use-site dispositioned in the oracle session),default member-initializer; bounds() supplies optimizer range,,ChordAnalyzerPreferences scoring default or bounds() optimizer range; fit-status per parameter is recorded in param_manifest.json; the USE-site disposition belongs to the oracle session.
src/composing/analysis/types/analysistypes.h,441,literal,0.0,bounds,LIVE,constant,ESTABLISHED,no(structural),n/a (a default value / optimizer bound in a value type),the compile-time default consumed by the analyzer/competition pipeline,analyzeChord + the competition pipeline (use-site dispositioned in the oracle session),default member-initializer; bounds() supplies optimizer range,,ChordAnalyzerPreferences scoring default or bounds() optimizer range; fit-status per parameter is recorded in param_manifest.json; the USE-site disposition belongs to the oracle session.
src/composing/analysis/types/analysistypes.h,441,literal,1.0,bounds,LIVE,constant,ESTABLISHED,no(structural),n/a (a default value / optimizer bound in a value type),the compile-time default consumed by the analyzer/competition pipeline,analyzeChord + the competition pipeline (use-site dispositioned in the oracle session),default member-initializer; bounds() supplies optimizer range,,ChordAnalyzerPreferences scoring default or bounds() optimizer range; fit-status per parameter is recorded in param_manifest.json; the USE-site disposition belongs to the oracle session.
src/composing/analysis/types/analysistypes.h,442,literal,0.0,bounds,LIVE,constant,ESTABLISHED,no(structural),n/a (a default value / optimizer bound in a value type),the compile-time default consumed by the analyzer/competition pipeline,analyzeChord + the competition pipeline (use-site dispositioned in the oracle session),default member-initializer; bounds() supplies optimizer range,,ChordAnalyzerPreferences scoring default or bounds() optimizer range; fit-status per parameter is recorded in param_manifest.json; the USE-site disposition belongs to the oracle session.
src/composing/analysis/types/analysistypes.h,442,literal,1.0,bounds,LIVE,constant,ESTABLISHED,no(structural),n/a (a default value / optimizer bound in a value type),the compile-time default consumed by the analyzer/competition pipeline,analyzeChord + the competition pipeline (use-site dispositioned in the oracle session),default member-initializer; bounds() supplies optimizer range,,ChordAnalyzerPreferences scoring default or bounds() optimizer range; fit-status per parameter is recorded in param_manifest.json; the USE-site disposition belongs to the oracle session.
src/composing/analysis/types/analysistypes.h,443,literal,0.0,bounds,LIVE,constant,ESTABLISHED,no(structural),n/a (a default value / optimizer bound in a value type),the compile-time default consumed by the analyzer/competition pipeline,analyzeChord + the competition pipeline (use-site dispositioned in the oracle session),default member-initializer; bounds() supplies optimizer range,,ChordAnalyzerPreferences scoring default or bounds() optimizer range; fit-status per parameter is recorded in param_manifest.json; the USE-site disposition belongs to the oracle session.
src/composing/analysis/types/analysistypes.h,443,literal,1.0,bounds,LIVE,constant,ESTABLISHED,no(structural),n/a (a default value / optimizer bound in a value type),the compile-time default consumed by the analyzer/competition pipeline,analyzeChord + the competition pipeline (use-site dispositioned in the oracle session),default member-initializer; bounds() supplies optimizer range,,ChordAnalyzerPreferences scoring default or bounds() optimizer range; fit-status per parameter is recorded in param_manifest.json; the USE-site disposition belongs to the oracle session.
src/composing/analysis/types/analysistypes.h,444,literal,0.0,bounds,LIVE,constant,ESTABLISHED,no(structural),n/a (a default value / optimizer bound in a value type),the compile-time default consumed by the analyzer/competition pipeline,analyzeChord + the competition pipeline (use-site dispositioned in the oracle session),default member-initializer; bounds() supplies optimizer range,,ChordAnalyzerPreferences scoring default or bounds() optimizer range; fit-status per parameter is recorded in param_manifest.json; the USE-site disposition belongs to the oracle session.
src/composing/analysis/types/analysistypes.h,444,literal,0.5,bounds,LIVE,constant,ESTABLISHED,no(structural),n/a (a default value / optimizer bound in a value type),the compile-time default consumed by the analyzer/competition pipeline,analyzeChord + the competition pipeline (use-site dispositioned in the oracle session),default member-initializer; bounds() supplies optimizer range,,ChordAnalyzerPreferences scoring default or bounds() optimizer range; fit-status per parameter is recorded in param_manifest.json; the USE-site disposition belongs to the oracle session.
src/composing/analysis/types/analysistypes.h,445,literal,0.3,bounds,LIVE,constant,ESTABLISHED,no(structural),n/a (a default value / optimizer bound in a value type),the compile-time default consumed by the analyzer/competition pipeline,analyzeChord + the competition pipeline (use-site dispositioned in the oracle session),default member-initializer; bounds() supplies optimizer range,,ChordAnalyzerPreferences scoring default or bounds() optimizer range; fit-status per parameter is recorded in param_manifest.json; the USE-site disposition belongs to the oracle session.
src/composing/analysis/types/analysistypes.h,445,literal,0.95,bounds,LIVE,constant,ESTABLISHED,no(structural),n/a (a default value / optimizer bound in a value type),the compile-time default consumed by the analyzer/competition pipeline,analyzeChord + the competition pipeline (use-site dispositioned in the oracle session),default member-initializer; bounds() supplies optimizer range,,ChordAnalyzerPreferences scoring default or bounds() optimizer range; fit-status per parameter is recorded in param_manifest.json; the USE-site disposition belongs to the oracle session.
src/composing/analysis/types/analysistypes.h,446,literal,0.10,bounds,LIVE,constant,ESTABLISHED,no(structural),n/a (a default value / optimizer bound in a value type),the compile-time default consumed by the analyzer/competition pipeline,analyzeChord + the competition pipeline (use-site dispositioned in the oracle session),default member-initializer; bounds() supplies optimizer range,,ChordAnalyzerPreferences scoring default or bounds() optimizer range; fit-status per parameter is recorded in param_manifest.json; the USE-site disposition belongs to the oracle session.
src/composing/analysis/types/analysistypes.h,446,literal,0.30,bounds,LIVE,constant,ESTABLISHED,no(structural),n/a (a default value / optimizer bound in a value type),the compile-time default consumed by the analyzer/competition pipeline,analyzeChord + the competition pipeline (use-site dispositioned in the oracle session),default member-initializer; bounds() supplies optimizer range,,ChordAnalyzerPreferences scoring default or bounds() optimizer range; fit-status per parameter is recorded in param_manifest.json; the USE-site disposition belongs to the oracle session.
src/composing/analysis/types/analysistypes.h,472,field,previousRootPc,,LIVE,derived-fact,PUBLISHED,no(structural),n/a (a value-type member),a value that crosses the L1.5/L3/L4 boundaries (pure-relocation leaf),"chord analyzer, key analyzer, engraving bridge, region/section pipeline",default member-initializer stated in-struct,,cross-layer value-type field in the pure-relocation types leaf.
src/composing/analysis/types/analysistypes.h,475,field,previousQuality,,LIVE,derived-fact,PUBLISHED,no(structural),n/a (a value-type member),a value that crosses the L1.5/L3/L4 boundaries (pure-relocation leaf),"chord analyzer, key analyzer, engraving bridge, region/section pipeline",default member-initializer stated in-struct,,cross-layer value-type field in the pure-relocation types leaf.
src/composing/analysis/types/analysistypes.h,480,field,previousBassPc,,LIVE,derived-fact,PUBLISHED,no(structural),n/a (a value-type member),a value that crosses the L1.5/L3/L4 boundaries (pure-relocation leaf),"chord analyzer, key analyzer, engraving bridge, region/section pipeline",default member-initializer stated in-struct,,cross-layer value-type field in the pure-relocation types leaf.
src/composing/analysis/types/analysistypes.h,487,field,bassIsStepwiseFromPrevious,,LIVE,derived-fact,PUBLISHED,no(structural),n/a (a value-type member),a value that crosses the L1.5/L3/L4 boundaries (pure-relocation leaf),"chord analyzer, key analyzer, engraving bridge, region/section pipeline",default member-initializer stated in-struct,,cross-layer value-type field in the pure-relocation types leaf.
src/composing/analysis/types/analysistypes.h,491,field,bassIsStepwiseToNext,,LIVE,derived-fact,PUBLISHED,no(structural),n/a (a value-type member),a value that crosses the L1.5/L3/L4 boundaries (pure-relocation leaf),"chord analyzer, key analyzer, engraving bridge, region/section pipeline",default member-initializer stated in-struct,,cross-layer value-type field in the pure-relocation types leaf.
src/composing/analysis/types/analysistypes.h,497,field,nextBassPc,,LIVE,derived-fact,PUBLISHED,no(structural),n/a (a value-type member),a value that crosses the L1.5/L3/L4 boundaries (pure-relocation leaf),"chord analyzer, key analyzer, engraving bridge, region/section pipeline",default member-initializer stated in-struct,,cross-layer value-type field in the pure-relocation types leaf.
src/composing/analysis/types/analysistypes.h,501,field,nextRootPc,,LIVE,derived-fact,PUBLISHED,no(structural),n/a (a value-type member),a value that crosses the L1.5/L3/L4 boundaries (pure-relocation leaf),"chord analyzer, key analyzer, engraving bridge, region/section pipeline",default member-initializer stated in-struct,,cross-layer value-type field in the pure-relocation types leaf.
src/composing/analysis/types/analysistypes.h,507,field,consecutiveBassStepwiseCount,,LIVE,derived-fact,PUBLISHED,no(structural),n/a (a value-type member),a value that crosses the L1.5/L3/L4 boundaries (pure-relocation leaf),"chord analyzer, key analyzer, engraving bridge, region/section pipeline",default member-initializer stated in-struct,,cross-layer value-type field in the pure-relocation types leaf.
src/composing/analysis/types/analysistypes.h,512,field,recentRootPcs,,LIVE,derived-fact,PUBLISHED,no(structural),n/a (a value-type member),a value that crosses the L1.5/L3/L4 boundaries (pure-relocation leaf),"chord analyzer, key analyzer, engraving bridge, region/section pipeline",default member-initializer stated in-struct,,cross-layer value-type field in the pure-relocation types leaf.
src/composing/analysis/types/analysistypes.h,512,literal,3,<file-scope>,LIVE,constant,ESTABLISHED,no(structural),n/a (a default value / optimizer bound in a value type),the compile-time default consumed by the analyzer/competition pipeline,analyzeChord + the competition pipeline (use-site dispositioned in the oracle session),default member-initializer; bounds() supplies optimizer range,,ChordAnalyzerPreferences scoring default or bounds() optimizer range; fit-status per parameter is recorded in param_manifest.json; the USE-site disposition belongs to the oracle session.
src/composing/analysis/types/analysistypes.h,517,field,regionMetricWeight,,LIVE,derived-fact,PUBLISHED,no(structural),n/a (a value-type member),a value that crosses the L1.5/L3/L4 boundaries (pure-relocation leaf),"chord analyzer, key analyzer, engraving bridge, region/section pipeline",default member-initializer stated in-struct,,cross-layer value-type field in the pure-relocation types leaf.
src/composing/analysis/types/analysistypes.h,517,literal,1.0,<file-scope>,LIVE,constant,ESTABLISHED,no(structural),n/a (a default value / optimizer bound in a value type),the compile-time default consumed by the analyzer/competition pipeline,analyzeChord + the competition pipeline (use-site dispositioned in the oracle session),default member-initializer; bounds() supplies optimizer range,,ChordAnalyzerPreferences scoring default or bounds() optimizer range; fit-status per parameter is recorded in param_manifest.json; the USE-site disposition belongs to the oracle session.
src/composing/analysis/types/analysistypes.h,524,literal,0.0,<file-scope>,LIVE,constant,ESTABLISHED,no(structural),n/a (a default value / optimizer bound in a value type),the compile-time default consumed by the analyzer/competition pipeline,analyzeChord + the competition pipeline (use-site dispositioned in the oracle session),default member-initializer; bounds() supplies optimizer range,,ChordAnalyzerPreferences scoring default or bounds() optimizer range; fit-status per parameter is recorded in param_manifest.json; the USE-site disposition belongs to the oracle session.
src/composing/analysis/types/analysistypes.h,528,literal,1.0,<file-scope>,LIVE,constant,ESTABLISHED,no(structural),n/a (a default value / optimizer bound in a value type),the compile-time default consumed by the analyzer/competition pipeline,analyzeChord + the competition pipeline (use-site dispositioned in the oracle session),default member-initializer; bounds() supplies optimizer range,,ChordAnalyzerPreferences scoring default or bounds() optimizer range; fit-status per parameter is recorded in param_manifest.json; the USE-site disposition belongs to the oracle session.
src/composing/analysis/types/analysistypes.h,532,literal,0.0,<file-scope>,LIVE,constant,ESTABLISHED,no(structural),n/a (a default value / optimizer bound in a value type),the compile-time default consumed by the analyzer/competition pipeline,analyzeChord + the competition pipeline (use-site dispositioned in the oracle session),default member-initializer; bounds() supplies optimizer range,,ChordAnalyzerPreferences scoring default or bounds() optimizer range; fit-status per parameter is recorded in param_manifest.json; the USE-site disposition belongs to the oracle session.
