file,loc,kind,name,population,verdict_class,verdict,in_param_manifest,flagged,rationale
src/composing/analysis/chord/analysisutils.h,38-43,function,endsWith,SURVIVES-oracle,code,ESTABLISHED,na,no,generic string suffix test; SURVIVES.
src/composing/analysis/chord/analysisutils.h,46-66,function,ionianTonicPcFromFifths,SURVIVES-oracle,premise,FACT,na,no,circle-of-fifths -> Ionian tonic pitch class; verified against theory; SURVIVES (cross-cutting).
src/composing/analysis/chord/analysisutils.h,69-73,function,normalizePc,SURVIVES-oracle,code,FACT,na,no,pitch-class reduction mod 12; SURVIVES (cross-cutting).
src/composing/analysis/chord/analysisutils.h,77-80,function,pcInMask,SURVIVES-oracle,code,FACT,na,no,12-bit mask membership test; SURVIVES.
src/composing/analysis/chord/analysisutils.h,87-94,function,diatonicMaskFromFifths,SURVIVES-oracle,premise,FACT,na,no,position i has pc (7*i) mod 12 = circle of fifths; verified; SURVIVES (cross-cutting).
src/composing/analysis/chord/analysisutils.h,103-118,function,collectionMask,SURVIVES-oracle,premise,THEORY,na,no,minor = natural minor + raised leading tone (harmonic-minor collection); documented design choice; SURVIVES.
src/composing/analysis/chord/chordanalyzer.cpp,197-244,function,categorizeExtraNote,SURVIVES-oracle,premise,THEORY,na,yes,non-template-note quality classification; carries a `// BUG-10` marker at the Diminished/P5 branch (line ~216) -- a tracked in-code bug label; cross-check register at unblind.
src/composing/analysis/chord/chordanalyzer.cpp,268-381,function,detectExtensions,SURVIVES-oracle,code,THEORY,na,yes,extension/alteration bitmask detection; contains inline magic thresholds (0.3/0.2/0.1) NOT registered in the override manifest -- see literal flags.
src/composing/analysis/chord/chordanalyzer.cpp,386-406,function,extensionBits,SURVIVES-oracle,code,SURVIVES,na,no,single flag->bit mapping shared by buildChordResult + deriveChordExtensions; SURVIVES.
src/composing/analysis/chord/chordanalyzer.cpp,429-439,function,templateIntervalsVec,SURVIVES-oracle,code,SURVIVES,na,no,builds a template's interval vector from kTemplateIntervals (single source); SURVIVES.
src/composing/analysis/chord/chordanalyzer.cpp,448-461,function,scoreTemplateTones,SURVIVES-oracle,code,THEORY,na,no,weighted template-tone presence (root/second/other factors); SURVIVES-oracle.
src/composing/analysis/chord/chordanalyzer.cpp,471-542,function,scoreExtraNotes,SURVIVES-oracle,code,THEORY,na,no,signed non-template contribution; SURVIVES-oracle.
src/composing/analysis/chord/chordanalyzer.cpp,547-580,function,dim7CharacteristicBonus,SURVIVES-oracle,premise,THEORY,na,no,dim7 rotation selector via non-diatonic bb7 (documented scoring_model.md 4); SURVIVES-oracle.
src/composing/analysis/chord/chordanalyzer.cpp,592-611,function,countTpcMatches,SURVIVES-oracle,code,SURVIVES,na,no,TPC-match counting helper; SURVIVES.
src/composing/analysis/chord/chordanalyzer.cpp,627-649,function,nonBassAdjustment,SURVIVES-oracle,code,THEORY,na,no,non-bass penalty with TPC waiver; SURVIVES-oracle.
src/composing/analysis/chord/chordanalyzer.cpp,655-738,function,structuralPenalties,SURVIVES-oracle,code,THEORY,na,yes,template self-consistency penalties; inline 0.05 presence literals duplicate kBassSupportPresenceThreshold.
src/composing/analysis/chord/chordanalyzer.cpp,743-749,function,tpcConsistencyBonus,SURVIVES-oracle,code,SURVIVES,na,no,per-tone TPC spelling bonus; SURVIVES-oracle.
src/composing/analysis/chord/chordanalyzer.cpp,751-800,function,bassRootBonusMultiplier,SURVIVES-oracle,code,SURVIVES,na,no,bass-root bonus multiplier (full/third-only/alone); SURVIVES-oracle.
src/composing/analysis/chord/chordanalyzer.cpp,802-811,function,templateHasMatchingThird,SURVIVES-oracle,code,SURVIVES,na,no,vertical third-presence predicate; SURVIVES-oracle.
src/composing/analysis/chord/chordanalyzer.cpp,813-822,function,templateHasMatchingFifth,SURVIVES-oracle,code,SURVIVES,na,no,vertical fifth-presence predicate; SURVIVES-oracle.
src/composing/analysis/chord/chordanalyzer.cpp,824-848,function,qualifiesForCompleteTriadInversionBonus,SURVIVES-oracle,code,SURVIVES,na,no,vertical inversion-eligibility flag published to the snapshot; SURVIVES-oracle.
src/composing/analysis/chord/chordanalyzer.cpp,850-865,function,supportsContextualInversionBonuses,SURVIVES-oracle,code,SURVIVES,na,no,vertical inversion-eligibility flag published to the snapshot; SURVIVES-oracle.
src/composing/analysis/chord/chordanalyzer.cpp,867-878,function,appliedBassRootBonus,SURVIVES-oracle,code,SURVIVES,na,yes,applies prefs.bassNoteRootBonus (code value 0.70); ARCHITECTURE.md 4.1/4.1b document 0.65 -- doc drift (scoring_model.md 0.70 is correct).
src/composing/analysis/chord/chordanalyzer.cpp,896-907,function,diatonicRootContribution,SURVIVES-oracle,code,THEORY,na,no,the one bass-independent key fact folded into basisIndep; SURVIVES-oracle.
src/composing/analysis/chord/chordanalyzer.cpp,911-1038,function,buildChordResult,SURVIVES-oracle,code,SURVIVES,na,no,"the single result builder (aug-root correction, Sus2->Sus4, Sus->Major(omitsThird), extension/degree/diatonic); SURVIVES-oracle."
src/composing/analysis/chord/chordanalyzer.cpp,1040-1058,function,deriveChordExtensions,SURVIVES-oracle,code,SURVIVES,na,no,fixed-quality extension extraction exposed for the L4->L5 decoder carry; SURVIVES (decoder-consumed).
src/composing/analysis/chord/chordanalyzer.cpp,1306-1306,function,templateIntervalsVec,SURVIVES-oracle,code,SURVIVES,na,no,builds a template's interval vector from kTemplateIntervals (single source); SURVIVES.
src/composing/analysis/chord/chordanalyzer.cpp,1307-1307,function,templateIntervalsVec,SURVIVES-oracle,code,SURVIVES,na,no,builds a template's interval vector from kTemplateIntervals (single source); SURVIVES.
src/composing/analysis/chord/chordanalyzer.cpp,1308-1308,function,templateIntervalsVec,SURVIVES-oracle,code,SURVIVES,na,no,builds a template's interval vector from kTemplateIntervals (single source); SURVIVES.
src/composing/analysis/chord/chordanalyzer.cpp,1309-1309,function,templateIntervalsVec,SURVIVES-oracle,code,SURVIVES,na,no,builds a template's interval vector from kTemplateIntervals (single source); SURVIVES.
src/composing/analysis/chord/chordanalyzer.cpp,1310-1310,function,templateIntervalsVec,SURVIVES-oracle,code,SURVIVES,na,no,builds a template's interval vector from kTemplateIntervals (single source); SURVIVES.
src/composing/analysis/chord/chordanalyzer.cpp,1311-1311,function,templateIntervalsVec,SURVIVES-oracle,code,SURVIVES,na,no,builds a template's interval vector from kTemplateIntervals (single source); SURVIVES.
src/composing/analysis/chord/chordanalyzer.cpp,1312-1312,function,templateIntervalsVec,SURVIVES-oracle,code,SURVIVES,na,no,builds a template's interval vector from kTemplateIntervals (single source); SURVIVES.
src/composing/analysis/chord/chordanalyzer.cpp,1313-1313,function,templateIntervalsVec,SURVIVES-oracle,code,SURVIVES,na,no,builds a template's interval vector from kTemplateIntervals (single source); SURVIVES.
src/composing/analysis/chord/chordanalyzer.cpp,1314-1314,function,templateIntervalsVec,SURVIVES-oracle,code,SURVIVES,na,no,builds a template's interval vector from kTemplateIntervals (single source); SURVIVES.
src/composing/analysis/chord/chordanalyzer.cpp,1315-1315,function,templateIntervalsVec,SURVIVES-oracle,code,SURVIVES,na,no,builds a template's interval vector from kTemplateIntervals (single source); SURVIVES.
src/composing/analysis/chord/chordanalyzer.cpp,1316-1316,function,templateIntervalsVec,SURVIVES-oracle,code,SURVIVES,na,no,builds a template's interval vector from kTemplateIntervals (single source); SURVIVES.
src/composing/analysis/chord/chordanalyzer.cpp,1317-1317,function,templateIntervalsVec,SURVIVES-oracle,code,SURVIVES,na,no,builds a template's interval vector from kTemplateIntervals (single source); SURVIVES.
src/composing/analysis/chord/chordanalyzer.cpp,1318-1318,function,templateIntervalsVec,SURVIVES-oracle,code,SURVIVES,na,no,builds a template's interval vector from kTemplateIntervals (single source); SURVIVES.
src/composing/analysis/chord/chordanalyzer.cpp,1319-1319,function,templateIntervalsVec,SURVIVES-oracle,code,SURVIVES,na,no,builds a template's interval vector from kTemplateIntervals (single source); SURVIVES.
src/composing/analysis/chord/chordanalyzer.cpp,1320-1320,function,templateIntervalsVec,SURVIVES-oracle,code,SURVIVES,na,no,builds a template's interval vector from kTemplateIntervals (single source); SURVIVES.
src/composing/analysis/chord/chordanalyzer.cpp,1321-1321,function,templateIntervalsVec,SURVIVES-oracle,code,SURVIVES,na,no,builds a template's interval vector from kTemplateIntervals (single source); SURVIVES.
src/composing/analysis/chord/chordanalyzer.cpp,1322-1322,function,templateIntervalsVec,SURVIVES-oracle,code,SURVIVES,na,no,builds a template's interval vector from kTemplateIntervals (single source); SURVIVES.
src/composing/analysis/chord/chordanalyzer.cpp,1061-1595,function,analyzeChord,SURVIVES-oracle,code,SURVIVES,na,no,"the vertical scoring oracle; LIVE production hot path AND decoder emission; SURVIVES (R9 splits, does not delete)."
src/composing/analysis/chord/chordanalyzer.cpp,1601-1608,function,create,SURVIVES-oracle,code,SURVIVES,na,no,ChordAnalyzerFactory::create; SURVIVES.
src/composing/analysis/chord/chordanalyzer.h,103-112,function,templateIntervalMask,SURVIVES-oracle,code,SURVIVES,na,no,derives Gate R mask from kTemplateIntervals (closes drift hazard); SURVIVES.
src/composing/analysis/chord/chordanalyzer.h,116-123,function,makeTemplateMasks,SURVIVES-oracle,code,SURVIVES,na,no,derived Gate R mask table; SURVIVES.
src/composing/analysis/chord/chordanalyzer.h,130-147,function,normalizeMergedBassTone,SURVIVES-oracle,code,SURVIVES,na,no,merged-tone bass normalization; SURVIVES.
src/composing/analysis/chord/chordanalyzer.h,149-184,function,mergeChordAnalysisTones,SURVIVES-oracle,code,SURVIVES,na,no,tone merge helper; SURVIVES.
src/composing/analysis/chord/chordanalyzer.h,186-198,function,bassToneFromTones,SURVIVES-oracle,code,SURVIVES,na,no,bass-tone extraction; SURVIVES.
src/composing/analysis/chord/chordanalyzer.h,202-207,function,isDiatonicStep,SURVIVES-oracle,premise,FACT,na,no,"chromatic step (1 or 2 semitones, shortest path); SURVIVES."
src/composing/analysis/chord/chordanalyzer.h,232-235,function,hasExtension,SURVIVES-oracle,code,SURVIVES,na,no,extension bitmask query; SURVIVES.
src/composing/analysis/chord/chordanalyzer.h,237-242,function,hasAnyNinth,SURVIVES-oracle,code,SURVIVES,na,no,extension bitmask query; SURVIVES.
src/composing/analysis/chord/chordanalyzer.h,244-249,function,hasAnyThirteenth,SURVIVES-oracle,code,SURVIVES,na,no,extension bitmask query; SURVIVES.
src/composing/analysis/chord/chordanalyzer.h,251-254,function,setExtension,SURVIVES-oracle,code,SURVIVES,na,no,extension bitmask setter; SURVIVES.
src/composing/analysis/chord/chordanalyzer.h,483-511,function,advanceTemporalContext,SURVIVES-oracle,code,SURVIVES,na,no,temporal-context commit helper; NOT orphaned by the decoder -- ChordPathDecoder::commit() calls it (chordpathdecoder.h:114) + tests; SURVIVES.
src/composing/analysis/chord/chordanalyzer.h,513-521,function,advanceTemporalContext,SURVIVES-oracle,code,SURVIVES,na,no,temporal-context commit helper; NOT orphaned by the decoder -- ChordPathDecoder::commit() calls it (chordpathdecoder.h:114) + tests; SURVIVES.
src/composing/analysis/chord/chordanalyzer.h,552-572,function,advanceTemporalContext,SURVIVES-oracle,code,SURVIVES,na,no,temporal-context commit helper; NOT orphaned by the decoder -- ChordPathDecoder::commit() calls it (chordpathdecoder.h:114) + tests; SURVIVES.
src/composing/analysis/chord/chordanalyzer.h,598-614,function,computeRawFanoutSummary,SURVIVES-oracle,derived-fact,PUBLISHED,na,yes,"read-only L5 fan-out summary (Engage arc #8 measurement); computes the pre-cap ranked-set size L5 will select over; consumer = the read-only fan-out dump; DORMANT consumer (engagement), never serialized -- declared-dormancy fact, consumer named."
src/composing/analysis/chord/chordanalyzer.h,735-750,function,inferNextRootPc,SURVIVES-oracle,code,SURVIVES,na,yes,"next-region root inference; couples to the RETIRING gates (calls applyIter8691Pedal + applyPostScoringGates, R1) -- retirement-coupled."
src/composing/analysis/chord/analysisutils.h,49,literal,7,SURVIVES-oracle,constant,ESTABLISHED,na,no,[ionianTonicPcFromFifths] circle-of-fifths / mode-collection table entry (music theory FACT); not a tunable.
src/composing/analysis/chord/analysisutils.h,49,literal,11,SURVIVES-oracle,constant,ESTABLISHED,na,no,[ionianTonicPcFromFifths] circle-of-fifths / mode-collection table entry (music theory FACT); not a tunable.
src/composing/analysis/chord/analysisutils.h,50,literal,6,SURVIVES-oracle,constant,ESTABLISHED,na,no,[ionianTonicPcFromFifths] circle-of-fifths / mode-collection table entry (music theory FACT); not a tunable.
src/composing/analysis/chord/analysisutils.h,50,literal,6,SURVIVES-oracle,constant,ESTABLISHED,na,no,[ionianTonicPcFromFifths] circle-of-fifths / mode-collection table entry (music theory FACT); not a tunable.
src/composing/analysis/chord/analysisutils.h,51,literal,5,SURVIVES-oracle,constant,ESTABLISHED,na,no,[ionianTonicPcFromFifths] circle-of-fifths / mode-collection table entry (music theory FACT); not a tunable.
src/composing/analysis/chord/analysisutils.h,52,literal,4,SURVIVES-oracle,constant,ESTABLISHED,na,no,[ionianTonicPcFromFifths] circle-of-fifths / mode-collection table entry (music theory FACT); not a tunable.
src/composing/analysis/chord/analysisutils.h,52,literal,8,SURVIVES-oracle,constant,ESTABLISHED,na,no,[ionianTonicPcFromFifths] circle-of-fifths / mode-collection table entry (music theory FACT); not a tunable.
src/composing/analysis/chord/analysisutils.h,53,literal,3,SURVIVES-oracle,constant,ESTABLISHED,na,no,[ionianTonicPcFromFifths] circle-of-fifths / mode-collection table entry (music theory FACT); not a tunable.
src/composing/analysis/chord/analysisutils.h,53,literal,3,SURVIVES-oracle,constant,ESTABLISHED,na,no,[ionianTonicPcFromFifths] circle-of-fifths / mode-collection table entry (music theory FACT); not a tunable.
src/composing/analysis/chord/analysisutils.h,54,literal,2,SURVIVES-oracle,constant,ESTABLISHED,na,no,[ionianTonicPcFromFifths] circle-of-fifths / mode-collection table entry (music theory FACT); not a tunable.
src/composing/analysis/chord/analysisutils.h,54,literal,10,SURVIVES-oracle,constant,ESTABLISHED,na,no,[ionianTonicPcFromFifths] circle-of-fifths / mode-collection table entry (music theory FACT); not a tunable.
src/composing/analysis/chord/analysisutils.h,55,literal,5,SURVIVES-oracle,constant,ESTABLISHED,na,no,[ionianTonicPcFromFifths] circle-of-fifths / mode-collection table entry (music theory FACT); not a tunable.
src/composing/analysis/chord/analysisutils.h,57,literal,7,SURVIVES-oracle,constant,ESTABLISHED,na,no,[ionianTonicPcFromFifths] circle-of-fifths / mode-collection table entry (music theory FACT); not a tunable.
src/composing/analysis/chord/analysisutils.h,58,literal,2,SURVIVES-oracle,constant,ESTABLISHED,na,no,[ionianTonicPcFromFifths] circle-of-fifths / mode-collection table entry (music theory FACT); not a tunable.
src/composing/analysis/chord/analysisutils.h,58,literal,2,SURVIVES-oracle,constant,ESTABLISHED,na,no,[ionianTonicPcFromFifths] circle-of-fifths / mode-collection table entry (music theory FACT); not a tunable.
src/composing/analysis/chord/analysisutils.h,59,literal,3,SURVIVES-oracle,constant,ESTABLISHED,na,no,[ionianTonicPcFromFifths] circle-of-fifths / mode-collection table entry (music theory FACT); not a tunable.
src/composing/analysis/chord/analysisutils.h,59,literal,9,SURVIVES-oracle,constant,ESTABLISHED,na,no,[ionianTonicPcFromFifths] circle-of-fifths / mode-collection table entry (music theory FACT); not a tunable.
src/composing/analysis/chord/analysisutils.h,60,literal,4,SURVIVES-oracle,constant,ESTABLISHED,na,no,[ionianTonicPcFromFifths] circle-of-fifths / mode-collection table entry (music theory FACT); not a tunable.
src/composing/analysis/chord/analysisutils.h,60,literal,4,SURVIVES-oracle,constant,ESTABLISHED,na,no,[ionianTonicPcFromFifths] circle-of-fifths / mode-collection table entry (music theory FACT); not a tunable.
src/composing/analysis/chord/analysisutils.h,61,literal,5,SURVIVES-oracle,constant,ESTABLISHED,na,no,[ionianTonicPcFromFifths] circle-of-fifths / mode-collection table entry (music theory FACT); not a tunable.
src/composing/analysis/chord/analysisutils.h,61,literal,11,SURVIVES-oracle,constant,ESTABLISHED,na,no,[ionianTonicPcFromFifths] circle-of-fifths / mode-collection table entry (music theory FACT); not a tunable.
src/composing/analysis/chord/analysisutils.h,62,literal,6,SURVIVES-oracle,constant,ESTABLISHED,na,no,[ionianTonicPcFromFifths] circle-of-fifths / mode-collection table entry (music theory FACT); not a tunable.
src/composing/analysis/chord/analysisutils.h,62,literal,6,SURVIVES-oracle,constant,ESTABLISHED,na,no,[ionianTonicPcFromFifths] circle-of-fifths / mode-collection table entry (music theory FACT); not a tunable.
src/composing/analysis/chord/analysisutils.h,63,literal,7,SURVIVES-oracle,constant,ESTABLISHED,na,no,[ionianTonicPcFromFifths] circle-of-fifths / mode-collection table entry (music theory FACT); not a tunable.
src/composing/analysis/chord/analysisutils.h,71,literal,12,SURVIVES-oracle,constant,ESTABLISHED,na,no,[normalizePc] structural pitch-class/interval/TPC-delta or bitmask constant (music theory); not a tunable.
src/composing/analysis/chord/analysisutils.h,72,literal,12,SURVIVES-oracle,constant,ESTABLISHED,na,no,"[normalizePc] structural literal (bound, index, threshold-with-documented-rationale); not a scoring tunable."
src/composing/analysis/chord/analysisutils.h,90,literal,5,SURVIVES-oracle,constant,ESTABLISHED,na,no,[diatonicMaskFromFifths] circle-of-fifths / mode-collection table entry (music theory FACT); not a tunable.
src/composing/analysis/chord/analysisutils.h,91,literal,7,SURVIVES-oracle,constant,ESTABLISHED,na,no,[diatonicMaskFromFifths] structural pitch-class/interval/TPC-delta or bitmask constant (music theory); not a tunable.
src/composing/analysis/chord/analysisutils.h,105,literal,2,SURVIVES-oracle,constant,ESTABLISHED,na,no,[collectionMask] circle-of-fifths / mode-collection table entry (music theory FACT); not a tunable.
src/composing/analysis/chord/analysisutils.h,105,literal,4,SURVIVES-oracle,constant,ESTABLISHED,na,no,[collectionMask] circle-of-fifths / mode-collection table entry (music theory FACT); not a tunable.
src/composing/analysis/chord/analysisutils.h,105,literal,5,SURVIVES-oracle,constant,ESTABLISHED,na,no,[collectionMask] circle-of-fifths / mode-collection table entry (music theory FACT); not a tunable.
src/composing/analysis/chord/analysisutils.h,105,literal,7,SURVIVES-oracle,constant,ESTABLISHED,na,no,[collectionMask] circle-of-fifths / mode-collection table entry (music theory FACT); not a tunable.
src/composing/analysis/chord/analysisutils.h,105,literal,9,SURVIVES-oracle,constant,ESTABLISHED,na,no,[collectionMask] circle-of-fifths / mode-collection table entry (music theory FACT); not a tunable.
src/composing/analysis/chord/analysisutils.h,105,literal,11,SURVIVES-oracle,constant,ESTABLISHED,na,no,[collectionMask] circle-of-fifths / mode-collection table entry (music theory FACT); not a tunable.
src/composing/analysis/chord/analysisutils.h,106,literal,2,SURVIVES-oracle,constant,ESTABLISHED,na,no,[collectionMask] circle-of-fifths / mode-collection table entry (music theory FACT); not a tunable.
src/composing/analysis/chord/analysisutils.h,106,literal,3,SURVIVES-oracle,constant,ESTABLISHED,na,no,[collectionMask] circle-of-fifths / mode-collection table entry (music theory FACT); not a tunable.
src/composing/analysis/chord/analysisutils.h,106,literal,5,SURVIVES-oracle,constant,ESTABLISHED,na,no,[collectionMask] circle-of-fifths / mode-collection table entry (music theory FACT); not a tunable.
src/composing/analysis/chord/analysisutils.h,106,literal,7,SURVIVES-oracle,constant,ESTABLISHED,na,no,[collectionMask] circle-of-fifths / mode-collection table entry (music theory FACT); not a tunable.
src/composing/analysis/chord/analysisutils.h,106,literal,8,SURVIVES-oracle,constant,ESTABLISHED,na,no,[collectionMask] circle-of-fifths / mode-collection table entry (music theory FACT); not a tunable.
src/composing/analysis/chord/analysisutils.h,106,literal,10,SURVIVES-oracle,constant,ESTABLISHED,na,no,[collectionMask] circle-of-fifths / mode-collection table entry (music theory FACT); not a tunable.
src/composing/analysis/chord/analysisutils.h,106,literal,11,SURVIVES-oracle,constant,ESTABLISHED,na,no,[collectionMask] circle-of-fifths / mode-collection table entry (music theory FACT); not a tunable.
src/composing/analysis/chord/chordanalyzer.cpp,58,literal,0.75,SURVIVES-oracle,constant,ESTABLISHED,yes,no,"[<file-scope>] kContradictionPenalty: scoring constant, theory-ordered + empirical magnitude, override-registered"
src/composing/analysis/chord/chordanalyzer.cpp,68,literal,1.8,SURVIVES-oracle,constant,ESTABLISHED,yes,no,"[<file-scope>] kRootToneFactor: scoring constant, theory-ordered + empirical magnitude, override-registered"
src/composing/analysis/chord/chordanalyzer.cpp,69,literal,1.2,SURVIVES-oracle,constant,ESTABLISHED,yes,no,"[<file-scope>] kSecondToneFactor: scoring constant, theory-ordered + empirical magnitude, override-registered"
src/composing/analysis/chord/chordanalyzer.cpp,70,literal,1.0,SURVIVES-oracle,constant,ESTABLISHED,yes,no,"[<file-scope>] kOtherToneFactor: scoring constant, theory-ordered + empirical magnitude, override-registered"
src/composing/analysis/chord/chordanalyzer.cpp,71,literal,3.0,SURVIVES-oracle,constant,ESTABLISHED,yes,no,"[<file-scope>] kTemplateToneWeightCap: scoring constant, theory-ordered + empirical magnitude, override-registered"
src/composing/analysis/chord/chordanalyzer.cpp,72,literal,2.0,SURVIVES-oracle,constant,ESTABLISHED,yes,no,"[<file-scope>] kExtraNoteWeightCap: scoring constant, theory-ordered + empirical magnitude, override-registered"
src/composing/analysis/chord/chordanalyzer.cpp,84,literal,0.45,SURVIVES-oracle,constant,ESTABLISHED,yes,no,"[<file-scope>] kExtensionFactor7th: scoring constant, theory-ordered + empirical magnitude, override-registered"
src/composing/analysis/chord/chordanalyzer.cpp,85,literal,0.20,SURVIVES-oracle,constant,ESTABLISHED,yes,no,"[<file-scope>] kExtensionFactorFlat13: scoring constant, theory-ordered + empirical magnitude, override-registered"
src/composing/analysis/chord/chordanalyzer.cpp,86,literal,0.35,SURVIVES-oracle,constant,ESTABLISHED,yes,no,"[<file-scope>] kExtensionFactorDefault: scoring constant, theory-ordered + empirical magnitude, override-registered"
src/composing/analysis/chord/chordanalyzer.cpp,87,literal,0.45,SURVIVES-oracle,constant,ESTABLISHED,yes,no,"[<file-scope>] kForeignPenalty: scoring constant, theory-ordered + empirical magnitude, override-registered"
src/composing/analysis/chord/chordanalyzer.cpp,96,literal,0.10,SURVIVES-oracle,constant,ESTABLISHED,yes,no,"[<file-scope>] kSus4FlatThirdFactor: scoring constant, theory-ordered + empirical magnitude, override-registered"
src/composing/analysis/chord/chordanalyzer.cpp,97,literal,0.45,SURVIVES-oracle,constant,ESTABLISHED,yes,no,"[<file-scope>] kSus4SharpThirdFactor: scoring constant, theory-ordered + empirical magnitude, override-registered"
src/composing/analysis/chord/chordanalyzer.cpp,104,literal,0.75,SURVIVES-oracle,constant,ESTABLISHED,yes,no,"[<file-scope>] kDim7CharacteristicBonus: scoring constant, theory-ordered + empirical magnitude, override-registered"
src/composing/analysis/chord/chordanalyzer.cpp,105,literal,0.35,SURVIVES-oracle,constant,ESTABLISHED,yes,no,"[<file-scope>] kNonBassPenalty: scoring constant, theory-ordered + empirical magnitude, override-registered"
src/composing/analysis/chord/chordanalyzer.cpp,106,literal,0.70,SURVIVES-oracle,constant,ESTABLISHED,yes,no,"[<file-scope>] kSus4VariantMissing7th: scoring constant, theory-ordered + empirical magnitude, override-registered"
src/composing/analysis/chord/chordanalyzer.cpp,107,literal,0.50,SURVIVES-oracle,constant,ESTABLISHED,yes,no,"[<file-scope>] kSus4Maj7MissingP5: scoring constant, theory-ordered + empirical magnitude, override-registered"
src/composing/analysis/chord/chordanalyzer.cpp,108,literal,0.70,SURVIVES-oracle,constant,ESTABLISHED,yes,no,"[<file-scope>] kSus4MissingFourth: scoring constant, theory-ordered + empirical magnitude, override-registered"
src/composing/analysis/chord/chordanalyzer.cpp,113,literal,0.50,SURVIVES-oracle,constant,ESTABLISHED,yes,no,"[<file-scope>] kSus4StructuralFourthThreshold: scoring constant, theory-ordered + empirical magnitude, override-registered"
src/composing/analysis/chord/chordanalyzer.cpp,114,literal,0.55,SURVIVES-oracle,constant,ESTABLISHED,yes,no,"[<file-scope>] kDom7FlatFiveTpcPenalty: scoring constant, theory-ordered + empirical magnitude, override-registered"
src/composing/analysis/chord/chordanalyzer.cpp,115,literal,0.50,SURVIVES-oracle,constant,ESTABLISHED,yes,no,"[<file-scope>] kDom7FlatFiveMissing7th: scoring constant, theory-ordered + empirical magnitude, override-registered"
src/composing/analysis/chord/chordanalyzer.cpp,116,literal,0.30,SURVIVES-oracle,constant,ESTABLISHED,yes,no,"[<file-scope>] kPowerChord3PcPenalty: scoring constant, theory-ordered + empirical magnitude, override-registered"
src/composing/analysis/chord/chordanalyzer.cpp,117,literal,0.05,SURVIVES-oracle,constant,ESTABLISHED,yes,no,"[<file-scope>] kBassSupportPresenceThreshold: scoring constant, theory-ordered + empirical magnitude, override-registered"
src/composing/analysis/chord/chordanalyzer.cpp,124,literal,0.12,SURVIVES-oracle,constant,ESTABLISHED,yes,no,"[<file-scope>] kSeventhThreshold: scoring constant, theory-ordered + empirical magnitude, override-registered"
src/composing/analysis/chord/chordanalyzer.cpp,129,literal,0.20,SURVIVES-oracle,constant,ESTABLISHED,yes,no,"[<file-scope>] kExtensionThreshold: scoring constant, theory-ordered + empirical magnitude, override-registered"
src/composing/analysis/chord/chordanalyzer.cpp,141,literal,0.50,SURVIVES-oracle,constant,ESTABLISHED,yes,no,"[<file-scope>] kWComplete: scoring constant, theory-ordered + empirical magnitude, override-registered"
src/composing/analysis/chord/chordanalyzer.cpp,142,literal,0.05,SURVIVES-oracle,constant,ESTABLISHED,no,yes,"[<file-scope>] kWCompletePresenceThreshold: scoring constant, theory-ordered + empirical magnitude, override-registered; ABSENT from param_manifest.json despite being override-registered (coverage gap)"
src/composing/analysis/chord/chordanalyzer.cpp,143,literal,0.5,SURVIVES-oracle,constant,ESTABLISHED,no,yes,"[<file-scope>] kComplexityEvidenceFloor: scoring constant, theory-ordered + empirical magnitude, override-registered; ABSENT from param_manifest.json despite being override-registered (coverage gap)"
src/composing/analysis/chord/chordanalyzer.cpp,144,literal,0.5,SURVIVES-oracle,constant,ESTABLISHED,no,yes,"[<file-scope>] kAugThinEvidenceFactor: scoring constant, theory-ordered + empirical magnitude, override-registered; ABSENT from param_manifest.json despite being override-registered (coverage gap)"
src/composing/analysis/chord/chordanalyzer.cpp,204,literal,4,SURVIVES-oracle,constant,ESTABLISHED,na,no,"[categorizeExtraNote] structural literal (bound, index, threshold-with-documented-rationale); not a scoring tunable."
src/composing/analysis/chord/chordanalyzer.cpp,207,literal,4,SURVIVES-oracle,constant,ESTABLISHED,na,no,"[categorizeExtraNote] structural literal (bound, index, threshold-with-documented-rationale); not a scoring tunable."
src/composing/analysis/chord/chordanalyzer.cpp,211,literal,3,SURVIVES-oracle,constant,ESTABLISHED,na,no,"[categorizeExtraNote] structural literal (bound, index, threshold-with-documented-rationale); not a scoring tunable."
src/composing/analysis/chord/chordanalyzer.cpp,212,literal,4,SURVIVES-oracle,constant,ESTABLISHED,na,no,"[categorizeExtraNote] structural literal (bound, index, threshold-with-documented-rationale); not a scoring tunable."
src/composing/analysis/chord/chordanalyzer.cpp,215,literal,4,SURVIVES-oracle,constant,ESTABLISHED,na,no,"[categorizeExtraNote] structural literal (bound, index, threshold-with-documented-rationale); not a scoring tunable."
src/composing/analysis/chord/chordanalyzer.cpp,216,literal,7,SURVIVES-oracle,constant,ESTABLISHED,na,no,"[categorizeExtraNote] structural literal (bound, index, threshold-with-documented-rationale); not a scoring tunable."
src/composing/analysis/chord/chordanalyzer.cpp,217,literal,10,SURVIVES-oracle,constant,ESTABLISHED,na,no,"[categorizeExtraNote] structural literal (bound, index, threshold-with-documented-rationale); not a scoring tunable."
src/composing/analysis/chord/chordanalyzer.cpp,218,literal,11,SURVIVES-oracle,constant,ESTABLISHED,na,no,"[categorizeExtraNote] structural literal (bound, index, threshold-with-documented-rationale); not a scoring tunable."
src/composing/analysis/chord/chordanalyzer.cpp,221,literal,4,SURVIVES-oracle,constant,ESTABLISHED,na,no,"[categorizeExtraNote] structural literal (bound, index, threshold-with-documented-rationale); not a scoring tunable."
src/composing/analysis/chord/chordanalyzer.cpp,222,literal,9,SURVIVES-oracle,constant,ESTABLISHED,na,no,"[categorizeExtraNote] structural literal (bound, index, threshold-with-documented-rationale); not a scoring tunable."
src/composing/analysis/chord/chordanalyzer.cpp,223,literal,11,SURVIVES-oracle,constant,ESTABLISHED,na,no,"[categorizeExtraNote] structural literal (bound, index, threshold-with-documented-rationale); not a scoring tunable."
src/composing/analysis/chord/chordanalyzer.cpp,232,literal,2,SURVIVES-oracle,constant,ESTABLISHED,na,no,"[categorizeExtraNote] structural literal (bound, index, threshold-with-documented-rationale); not a scoring tunable."
src/composing/analysis/chord/chordanalyzer.cpp,233,literal,3,SURVIVES-oracle,constant,ESTABLISHED,na,no,"[categorizeExtraNote] structural literal (bound, index, threshold-with-documented-rationale); not a scoring tunable."
src/composing/analysis/chord/chordanalyzer.cpp,234,literal,5,SURVIVES-oracle,constant,ESTABLISHED,na,no,"[categorizeExtraNote] structural literal (bound, index, threshold-with-documented-rationale); not a scoring tunable."
src/composing/analysis/chord/chordanalyzer.cpp,235,literal,6,SURVIVES-oracle,constant,ESTABLISHED,na,no,"[categorizeExtraNote] structural literal (bound, index, threshold-with-documented-rationale); not a scoring tunable."
src/composing/analysis/chord/chordanalyzer.cpp,236,literal,8,SURVIVES-oracle,constant,ESTABLISHED,na,no,"[categorizeExtraNote] structural literal (bound, index, threshold-with-documented-rationale); not a scoring tunable."
src/composing/analysis/chord/chordanalyzer.cpp,237,literal,9,SURVIVES-oracle,constant,ESTABLISHED,na,no,"[categorizeExtraNote] structural literal (bound, index, threshold-with-documented-rationale); not a scoring tunable."
src/composing/analysis/chord/chordanalyzer.cpp,238,literal,10,SURVIVES-oracle,constant,ESTABLISHED,na,no,"[categorizeExtraNote] structural literal (bound, index, threshold-with-documented-rationale); not a scoring tunable."
src/composing/analysis/chord/chordanalyzer.cpp,239,literal,11,SURVIVES-oracle,constant,ESTABLISHED,na,no,"[categorizeExtraNote] structural literal (bound, index, threshold-with-documented-rationale); not a scoring tunable."
src/composing/analysis/chord/chordanalyzer.cpp,268,literal,12,SURVIVES-oracle,constant,ESTABLISHED,na,no,"[detectExtensions] structural literal (bound, index, threshold-with-documented-rationale); not a scoring tunable."
src/composing/analysis/chord/chordanalyzer.cpp,271,literal,12,SURVIVES-oracle,constant,ESTABLISHED,na,no,"[detectExtensions] structural literal (bound, index, threshold-with-documented-rationale); not a scoring tunable."
src/composing/analysis/chord/chordanalyzer.cpp,276,literal,12,SURVIVES-oracle,constant,ESTABLISHED,na,no,[detectExtensions] structural pitch-class/interval/TPC-delta or bitmask constant (music theory); not a tunable.
src/composing/analysis/chord/chordanalyzer.cpp,281,literal,10,SURVIVES-oracle,constant,ESTABLISHED,na,no,"[detectExtensions] structural literal (bound, index, threshold-with-documented-rationale); not a scoring tunable."
src/composing/analysis/chord/chordanalyzer.cpp,282,literal,11,SURVIVES-oracle,constant,ESTABLISHED,na,no,"[detectExtensions] structural literal (bound, index, threshold-with-documented-rationale); not a scoring tunable."
src/composing/analysis/chord/chordanalyzer.cpp,283,literal,9,SURVIVES-oracle,constant,ESTABLISHED,na,no,"[detectExtensions] structural literal (bound, index, threshold-with-documented-rationale); not a scoring tunable."
src/composing/analysis/chord/chordanalyzer.cpp,288,literal,10,SURVIVES-oracle,constant,ESTABLISHED,na,no,[detectExtensions] structural pitch-class/interval/TPC-delta or bitmask constant (music theory); not a tunable.
src/composing/analysis/chord/chordanalyzer.cpp,288,literal,12,SURVIVES-oracle,constant,ESTABLISHED,na,no,[detectExtensions] structural pitch-class/interval/TPC-delta or bitmask constant (music theory); not a tunable.
src/composing/analysis/chord/chordanalyzer.cpp,291,literal,10,SURVIVES-oracle,constant,ESTABLISHED,na,no,"[detectExtensions] structural literal (bound, index, threshold-with-documented-rationale); not a scoring tunable."
src/composing/analysis/chord/chordanalyzer.cpp,299,literal,9,SURVIVES-oracle,constant,ESTABLISHED,na,no,"[detectExtensions] structural literal (bound, index, threshold-with-documented-rationale); not a scoring tunable."
src/composing/analysis/chord/chordanalyzer.cpp,302,literal,2,SURVIVES-oracle,constant,ESTABLISHED,na,no,"[detectExtensions] structural literal (bound, index, threshold-with-documented-rationale); not a scoring tunable."
src/composing/analysis/chord/chordanalyzer.cpp,309,literal,3,SURVIVES-oracle,constant,ESTABLISHED,na,no,"[detectExtensions] structural literal (bound, index, threshold-with-documented-rationale); not a scoring tunable."
src/composing/analysis/chord/chordanalyzer.cpp,310,literal,4,SURVIVES-oracle,constant,ESTABLISHED,na,no,"[detectExtensions] structural literal (bound, index, threshold-with-documented-rationale); not a scoring tunable."
src/composing/analysis/chord/chordanalyzer.cpp,316,literal,5,SURVIVES-oracle,constant,ESTABLISHED,na,no,"[detectExtensions] structural literal (bound, index, threshold-with-documented-rationale); not a scoring tunable."
src/composing/analysis/chord/chordanalyzer.cpp,320,literal,9,SURVIVES-oracle,constant,ESTABLISHED,na,no,"[detectExtensions] structural literal (bound, index, threshold-with-documented-rationale); not a scoring tunable."
src/composing/analysis/chord/chordanalyzer.cpp,324,literal,10,SURVIVES-oracle,constant,ESTABLISHED,na,no,[detectExtensions] structural pitch-class/interval/TPC-delta or bitmask constant (music theory); not a tunable.
src/composing/analysis/chord/chordanalyzer.cpp,324,literal,12,SURVIVES-oracle,constant,ESTABLISHED,na,no,[detectExtensions] structural pitch-class/interval/TPC-delta or bitmask constant (music theory); not a tunable.
src/composing/analysis/chord/chordanalyzer.cpp,327,literal,10,SURVIVES-oracle,constant,ESTABLISHED,na,no,"[detectExtensions] structural literal (bound, index, threshold-with-documented-rationale); not a scoring tunable."
src/composing/analysis/chord/chordanalyzer.cpp,328,literal,10,SURVIVES-oracle,constant,ESTABLISHED,na,no,"[detectExtensions] structural literal (bound, index, threshold-with-documented-rationale); not a scoring tunable."
src/composing/analysis/chord/chordanalyzer.cpp,334,literal,7,SURVIVES-oracle,constant,ESTABLISHED,na,no,"[detectExtensions] structural literal (bound, index, threshold-with-documented-rationale); not a scoring tunable."
src/composing/analysis/chord/chordanalyzer.cpp,339,literal,6,SURVIVES-oracle,constant,ESTABLISHED,na,no,"[detectExtensions] structural literal (bound, index, threshold-with-documented-rationale); not a scoring tunable."
src/composing/analysis/chord/chordanalyzer.cpp,343,literal,6,SURVIVES-oracle,constant,ESTABLISHED,na,no,[detectExtensions] structural pitch-class/interval/TPC-delta or bitmask constant (music theory); not a tunable.
src/composing/analysis/chord/chordanalyzer.cpp,343,literal,12,SURVIVES-oracle,constant,ESTABLISHED,na,no,[detectExtensions] structural pitch-class/interval/TPC-delta or bitmask constant (music theory); not a tunable.
src/composing/analysis/chord/chordanalyzer.cpp,355,literal,6,SURVIVES-oracle,constant,ESTABLISHED,na,no,"[detectExtensions] structural literal (bound, index, threshold-with-documented-rationale); not a scoring tunable."
src/composing/analysis/chord/chordanalyzer.cpp,355,literal,0.3,SURVIVES-oracle,constant,ESTABLISHED,no,yes,"[detectExtensions] inline extension/presence threshold (0.3) -- hand-set, NOT override-registered, some duplicate kBassSupportPresenceThreshold/kWCompletePresenceThreshold (0.05); documented in-comment."
src/composing/analysis/chord/chordanalyzer.cpp,365,literal,8,SURVIVES-oracle,constant,ESTABLISHED,na,no,[detectExtensions] structural pitch-class/interval/TPC-delta or bitmask constant (music theory); not a tunable.
src/composing/analysis/chord/chordanalyzer.cpp,365,literal,12,SURVIVES-oracle,constant,ESTABLISHED,na,no,[detectExtensions] structural pitch-class/interval/TPC-delta or bitmask constant (music theory); not a tunable.
src/composing/analysis/chord/chordanalyzer.cpp,371,literal,8,SURVIVES-oracle,constant,ESTABLISHED,na,no,"[detectExtensions] structural literal (bound, index, threshold-with-documented-rationale); not a scoring tunable."
src/composing/analysis/chord/chordanalyzer.cpp,375,literal,8,SURVIVES-oracle,constant,ESTABLISHED,na,no,"[detectExtensions] structural literal (bound, index, threshold-with-documented-rationale); not a scoring tunable."
src/composing/analysis/chord/chordanalyzer.cpp,375,literal,0.3,SURVIVES-oracle,constant,ESTABLISHED,no,yes,"[detectExtensions] inline extension/presence threshold (0.3) -- hand-set, NOT override-registered, some duplicate kBassSupportPresenceThreshold/kWCompletePresenceThreshold (0.05); documented in-comment."
src/composing/analysis/chord/chordanalyzer.cpp,376,literal,7,SURVIVES-oracle,constant,ESTABLISHED,na,no,"[detectExtensions] structural literal (bound, index, threshold-with-documented-rationale); not a scoring tunable."
src/composing/analysis/chord/chordanalyzer.cpp,376,literal,0.2,SURVIVES-oracle,constant,ESTABLISHED,no,yes,"[detectExtensions] inline extension/presence threshold (0.2) -- hand-set, NOT override-registered, some duplicate kBassSupportPresenceThreshold/kWCompletePresenceThreshold (0.05); documented in-comment."
src/composing/analysis/chord/chordanalyzer.cpp,449,literal,12,SURVIVES-oracle,constant,ESTABLISHED,na,no,"[scoreTemplateTones] structural literal (bound, index, threshold-with-documented-rationale); not a scoring tunable."
src/composing/analysis/chord/chordanalyzer.cpp,451,literal,0.0,SURVIVES-oracle,constant,ESTABLISHED,na,no,"[scoreTemplateTones] structural literal (bound, index, threshold-with-documented-rationale); not a scoring tunable."
src/composing/analysis/chord/chordanalyzer.cpp,453,literal,12,SURVIVES-oracle,constant,ESTABLISHED,na,no,[scoreTemplateTones] structural pitch-class/interval/TPC-delta or bitmask constant (music theory); not a tunable.
src/composing/analysis/chord/chordanalyzer.cpp,472,literal,12,SURVIVES-oracle,constant,ESTABLISHED,na,no,"[scoreExtraNotes] structural literal (bound, index, threshold-with-documented-rationale); not a scoring tunable."
src/composing/analysis/chord/chordanalyzer.cpp,473,literal,12,SURVIVES-oracle,constant,ESTABLISHED,na,no,"[scoreExtraNotes] structural literal (bound, index, threshold-with-documented-rationale); not a scoring tunable."
src/composing/analysis/chord/chordanalyzer.cpp,480,literal,3,SURVIVES-oracle,constant,ESTABLISHED,na,no,[scoreExtraNotes] structural pitch-class/interval/TPC-delta or bitmask constant (music theory); not a tunable.
src/composing/analysis/chord/chordanalyzer.cpp,480,literal,2,SURVIVES-oracle,constant,ESTABLISHED,na,no,[scoreExtraNotes] structural pitch-class/interval/TPC-delta or bitmask constant (music theory); not a tunable.
src/composing/analysis/chord/chordanalyzer.cpp,480,literal,7,SURVIVES-oracle,constant,ESTABLISHED,na,no,[scoreExtraNotes] structural pitch-class/interval/TPC-delta or bitmask constant (music theory); not a tunable.
src/composing/analysis/chord/chordanalyzer.cpp,482,literal,0.0,SURVIVES-oracle,constant,ESTABLISHED,na,no,"[scoreExtraNotes] structural literal (bound, index, threshold-with-documented-rationale); not a scoring tunable."
src/composing/analysis/chord/chordanalyzer.cpp,483,literal,12,SURVIVES-oracle,constant,ESTABLISHED,na,no,"[scoreExtraNotes] structural literal (bound, index, threshold-with-documented-rationale); not a scoring tunable."
src/composing/analysis/chord/chordanalyzer.cpp,485,literal,0.01,SURVIVES-oracle,constant,ESTABLISHED,na,no,"[scoreExtraNotes] structural literal (bound, index, threshold-with-documented-rationale); not a scoring tunable."
src/composing/analysis/chord/chordanalyzer.cpp,491,literal,12,SURVIVES-oracle,constant,ESTABLISHED,na,no,[scoreExtraNotes] structural pitch-class/interval/TPC-delta or bitmask constant (music theory); not a tunable.
src/composing/analysis/chord/chordanalyzer.cpp,501,literal,3,SURVIVES-oracle,constant,ESTABLISHED,na,no,"[scoreExtraNotes] structural literal (bound, index, threshold-with-documented-rationale); not a scoring tunable."
src/composing/analysis/chord/chordanalyzer.cpp,503,literal,4,SURVIVES-oracle,constant,ESTABLISHED,na,no,[scoreExtraNotes] structural pitch-class/interval/TPC-delta or bitmask constant (music theory); not a tunable.
src/composing/analysis/chord/chordanalyzer.cpp,503,literal,12,SURVIVES-oracle,constant,ESTABLISHED,na,no,[scoreExtraNotes] structural pitch-class/interval/TPC-delta or bitmask constant (music theory); not a tunable.
src/composing/analysis/chord/chordanalyzer.cpp,503,literal,0.1,SURVIVES-oracle,constant,ESTABLISHED,na,no,[scoreExtraNotes] structural pitch-class/interval/TPC-delta or bitmask constant (music theory); not a tunable.
src/composing/analysis/chord/chordanalyzer.cpp,507,literal,3,SURVIVES-oracle,constant,ESTABLISHED,na,no,"[scoreExtraNotes] structural literal (bound, index, threshold-with-documented-rationale); not a scoring tunable."
src/composing/analysis/chord/chordanalyzer.cpp,509,literal,5,SURVIVES-oracle,constant,ESTABLISHED,na,no,"[scoreExtraNotes] structural literal (bound, index, threshold-with-documented-rationale); not a scoring tunable."
src/composing/analysis/chord/chordanalyzer.cpp,509,literal,0.1,SURVIVES-oracle,constant,ESTABLISHED,na,no,"[scoreExtraNotes] structural literal (bound, index, threshold-with-documented-rationale); not a scoring tunable."
src/composing/analysis/chord/chordanalyzer.cpp,515,literal,10,SURVIVES-oracle,constant,ESTABLISHED,na,no,"[scoreExtraNotes] structural literal (bound, index, threshold-with-documented-rationale); not a scoring tunable."
src/composing/analysis/chord/chordanalyzer.cpp,515,literal,11,SURVIVES-oracle,constant,ESTABLISHED,na,no,"[scoreExtraNotes] structural literal (bound, index, threshold-with-documented-rationale); not a scoring tunable."
src/composing/analysis/chord/chordanalyzer.cpp,516,literal,8,SURVIVES-oracle,constant,ESTABLISHED,na,no,"[scoreExtraNotes] structural literal (bound, index, threshold-with-documented-rationale); not a scoring tunable."
src/composing/analysis/chord/chordanalyzer.cpp,522,literal,3,SURVIVES-oracle,constant,ESTABLISHED,na,no,"[scoreExtraNotes] structural literal (bound, index, threshold-with-documented-rationale); not a scoring tunable."
src/composing/analysis/chord/chordanalyzer.cpp,526,literal,3,SURVIVES-oracle,constant,ESTABLISHED,na,no,"[scoreExtraNotes] structural literal (bound, index, threshold-with-documented-rationale); not a scoring tunable."
src/composing/analysis/chord/chordanalyzer.cpp,528,literal,9,SURVIVES-oracle,constant,ESTABLISHED,na,no,"[scoreExtraNotes] structural literal (bound, index, threshold-with-documented-rationale); not a scoring tunable."
src/composing/analysis/chord/chordanalyzer.cpp,548,literal,12,SURVIVES-oracle,constant,ESTABLISHED,na,no,"[dim7CharacteristicBonus] structural literal (bound, index, threshold-with-documented-rationale); not a scoring tunable."
src/composing/analysis/chord/chordanalyzer.cpp,550,literal,7,SURVIVES-oracle,constant,ESTABLISHED,na,no,"[dim7CharacteristicBonus] structural literal (bound, index, threshold-with-documented-rationale); not a scoring tunable."
src/composing/analysis/chord/chordanalyzer.cpp,554,literal,0.0,SURVIVES-oracle,constant,ESTABLISHED,na,no,"[dim7CharacteristicBonus] structural literal (bound, index, threshold-with-documented-rationale); not a scoring tunable."
src/composing/analysis/chord/chordanalyzer.cpp,556,literal,9,SURVIVES-oracle,constant,ESTABLISHED,na,no,[dim7CharacteristicBonus] structural pitch-class/interval/TPC-delta or bitmask constant (music theory); not a tunable.
src/composing/analysis/chord/chordanalyzer.cpp,556,literal,12,SURVIVES-oracle,constant,ESTABLISHED,na,no,[dim7CharacteristicBonus] structural pitch-class/interval/TPC-delta or bitmask constant (music theory); not a tunable.
src/composing/analysis/chord/chordanalyzer.cpp,558,literal,0.0,SURVIVES-oracle,constant,ESTABLISHED,na,no,"[dim7CharacteristicBonus] structural literal (bound, index, threshold-with-documented-rationale); not a scoring tunable."
src/composing/analysis/chord/chordanalyzer.cpp,567,literal,3,SURVIVES-oracle,constant,ESTABLISHED,na,no,[dim7CharacteristicBonus] structural pitch-class/interval/TPC-delta or bitmask constant (music theory); not a tunable.
src/composing/analysis/chord/chordanalyzer.cpp,567,literal,12,SURVIVES-oracle,constant,ESTABLISHED,na,no,[dim7CharacteristicBonus] structural pitch-class/interval/TPC-delta or bitmask constant (music theory); not a tunable.
src/composing/analysis/chord/chordanalyzer.cpp,568,literal,6,SURVIVES-oracle,constant,ESTABLISHED,na,no,[dim7CharacteristicBonus] structural pitch-class/interval/TPC-delta or bitmask constant (music theory); not a tunable.
src/composing/analysis/chord/chordanalyzer.cpp,568,literal,12,SURVIVES-oracle,constant,ESTABLISHED,na,no,[dim7CharacteristicBonus] structural pitch-class/interval/TPC-delta or bitmask constant (music theory); not a tunable.
src/composing/analysis/chord/chordanalyzer.cpp,572,literal,0.0,SURVIVES-oracle,constant,ESTABLISHED,na,no,"[dim7CharacteristicBonus] structural literal (bound, index, threshold-with-documented-rationale); not a scoring tunable."
src/composing/analysis/chord/chordanalyzer.cpp,575,literal,12,SURVIVES-oracle,constant,ESTABLISHED,na,no,[dim7CharacteristicBonus] structural pitch-class/interval/TPC-delta or bitmask constant (music theory); not a tunable.
src/composing/analysis/chord/chordanalyzer.cpp,576,literal,0.0,SURVIVES-oracle,constant,ESTABLISHED,na,no,"[dim7CharacteristicBonus] structural literal (bound, index, threshold-with-documented-rationale); not a scoring tunable."
src/composing/analysis/chord/chordanalyzer.cpp,593,literal,12,SURVIVES-oracle,constant,ESTABLISHED,na,no,"[countTpcMatches] structural literal (bound, index, threshold-with-documented-rationale); not a scoring tunable."
src/composing/analysis/chord/chordanalyzer.cpp,601,literal,12,SURVIVES-oracle,constant,ESTABLISHED,na,no,[countTpcMatches] structural pitch-class/interval/TPC-delta or bitmask constant (music theory); not a tunable.
src/composing/analysis/chord/chordanalyzer.cpp,628,literal,12,SURVIVES-oracle,constant,ESTABLISHED,na,no,"[nonBassAdjustment] structural literal (bound, index, threshold-with-documented-rationale); not a scoring tunable."
src/composing/analysis/chord/chordanalyzer.cpp,631,literal,4,SURVIVES-oracle,constant,ESTABLISHED,na,no,[nonBassAdjustment] structural pitch-class/interval/TPC-delta or bitmask constant (music theory); not a tunable.
src/composing/analysis/chord/chordanalyzer.cpp,633,literal,4,SURVIVES-oracle,constant,ESTABLISHED,na,no,[nonBassAdjustment] structural pitch-class/interval/TPC-delta or bitmask constant (music theory); not a tunable.
src/composing/analysis/chord/chordanalyzer.cpp,637,literal,0.0,SURVIVES-oracle,constant,ESTABLISHED,na,no,"[nonBassAdjustment] structural literal (bound, index, threshold-with-documented-rationale); not a scoring tunable."
src/composing/analysis/chord/chordanalyzer.cpp,641,literal,4,SURVIVES-oracle,constant,ESTABLISHED,na,no,[nonBassAdjustment] structural pitch-class/interval/TPC-delta or bitmask constant (music theory); not a tunable.
src/composing/analysis/chord/chordanalyzer.cpp,642,literal,2,SURVIVES-oracle,constant,ESTABLISHED,na,no,[nonBassAdjustment] structural pitch-class/interval/TPC-delta or bitmask constant (music theory); not a tunable.
src/composing/analysis/chord/chordanalyzer.cpp,642,literal,7,SURVIVES-oracle,constant,ESTABLISHED,na,no,[nonBassAdjustment] structural pitch-class/interval/TPC-delta or bitmask constant (music theory); not a tunable.
src/composing/analysis/chord/chordanalyzer.cpp,648,literal,0.0,SURVIVES-oracle,constant,ESTABLISHED,na,no,"[nonBassAdjustment] structural literal (bound, index, threshold-with-documented-rationale); not a scoring tunable."
src/composing/analysis/chord/chordanalyzer.cpp,656,literal,12,SURVIVES-oracle,constant,ESTABLISHED,na,no,"[structuralPenalties] structural literal (bound, index, threshold-with-documented-rationale); not a scoring tunable."
src/composing/analysis/chord/chordanalyzer.cpp,657,literal,12,SURVIVES-oracle,constant,ESTABLISHED,na,no,"[structuralPenalties] structural literal (bound, index, threshold-with-documented-rationale); not a scoring tunable."
src/composing/analysis/chord/chordanalyzer.cpp,661,literal,0.0,SURVIVES-oracle,constant,ESTABLISHED,na,no,"[structuralPenalties] structural literal (bound, index, threshold-with-documented-rationale); not a scoring tunable."
src/composing/analysis/chord/chordanalyzer.cpp,674,literal,5,SURVIVES-oracle,constant,ESTABLISHED,na,no,"[structuralPenalties] structural literal (bound, index, threshold-with-documented-rationale); not a scoring tunable."
src/composing/analysis/chord/chordanalyzer.cpp,676,literal,3,SURVIVES-oracle,constant,ESTABLISHED,na,no,[structuralPenalties] structural pitch-class/interval/TPC-delta or bitmask constant (music theory); not a tunable.
src/composing/analysis/chord/chordanalyzer.cpp,677,literal,2,SURVIVES-oracle,constant,ESTABLISHED,na,no,[structuralPenalties] structural pitch-class/interval/TPC-delta or bitmask constant (music theory); not a tunable.
src/composing/analysis/chord/chordanalyzer.cpp,677,literal,6,SURVIVES-oracle,constant,ESTABLISHED,na,no,[structuralPenalties] structural pitch-class/interval/TPC-delta or bitmask constant (music theory); not a tunable.
src/composing/analysis/chord/chordanalyzer.cpp,679,literal,5,SURVIVES-oracle,constant,ESTABLISHED,na,no,[structuralPenalties] structural pitch-class/interval/TPC-delta or bitmask constant (music theory); not a tunable.
src/composing/analysis/chord/chordanalyzer.cpp,679,literal,12,SURVIVES-oracle,constant,ESTABLISHED,na,no,[structuralPenalties] structural pitch-class/interval/TPC-delta or bitmask constant (music theory); not a tunable.
src/composing/analysis/chord/chordanalyzer.cpp,688,literal,4,SURVIVES-oracle,constant,ESTABLISHED,na,no,[structuralPenalties] structural pitch-class/interval/TPC-delta or bitmask constant (music theory); not a tunable.
src/composing/analysis/chord/chordanalyzer.cpp,689,literal,2,SURVIVES-oracle,constant,ESTABLISHED,na,no,[structuralPenalties] structural pitch-class/interval/TPC-delta or bitmask constant (music theory); not a tunable.
src/composing/analysis/chord/chordanalyzer.cpp,689,literal,7,SURVIVES-oracle,constant,ESTABLISHED,na,no,[structuralPenalties] structural pitch-class/interval/TPC-delta or bitmask constant (music theory); not a tunable.
src/composing/analysis/chord/chordanalyzer.cpp,691,literal,3,SURVIVES-oracle,constant,ESTABLISHED,na,no,[structuralPenalties] structural pitch-class/interval/TPC-delta or bitmask constant (music theory); not a tunable.
src/composing/analysis/chord/chordanalyzer.cpp,691,literal,12,SURVIVES-oracle,constant,ESTABLISHED,na,no,[structuralPenalties] structural pitch-class/interval/TPC-delta or bitmask constant (music theory); not a tunable.
src/composing/analysis/chord/chordanalyzer.cpp,692,literal,0.05,SURVIVES-oracle,constant,ESTABLISHED,no,yes,"[structuralPenalties] inline extension/presence threshold (0.05) -- hand-set, NOT override-registered, some duplicate kBassSupportPresenceThreshold/kWCompletePresenceThreshold (0.05); documented in-comment."
src/composing/analysis/chord/chordanalyzer.cpp,700,literal,4,SURVIVES-oracle,constant,ESTABLISHED,na,no,[structuralPenalties] structural pitch-class/interval/TPC-delta or bitmask constant (music theory); not a tunable.
src/composing/analysis/chord/chordanalyzer.cpp,701,literal,3,SURVIVES-oracle,constant,ESTABLISHED,na,no,[structuralPenalties] structural pitch-class/interval/TPC-delta or bitmask constant (music theory); not a tunable.
src/composing/analysis/chord/chordanalyzer.cpp,701,literal,11,SURVIVES-oracle,constant,ESTABLISHED,na,no,[structuralPenalties] structural pitch-class/interval/TPC-delta or bitmask constant (music theory); not a tunable.
src/composing/analysis/chord/chordanalyzer.cpp,703,literal,7,SURVIVES-oracle,constant,ESTABLISHED,na,no,[structuralPenalties] structural pitch-class/interval/TPC-delta or bitmask constant (music theory); not a tunable.
src/composing/analysis/chord/chordanalyzer.cpp,703,literal,12,SURVIVES-oracle,constant,ESTABLISHED,na,no,[structuralPenalties] structural pitch-class/interval/TPC-delta or bitmask constant (music theory); not a tunable.
src/composing/analysis/chord/chordanalyzer.cpp,704,literal,0.05,SURVIVES-oracle,constant,ESTABLISHED,no,yes,"[structuralPenalties] inline extension/presence threshold (0.05) -- hand-set, NOT override-registered, some duplicate kBassSupportPresenceThreshold/kWCompletePresenceThreshold (0.05); documented in-comment."
src/composing/analysis/chord/chordanalyzer.cpp,714,literal,4,SURVIVES-oracle,constant,ESTABLISHED,na,no,[structuralPenalties] structural pitch-class/interval/TPC-delta or bitmask constant (music theory); not a tunable.
src/composing/analysis/chord/chordanalyzer.cpp,715,literal,2,SURVIVES-oracle,constant,ESTABLISHED,na,no,[structuralPenalties] structural pitch-class/interval/TPC-delta or bitmask constant (music theory); not a tunable.
src/composing/analysis/chord/chordanalyzer.cpp,715,literal,6,SURVIVES-oracle,constant,ESTABLISHED,na,no,[structuralPenalties] structural pitch-class/interval/TPC-delta or bitmask constant (music theory); not a tunable.
src/composing/analysis/chord/chordanalyzer.cpp,717,literal,6,SURVIVES-oracle,constant,ESTABLISHED,na,no,[structuralPenalties] structural pitch-class/interval/TPC-delta or bitmask constant (music theory); not a tunable.
src/composing/analysis/chord/chordanalyzer.cpp,717,literal,12,SURVIVES-oracle,constant,ESTABLISHED,na,no,[structuralPenalties] structural pitch-class/interval/TPC-delta or bitmask constant (music theory); not a tunable.
src/composing/analysis/chord/chordanalyzer.cpp,721,literal,6,SURVIVES-oracle,constant,ESTABLISHED,na,no,"[structuralPenalties] structural literal (bound, index, threshold-with-documented-rationale); not a scoring tunable."
src/composing/analysis/chord/chordanalyzer.cpp,725,literal,3,SURVIVES-oracle,constant,ESTABLISHED,na,no,[structuralPenalties] structural pitch-class/interval/TPC-delta or bitmask constant (music theory); not a tunable.
src/composing/analysis/chord/chordanalyzer.cpp,725,literal,12,SURVIVES-oracle,constant,ESTABLISHED,na,no,[structuralPenalties] structural pitch-class/interval/TPC-delta or bitmask constant (music theory); not a tunable.
src/composing/analysis/chord/chordanalyzer.cpp,726,literal,0.05,SURVIVES-oracle,constant,ESTABLISHED,no,yes,"[structuralPenalties] inline extension/presence threshold (0.05) -- hand-set, NOT override-registered, some duplicate kBassSupportPresenceThreshold/kWCompletePresenceThreshold (0.05); documented in-comment."
src/composing/analysis/chord/chordanalyzer.cpp,733,literal,3,SURVIVES-oracle,constant,ESTABLISHED,na,no,"[structuralPenalties] structural literal (bound, index, threshold-with-documented-rationale); not a scoring tunable."
src/composing/analysis/chord/chordanalyzer.cpp,744,literal,12,SURVIVES-oracle,constant,ESTABLISHED,na,no,"[tpcConsistencyBonus] structural literal (bound, index, threshold-with-documented-rationale); not a scoring tunable."
src/composing/analysis/chord/chordanalyzer.cpp,753,literal,12,SURVIVES-oracle,constant,ESTABLISHED,na,no,"[bassRootBonusMultiplier] structural literal (bound, index, threshold-with-documented-rationale); not a scoring tunable."
src/composing/analysis/chord/chordanalyzer.cpp,762,literal,3,SURVIVES-oracle,constant,ESTABLISHED,na,no,[bassRootBonusMultiplier] structural pitch-class/interval/TPC-delta or bitmask constant (music theory); not a tunable.
src/composing/analysis/chord/chordanalyzer.cpp,762,literal,4,SURVIVES-oracle,constant,ESTABLISHED,na,no,[bassRootBonusMultiplier] structural pitch-class/interval/TPC-delta or bitmask constant (music theory); not a tunable.
src/composing/analysis/chord/chordanalyzer.cpp,766,literal,3,SURVIVES-oracle,constant,ESTABLISHED,na,no,[bassRootBonusMultiplier] structural pitch-class/interval/TPC-delta or bitmask constant (music theory); not a tunable.
src/composing/analysis/chord/chordanalyzer.cpp,766,literal,4,SURVIVES-oracle,constant,ESTABLISHED,na,no,[bassRootBonusMultiplier] structural pitch-class/interval/TPC-delta or bitmask constant (music theory); not a tunable.
src/composing/analysis/chord/chordanalyzer.cpp,772,literal,6,SURVIVES-oracle,constant,ESTABLISHED,na,no,[bassRootBonusMultiplier] structural pitch-class/interval/TPC-delta or bitmask constant (music theory); not a tunable.
src/composing/analysis/chord/chordanalyzer.cpp,772,literal,7,SURVIVES-oracle,constant,ESTABLISHED,na,no,[bassRootBonusMultiplier] structural pitch-class/interval/TPC-delta or bitmask constant (music theory); not a tunable.
src/composing/analysis/chord/chordanalyzer.cpp,772,literal,8,SURVIVES-oracle,constant,ESTABLISHED,na,no,[bassRootBonusMultiplier] structural pitch-class/interval/TPC-delta or bitmask constant (music theory); not a tunable.
src/composing/analysis/chord/chordanalyzer.cpp,777,literal,3,SURVIVES-oracle,constant,ESTABLISHED,na,no,[bassRootBonusMultiplier] structural pitch-class/interval/TPC-delta or bitmask constant (music theory); not a tunable.
src/composing/analysis/chord/chordanalyzer.cpp,781,literal,1.0,SURVIVES-oracle,constant,ESTABLISHED,na,no,"[bassRootBonusMultiplier] structural literal (bound, index, threshold-with-documented-rationale); not a scoring tunable."
src/composing/analysis/chord/chordanalyzer.cpp,787,literal,1.0,SURVIVES-oracle,constant,ESTABLISHED,na,no,"[bassRootBonusMultiplier] structural literal (bound, index, threshold-with-documented-rationale); not a scoring tunable."
src/composing/analysis/chord/chordanalyzer.cpp,795,literal,3,SURVIVES-oracle,constant,ESTABLISHED,na,no,"[bassRootBonusMultiplier] structural literal (bound, index, threshold-with-documented-rationale); not a scoring tunable."
src/composing/analysis/chord/chordanalyzer.cpp,795,literal,4,SURVIVES-oracle,constant,ESTABLISHED,na,no,"[bassRootBonusMultiplier] structural literal (bound, index, threshold-with-documented-rationale); not a scoring tunable."
src/composing/analysis/chord/chordanalyzer.cpp,804,literal,12,SURVIVES-oracle,constant,ESTABLISHED,na,no,"[templateHasMatchingThird] structural literal (bound, index, threshold-with-documented-rationale); not a scoring tunable."
src/composing/analysis/chord/chordanalyzer.cpp,808,literal,3,SURVIVES-oracle,constant,ESTABLISHED,na,no,[templateHasMatchingThird] structural pitch-class/interval/TPC-delta or bitmask constant (music theory); not a tunable.
src/composing/analysis/chord/chordanalyzer.cpp,808,literal,4,SURVIVES-oracle,constant,ESTABLISHED,na,no,[templateHasMatchingThird] structural pitch-class/interval/TPC-delta or bitmask constant (music theory); not a tunable.
src/composing/analysis/chord/chordanalyzer.cpp,809,literal,0.05,SURVIVES-oracle,constant,ESTABLISHED,na,no,[templateHasMatchingThird] structural pitch-class/interval/TPC-delta or bitmask constant (music theory); not a tunable.
src/composing/analysis/chord/chordanalyzer.cpp,815,literal,12,SURVIVES-oracle,constant,ESTABLISHED,na,no,"[templateHasMatchingFifth] structural literal (bound, index, threshold-with-documented-rationale); not a scoring tunable."
src/composing/analysis/chord/chordanalyzer.cpp,819,literal,6,SURVIVES-oracle,constant,ESTABLISHED,na,no,[templateHasMatchingFifth] structural pitch-class/interval/TPC-delta or bitmask constant (music theory); not a tunable.
src/composing/analysis/chord/chordanalyzer.cpp,819,literal,7,SURVIVES-oracle,constant,ESTABLISHED,na,no,[templateHasMatchingFifth] structural pitch-class/interval/TPC-delta or bitmask constant (music theory); not a tunable.
src/composing/analysis/chord/chordanalyzer.cpp,819,literal,8,SURVIVES-oracle,constant,ESTABLISHED,na,no,[templateHasMatchingFifth] structural pitch-class/interval/TPC-delta or bitmask constant (music theory); not a tunable.
src/composing/analysis/chord/chordanalyzer.cpp,820,literal,0.05,SURVIVES-oracle,constant,ESTABLISHED,na,no,[templateHasMatchingFifth] structural pitch-class/interval/TPC-delta or bitmask constant (music theory); not a tunable.
src/composing/analysis/chord/chordanalyzer.cpp,827,literal,12,SURVIVES-oracle,constant,ESTABLISHED,na,no,"[qualifiesForCompleteTriadInversionBonus] structural literal (bound, index, threshold-with-documented-rationale); not a scoring tunable."
src/composing/analysis/chord/chordanalyzer.cpp,830,literal,3,SURVIVES-oracle,constant,ESTABLISHED,na,no,"[qualifiesForCompleteTriadInversionBonus] structural literal (bound, index, threshold-with-documented-rationale); not a scoring tunable."
src/composing/analysis/chord/chordanalyzer.cpp,853,literal,12,SURVIVES-oracle,constant,ESTABLISHED,na,no,"[supportsContextualInversionBonuses] structural literal (bound, index, threshold-with-documented-rationale); not a scoring tunable."
src/composing/analysis/chord/chordanalyzer.cpp,870,literal,12,SURVIVES-oracle,constant,ESTABLISHED,na,no,"[appliedBassRootBonus] structural literal (bound, index, threshold-with-documented-rationale); not a scoring tunable."
src/composing/analysis/chord/chordanalyzer.cpp,874,literal,0.0,SURVIVES-oracle,constant,ESTABLISHED,na,no,"[appliedBassRootBonus] structural literal (bound, index, threshold-with-documented-rationale); not a scoring tunable."
src/composing/analysis/chord/chordanalyzer.cpp,897,literal,7,SURVIVES-oracle,constant,ESTABLISHED,na,no,"[diatonicRootContribution] structural literal (bound, index, threshold-with-documented-rationale); not a scoring tunable."
src/composing/analysis/chord/chordanalyzer.cpp,902,literal,12,SURVIVES-oracle,constant,ESTABLISHED,na,no,[diatonicRootContribution] structural pitch-class/interval/TPC-delta or bitmask constant (music theory); not a tunable.
src/composing/analysis/chord/chordanalyzer.cpp,906,literal,0.0,SURVIVES-oracle,constant,ESTABLISHED,na,no,"[diatonicRootContribution] structural literal (bound, index, threshold-with-documented-rationale); not a scoring tunable."
src/composing/analysis/chord/chordanalyzer.cpp,943,literal,12,SURVIVES-oracle,constant,ESTABLISHED,na,no,"[buildChordResult] structural literal (bound, index, threshold-with-documented-rationale); not a scoring tunable."
src/composing/analysis/chord/chordanalyzer.cpp,944,literal,0.05,SURVIVES-oracle,constant,ESTABLISHED,no,yes,"[buildChordResult] inline extension/presence threshold (0.05) -- hand-set, NOT override-registered, some duplicate kBassSupportPresenceThreshold/kWCompletePresenceThreshold (0.05); documented in-comment."
src/composing/analysis/chord/chordanalyzer.cpp,948,literal,3,SURVIVES-oracle,constant,ESTABLISHED,na,no,"[buildChordResult] structural literal (bound, index, threshold-with-documented-rationale); not a scoring tunable."
src/composing/analysis/chord/chordanalyzer.cpp,950,literal,3,SURVIVES-oracle,constant,ESTABLISHED,na,no,"[buildChordResult] structural literal (bound, index, threshold-with-documented-rationale); not a scoring tunable."
src/composing/analysis/chord/chordanalyzer.cpp,951,literal,3,SURVIVES-oracle,constant,ESTABLISHED,na,no,"[buildChordResult] structural literal (bound, index, threshold-with-documented-rationale); not a scoring tunable."
src/composing/analysis/chord/chordanalyzer.cpp,951,literal,2,SURVIVES-oracle,constant,ESTABLISHED,na,no,"[buildChordResult] structural literal (bound, index, threshold-with-documented-rationale); not a scoring tunable."
src/composing/analysis/chord/chordanalyzer.cpp,951,literal,3,SURVIVES-oracle,constant,ESTABLISHED,na,no,"[buildChordResult] structural literal (bound, index, threshold-with-documented-rationale); not a scoring tunable."
src/composing/analysis/chord/chordanalyzer.cpp,952,literal,12,SURVIVES-oracle,constant,ESTABLISHED,na,no,[buildChordResult] structural pitch-class/interval/TPC-delta or bitmask constant (music theory); not a tunable.
src/composing/analysis/chord/chordanalyzer.cpp,952,literal,12,SURVIVES-oracle,constant,ESTABLISHED,na,no,[buildChordResult] structural pitch-class/interval/TPC-delta or bitmask constant (music theory); not a tunable.
src/composing/analysis/chord/chordanalyzer.cpp,952,literal,4,SURVIVES-oracle,constant,ESTABLISHED,na,no,[buildChordResult] structural pitch-class/interval/TPC-delta or bitmask constant (music theory); not a tunable.
src/composing/analysis/chord/chordanalyzer.cpp,952,literal,12,SURVIVES-oracle,constant,ESTABLISHED,na,no,[buildChordResult] structural pitch-class/interval/TPC-delta or bitmask constant (music theory); not a tunable.
src/composing/analysis/chord/chordanalyzer.cpp,952,literal,12,SURVIVES-oracle,constant,ESTABLISHED,na,no,[buildChordResult] structural pitch-class/interval/TPC-delta or bitmask constant (music theory); not a tunable.
src/composing/analysis/chord/chordanalyzer.cpp,952,literal,4,SURVIVES-oracle,constant,ESTABLISHED,na,no,[buildChordResult] structural pitch-class/interval/TPC-delta or bitmask constant (music theory); not a tunable.
src/composing/analysis/chord/chordanalyzer.cpp,952,literal,12,SURVIVES-oracle,constant,ESTABLISHED,na,no,[buildChordResult] structural pitch-class/interval/TPC-delta or bitmask constant (music theory); not a tunable.
src/composing/analysis/chord/chordanalyzer.cpp,952,literal,12,SURVIVES-oracle,constant,ESTABLISHED,na,no,[buildChordResult] structural pitch-class/interval/TPC-delta or bitmask constant (music theory); not a tunable.
src/composing/analysis/chord/chordanalyzer.cpp,952,literal,4,SURVIVES-oracle,constant,ESTABLISHED,na,no,[buildChordResult] structural pitch-class/interval/TPC-delta or bitmask constant (music theory); not a tunable.
src/composing/analysis/chord/chordanalyzer.cpp,978,literal,4,SURVIVES-oracle,constant,ESTABLISHED,na,no,[buildChordResult] structural pitch-class/interval/TPC-delta or bitmask constant (music theory); not a tunable.
src/composing/analysis/chord/chordanalyzer.cpp,978,literal,12,SURVIVES-oracle,constant,ESTABLISHED,na,no,[buildChordResult] structural pitch-class/interval/TPC-delta or bitmask constant (music theory); not a tunable.
src/composing/analysis/chord/chordanalyzer.cpp,978,literal,0.2,SURVIVES-oracle,constant,ESTABLISHED,na,no,[buildChordResult] structural pitch-class/interval/TPC-delta or bitmask constant (music theory); not a tunable.
src/composing/analysis/chord/chordanalyzer.cpp,979,literal,3,SURVIVES-oracle,constant,ESTABLISHED,na,no,[buildChordResult] structural pitch-class/interval/TPC-delta or bitmask constant (music theory); not a tunable.
src/composing/analysis/chord/chordanalyzer.cpp,979,literal,12,SURVIVES-oracle,constant,ESTABLISHED,na,no,[buildChordResult] structural pitch-class/interval/TPC-delta or bitmask constant (music theory); not a tunable.
src/composing/analysis/chord/chordanalyzer.cpp,979,literal,0.2,SURVIVES-oracle,constant,ESTABLISHED,na,no,[buildChordResult] structural pitch-class/interval/TPC-delta or bitmask constant (music theory); not a tunable.
src/composing/analysis/chord/chordanalyzer.cpp,993,literal,12,SURVIVES-oracle,constant,ESTABLISHED,na,no,[buildChordResult] structural pitch-class/interval/TPC-delta or bitmask constant (music theory); not a tunable.
src/composing/analysis/chord/chordanalyzer.cpp,1002,literal,12,SURVIVES-oracle,constant,ESTABLISHED,na,no,"[buildChordResult] structural literal (bound, index, threshold-with-documented-rationale); not a scoring tunable."
src/composing/analysis/chord/chordanalyzer.cpp,1003,literal,0.2,SURVIVES-oracle,constant,ESTABLISHED,no,yes,"[buildChordResult] inline extension/presence threshold (0.2) -- hand-set, NOT override-registered, some duplicate kBassSupportPresenceThreshold/kWCompletePresenceThreshold (0.05); documented in-comment."
src/composing/analysis/chord/chordanalyzer.cpp,1008,literal,12,SURVIVES-oracle,constant,ESTABLISHED,na,no,[buildChordResult] structural pitch-class/interval/TPC-delta or bitmask constant (music theory); not a tunable.
src/composing/analysis/chord/chordanalyzer.cpp,1027,literal,7,SURVIVES-oracle,constant,ESTABLISHED,na,no,[buildChordResult] structural pitch-class/interval/TPC-delta or bitmask constant (music theory); not a tunable.
src/composing/analysis/chord/chordanalyzer.cpp,1027,literal,12,SURVIVES-oracle,constant,ESTABLISHED,na,no,[buildChordResult] structural pitch-class/interval/TPC-delta or bitmask constant (music theory); not a tunable.
src/composing/analysis/chord/chordanalyzer.cpp,1041,literal,12,SURVIVES-oracle,constant,ESTABLISHED,na,no,"[deriveChordExtensions] structural literal (bound, index, threshold-with-documented-rationale); not a scoring tunable."
src/composing/analysis/chord/chordanalyzer.cpp,1043,literal,12,SURVIVES-oracle,constant,ESTABLISHED,na,no,"[deriveChordExtensions] structural literal (bound, index, threshold-with-documented-rationale); not a scoring tunable."
src/composing/analysis/chord/chordanalyzer.cpp,1047,literal,12,SURVIVES-oracle,constant,ESTABLISHED,na,no,"[deriveChordExtensions] structural literal (bound, index, threshold-with-documented-rationale); not a scoring tunable."
src/composing/analysis/chord/chordanalyzer.cpp,1056,literal,7,SURVIVES-oracle,constant,ESTABLISHED,na,no,[deriveChordExtensions] structural pitch-class/interval/TPC-delta or bitmask constant (music theory); not a tunable.
src/composing/analysis/chord/chordanalyzer.cpp,1056,literal,12,SURVIVES-oracle,constant,ESTABLISHED,na,no,[deriveChordExtensions] structural pitch-class/interval/TPC-delta or bitmask constant (music theory); not a tunable.
src/composing/analysis/chord/chordanalyzer.cpp,1075,literal,12,SURVIVES-oracle,constant,ESTABLISHED,na,no,"[analyzeChord] structural literal (bound, index, threshold-with-documented-rationale); not a scoring tunable."
src/composing/analysis/chord/chordanalyzer.cpp,1078,literal,0.0,SURVIVES-oracle,constant,ESTABLISHED,na,no,"[analyzeChord] structural literal (bound, index, threshold-with-documented-rationale); not a scoring tunable."
src/composing/analysis/chord/chordanalyzer.cpp,1081,literal,0.1,SURVIVES-oracle,constant,ESTABLISHED,no,yes,"[analyzeChord] inline extension/presence threshold (0.1) -- hand-set, NOT override-registered, some duplicate kBassSupportPresenceThreshold/kWCompletePresenceThreshold (0.05); documented in-comment."
src/composing/analysis/chord/chordanalyzer.cpp,1082,literal,0.0,SURVIVES-oracle,constant,ESTABLISHED,na,no,"[analyzeChord] structural literal (bound, index, threshold-with-documented-rationale); not a scoring tunable."
src/composing/analysis/chord/chordanalyzer.cpp,1142,literal,12,SURVIVES-oracle,constant,ESTABLISHED,na,no,"[analyzeChord] structural literal (bound, index, threshold-with-documented-rationale); not a scoring tunable."
src/composing/analysis/chord/chordanalyzer.cpp,1144,literal,12,SURVIVES-oracle,constant,ESTABLISHED,na,no,"[analyzeChord] structural literal (bound, index, threshold-with-documented-rationale); not a scoring tunable."
src/composing/analysis/chord/chordanalyzer.cpp,1145,literal,12,SURVIVES-oracle,constant,ESTABLISHED,na,no,"[analyzeChord] structural literal (bound, index, threshold-with-documented-rationale); not a scoring tunable."
src/composing/analysis/chord/chordanalyzer.cpp,1146,literal,12,SURVIVES-oracle,constant,ESTABLISHED,na,no,"[analyzeChord] structural literal (bound, index, threshold-with-documented-rationale); not a scoring tunable."
src/composing/analysis/chord/chordanalyzer.cpp,1164,literal,12,SURVIVES-oracle,constant,ESTABLISHED,na,no,"[analyzeChord] structural literal (bound, index, threshold-with-documented-rationale); not a scoring tunable."
src/composing/analysis/chord/chordanalyzer.cpp,1190,literal,0.05,SURVIVES-oracle,constant,ESTABLISHED,no,yes,"[analyzeChord] inline extension/presence threshold (0.05) -- hand-set, NOT override-registered, some duplicate kBassSupportPresenceThreshold/kWCompletePresenceThreshold (0.05); documented in-comment."
src/composing/analysis/chord/chordanalyzer.cpp,1193,literal,2,SURVIVES-oracle,constant,ESTABLISHED,na,no,"[analyzeChord] structural literal (bound, index, threshold-with-documented-rationale); not a scoring tunable."
src/composing/analysis/chord/chordanalyzer.cpp,1194,literal,2,SURVIVES-oracle,constant,ESTABLISHED,na,no,"[analyzeChord] structural literal (bound, index, threshold-with-documented-rationale); not a scoring tunable."
src/composing/analysis/chord/chordanalyzer.cpp,1195,literal,60,SURVIVES-oracle,constant,ESTABLISHED,na,no,"[analyzeChord] structural literal (bound, index, threshold-with-documented-rationale); not a scoring tunable."
src/composing/analysis/chord/chordanalyzer.cpp,1198,literal,4,SURVIVES-oracle,constant,ESTABLISHED,na,no,"[analyzeChord] structural literal (bound, index, threshold-with-documented-rationale); not a scoring tunable."
src/composing/analysis/chord/chordanalyzer.cpp,1199,literal,4,SURVIVES-oracle,constant,ESTABLISHED,na,no,"[analyzeChord] structural literal (bound, index, threshold-with-documented-rationale); not a scoring tunable."
src/composing/analysis/chord/chordanalyzer.cpp,1231,literal,12,SURVIVES-oracle,constant,ESTABLISHED,na,no,"[analyzeChord] structural literal (bound, index, threshold-with-documented-rationale); not a scoring tunable."
src/composing/analysis/chord/chordanalyzer.cpp,1248,literal,0.05,SURVIVES-oracle,constant,ESTABLISHED,no,yes,"[analyzeChord] inline extension/presence threshold (0.05) -- hand-set, NOT override-registered, some duplicate kBassSupportPresenceThreshold/kWCompletePresenceThreshold (0.05); documented in-comment."
src/composing/analysis/chord/chordanalyzer.cpp,1268,literal,60,SURVIVES-oracle,constant,ESTABLISHED,na,no,"[analyzeChord] structural literal (bound, index, threshold-with-documented-rationale); not a scoring tunable."
src/composing/analysis/chord/chordanalyzer.cpp,1268,literal,3,SURVIVES-oracle,constant,ESTABLISHED,na,no,"[analyzeChord] structural literal (bound, index, threshold-with-documented-rationale); not a scoring tunable."
src/composing/analysis/chord/chordanalyzer.cpp,1306,literal,4,SURVIVES-oracle,constant,ESTABLISHED,na,no,[templateIntervalsVec] structural pitch-class/interval/TPC-delta or bitmask constant (music theory); not a tunable.
src/composing/analysis/chord/chordanalyzer.cpp,1307,literal,4,SURVIVES-oracle,constant,ESTABLISHED,na,no,[templateIntervalsVec] structural pitch-class/interval/TPC-delta or bitmask constant (music theory); not a tunable.
src/composing/analysis/chord/chordanalyzer.cpp,1307,literal,5,SURVIVES-oracle,constant,ESTABLISHED,na,no,[templateIntervalsVec] structural pitch-class/interval/TPC-delta or bitmask constant (music theory); not a tunable.
src/composing/analysis/chord/chordanalyzer.cpp,1308,literal,2,SURVIVES-oracle,constant,ESTABLISHED,na,no,[templateIntervalsVec] structural pitch-class/interval/TPC-delta or bitmask constant (music theory); not a tunable.
src/composing/analysis/chord/chordanalyzer.cpp,1308,literal,4,SURVIVES-oracle,constant,ESTABLISHED,na,no,[templateIntervalsVec] structural pitch-class/interval/TPC-delta or bitmask constant (music theory); not a tunable.
src/composing/analysis/chord/chordanalyzer.cpp,1308,literal,2,SURVIVES-oracle,constant,ESTABLISHED,na,no,[templateIntervalsVec] structural pitch-class/interval/TPC-delta or bitmask constant (music theory); not a tunable.
src/composing/analysis/chord/chordanalyzer.cpp,1309,literal,3,SURVIVES-oracle,constant,ESTABLISHED,na,no,[templateIntervalsVec] structural pitch-class/interval/TPC-delta or bitmask constant (music theory); not a tunable.
src/composing/analysis/chord/chordanalyzer.cpp,1309,literal,4,SURVIVES-oracle,constant,ESTABLISHED,na,no,[templateIntervalsVec] structural pitch-class/interval/TPC-delta or bitmask constant (music theory); not a tunable.
src/composing/analysis/chord/chordanalyzer.cpp,1309,literal,6,SURVIVES-oracle,constant,ESTABLISHED,na,no,[templateIntervalsVec] structural pitch-class/interval/TPC-delta or bitmask constant (music theory); not a tunable.
src/composing/analysis/chord/chordanalyzer.cpp,1309,literal,2,SURVIVES-oracle,constant,ESTABLISHED,na,no,[templateIntervalsVec] structural pitch-class/interval/TPC-delta or bitmask constant (music theory); not a tunable.
src/composing/analysis/chord/chordanalyzer.cpp,1310,literal,4,SURVIVES-oracle,constant,ESTABLISHED,na,no,[templateIntervalsVec] structural pitch-class/interval/TPC-delta or bitmask constant (music theory); not a tunable.
src/composing/analysis/chord/chordanalyzer.cpp,1310,literal,3,SURVIVES-oracle,constant,ESTABLISHED,na,no,[templateIntervalsVec] structural pitch-class/interval/TPC-delta or bitmask constant (music theory); not a tunable.
src/composing/analysis/chord/chordanalyzer.cpp,1311,literal,5,SURVIVES-oracle,constant,ESTABLISHED,na,no,[templateIntervalsVec] structural pitch-class/interval/TPC-delta or bitmask constant (music theory); not a tunable.
src/composing/analysis/chord/chordanalyzer.cpp,1311,literal,3,SURVIVES-oracle,constant,ESTABLISHED,na,no,[templateIntervalsVec] structural pitch-class/interval/TPC-delta or bitmask constant (music theory); not a tunable.
src/composing/analysis/chord/chordanalyzer.cpp,1311,literal,2,SURVIVES-oracle,constant,ESTABLISHED,na,no,[templateIntervalsVec] structural pitch-class/interval/TPC-delta or bitmask constant (music theory); not a tunable.
src/composing/analysis/chord/chordanalyzer.cpp,1312,literal,6,SURVIVES-oracle,constant,ESTABLISHED,na,no,[templateIntervalsVec] structural pitch-class/interval/TPC-delta or bitmask constant (music theory); not a tunable.
src/composing/analysis/chord/chordanalyzer.cpp,1312,literal,3,SURVIVES-oracle,constant,ESTABLISHED,na,no,[templateIntervalsVec] structural pitch-class/interval/TPC-delta or bitmask constant (music theory); not a tunable.
src/composing/analysis/chord/chordanalyzer.cpp,1312,literal,6,SURVIVES-oracle,constant,ESTABLISHED,na,no,[templateIntervalsVec] structural pitch-class/interval/TPC-delta or bitmask constant (music theory); not a tunable.
src/composing/analysis/chord/chordanalyzer.cpp,1313,literal,7,SURVIVES-oracle,constant,ESTABLISHED,na,no,[templateIntervalsVec] structural pitch-class/interval/TPC-delta or bitmask constant (music theory); not a tunable.
src/composing/analysis/chord/chordanalyzer.cpp,1313,literal,6,SURVIVES-oracle,constant,ESTABLISHED,na,no,[templateIntervalsVec] structural pitch-class/interval/TPC-delta or bitmask constant (music theory); not a tunable.
src/composing/analysis/chord/chordanalyzer.cpp,1313,literal,2,SURVIVES-oracle,constant,ESTABLISHED,na,no,[templateIntervalsVec] structural pitch-class/interval/TPC-delta or bitmask constant (music theory); not a tunable.
src/composing/analysis/chord/chordanalyzer.cpp,1314,literal,8,SURVIVES-oracle,constant,ESTABLISHED,na,no,[templateIntervalsVec] structural pitch-class/interval/TPC-delta or bitmask constant (music theory); not a tunable.
src/composing/analysis/chord/chordanalyzer.cpp,1314,literal,3,SURVIVES-oracle,constant,ESTABLISHED,na,no,[templateIntervalsVec] structural pitch-class/interval/TPC-delta or bitmask constant (music theory); not a tunable.
src/composing/analysis/chord/chordanalyzer.cpp,1314,literal,6,SURVIVES-oracle,constant,ESTABLISHED,na,no,[templateIntervalsVec] structural pitch-class/interval/TPC-delta or bitmask constant (music theory); not a tunable.
src/composing/analysis/chord/chordanalyzer.cpp,1314,literal,2,SURVIVES-oracle,constant,ESTABLISHED,na,no,[templateIntervalsVec] structural pitch-class/interval/TPC-delta or bitmask constant (music theory); not a tunable.
src/composing/analysis/chord/chordanalyzer.cpp,1315,literal,9,SURVIVES-oracle,constant,ESTABLISHED,na,no,[templateIntervalsVec] structural pitch-class/interval/TPC-delta or bitmask constant (music theory); not a tunable.
src/composing/analysis/chord/chordanalyzer.cpp,1315,literal,4,SURVIVES-oracle,constant,ESTABLISHED,na,no,[templateIntervalsVec] structural pitch-class/interval/TPC-delta or bitmask constant (music theory); not a tunable.
src/composing/analysis/chord/chordanalyzer.cpp,1315,literal,8,SURVIVES-oracle,constant,ESTABLISHED,na,no,[templateIntervalsVec] structural pitch-class/interval/TPC-delta or bitmask constant (music theory); not a tunable.
src/composing/analysis/chord/chordanalyzer.cpp,1316,literal,10,SURVIVES-oracle,constant,ESTABLISHED,na,no,[templateIntervalsVec] structural pitch-class/interval/TPC-delta or bitmask constant (music theory); not a tunable.
src/composing/analysis/chord/chordanalyzer.cpp,1316,literal,4,SURVIVES-oracle,constant,ESTABLISHED,na,no,[templateIntervalsVec] structural pitch-class/interval/TPC-delta or bitmask constant (music theory); not a tunable.
src/composing/analysis/chord/chordanalyzer.cpp,1316,literal,8,SURVIVES-oracle,constant,ESTABLISHED,na,no,[templateIntervalsVec] structural pitch-class/interval/TPC-delta or bitmask constant (music theory); not a tunable.
src/composing/analysis/chord/chordanalyzer.cpp,1316,literal,2,SURVIVES-oracle,constant,ESTABLISHED,na,no,[templateIntervalsVec] structural pitch-class/interval/TPC-delta or bitmask constant (music theory); not a tunable.
src/composing/analysis/chord/chordanalyzer.cpp,1317,literal,11,SURVIVES-oracle,constant,ESTABLISHED,na,no,[templateIntervalsVec] structural pitch-class/interval/TPC-delta or bitmask constant (music theory); not a tunable.
src/composing/analysis/chord/chordanalyzer.cpp,1317,literal,2,SURVIVES-oracle,constant,ESTABLISHED,na,no,[templateIntervalsVec] structural pitch-class/interval/TPC-delta or bitmask constant (music theory); not a tunable.
src/composing/analysis/chord/chordanalyzer.cpp,1318,literal,12,SURVIVES-oracle,constant,ESTABLISHED,na,no,[templateIntervalsVec] structural pitch-class/interval/TPC-delta or bitmask constant (music theory); not a tunable.
src/composing/analysis/chord/chordanalyzer.cpp,1318,literal,2,SURVIVES-oracle,constant,ESTABLISHED,na,no,[templateIntervalsVec] structural pitch-class/interval/TPC-delta or bitmask constant (music theory); not a tunable.
src/composing/analysis/chord/chordanalyzer.cpp,1319,literal,13,SURVIVES-oracle,constant,ESTABLISHED,na,no,[templateIntervalsVec] structural pitch-class/interval/TPC-delta or bitmask constant (music theory); not a tunable.
src/composing/analysis/chord/chordanalyzer.cpp,1319,literal,5,SURVIVES-oracle,constant,ESTABLISHED,na,no,[templateIntervalsVec] structural pitch-class/interval/TPC-delta or bitmask constant (music theory); not a tunable.
src/composing/analysis/chord/chordanalyzer.cpp,1320,literal,14,SURVIVES-oracle,constant,ESTABLISHED,na,no,[templateIntervalsVec] structural pitch-class/interval/TPC-delta or bitmask constant (music theory); not a tunable.
src/composing/analysis/chord/chordanalyzer.cpp,1320,literal,8,SURVIVES-oracle,constant,ESTABLISHED,na,no,[templateIntervalsVec] structural pitch-class/interval/TPC-delta or bitmask constant (music theory); not a tunable.
src/composing/analysis/chord/chordanalyzer.cpp,1320,literal,2,SURVIVES-oracle,constant,ESTABLISHED,na,no,[templateIntervalsVec] structural pitch-class/interval/TPC-delta or bitmask constant (music theory); not a tunable.
src/composing/analysis/chord/chordanalyzer.cpp,1321,literal,15,SURVIVES-oracle,constant,ESTABLISHED,na,no,[templateIntervalsVec] structural pitch-class/interval/TPC-delta or bitmask constant (music theory); not a tunable.
src/composing/analysis/chord/chordanalyzer.cpp,1321,literal,6,SURVIVES-oracle,constant,ESTABLISHED,na,no,[templateIntervalsVec] structural pitch-class/interval/TPC-delta or bitmask constant (music theory); not a tunable.
src/composing/analysis/chord/chordanalyzer.cpp,1322,literal,16,SURVIVES-oracle,constant,ESTABLISHED,na,no,[templateIntervalsVec] structural pitch-class/interval/TPC-delta or bitmask constant (music theory); not a tunable.
src/composing/analysis/chord/chordanalyzer.cpp,1330,literal,12,SURVIVES-oracle,constant,ESTABLISHED,na,no,[analyzeChord] structural pitch-class/interval/TPC-delta or bitmask constant (music theory); not a tunable.
src/composing/analysis/chord/chordanalyzer.cpp,1336,literal,21,SURVIVES-oracle,constant,ESTABLISHED,na,no,[analyzeChord] circle-of-fifths / mode-collection table entry (music theory FACT); not a tunable.
src/composing/analysis/chord/chordanalyzer.cpp,1337,literal,2,SURVIVES-oracle,constant,ESTABLISHED,na,no,"[analyzeChord] structural literal (bound, index, threshold-with-documented-rationale); not a scoring tunable."
src/composing/analysis/chord/chordanalyzer.cpp,1337,literal,3,SURVIVES-oracle,constant,ESTABLISHED,na,no,"[analyzeChord] structural literal (bound, index, threshold-with-documented-rationale); not a scoring tunable."
src/composing/analysis/chord/chordanalyzer.cpp,1337,literal,4,SURVIVES-oracle,constant,ESTABLISHED,na,no,"[analyzeChord] structural literal (bound, index, threshold-with-documented-rationale); not a scoring tunable."
src/composing/analysis/chord/chordanalyzer.cpp,1337,literal,5,SURVIVES-oracle,constant,ESTABLISHED,na,no,"[analyzeChord] structural literal (bound, index, threshold-with-documented-rationale); not a scoring tunable."
src/composing/analysis/chord/chordanalyzer.cpp,1337,literal,6,SURVIVES-oracle,constant,ESTABLISHED,na,no,"[analyzeChord] structural literal (bound, index, threshold-with-documented-rationale); not a scoring tunable."
src/composing/analysis/chord/chordanalyzer.cpp,1338,literal,2,SURVIVES-oracle,constant,ESTABLISHED,na,no,"[analyzeChord] structural literal (bound, index, threshold-with-documented-rationale); not a scoring tunable."
src/composing/analysis/chord/chordanalyzer.cpp,1338,literal,3,SURVIVES-oracle,constant,ESTABLISHED,na,no,"[analyzeChord] structural literal (bound, index, threshold-with-documented-rationale); not a scoring tunable."
src/composing/analysis/chord/chordanalyzer.cpp,1338,literal,4,SURVIVES-oracle,constant,ESTABLISHED,na,no,"[analyzeChord] structural literal (bound, index, threshold-with-documented-rationale); not a scoring tunable."
src/composing/analysis/chord/chordanalyzer.cpp,1338,literal,5,SURVIVES-oracle,constant,ESTABLISHED,na,no,"[analyzeChord] structural literal (bound, index, threshold-with-documented-rationale); not a scoring tunable."
src/composing/analysis/chord/chordanalyzer.cpp,1338,literal,6,SURVIVES-oracle,constant,ESTABLISHED,na,no,"[analyzeChord] structural literal (bound, index, threshold-with-documented-rationale); not a scoring tunable."
src/composing/analysis/chord/chordanalyzer.cpp,1339,literal,5,SURVIVES-oracle,constant,ESTABLISHED,na,no,"[analyzeChord] structural literal (bound, index, threshold-with-documented-rationale); not a scoring tunable."
src/composing/analysis/chord/chordanalyzer.cpp,1339,literal,6,SURVIVES-oracle,constant,ESTABLISHED,na,no,"[analyzeChord] structural literal (bound, index, threshold-with-documented-rationale); not a scoring tunable."
src/composing/analysis/chord/chordanalyzer.cpp,1339,literal,2,SURVIVES-oracle,constant,ESTABLISHED,na,no,"[analyzeChord] structural literal (bound, index, threshold-with-documented-rationale); not a scoring tunable."
src/composing/analysis/chord/chordanalyzer.cpp,1339,literal,3,SURVIVES-oracle,constant,ESTABLISHED,na,no,"[analyzeChord] structural literal (bound, index, threshold-with-documented-rationale); not a scoring tunable."
src/composing/analysis/chord/chordanalyzer.cpp,1339,literal,4,SURVIVES-oracle,constant,ESTABLISHED,na,no,"[analyzeChord] structural literal (bound, index, threshold-with-documented-rationale); not a scoring tunable."
src/composing/analysis/chord/chordanalyzer.cpp,1342,literal,7,SURVIVES-oracle,constant,ESTABLISHED,na,no,[analyzeChord] structural pitch-class/interval/TPC-delta or bitmask constant (music theory); not a tunable.
src/composing/analysis/chord/chordanalyzer.cpp,1364,literal,12,SURVIVES-oracle,constant,ESTABLISHED,na,no,"[analyzeChord] structural literal (bound, index, threshold-with-documented-rationale); not a scoring tunable."
src/composing/analysis/chord/chordanalyzer.cpp,1365,literal,12,SURVIVES-oracle,constant,ESTABLISHED,na,no,"[analyzeChord] structural literal (bound, index, threshold-with-documented-rationale); not a scoring tunable."
src/composing/analysis/chord/chordanalyzer.cpp,1366,literal,12,SURVIVES-oracle,constant,ESTABLISHED,na,no,"[analyzeChord] structural literal (bound, index, threshold-with-documented-rationale); not a scoring tunable."
src/composing/analysis/chord/chordanalyzer.cpp,1367,literal,12,SURVIVES-oracle,constant,ESTABLISHED,na,no,"[analyzeChord] structural literal (bound, index, threshold-with-documented-rationale); not a scoring tunable."
src/composing/analysis/chord/chordanalyzer.cpp,1384,literal,4,SURVIVES-oracle,constant,ESTABLISHED,na,no,[analyzeChord] structural pitch-class/interval/TPC-delta or bitmask constant (music theory); not a tunable.
src/composing/analysis/chord/chordanalyzer.cpp,1385,literal,4,SURVIVES-oracle,constant,ESTABLISHED,na,no,[analyzeChord] structural pitch-class/interval/TPC-delta or bitmask constant (music theory); not a tunable.
src/composing/analysis/chord/chordanalyzer.cpp,1385,literal,12,SURVIVES-oracle,constant,ESTABLISHED,na,no,[analyzeChord] structural pitch-class/interval/TPC-delta or bitmask constant (music theory); not a tunable.
src/composing/analysis/chord/chordanalyzer.cpp,1386,literal,8,SURVIVES-oracle,constant,ESTABLISHED,na,no,[analyzeChord] structural pitch-class/interval/TPC-delta or bitmask constant (music theory); not a tunable.
src/composing/analysis/chord/chordanalyzer.cpp,1386,literal,12,SURVIVES-oracle,constant,ESTABLISHED,na,no,[analyzeChord] structural pitch-class/interval/TPC-delta or bitmask constant (music theory); not a tunable.
src/composing/analysis/chord/chordanalyzer.cpp,1412,literal,1.0,SURVIVES-oracle,constant,ESTABLISHED,na,no,"[analyzeChord] structural literal (bound, index, threshold-with-documented-rationale); not a scoring tunable."
src/composing/analysis/chord/chordanalyzer.cpp,1416,literal,1.0,SURVIVES-oracle,constant,ESTABLISHED,na,no,"[analyzeChord] structural literal (bound, index, threshold-with-documented-rationale); not a scoring tunable."
src/composing/analysis/chord/chordanalyzer.cpp,1420,literal,1.0,SURVIVES-oracle,constant,ESTABLISHED,na,no,"[analyzeChord] structural literal (bound, index, threshold-with-documented-rationale); not a scoring tunable."
src/composing/analysis/chord/chordanalyzer.cpp,1422,literal,2,SURVIVES-oracle,constant,ESTABLISHED,na,no,"[analyzeChord] structural literal (bound, index, threshold-with-documented-rationale); not a scoring tunable."
src/composing/analysis/chord/chordanalyzer.cpp,1427,literal,4,SURVIVES-oracle,constant,ESTABLISHED,na,no,[analyzeChord] structural pitch-class/interval/TPC-delta or bitmask constant (music theory); not a tunable.
src/composing/analysis/chord/chordanalyzer.cpp,1427,literal,12,SURVIVES-oracle,constant,ESTABLISHED,na,no,[analyzeChord] structural pitch-class/interval/TPC-delta or bitmask constant (music theory); not a tunable.
src/composing/analysis/chord/chordanalyzer.cpp,1428,literal,8,SURVIVES-oracle,constant,ESTABLISHED,na,no,[analyzeChord] structural pitch-class/interval/TPC-delta or bitmask constant (music theory); not a tunable.
src/composing/analysis/chord/chordanalyzer.cpp,1428,literal,12,SURVIVES-oracle,constant,ESTABLISHED,na,no,[analyzeChord] structural pitch-class/interval/TPC-delta or bitmask constant (music theory); not a tunable.
src/composing/analysis/chord/chordanalyzer.cpp,1429,literal,10,SURVIVES-oracle,constant,ESTABLISHED,na,no,[analyzeChord] structural pitch-class/interval/TPC-delta or bitmask constant (music theory); not a tunable.
src/composing/analysis/chord/chordanalyzer.cpp,1429,literal,12,SURVIVES-oracle,constant,ESTABLISHED,na,no,[analyzeChord] structural pitch-class/interval/TPC-delta or bitmask constant (music theory); not a tunable.
src/composing/analysis/chord/chordanalyzer.cpp,1430,literal,11,SURVIVES-oracle,constant,ESTABLISHED,na,no,[analyzeChord] structural pitch-class/interval/TPC-delta or bitmask constant (music theory); not a tunable.
src/composing/analysis/chord/chordanalyzer.cpp,1430,literal,12,SURVIVES-oracle,constant,ESTABLISHED,na,no,[analyzeChord] structural pitch-class/interval/TPC-delta or bitmask constant (music theory); not a tunable.
src/composing/analysis/chord/chordanalyzer.cpp,1453,literal,3,SURVIVES-oracle,constant,ESTABLISHED,na,no,"[analyzeChord] structural literal (bound, index, threshold-with-documented-rationale); not a scoring tunable."
src/composing/analysis/chord/chordanalyzer.cpp,1454,literal,0.0,SURVIVES-oracle,constant,ESTABLISHED,na,no,"[analyzeChord] structural literal (bound, index, threshold-with-documented-rationale); not a scoring tunable."
src/composing/analysis/chord/chordanalyzer.cpp,1460,literal,4,SURVIVES-oracle,constant,ESTABLISHED,na,no,[analyzeChord] structural pitch-class/interval/TPC-delta or bitmask constant (music theory); not a tunable.
src/composing/analysis/chord/chordanalyzer.cpp,1460,literal,7,SURVIVES-oracle,constant,ESTABLISHED,na,no,[analyzeChord] structural pitch-class/interval/TPC-delta or bitmask constant (music theory); not a tunable.
src/composing/analysis/chord/chordanalyzer.cpp,1461,literal,3,SURVIVES-oracle,constant,ESTABLISHED,na,no,[analyzeChord] structural pitch-class/interval/TPC-delta or bitmask constant (music theory); not a tunable.
src/composing/analysis/chord/chordanalyzer.cpp,1461,literal,7,SURVIVES-oracle,constant,ESTABLISHED,na,no,[analyzeChord] structural pitch-class/interval/TPC-delta or bitmask constant (music theory); not a tunable.
src/composing/analysis/chord/chordanalyzer.cpp,1462,literal,3,SURVIVES-oracle,constant,ESTABLISHED,na,no,[analyzeChord] structural pitch-class/interval/TPC-delta or bitmask constant (music theory); not a tunable.
src/composing/analysis/chord/chordanalyzer.cpp,1462,literal,6,SURVIVES-oracle,constant,ESTABLISHED,na,no,[analyzeChord] structural pitch-class/interval/TPC-delta or bitmask constant (music theory); not a tunable.
src/composing/analysis/chord/chordanalyzer.cpp,1463,literal,4,SURVIVES-oracle,constant,ESTABLISHED,na,no,[analyzeChord] structural pitch-class/interval/TPC-delta or bitmask constant (music theory); not a tunable.
src/composing/analysis/chord/chordanalyzer.cpp,1463,literal,8,SURVIVES-oracle,constant,ESTABLISHED,na,no,[analyzeChord] structural pitch-class/interval/TPC-delta or bitmask constant (music theory); not a tunable.
src/composing/analysis/chord/chordanalyzer.cpp,1464,literal,0.0,SURVIVES-oracle,constant,ESTABLISHED,na,no,"[analyzeChord] structural literal (bound, index, threshold-with-documented-rationale); not a scoring tunable."
src/composing/analysis/chord/chordanalyzer.cpp,1467,literal,12,SURVIVES-oracle,constant,ESTABLISHED,na,no,[analyzeChord] structural pitch-class/interval/TPC-delta or bitmask constant (music theory); not a tunable.
src/composing/analysis/chord/chordanalyzer.cpp,1468,literal,12,SURVIVES-oracle,constant,ESTABLISHED,na,no,[analyzeChord] structural pitch-class/interval/TPC-delta or bitmask constant (music theory); not a tunable.
src/composing/analysis/chord/chordanalyzer.cpp,1482,literal,0.0,SURVIVES-oracle,constant,ESTABLISHED,na,no,"[analyzeChord] structural literal (bound, index, threshold-with-documented-rationale); not a scoring tunable."
src/composing/analysis/chord/chordanalyzer.cpp,1499,literal,12,SURVIVES-oracle,constant,ESTABLISHED,na,no,"[analyzeChord] structural literal (bound, index, threshold-with-documented-rationale); not a scoring tunable."
src/composing/analysis/chord/chordanalyzer.cpp,1503,literal,12,SURVIVES-oracle,constant,ESTABLISHED,na,no,"[analyzeChord] structural literal (bound, index, threshold-with-documented-rationale); not a scoring tunable."
src/composing/analysis/chord/chordanalyzer.cpp,1563,literal,1.0,SURVIVES-oracle,constant,ESTABLISHED,na,no,"[analyzeChord] structural literal (bound, index, threshold-with-documented-rationale); not a scoring tunable."
src/composing/analysis/chord/chordanalyzer.cpp,1564,literal,3,SURVIVES-oracle,constant,ESTABLISHED,na,no,"[analyzeChord] structural literal (bound, index, threshold-with-documented-rationale); not a scoring tunable."
src/composing/analysis/chord/chordanalyzer.cpp,1566,literal,0.0,SURVIVES-oracle,constant,ESTABLISHED,na,no,"[analyzeChord] structural literal (bound, index, threshold-with-documented-rationale); not a scoring tunable."
src/composing/analysis/chord/chordanalyzer.cpp,1567,literal,1.0,SURVIVES-oracle,constant,ESTABLISHED,na,no,"[analyzeChord] structural literal (bound, index, threshold-with-documented-rationale); not a scoring tunable."
src/composing/analysis/chord/chordanalyzer.cpp,1568,literal,0.0,SURVIVES-oracle,constant,ESTABLISHED,na,no,"[analyzeChord] structural literal (bound, index, threshold-with-documented-rationale); not a scoring tunable."
src/composing/analysis/chord/chordanalyzer.h,63,literal,17,SURVIVES-oracle,constant,ESTABLISHED,na,no,"[<file-scope>] structural literal (bound, index, threshold-with-documented-rationale); not a scoring tunable."
src/composing/analysis/chord/chordanalyzer.h,67,literal,4,SURVIVES-oracle,constant,ESTABLISHED,na,no,"[<file-scope>] structural literal (bound, index, threshold-with-documented-rationale); not a scoring tunable."
src/composing/analysis/chord/chordanalyzer.h,81,literal,4,SURVIVES-oracle,constant,ESTABLISHED,na,no,"[<file-scope>] structural literal (bound, index, threshold-with-documented-rationale); not a scoring tunable."
src/composing/analysis/chord/chordanalyzer.h,81,literal,7,SURVIVES-oracle,constant,ESTABLISHED,na,no,"[<file-scope>] structural literal (bound, index, threshold-with-documented-rationale); not a scoring tunable."
src/composing/analysis/chord/chordanalyzer.h,82,literal,4,SURVIVES-oracle,constant,ESTABLISHED,na,no,"[<file-scope>] structural literal (bound, index, threshold-with-documented-rationale); not a scoring tunable."
src/composing/analysis/chord/chordanalyzer.h,82,literal,7,SURVIVES-oracle,constant,ESTABLISHED,na,no,"[<file-scope>] structural literal (bound, index, threshold-with-documented-rationale); not a scoring tunable."
src/composing/analysis/chord/chordanalyzer.h,82,literal,11,SURVIVES-oracle,constant,ESTABLISHED,na,no,"[<file-scope>] structural literal (bound, index, threshold-with-documented-rationale); not a scoring tunable."
src/composing/analysis/chord/chordanalyzer.h,83,literal,4,SURVIVES-oracle,constant,ESTABLISHED,na,no,"[<file-scope>] structural literal (bound, index, threshold-with-documented-rationale); not a scoring tunable."
src/composing/analysis/chord/chordanalyzer.h,83,literal,7,SURVIVES-oracle,constant,ESTABLISHED,na,no,"[<file-scope>] structural literal (bound, index, threshold-with-documented-rationale); not a scoring tunable."
src/composing/analysis/chord/chordanalyzer.h,83,literal,10,SURVIVES-oracle,constant,ESTABLISHED,na,no,"[<file-scope>] structural literal (bound, index, threshold-with-documented-rationale); not a scoring tunable."
src/composing/analysis/chord/chordanalyzer.h,84,literal,4,SURVIVES-oracle,constant,ESTABLISHED,na,no,"[<file-scope>] structural literal (bound, index, threshold-with-documented-rationale); not a scoring tunable."
src/composing/analysis/chord/chordanalyzer.h,84,literal,6,SURVIVES-oracle,constant,ESTABLISHED,na,no,"[<file-scope>] structural literal (bound, index, threshold-with-documented-rationale); not a scoring tunable."
src/composing/analysis/chord/chordanalyzer.h,84,literal,10,SURVIVES-oracle,constant,ESTABLISHED,na,no,"[<file-scope>] structural literal (bound, index, threshold-with-documented-rationale); not a scoring tunable."
src/composing/analysis/chord/chordanalyzer.h,85,literal,3,SURVIVES-oracle,constant,ESTABLISHED,na,no,"[<file-scope>] structural literal (bound, index, threshold-with-documented-rationale); not a scoring tunable."
src/composing/analysis/chord/chordanalyzer.h,85,literal,7,SURVIVES-oracle,constant,ESTABLISHED,na,no,"[<file-scope>] structural literal (bound, index, threshold-with-documented-rationale); not a scoring tunable."
src/composing/analysis/chord/chordanalyzer.h,86,literal,3,SURVIVES-oracle,constant,ESTABLISHED,na,no,"[<file-scope>] structural literal (bound, index, threshold-with-documented-rationale); not a scoring tunable."
src/composing/analysis/chord/chordanalyzer.h,86,literal,7,SURVIVES-oracle,constant,ESTABLISHED,na,no,"[<file-scope>] structural literal (bound, index, threshold-with-documented-rationale); not a scoring tunable."
src/composing/analysis/chord/chordanalyzer.h,86,literal,10,SURVIVES-oracle,constant,ESTABLISHED,na,no,"[<file-scope>] structural literal (bound, index, threshold-with-documented-rationale); not a scoring tunable."
src/composing/analysis/chord/chordanalyzer.h,87,literal,3,SURVIVES-oracle,constant,ESTABLISHED,na,no,"[<file-scope>] structural literal (bound, index, threshold-with-documented-rationale); not a scoring tunable."
src/composing/analysis/chord/chordanalyzer.h,87,literal,6,SURVIVES-oracle,constant,ESTABLISHED,na,no,"[<file-scope>] structural literal (bound, index, threshold-with-documented-rationale); not a scoring tunable."
src/composing/analysis/chord/chordanalyzer.h,88,literal,5,SURVIVES-oracle,constant,ESTABLISHED,na,no,"[<file-scope>] structural literal (bound, index, threshold-with-documented-rationale); not a scoring tunable."
src/composing/analysis/chord/chordanalyzer.h,88,literal,6,SURVIVES-oracle,constant,ESTABLISHED,na,no,"[<file-scope>] structural literal (bound, index, threshold-with-documented-rationale); not a scoring tunable."
src/composing/analysis/chord/chordanalyzer.h,88,literal,10,SURVIVES-oracle,constant,ESTABLISHED,na,no,"[<file-scope>] structural literal (bound, index, threshold-with-documented-rationale); not a scoring tunable."
src/composing/analysis/chord/chordanalyzer.h,89,literal,3,SURVIVES-oracle,constant,ESTABLISHED,na,no,"[<file-scope>] structural literal (bound, index, threshold-with-documented-rationale); not a scoring tunable."
src/composing/analysis/chord/chordanalyzer.h,89,literal,6,SURVIVES-oracle,constant,ESTABLISHED,na,no,"[<file-scope>] structural literal (bound, index, threshold-with-documented-rationale); not a scoring tunable."
src/composing/analysis/chord/chordanalyzer.h,89,literal,10,SURVIVES-oracle,constant,ESTABLISHED,na,no,"[<file-scope>] structural literal (bound, index, threshold-with-documented-rationale); not a scoring tunable."
src/composing/analysis/chord/chordanalyzer.h,90,literal,4,SURVIVES-oracle,constant,ESTABLISHED,na,no,"[<file-scope>] structural literal (bound, index, threshold-with-documented-rationale); not a scoring tunable."
src/composing/analysis/chord/chordanalyzer.h,90,literal,8,SURVIVES-oracle,constant,ESTABLISHED,na,no,"[<file-scope>] structural literal (bound, index, threshold-with-documented-rationale); not a scoring tunable."
src/composing/analysis/chord/chordanalyzer.h,91,literal,4,SURVIVES-oracle,constant,ESTABLISHED,na,no,"[<file-scope>] structural literal (bound, index, threshold-with-documented-rationale); not a scoring tunable."
src/composing/analysis/chord/chordanalyzer.h,91,literal,8,SURVIVES-oracle,constant,ESTABLISHED,na,no,"[<file-scope>] structural literal (bound, index, threshold-with-documented-rationale); not a scoring tunable."
src/composing/analysis/chord/chordanalyzer.h,91,literal,10,SURVIVES-oracle,constant,ESTABLISHED,na,no,"[<file-scope>] structural literal (bound, index, threshold-with-documented-rationale); not a scoring tunable."
src/composing/analysis/chord/chordanalyzer.h,92,literal,2,SURVIVES-oracle,constant,ESTABLISHED,na,no,"[<file-scope>] structural literal (bound, index, threshold-with-documented-rationale); not a scoring tunable."
src/composing/analysis/chord/chordanalyzer.h,92,literal,7,SURVIVES-oracle,constant,ESTABLISHED,na,no,"[<file-scope>] structural literal (bound, index, threshold-with-documented-rationale); not a scoring tunable."
src/composing/analysis/chord/chordanalyzer.h,93,literal,5,SURVIVES-oracle,constant,ESTABLISHED,na,no,"[<file-scope>] structural literal (bound, index, threshold-with-documented-rationale); not a scoring tunable."
src/composing/analysis/chord/chordanalyzer.h,93,literal,7,SURVIVES-oracle,constant,ESTABLISHED,na,no,"[<file-scope>] structural literal (bound, index, threshold-with-documented-rationale); not a scoring tunable."
src/composing/analysis/chord/chordanalyzer.h,93,literal,10,SURVIVES-oracle,constant,ESTABLISHED,na,no,"[<file-scope>] structural literal (bound, index, threshold-with-documented-rationale); not a scoring tunable."
src/composing/analysis/chord/chordanalyzer.h,94,literal,5,SURVIVES-oracle,constant,ESTABLISHED,na,no,"[<file-scope>] structural literal (bound, index, threshold-with-documented-rationale); not a scoring tunable."
src/composing/analysis/chord/chordanalyzer.h,94,literal,7,SURVIVES-oracle,constant,ESTABLISHED,na,no,"[<file-scope>] structural literal (bound, index, threshold-with-documented-rationale); not a scoring tunable."
src/composing/analysis/chord/chordanalyzer.h,94,literal,11,SURVIVES-oracle,constant,ESTABLISHED,na,no,"[<file-scope>] structural literal (bound, index, threshold-with-documented-rationale); not a scoring tunable."
src/composing/analysis/chord/chordanalyzer.h,95,literal,5,SURVIVES-oracle,constant,ESTABLISHED,na,no,"[<file-scope>] structural literal (bound, index, threshold-with-documented-rationale); not a scoring tunable."
src/composing/analysis/chord/chordanalyzer.h,95,literal,8,SURVIVES-oracle,constant,ESTABLISHED,na,no,"[<file-scope>] structural literal (bound, index, threshold-with-documented-rationale); not a scoring tunable."
src/composing/analysis/chord/chordanalyzer.h,95,literal,10,SURVIVES-oracle,constant,ESTABLISHED,na,no,"[<file-scope>] structural literal (bound, index, threshold-with-documented-rationale); not a scoring tunable."
src/composing/analysis/chord/chordanalyzer.h,96,literal,6,SURVIVES-oracle,constant,ESTABLISHED,na,no,"[<file-scope>] structural literal (bound, index, threshold-with-documented-rationale); not a scoring tunable."
src/composing/analysis/chord/chordanalyzer.h,96,literal,7,SURVIVES-oracle,constant,ESTABLISHED,na,no,"[<file-scope>] structural literal (bound, index, threshold-with-documented-rationale); not a scoring tunable."
src/composing/analysis/chord/chordanalyzer.h,97,literal,7,SURVIVES-oracle,constant,ESTABLISHED,na,no,"[<file-scope>] structural literal (bound, index, threshold-with-documented-rationale); not a scoring tunable."
src/composing/analysis/chord/chordanalyzer.h,155,literal,12,SURVIVES-oracle,constant,ESTABLISHED,na,no,[mergeChordAnalysisTones] structural pitch-class/interval/TPC-delta or bitmask constant (music theory); not a tunable.
src/composing/analysis/chord/chordanalyzer.h,155,literal,12,SURVIVES-oracle,constant,ESTABLISHED,na,no,[mergeChordAnalysisTones] structural pitch-class/interval/TPC-delta or bitmask constant (music theory); not a tunable.
src/composing/analysis/chord/chordanalyzer.h,205,literal,12,SURVIVES-oracle,constant,ESTABLISHED,na,no,[isDiatonicStep] structural pitch-class/interval/TPC-delta or bitmask constant (music theory); not a tunable.
src/composing/analysis/chord/chordanalyzer.h,206,literal,2,SURVIVES-oracle,constant,ESTABLISHED,na,no,[isDiatonicStep] structural pitch-class/interval/TPC-delta or bitmask constant (music theory); not a tunable.
src/composing/analysis/chord/chordanalyzer.h,216,literal,2,SURVIVES-oracle,constant,ESTABLISHED,na,no,[<file-scope>] structural pitch-class/interval/TPC-delta or bitmask constant (music theory); not a tunable.
src/composing/analysis/chord/chordanalyzer.h,217,literal,3,SURVIVES-oracle,constant,ESTABLISHED,na,no,[<file-scope>] structural pitch-class/interval/TPC-delta or bitmask constant (music theory); not a tunable.
src/composing/analysis/chord/chordanalyzer.h,218,literal,4,SURVIVES-oracle,constant,ESTABLISHED,na,no,[<file-scope>] structural pitch-class/interval/TPC-delta or bitmask constant (music theory); not a tunable.
src/composing/analysis/chord/chordanalyzer.h,219,literal,5,SURVIVES-oracle,constant,ESTABLISHED,na,no,[<file-scope>] structural pitch-class/interval/TPC-delta or bitmask constant (music theory); not a tunable.
src/composing/analysis/chord/chordanalyzer.h,220,literal,6,SURVIVES-oracle,constant,ESTABLISHED,na,no,[<file-scope>] structural pitch-class/interval/TPC-delta or bitmask constant (music theory); not a tunable.
src/composing/analysis/chord/chordanalyzer.h,221,literal,7,SURVIVES-oracle,constant,ESTABLISHED,na,no,[<file-scope>] structural pitch-class/interval/TPC-delta or bitmask constant (music theory); not a tunable.
src/composing/analysis/chord/chordanalyzer.h,222,literal,8,SURVIVES-oracle,constant,ESTABLISHED,na,no,[<file-scope>] structural pitch-class/interval/TPC-delta or bitmask constant (music theory); not a tunable.
src/composing/analysis/chord/chordanalyzer.h,223,literal,9,SURVIVES-oracle,constant,ESTABLISHED,na,no,[<file-scope>] structural pitch-class/interval/TPC-delta or bitmask constant (music theory); not a tunable.
src/composing/analysis/chord/chordanalyzer.h,224,literal,10,SURVIVES-oracle,constant,ESTABLISHED,na,no,[<file-scope>] structural pitch-class/interval/TPC-delta or bitmask constant (music theory); not a tunable.
src/composing/analysis/chord/chordanalyzer.h,225,literal,11,SURVIVES-oracle,constant,ESTABLISHED,na,no,[<file-scope>] structural pitch-class/interval/TPC-delta or bitmask constant (music theory); not a tunable.
src/composing/analysis/chord/chordanalyzer.h,226,literal,12,SURVIVES-oracle,constant,ESTABLISHED,na,no,[<file-scope>] structural pitch-class/interval/TPC-delta or bitmask constant (music theory); not a tunable.
src/composing/analysis/chord/chordanalyzer.h,227,literal,13,SURVIVES-oracle,constant,ESTABLISHED,na,no,[<file-scope>] structural pitch-class/interval/TPC-delta or bitmask constant (music theory); not a tunable.
src/composing/analysis/chord/chordanalyzer.h,228,literal,14,SURVIVES-oracle,constant,ESTABLISHED,na,no,[<file-scope>] structural pitch-class/interval/TPC-delta or bitmask constant (music theory); not a tunable.
src/composing/analysis/chord/chordanalyzer.h,229,literal,15,SURVIVES-oracle,constant,ESTABLISHED,na,no,[<file-scope>] structural pitch-class/interval/TPC-delta or bitmask constant (music theory); not a tunable.
src/composing/analysis/chord/chordanalyzer.h,261,literal,0.0,SURVIVES-oracle,constant,ESTABLISHED,na,no,"[<file-scope>] structural literal (bound, index, threshold-with-documented-rationale); not a scoring tunable."
src/composing/analysis/chord/chordanalyzer.h,358,literal,0.0,SURVIVES-oracle,constant,ESTABLISHED,na,no,"[<file-scope>] structural literal (bound, index, threshold-with-documented-rationale); not a scoring tunable."
src/composing/analysis/chord/chordanalyzer.h,359,literal,0.0,SURVIVES-oracle,constant,ESTABLISHED,na,no,"[<file-scope>] structural literal (bound, index, threshold-with-documented-rationale); not a scoring tunable."
src/composing/analysis/chord/chordanalyzer.h,361,literal,0.0,SURVIVES-oracle,constant,ESTABLISHED,na,no,"[<file-scope>] structural literal (bound, index, threshold-with-documented-rationale); not a scoring tunable."
src/composing/analysis/chord/chordanalyzer.h,362,literal,0.0,SURVIVES-oracle,constant,ESTABLISHED,na,no,"[<file-scope>] structural literal (bound, index, threshold-with-documented-rationale); not a scoring tunable."
src/composing/analysis/chord/chordanalyzer.h,363,literal,0.0,SURVIVES-oracle,constant,ESTABLISHED,na,no,"[<file-scope>] structural literal (bound, index, threshold-with-documented-rationale); not a scoring tunable."
src/composing/analysis/chord/chordanalyzer.h,364,literal,0.0,SURVIVES-oracle,constant,ESTABLISHED,na,no,"[<file-scope>] structural literal (bound, index, threshold-with-documented-rationale); not a scoring tunable."
src/composing/analysis/chord/chordanalyzer.h,367,literal,0.0,SURVIVES-oracle,constant,ESTABLISHED,na,no,"[<file-scope>] structural literal (bound, index, threshold-with-documented-rationale); not a scoring tunable."
src/composing/analysis/chord/chordanalyzer.h,379,literal,0.0,SURVIVES-oracle,constant,ESTABLISHED,na,no,"[<file-scope>] structural literal (bound, index, threshold-with-documented-rationale); not a scoring tunable."
src/composing/analysis/chord/chordanalyzer.h,381,literal,0.0,SURVIVES-oracle,constant,ESTABLISHED,na,no,"[<file-scope>] structural literal (bound, index, threshold-with-documented-rationale); not a scoring tunable."
src/composing/analysis/chord/chordanalyzer.h,387,literal,0.0,SURVIVES-oracle,constant,ESTABLISHED,na,no,"[<file-scope>] structural literal (bound, index, threshold-with-documented-rationale); not a scoring tunable."
src/composing/analysis/chord/chordanalyzer.h,388,literal,0.0,SURVIVES-oracle,constant,ESTABLISHED,na,no,"[<file-scope>] structural literal (bound, index, threshold-with-documented-rationale); not a scoring tunable."
src/composing/analysis/chord/chordanalyzer.h,389,literal,0.0,SURVIVES-oracle,constant,ESTABLISHED,na,no,"[<file-scope>] structural literal (bound, index, threshold-with-documented-rationale); not a scoring tunable."
src/composing/analysis/chord/chordanalyzer.h,390,literal,0.0,SURVIVES-oracle,constant,ESTABLISHED,na,no,"[<file-scope>] structural literal (bound, index, threshold-with-documented-rationale); not a scoring tunable."
src/composing/analysis/chord/chordanalyzer.h,391,literal,0.0,SURVIVES-oracle,constant,ESTABLISHED,na,no,"[<file-scope>] structural literal (bound, index, threshold-with-documented-rationale); not a scoring tunable."
src/composing/analysis/chord/chordanalyzer.h,392,literal,0.0,SURVIVES-oracle,constant,ESTABLISHED,na,no,"[<file-scope>] structural literal (bound, index, threshold-with-documented-rationale); not a scoring tunable."
src/composing/analysis/chord/chordanalyzer.h,394,literal,0.0,SURVIVES-oracle,constant,ESTABLISHED,na,no,"[<file-scope>] structural literal (bound, index, threshold-with-documented-rationale); not a scoring tunable."
src/composing/analysis/chord/chordanalyzer.h,404,literal,0.0,SURVIVES-oracle,constant,ESTABLISHED,na,no,"[<file-scope>] structural literal (bound, index, threshold-with-documented-rationale); not a scoring tunable."
src/composing/analysis/chord/chordanalyzer.h,413,literal,12,SURVIVES-oracle,constant,ESTABLISHED,na,no,"[<file-scope>] structural literal (bound, index, threshold-with-documented-rationale); not a scoring tunable."
src/composing/analysis/chord/chordanalyzer.h,486,literal,3,SURVIVES-oracle,constant,ESTABLISHED,na,no,"[advanceTemporalContext] structural literal (bound, index, threshold-with-documented-rationale); not a scoring tunable."
src/composing/analysis/chord/chordanalyzer.h,499,literal,2,SURVIVES-oracle,constant,ESTABLISHED,na,no,"[advanceTemporalContext] structural literal (bound, index, threshold-with-documented-rationale); not a scoring tunable."
src/composing/analysis/chord/chordanalyzer.h,516,literal,3,SURVIVES-oracle,constant,ESTABLISHED,na,no,"[advanceTemporalContext] structural literal (bound, index, threshold-with-documented-rationale); not a scoring tunable."
src/composing/analysis/chord/chordanalyzer.h,527,literal,12,SURVIVES-oracle,constant,ESTABLISHED,na,no,"[<file-scope>] structural literal (bound, index, threshold-with-documented-rationale); not a scoring tunable."
src/composing/analysis/chord/chordanalyzer.h,528,literal,12,SURVIVES-oracle,constant,ESTABLISHED,na,no,"[<file-scope>] structural literal (bound, index, threshold-with-documented-rationale); not a scoring tunable."
src/composing/analysis/chord/chordanalyzer.h,529,literal,7,SURVIVES-oracle,constant,ESTABLISHED,na,no,"[<file-scope>] structural literal (bound, index, threshold-with-documented-rationale); not a scoring tunable."
src/composing/analysis/chord/chordanalyzer.h,535,literal,0.0,SURVIVES-oracle,constant,ESTABLISHED,na,no,"[<file-scope>] structural literal (bound, index, threshold-with-documented-rationale); not a scoring tunable."
src/composing/analysis/chord/chordanalyzer.h,555,literal,3,SURVIVES-oracle,constant,ESTABLISHED,na,no,"[advanceTemporalContext] structural literal (bound, index, threshold-with-documented-rationale); not a scoring tunable."
src/composing/analysis/chord/chordanalyzer.h,565,literal,0.0,SURVIVES-oracle,constant,ESTABLISHED,na,no,"[advanceTemporalContext] structural literal (bound, index, threshold-with-documented-rationale); not a scoring tunable."
src/composing/analysis/chord/chordanalyzer.h,568,literal,0.0,SURVIVES-oracle,constant,ESTABLISHED,na,no,"[advanceTemporalContext] structural literal (bound, index, threshold-with-documented-rationale); not a scoring tunable."
src/composing/analysis/chord/chordanalyzer.h,569,literal,2,SURVIVES-oracle,constant,ESTABLISHED,na,no,"[advanceTemporalContext] structural literal (bound, index, threshold-with-documented-rationale); not a scoring tunable."
src/composing/analysis/chord/chordanalyzer.h,571,literal,1.0,SURVIVES-oracle,constant,ESTABLISHED,na,no,"[advanceTemporalContext] structural literal (bound, index, threshold-with-documented-rationale); not a scoring tunable."
src/composing/analysis/chord/chordanalyzer.h,602,literal,12,SURVIVES-oracle,constant,ESTABLISHED,na,no,"[computeRawFanoutSummary] structural literal (bound, index, threshold-with-documented-rationale); not a scoring tunable."
src/composing/analysis/chord/chordanalyzer.h,603,literal,12,SURVIVES-oracle,constant,ESTABLISHED,na,no,"[computeRawFanoutSummary] structural literal (bound, index, threshold-with-documented-rationale); not a scoring tunable."
src/composing/analysis/chord/chordanalyzer.h,607,literal,12,SURVIVES-oracle,constant,ESTABLISHED,na,no,"[computeRawFanoutSummary] structural literal (bound, index, threshold-with-documented-rationale); not a scoring tunable."
src/composing/analysis/chord/chordanalyzer.h,618,literal,12,SURVIVES-oracle,constant,ESTABLISHED,na,no,"[<file-scope>] structural literal (bound, index, threshold-with-documented-rationale); not a scoring tunable."
src/composing/analysis/chord/chordanalyzer.h,619,literal,12,SURVIVES-oracle,constant,ESTABLISHED,na,no,"[<file-scope>] structural literal (bound, index, threshold-with-documented-rationale); not a scoring tunable."
src/composing/analysis/chord/chordanalyzer.h,624,literal,7,SURVIVES-oracle,constant,ESTABLISHED,na,no,"[<file-scope>] structural literal (bound, index, threshold-with-documented-rationale); not a scoring tunable."
src/composing/analysis/chord/chordanalyzer.h,663,literal,2,SURVIVES-oracle,constant,ESTABLISHED,na,no,"[<file-scope>] structural literal (bound, index, threshold-with-documented-rationale); not a scoring tunable."
src/composing/analysis/chord/chordanalyzer.h,698,literal,12,SURVIVES-oracle,constant,ESTABLISHED,na,no,"[<file-scope>] structural literal (bound, index, threshold-with-documented-rationale); not a scoring tunable."
src/composing/analysis/chord/chordanalyzer.h,700,literal,12,SURVIVES-oracle,constant,ESTABLISHED,na,no,"[<file-scope>] structural literal (bound, index, threshold-with-documented-rationale); not a scoring tunable."
src/composing/analysis/chord/chordanalyzer.h,261,field,ChordIdentity.score,SURVIVES-oracle,derived-fact,PUBLISHED,na,no,the pitch-content identity the oracle publishes upward (root/quality/bass/extensions/score); consumed by the region path + decoder + formatter; SURVIVES.
src/composing/analysis/chord/chordanalyzer.h,262,field,ChordIdentity.rootPc,SURVIVES-oracle,derived-fact,PUBLISHED,na,no,the pitch-content identity the oracle publishes upward (root/quality/bass/extensions/score); consumed by the region path + decoder + formatter; SURVIVES.
src/composing/analysis/chord/chordanalyzer.h,263,field,ChordIdentity.rootTpc,SURVIVES-oracle,derived-fact,PUBLISHED,na,no,the pitch-content identity the oracle publishes upward (root/quality/bass/extensions/score); consumed by the region path + decoder + formatter; SURVIVES.
src/composing/analysis/chord/chordanalyzer.h,264,field,ChordIdentity.bassPc,SURVIVES-oracle,derived-fact,PUBLISHED,na,no,the pitch-content identity the oracle publishes upward (root/quality/bass/extensions/score); consumed by the region path + decoder + formatter; SURVIVES.
src/composing/analysis/chord/chordanalyzer.h,265,field,ChordIdentity.bassTpc,SURVIVES-oracle,derived-fact,PUBLISHED,na,no,the pitch-content identity the oracle publishes upward (root/quality/bass/extensions/score); consumed by the region path + decoder + formatter; SURVIVES.
src/composing/analysis/chord/chordanalyzer.h,269,field,ChordIdentity.naturalFifthPresent,SURVIVES-oracle,derived-fact,PUBLISHED,na,no,the pitch-content identity the oracle publishes upward (root/quality/bass/extensions/score); consumed by the region path + decoder + formatter; SURVIVES.
src/composing/analysis/chord/chordanalyzer.h,270,field,ChordIdentity.quality,SURVIVES-oracle,derived-fact,PUBLISHED,na,no,the pitch-content identity the oracle publishes upward (root/quality/bass/extensions/score); consumed by the region path + decoder + formatter; SURVIVES.
src/composing/analysis/chord/chordanalyzer.h,271,field,ChordIdentity.tiePriority,SURVIVES-oracle,derived-fact,PUBLISHED,na,no,the pitch-content identity the oracle publishes upward (root/quality/bass/extensions/score); consumed by the region path + decoder + formatter; SURVIVES.
src/composing/analysis/chord/chordanalyzer.h,273,field,ChordIdentity.extensions,SURVIVES-oracle,derived-fact,PUBLISHED,na,no,the pitch-content identity the oracle publishes upward (root/quality/bass/extensions/score); consumed by the region path + decoder + formatter; SURVIVES.
src/composing/analysis/chord/chordanalyzer.h,280,field,ChordIdentity.isPedalPoint,SURVIVES-oracle,derived-fact,PUBLISHED,na,no,the pitch-content identity the oracle publishes upward (root/quality/bass/extensions/score); consumed by the region path + decoder + formatter; SURVIVES.
src/composing/analysis/chord/chordanalyzer.h,281,field,ChordIdentity.pedalBassPc,SURVIVES-oracle,derived-fact,PUBLISHED,na,no,the pitch-content identity the oracle publishes upward (root/quality/bass/extensions/score); consumed by the region path + decoder + formatter; SURVIVES.
src/composing/analysis/chord/chordanalyzer.h,288,field,ChordFunction.degree,SURVIVES-oracle,derived-fact,PUBLISHED,na,no,tonal-function fields (degree/diatonic/keyTonic/keyMode/nextRootPc); published; consumed by the formatter + L5; SURVIVES.
src/composing/analysis/chord/chordanalyzer.h,289,field,ChordFunction.diatonicToKey,SURVIVES-oracle,derived-fact,PUBLISHED,na,no,tonal-function fields (degree/diatonic/keyTonic/keyMode/nextRootPc); published; consumed by the formatter + L5; SURVIVES.
src/composing/analysis/chord/chordanalyzer.h,293,field,ChordFunction.keyTonicPc,SURVIVES-oracle,derived-fact,PUBLISHED,na,no,tonal-function fields (degree/diatonic/keyTonic/keyMode/nextRootPc); published; consumed by the formatter + L5; SURVIVES.
src/composing/analysis/chord/chordanalyzer.h,294,field,ChordFunction.keyMode,SURVIVES-oracle,derived-fact,PUBLISHED,na,no,tonal-function fields (degree/diatonic/keyTonic/keyMode/nextRootPc); published; consumed by the formatter + L5; SURVIVES.
src/composing/analysis/chord/chordanalyzer.h,300,field,ChordFunction.nextRootPc,SURVIVES-oracle,derived-fact,PUBLISHED,na,no,tonal-function fields (degree/diatonic/keyTonic/keyMode/nextRootPc); published; consumed by the formatter + L5; SURVIVES.
src/composing/analysis/chord/chordanalyzer.h,308,field,ChordAnalysisResult.identity,SURVIVES-oracle,derived-fact,PUBLISHED,na,no,the analysis result DTO (identity+function); the oracle's output contract; SURVIVES.
src/composing/analysis/chord/chordanalyzer.h,309,field,ChordAnalysisResult.function,SURVIVES-oracle,derived-fact,PUBLISHED,na,no,the analysis result DTO (identity+function); the oracle's output contract; SURVIVES.
src/composing/analysis/chord/chordanalyzer.h,317,field,RawCandidate.score,SURVIVES-oracle,derived-fact,PUBLISHED,na,no,per-cell raw scoring output; consumed by the gates (RETIRING R1) + fan-out summary + decoder; retirement-coupled for the gate fields.
src/composing/analysis/chord/chordanalyzer.h,318,field,RawCandidate.appliedBassBonus,SURVIVES-oracle,derived-fact,PUBLISHED,na,no,per-cell raw scoring output; consumed by the gates (RETIRING R1) + fan-out summary + decoder; retirement-coupled for the gate fields.
src/composing/analysis/chord/chordanalyzer.h,319,field,RawCandidate.rootPc,SURVIVES-oracle,derived-fact,PUBLISHED,na,no,per-cell raw scoring output; consumed by the gates (RETIRING R1) + fan-out summary + decoder; retirement-coupled for the gate fields.
src/composing/analysis/chord/chordanalyzer.h,320,field,RawCandidate.quality,SURVIVES-oracle,derived-fact,PUBLISHED,na,no,per-cell raw scoring output; consumed by the gates (RETIRING R1) + fan-out summary + decoder; retirement-coupled for the gate fields.
src/composing/analysis/chord/chordanalyzer.h,321,field,RawCandidate.tiePriority,SURVIVES-oracle,derived-fact,PUBLISHED,na,no,per-cell raw scoring output; consumed by the gates (RETIRING R1) + fan-out summary + decoder; retirement-coupled for the gate fields.
src/composing/analysis/chord/chordanalyzer.h,322,field,RawCandidate.wDimDelta,SURVIVES-oracle,derived-fact,PUBLISHED,na,no,per-cell raw scoring output; consumed by the gates (RETIRING R1) + fan-out summary + decoder; retirement-coupled for the gate fields.
src/composing/analysis/chord/chordanalyzer.h,354,field,DiagnosticOracleCell.bassPc,SURVIVES-diagnostic,derived-fact,PUBLISHED,na,no,diagnostic ORACLE cell view; serves diagnoseChord (chorddiagnose.cpp DEFERRED); SURVIVES-diagnostic.
src/composing/analysis/chord/chordanalyzer.h,355,field,DiagnosticOracleCell.rootPc,SURVIVES-diagnostic,derived-fact,PUBLISHED,na,no,diagnostic ORACLE cell view; serves diagnoseChord (chorddiagnose.cpp DEFERRED); SURVIVES-diagnostic.
src/composing/analysis/chord/chordanalyzer.h,356,field,DiagnosticOracleCell.templateIdx,SURVIVES-diagnostic,derived-fact,PUBLISHED,na,no,diagnostic ORACLE cell view; serves diagnoseChord (chorddiagnose.cpp DEFERRED); SURVIVES-diagnostic.
src/composing/analysis/chord/chordanalyzer.h,357,field,DiagnosticOracleCell.quality,SURVIVES-diagnostic,derived-fact,PUBLISHED,na,no,diagnostic ORACLE cell view; serves diagnoseChord (chorddiagnose.cpp DEFERRED); SURVIVES-diagnostic.
src/composing/analysis/chord/chordanalyzer.h,358,field,DiagnosticOracleCell.basisIndep,SURVIVES-diagnostic,derived-fact,PUBLISHED,na,no,diagnostic ORACLE cell view; serves diagnoseChord (chorddiagnose.cpp DEFERRED); SURVIVES-diagnostic.
src/composing/analysis/chord/chordanalyzer.h,359,field,DiagnosticOracleCell.basisDep,SURVIVES-diagnostic,derived-fact,PUBLISHED,na,no,diagnostic ORACLE cell view; serves diagnoseChord (chorddiagnose.cpp DEFERRED); SURVIVES-diagnostic.
src/composing/analysis/chord/chordanalyzer.h,361,field,DiagnosticOracleCell.complexityFactor,SURVIVES-diagnostic,derived-fact,PUBLISHED,na,no,diagnostic ORACLE cell view; serves diagnoseChord (chorddiagnose.cpp DEFERRED); SURVIVES-diagnostic.
src/composing/analysis/chord/chordanalyzer.h,362,field,DiagnosticOracleCell.augFactor,SURVIVES-diagnostic,derived-fact,PUBLISHED,na,no,diagnostic ORACLE cell view; serves diagnoseChord (chorddiagnose.cpp DEFERRED); SURVIVES-diagnostic.
src/composing/analysis/chord/chordanalyzer.h,363,field,DiagnosticOracleCell.wCompleteBonus,SURVIVES-diagnostic,derived-fact,PUBLISHED,na,no,diagnostic ORACLE cell view; serves diagnoseChord (chorddiagnose.cpp DEFERRED); SURVIVES-diagnostic.
src/composing/analysis/chord/chordanalyzer.h,364,field,DiagnosticOracleCell.appliedBassBonus,SURVIVES-diagnostic,derived-fact,PUBLISHED,na,no,diagnostic ORACLE cell view; serves diagnoseChord (chorddiagnose.cpp DEFERRED); SURVIVES-diagnostic.
src/composing/analysis/chord/chordanalyzer.h,367,field,DiagnosticOracleCell.verticalScore,SURVIVES-diagnostic,derived-fact,PUBLISHED,na,no,diagnostic ORACLE cell view; serves diagnoseChord (chorddiagnose.cpp DEFERRED); SURVIVES-diagnostic.
src/composing/analysis/chord/chordanalyzer.h,374,field,DiagnosticCompetitionCandidate.bassPc,SURVIVES-diagnostic,derived-fact,PUBLISHED,na,no,diagnostic COMPETITION view; serves diagnoseChord; SURVIVES-diagnostic.
src/composing/analysis/chord/chordanalyzer.h,375,field,DiagnosticCompetitionCandidate.rootPc,SURVIVES-diagnostic,derived-fact,PUBLISHED,na,no,diagnostic COMPETITION view; serves diagnoseChord; SURVIVES-diagnostic.
src/composing/analysis/chord/chordanalyzer.h,376,field,DiagnosticCompetitionCandidate.templateIdx,SURVIVES-diagnostic,derived-fact,PUBLISHED,na,no,diagnostic COMPETITION view; serves diagnoseChord; SURVIVES-diagnostic.
src/composing/analysis/chord/chordanalyzer.h,377,field,DiagnosticCompetitionCandidate.quality,SURVIVES-diagnostic,derived-fact,PUBLISHED,na,no,diagnostic COMPETITION view; serves diagnoseChord; SURVIVES-diagnostic.
src/composing/analysis/chord/chordanalyzer.h,379,field,DiagnosticCompetitionCandidate.rootContinuityBonus,SURVIVES-diagnostic,derived-fact,PUBLISHED,na,no,diagnostic COMPETITION view; serves diagnoseChord; SURVIVES-diagnostic.
src/composing/analysis/chord/chordanalyzer.h,381,field,DiagnosticCompetitionCandidate.rootContinuityBonusRaw,SURVIVES-diagnostic,derived-fact,PUBLISHED,na,no,diagnostic COMPETITION view; serves diagnoseChord; SURVIVES-diagnostic.
src/composing/analysis/chord/chordanalyzer.h,382,field,DiagnosticCompetitionCandidate.rootContinuityWithheldByGateR,SURVIVES-diagnostic,derived-fact,PUBLISHED,na,no,diagnostic COMPETITION view; serves diagnoseChord; SURVIVES-diagnostic.
src/composing/analysis/chord/chordanalyzer.h,387,field,DiagnosticCompetitionCandidate.resolutionBonus,SURVIVES-diagnostic,derived-fact,PUBLISHED,na,no,diagnostic COMPETITION view; serves diagnoseChord; SURVIVES-diagnostic.
src/composing/analysis/chord/chordanalyzer.h,388,field,DiagnosticCompetitionCandidate.inversionContextBonus,SURVIVES-diagnostic,derived-fact,PUBLISHED,na,no,diagnostic COMPETITION view; serves diagnoseChord; SURVIVES-diagnostic.
src/composing/analysis/chord/chordanalyzer.h,389,field,DiagnosticCompetitionCandidate.wSeqBonus,SURVIVES-diagnostic,derived-fact,PUBLISHED,na,no,diagnostic COMPETITION view; serves diagnoseChord; SURVIVES-diagnostic.
src/composing/analysis/chord/chordanalyzer.h,390,field,DiagnosticCompetitionCandidate.wDimBonus,SURVIVES-diagnostic,derived-fact,PUBLISHED,na,no,diagnostic COMPETITION view; serves diagnoseChord; SURVIVES-diagnostic.
src/composing/analysis/chord/chordanalyzer.h,391,field,DiagnosticCompetitionCandidate.stepInBonus,SURVIVES-diagnostic,derived-fact,PUBLISHED,na,no,diagnostic COMPETITION view; serves diagnoseChord; SURVIVES-diagnostic.
src/composing/analysis/chord/chordanalyzer.h,392,field,DiagnosticCompetitionCandidate.stepOutBonus,SURVIVES-diagnostic,derived-fact,PUBLISHED,na,no,diagnostic COMPETITION view; serves diagnoseChord; SURVIVES-diagnostic.
src/composing/analysis/chord/chordanalyzer.h,394,field,DiagnosticCompetitionCandidate.competitionScore,SURVIVES-diagnostic,derived-fact,PUBLISHED,na,no,diagnostic COMPETITION view; serves diagnoseChord; SURVIVES-diagnostic.
src/composing/analysis/chord/chordanalyzer.h,400,field,DiagnosticPostGateTrail.hasCompetitionWinner,SURVIVES-diagnostic,derived-fact,PUBLISHED,na,no,diagnostic POST-GATES trail; serves diagnoseChord; SURVIVES-diagnostic.
src/composing/analysis/chord/chordanalyzer.h,401,field,DiagnosticPostGateTrail.competitionWinnerRootPc,SURVIVES-diagnostic,derived-fact,PUBLISHED,na,no,diagnostic POST-GATES trail; serves diagnoseChord; SURVIVES-diagnostic.
src/composing/analysis/chord/chordanalyzer.h,402,field,DiagnosticPostGateTrail.competitionWinnerBassPc,SURVIVES-diagnostic,derived-fact,PUBLISHED,na,no,diagnostic POST-GATES trail; serves diagnoseChord; SURVIVES-diagnostic.
src/composing/analysis/chord/chordanalyzer.h,403,field,DiagnosticPostGateTrail.competitionWinnerQuality,SURVIVES-diagnostic,derived-fact,PUBLISHED,na,no,diagnostic POST-GATES trail; serves diagnoseChord; SURVIVES-diagnostic.
src/composing/analysis/chord/chordanalyzer.h,404,field,DiagnosticPostGateTrail.competitionWinnerScore,SURVIVES-diagnostic,derived-fact,PUBLISHED,na,no,diagnostic POST-GATES trail; serves diagnoseChord; SURVIVES-diagnostic.
src/composing/analysis/chord/chordanalyzer.h,405,field,DiagnosticPostGateTrail.iter8691ChangedWinner,RETIREMENT-COUPLED,derived-fact,PUBLISHED,na,no,diagnostic POST-GATES trail; serves diagnoseChord; SURVIVES-diagnostic.
src/composing/analysis/chord/chordanalyzer.h,406,field,DiagnosticPostGateTrail.gatesChangedWinner,RETIREMENT-COUPLED,derived-fact,PUBLISHED,na,no,diagnostic POST-GATES trail; serves diagnoseChord; SURVIVES-diagnostic.
src/composing/analysis/chord/chordanalyzer.h,412,field,ChordAnalysisDiagnosticResult.bassPc,SURVIVES-diagnostic,derived-fact,PUBLISHED,na,no,full diagnostic output; serves diagnoseChord; SURVIVES-diagnostic.
src/composing/analysis/chord/chordanalyzer.h,414,field,ChordAnalysisDiagnosticResult.distinctPcs,SURVIVES-diagnostic,derived-fact,PUBLISHED,na,no,full diagnostic output; serves diagnoseChord; SURVIVES-diagnostic.
src/composing/analysis/chord/chordanalyzer.h,415,field,ChordAnalysisDiagnosticResult.keyTonicPc,SURVIVES-diagnostic,derived-fact,PUBLISHED,na,no,full diagnostic output; serves diagnoseChord; SURVIVES-diagnostic.
src/composing/analysis/chord/chordanalyzer.h,418,field,ChordAnalysisDiagnosticResult.oracleCells,SURVIVES-diagnostic,derived-fact,PUBLISHED,na,no,full diagnostic output; serves diagnoseChord; SURVIVES-diagnostic.
src/composing/analysis/chord/chordanalyzer.h,419,field,ChordAnalysisDiagnosticResult.competition,SURVIVES-diagnostic,derived-fact,PUBLISHED,na,no,full diagnostic output; serves diagnoseChord; SURVIVES-diagnostic.
src/composing/analysis/chord/chordanalyzer.h,420,field,ChordAnalysisDiagnosticResult.postGates,SURVIVES-diagnostic,derived-fact,PUBLISHED,na,no,full diagnostic output; serves diagnoseChord; SURVIVES-diagnostic.
src/composing/analysis/chord/chordanalyzer.h,421,field,ChordAnalysisDiagnosticResult.finalWinner,SURVIVES-diagnostic,derived-fact,PUBLISHED,na,no,full diagnostic output; serves diagnoseChord; SURVIVES-diagnostic.
src/composing/analysis/chord/chordanalyzer.h,422,field,ChordAnalysisDiagnosticResult.hasWinner,SURVIVES-diagnostic,derived-fact,PUBLISHED,na,no,full diagnostic output; serves diagnoseChord; SURVIVES-diagnostic.
src/composing/analysis/chord/chordanalyzer.h,587,field,RawFanoutSummary.total,SURVIVES-oracle,derived-fact,PUBLISHED,na,no,"read-only L5 fan-out counts (Engage arc #8); declared-dormancy, consumer = fan-out dump."
src/composing/analysis/chord/chordanalyzer.h,588,field,RawFanoutSummary.aboveThreshold,SURVIVES-oracle,derived-fact,PUBLISHED,na,no,"read-only L5 fan-out counts (Engage arc #8); declared-dormancy, consumer = fan-out dump."
src/composing/analysis/chord/chordanalyzer.h,589,field,RawFanoutSummary.distinctRootsTotal,SURVIVES-oracle,derived-fact,PUBLISHED,na,no,"read-only L5 fan-out counts (Engage arc #8); declared-dormancy, consumer = fan-out dump."
src/composing/analysis/chord/chordanalyzer.h,590,field,RawFanoutSummary.distinctRootsAbove,SURVIVES-oracle,derived-fact,PUBLISHED,na,no,"read-only L5 fan-out counts (Engage arc #8); declared-dormancy, consumer = fan-out dump."
src/composing/analysis/chord/chordanalyzer.h,618,field,BuildChordResultContext.pcWeight,SURVIVES-oracle,derived-fact,PUBLISHED,na,no,locally-computed inputs buildChordResult needs; SURVIVES.
src/composing/analysis/chord/chordanalyzer.h,619,field,BuildChordResultContext.tpcForPc,SURVIVES-oracle,derived-fact,PUBLISHED,na,no,locally-computed inputs buildChordResult needs; SURVIVES.
src/composing/analysis/chord/chordanalyzer.h,620,field,BuildChordResultContext.bassPc,SURVIVES-oracle,derived-fact,PUBLISHED,na,no,locally-computed inputs buildChordResult needs; SURVIVES.
src/composing/analysis/chord/chordanalyzer.h,621,field,BuildChordResultContext.bassTpc,SURVIVES-oracle,derived-fact,PUBLISHED,na,no,locally-computed inputs buildChordResult needs; SURVIVES.
src/composing/analysis/chord/chordanalyzer.h,622,field,BuildChordResultContext.keyTonicPc,SURVIVES-oracle,derived-fact,PUBLISHED,na,no,locally-computed inputs buildChordResult needs; SURVIVES.
src/composing/analysis/chord/chordanalyzer.h,623,field,BuildChordResultContext.keyMode,SURVIVES-oracle,derived-fact,PUBLISHED,na,no,locally-computed inputs buildChordResult needs; SURVIVES.
src/composing/analysis/chord/chordanalyzer.h,624,field,BuildChordResultContext.scale,SURVIVES-oracle,derived-fact,PUBLISHED,na,no,locally-computed inputs buildChordResult needs; SURVIVES.
src/composing/analysis/chord/chordanalyzer.h,655,field,PromotionTarget.rootPc,RETIREMENT-COUPLED,derived-fact,PUBLISHED,na,no,"the (root,quality) a promotion wants; serves promoteToWinner (RETIRING gates R1); retirement-coupled."
src/composing/analysis/chord/chordanalyzer.h,656,field,PromotionTarget.quality,RETIREMENT-COUPLED,derived-fact,PUBLISHED,na,no,"the (root,quality) a promotion wants; serves promoteToWinner (RETIRING gates R1); retirement-coupled."
src/composing/analysis/chord/chordanalyzer.h,682,field,ChordExtensionInfo.extensions,SURVIVES-oracle,derived-fact,PUBLISHED,na,no,vertical extension identity for the L4->L5 decoder carry; SURVIVES (decoder-consumed).
src/composing/analysis/chord/chordanalyzer.h,683,field,ChordExtensionInfo.naturalFifthPresent,SURVIVES-oracle,derived-fact,PUBLISHED,na,no,vertical extension identity for the L4->L5 decoder carry; SURVIVES (decoder-consumed).
src/composing/analysis/chord/chordanalyzer.h,816,field,Options.spelling,SURVIVES-oracle,derived-fact,PUBLISHED,na,no,field of Options; published on the oracle contract surface; SURVIVES.
src/composing/analysis/chord/chordanalyzer.h,840,field,ClosePositionVoicing.bassPitch,SURVIVES-voicing-decl,derived-fact,PUBLISHED,na,no,voicing DTO; defined in chordvoicing.cpp (DEFERRED arrangement concern); display/arrangement decl in the analysis header (layering note).
src/composing/analysis/chord/chordanalyzer.h,841,field,ClosePositionVoicing.treblePitches,SURVIVES-voicing-decl,derived-fact,PUBLISHED,na,no,voicing DTO; defined in chordvoicing.cpp (DEFERRED arrangement concern); display/arrangement decl in the analysis header (layering note).
src/composing/analysis/chord/analysisutils.h,48,branch,switch@ionianTonicPcFromFifths,SURVIVES-oracle,code,SURVIVES,na,no,[ionianTonicPcFromFifths] branch in surviving oracle/helper; exercised on the corpus (see fire table); no issue.
src/composing/analysis/chord/analysisutils.h,49,branch,case@ionianTonicPcFromFifths,SURVIVES-oracle,code,SURVIVES,na,no,[ionianTonicPcFromFifths] branch in surviving oracle/helper; exercised on the corpus (see fire table); no issue.
src/composing/analysis/chord/analysisutils.h,50,branch,case@ionianTonicPcFromFifths,SURVIVES-oracle,code,SURVIVES,na,no,[ionianTonicPcFromFifths] branch in surviving oracle/helper; exercised on the corpus (see fire table); no issue.
src/composing/analysis/chord/analysisutils.h,51,branch,case@ionianTonicPcFromFifths,SURVIVES-oracle,code,SURVIVES,na,no,[ionianTonicPcFromFifths] branch in surviving oracle/helper; exercised on the corpus (see fire table); no issue.
src/composing/analysis/chord/analysisutils.h,52,branch,case@ionianTonicPcFromFifths,SURVIVES-oracle,code,SURVIVES,na,no,[ionianTonicPcFromFifths] branch in surviving oracle/helper; exercised on the corpus (see fire table); no issue.
src/composing/analysis/chord/analysisutils.h,53,branch,case@ionianTonicPcFromFifths,SURVIVES-oracle,code,SURVIVES,na,no,[ionianTonicPcFromFifths] branch in surviving oracle/helper; exercised on the corpus (see fire table); no issue.
src/composing/analysis/chord/analysisutils.h,54,branch,case@ionianTonicPcFromFifths,SURVIVES-oracle,code,SURVIVES,na,no,[ionianTonicPcFromFifths] branch in surviving oracle/helper; exercised on the corpus (see fire table); no issue.
src/composing/analysis/chord/analysisutils.h,55,branch,case@ionianTonicPcFromFifths,SURVIVES-oracle,code,SURVIVES,na,no,[ionianTonicPcFromFifths] branch in surviving oracle/helper; exercised on the corpus (see fire table); no issue.
src/composing/analysis/chord/analysisutils.h,56,branch,case@ionianTonicPcFromFifths,SURVIVES-oracle,code,SURVIVES,na,no,[ionianTonicPcFromFifths] branch in surviving oracle/helper; exercised on the corpus (see fire table); no issue.
src/composing/analysis/chord/analysisutils.h,57,branch,case@ionianTonicPcFromFifths,SURVIVES-oracle,code,SURVIVES,na,no,[ionianTonicPcFromFifths] branch in surviving oracle/helper; exercised on the corpus (see fire table); no issue.
src/composing/analysis/chord/analysisutils.h,58,branch,case@ionianTonicPcFromFifths,SURVIVES-oracle,code,SURVIVES,na,no,[ionianTonicPcFromFifths] branch in surviving oracle/helper; exercised on the corpus (see fire table); no issue.
src/composing/analysis/chord/analysisutils.h,59,branch,case@ionianTonicPcFromFifths,SURVIVES-oracle,code,SURVIVES,na,no,[ionianTonicPcFromFifths] branch in surviving oracle/helper; exercised on the corpus (see fire table); no issue.
src/composing/analysis/chord/analysisutils.h,60,branch,case@ionianTonicPcFromFifths,SURVIVES-oracle,code,SURVIVES,na,no,[ionianTonicPcFromFifths] branch in surviving oracle/helper; exercised on the corpus (see fire table); no issue.
src/composing/analysis/chord/analysisutils.h,61,branch,case@ionianTonicPcFromFifths,SURVIVES-oracle,code,SURVIVES,na,no,[ionianTonicPcFromFifths] branch in surviving oracle/helper; exercised on the corpus (see fire table); no issue.
src/composing/analysis/chord/analysisutils.h,62,branch,case@ionianTonicPcFromFifths,SURVIVES-oracle,code,SURVIVES,na,no,[ionianTonicPcFromFifths] branch in surviving oracle/helper; exercised on the corpus (see fire table); no issue.
src/composing/analysis/chord/analysisutils.h,63,branch,case@ionianTonicPcFromFifths,SURVIVES-oracle,code,SURVIVES,na,no,[ionianTonicPcFromFifths] branch in surviving oracle/helper; exercised on the corpus (see fire table); no issue.
src/composing/analysis/chord/analysisutils.h,72,branch,ternary@normalizePc,SURVIVES-oracle,code,SURVIVES,na,no,[normalizePc] branch in surviving oracle/helper; exercised on the corpus (see fire table); no issue.
src/composing/analysis/chord/analysisutils.h,108,branch,if@collectionMask,SURVIVES-oracle,code,SURVIVES,na,no,[collectionMask] branch in surviving oracle/helper; exercised on the corpus (see fire table); no issue.
src/composing/analysis/chord/chordanalyzer.cpp,202,branch,switch@categorizeExtraNote,SURVIVES-oracle,code,SURVIVES,na,no,[categorizeExtraNote] branch in surviving oracle/helper; exercised on the corpus (see fire table); no issue.
src/composing/analysis/chord/chordanalyzer.cpp,203,branch,case@categorizeExtraNote,SURVIVES-oracle,code,SURVIVES,na,no,[categorizeExtraNote] branch in surviving oracle/helper; exercised on the corpus (see fire table); no issue.
src/composing/analysis/chord/chordanalyzer.cpp,204,branch,if@categorizeExtraNote,SURVIVES-oracle,code,SURVIVES,na,no,[categorizeExtraNote] branch in surviving oracle/helper; exercised on the corpus (see fire table); no issue.
src/composing/analysis/chord/chordanalyzer.cpp,206,branch,case@categorizeExtraNote,SURVIVES-oracle,code,SURVIVES,na,no,[categorizeExtraNote] branch in surviving oracle/helper; exercised on the corpus (see fire table); no issue.
src/composing/analysis/chord/chordanalyzer.cpp,207,branch,if@categorizeExtraNote,SURVIVES-oracle,code,SURVIVES,na,no,[categorizeExtraNote] branch in surviving oracle/helper; exercised on the corpus (see fire table); no issue.
src/composing/analysis/chord/chordanalyzer.cpp,210,branch,case@categorizeExtraNote,SURVIVES-oracle,code,SURVIVES,na,no,[categorizeExtraNote] branch in surviving oracle/helper; exercised on the corpus (see fire table); no issue.
src/composing/analysis/chord/chordanalyzer.cpp,211,branch,if@categorizeExtraNote,SURVIVES-oracle,code,SURVIVES,na,no,[categorizeExtraNote] branch in surviving oracle/helper; exercised on the corpus (see fire table); no issue.
src/composing/analysis/chord/chordanalyzer.cpp,212,branch,if@categorizeExtraNote,SURVIVES-oracle,code,SURVIVES,na,no,[categorizeExtraNote] branch in surviving oracle/helper; exercised on the corpus (see fire table); no issue.
src/composing/analysis/chord/chordanalyzer.cpp,214,branch,case@categorizeExtraNote,SURVIVES-oracle,code,SURVIVES,na,no,[categorizeExtraNote] branch in surviving oracle/helper; exercised on the corpus (see fire table); no issue.
src/composing/analysis/chord/chordanalyzer.cpp,215,branch,if@categorizeExtraNote,SURVIVES-oracle,code,SURVIVES,na,no,[categorizeExtraNote] branch in surviving oracle/helper; exercised on the corpus (see fire table); no issue.
src/composing/analysis/chord/chordanalyzer.cpp,216,branch,if@categorizeExtraNote,SURVIVES-oracle,code,SURVIVES,na,no,[categorizeExtraNote] branch in surviving oracle/helper; exercised on the corpus (see fire table); no issue.
src/composing/analysis/chord/chordanalyzer.cpp,217,branch,if@categorizeExtraNote,SURVIVES-oracle,code,SURVIVES,na,no,[categorizeExtraNote] branch in surviving oracle/helper; exercised on the corpus (see fire table); no issue.
src/composing/analysis/chord/chordanalyzer.cpp,218,branch,if@categorizeExtraNote,SURVIVES-oracle,code,SURVIVES,na,no,[categorizeExtraNote] branch in surviving oracle/helper; exercised on the corpus (see fire table); no issue.
src/composing/analysis/chord/chordanalyzer.cpp,220,branch,case@categorizeExtraNote,SURVIVES-oracle,code,SURVIVES,na,no,[categorizeExtraNote] branch in surviving oracle/helper; exercised on the corpus (see fire table); no issue.
src/composing/analysis/chord/chordanalyzer.cpp,221,branch,if@categorizeExtraNote,SURVIVES-oracle,code,SURVIVES,na,no,[categorizeExtraNote] branch in surviving oracle/helper; exercised on the corpus (see fire table); no issue.
src/composing/analysis/chord/chordanalyzer.cpp,222,branch,if@categorizeExtraNote,SURVIVES-oracle,code,SURVIVES,na,no,[categorizeExtraNote] branch in surviving oracle/helper; exercised on the corpus (see fire table); no issue.
src/composing/analysis/chord/chordanalyzer.cpp,223,branch,if@categorizeExtraNote,SURVIVES-oracle,code,SURVIVES,na,no,[categorizeExtraNote] branch in surviving oracle/helper; exercised on the corpus (see fire table); no issue.
src/composing/analysis/chord/chordanalyzer.cpp,230,branch,switch@categorizeExtraNote,SURVIVES-oracle,code,SURVIVES,na,no,[categorizeExtraNote] branch in surviving oracle/helper; exercised on the corpus (see fire table); no issue.
src/composing/analysis/chord/chordanalyzer.cpp,231,branch,case@categorizeExtraNote,SURVIVES-oracle,code,SURVIVES,na,no,[categorizeExtraNote] branch in surviving oracle/helper; exercised on the corpus (see fire table); no issue.
src/composing/analysis/chord/chordanalyzer.cpp,232,branch,case@categorizeExtraNote,SURVIVES-oracle,code,SURVIVES,na,no,[categorizeExtraNote] branch in surviving oracle/helper; exercised on the corpus (see fire table); no issue.
src/composing/analysis/chord/chordanalyzer.cpp,233,branch,case@categorizeExtraNote,SURVIVES-oracle,code,SURVIVES,na,no,[categorizeExtraNote] branch in surviving oracle/helper; exercised on the corpus (see fire table); no issue.
src/composing/analysis/chord/chordanalyzer.cpp,234,branch,case@categorizeExtraNote,SURVIVES-oracle,code,SURVIVES,na,no,[categorizeExtraNote] branch in surviving oracle/helper; exercised on the corpus (see fire table); no issue.
src/composing/analysis/chord/chordanalyzer.cpp,235,branch,case@categorizeExtraNote,SURVIVES-oracle,code,SURVIVES,na,no,[categorizeExtraNote] branch in surviving oracle/helper; exercised on the corpus (see fire table); no issue.
src/composing/analysis/chord/chordanalyzer.cpp,236,branch,case@categorizeExtraNote,SURVIVES-oracle,code,SURVIVES,na,no,[categorizeExtraNote] branch in surviving oracle/helper; exercised on the corpus (see fire table); no issue.
src/composing/analysis/chord/chordanalyzer.cpp,237,branch,case@categorizeExtraNote,SURVIVES-oracle,code,SURVIVES,na,no,[categorizeExtraNote] branch in surviving oracle/helper; exercised on the corpus (see fire table); no issue.
src/composing/analysis/chord/chordanalyzer.cpp,238,branch,case@categorizeExtraNote,SURVIVES-oracle,code,SURVIVES,na,no,[categorizeExtraNote] branch in surviving oracle/helper; exercised on the corpus (see fire table); no issue.
src/composing/analysis/chord/chordanalyzer.cpp,239,branch,case@categorizeExtraNote,SURVIVES-oracle,code,SURVIVES,na,no,[categorizeExtraNote] branch in surviving oracle/helper; exercised on the corpus (see fire table); no issue.
src/composing/analysis/chord/chordanalyzer.cpp,389,branch,if@extensionBits,SURVIVES-oracle,code,SURVIVES,na,no,[extensionBits] branch in surviving oracle/helper; exercised on the corpus (see fire table); no issue.
src/composing/analysis/chord/chordanalyzer.cpp,390,branch,if@extensionBits,SURVIVES-oracle,code,SURVIVES,na,no,[extensionBits] branch in surviving oracle/helper; exercised on the corpus (see fire table); no issue.
src/composing/analysis/chord/chordanalyzer.cpp,391,branch,if@extensionBits,SURVIVES-oracle,code,SURVIVES,na,no,[extensionBits] branch in surviving oracle/helper; exercised on the corpus (see fire table); no issue.
src/composing/analysis/chord/chordanalyzer.cpp,392,branch,if@extensionBits,SURVIVES-oracle,code,SURVIVES,na,no,[extensionBits] branch in surviving oracle/helper; exercised on the corpus (see fire table); no issue.
src/composing/analysis/chord/chordanalyzer.cpp,393,branch,if@extensionBits,SURVIVES-oracle,code,SURVIVES,na,no,[extensionBits] branch in surviving oracle/helper; exercised on the corpus (see fire table); no issue.
src/composing/analysis/chord/chordanalyzer.cpp,394,branch,if@extensionBits,SURVIVES-oracle,code,SURVIVES,na,no,[extensionBits] branch in surviving oracle/helper; exercised on the corpus (see fire table); no issue.
src/composing/analysis/chord/chordanalyzer.cpp,395,branch,if@extensionBits,SURVIVES-oracle,code,SURVIVES,na,no,[extensionBits] branch in surviving oracle/helper; exercised on the corpus (see fire table); no issue.
src/composing/analysis/chord/chordanalyzer.cpp,396,branch,if@extensionBits,SURVIVES-oracle,code,SURVIVES,na,no,[extensionBits] branch in surviving oracle/helper; exercised on the corpus (see fire table); no issue.
src/composing/analysis/chord/chordanalyzer.cpp,397,branch,if@extensionBits,SURVIVES-oracle,code,SURVIVES,na,no,[extensionBits] branch in surviving oracle/helper; exercised on the corpus (see fire table); no issue.
src/composing/analysis/chord/chordanalyzer.cpp,398,branch,if@extensionBits,SURVIVES-oracle,code,SURVIVES,na,no,[extensionBits] branch in surviving oracle/helper; exercised on the corpus (see fire table); no issue.
src/composing/analysis/chord/chordanalyzer.cpp,399,branch,if@extensionBits,SURVIVES-oracle,code,SURVIVES,na,no,[extensionBits] branch in surviving oracle/helper; exercised on the corpus (see fire table); no issue.
src/composing/analysis/chord/chordanalyzer.cpp,400,branch,if@extensionBits,SURVIVES-oracle,code,SURVIVES,na,no,[extensionBits] branch in surviving oracle/helper; exercised on the corpus (see fire table); no issue.
src/composing/analysis/chord/chordanalyzer.cpp,401,branch,if@extensionBits,SURVIVES-oracle,code,SURVIVES,na,no,[extensionBits] branch in surviving oracle/helper; exercised on the corpus (see fire table); no issue.
src/composing/analysis/chord/chordanalyzer.cpp,402,branch,if@extensionBits,SURVIVES-oracle,code,SURVIVES,na,no,[extensionBits] branch in surviving oracle/helper; exercised on the corpus (see fire table); no issue.
src/composing/analysis/chord/chordanalyzer.cpp,403,branch,if@extensionBits,SURVIVES-oracle,code,SURVIVES,na,no,[extensionBits] branch in surviving oracle/helper; exercised on the corpus (see fire table); no issue.
src/composing/analysis/chord/chordanalyzer.cpp,404,branch,if@extensionBits,SURVIVES-oracle,code,SURVIVES,na,no,[extensionBits] branch in surviving oracle/helper; exercised on the corpus (see fire table); no issue.
src/composing/analysis/chord/chordanalyzer.cpp,434,branch,if@templateIntervalsVec,SURVIVES-oracle,code,SURVIVES,na,no,[templateIntervalsVec] branch in surviving oracle/helper; exercised on the corpus (see fire table); no issue.
src/composing/analysis/chord/chordanalyzer.cpp,455,branch,ternary@scoreTemplateTones,SURVIVES-oracle,code,SURVIVES,na,no,[scoreTemplateTones] branch in surviving oracle/helper; exercised on the corpus (see fire table); no issue.
src/composing/analysis/chord/chordanalyzer.cpp,456,branch,ternary@scoreTemplateTones,SURVIVES-oracle,code,SURVIVES,na,no,[scoreTemplateTones] branch in surviving oracle/helper; exercised on the corpus (see fire table); no issue.
src/composing/analysis/chord/chordanalyzer.cpp,485,branch,if@scoreExtraNotes,SURVIVES-oracle,code,SURVIVES,na,no,[scoreExtraNotes] branch in surviving oracle/helper; exercised on the corpus (see fire table); no issue.
src/composing/analysis/chord/chordanalyzer.cpp,491,branch,if@scoreExtraNotes,SURVIVES-oracle,code,SURVIVES,na,no,[scoreExtraNotes] branch in surviving oracle/helper; exercised on the corpus (see fire table); no issue.
src/composing/analysis/chord/chordanalyzer.cpp,493,branch,if@scoreExtraNotes,SURVIVES-oracle,code,SURVIVES,na,no,[scoreExtraNotes] branch in surviving oracle/helper; exercised on the corpus (see fire table); no issue.
src/composing/analysis/chord/chordanalyzer.cpp,501,branch,if@scoreExtraNotes,SURVIVES-oracle,code,SURVIVES,na,no,[scoreExtraNotes] branch in surviving oracle/helper; exercised on the corpus (see fire table); no issue.
src/composing/analysis/chord/chordanalyzer.cpp,503,branch,if@scoreExtraNotes,SURVIVES-oracle,code,SURVIVES,na,no,[scoreExtraNotes] branch in surviving oracle/helper; exercised on the corpus (see fire table); no issue.
src/composing/analysis/chord/chordanalyzer.cpp,507,branch,if@scoreExtraNotes,SURVIVES-oracle,code,SURVIVES,na,no,[scoreExtraNotes] branch in surviving oracle/helper; exercised on the corpus (see fire table); no issue.
src/composing/analysis/chord/chordanalyzer.cpp,509,branch,if@scoreExtraNotes,SURVIVES-oracle,code,SURVIVES,na,no,[scoreExtraNotes] branch in surviving oracle/helper; exercised on the corpus (see fire table); no issue.
src/composing/analysis/chord/chordanalyzer.cpp,514,branch,if@scoreExtraNotes,SURVIVES-oracle,code,SURVIVES,na,no,[scoreExtraNotes] branch in surviving oracle/helper; exercised on the corpus (see fire table); no issue.
src/composing/analysis/chord/chordanalyzer.cpp,515,branch,ternary@scoreExtraNotes,SURVIVES-oracle,code,SURVIVES,na,no,[scoreExtraNotes] branch in surviving oracle/helper; exercised on the corpus (see fire table); no issue.
src/composing/analysis/chord/chordanalyzer.cpp,516,branch,ternary@scoreExtraNotes,SURVIVES-oracle,code,SURVIVES,na,no,[scoreExtraNotes] branch in surviving oracle/helper; exercised on the corpus (see fire table); no issue.
src/composing/analysis/chord/chordanalyzer.cpp,522,branch,if@scoreExtraNotes,SURVIVES-oracle,code,SURVIVES,na,no,[scoreExtraNotes] branch in surviving oracle/helper; exercised on the corpus (see fire table); no issue.
src/composing/analysis/chord/chordanalyzer.cpp,525,branch,if@scoreExtraNotes,SURVIVES-oracle,code,SURVIVES,na,no,[scoreExtraNotes] branch in surviving oracle/helper; exercised on the corpus (see fire table); no issue.
src/composing/analysis/chord/chordanalyzer.cpp,526,branch,if@scoreExtraNotes,SURVIVES-oracle,code,SURVIVES,na,no,[scoreExtraNotes] branch in surviving oracle/helper; exercised on the corpus (see fire table); no issue.
src/composing/analysis/chord/chordanalyzer.cpp,528,branch,else-if@scoreExtraNotes,SURVIVES-oracle,code,SURVIVES,na,no,[scoreExtraNotes] branch in surviving oracle/helper; exercised on the corpus (see fire table); no issue.
src/composing/analysis/chord/chordanalyzer.cpp,535,branch,else-if@scoreExtraNotes,SURVIVES-oracle,code,SURVIVES,na,no,[scoreExtraNotes] branch in surviving oracle/helper; exercised on the corpus (see fire table); no issue.
src/composing/analysis/chord/chordanalyzer.cpp,553,branch,if@dim7CharacteristicBonus,SURVIVES-oracle,code,SURVIVES,na,no,[dim7CharacteristicBonus] branch in surviving oracle/helper; exercised on the corpus (see fire table); no issue.
src/composing/analysis/chord/chordanalyzer.cpp,557,branch,if@dim7CharacteristicBonus,SURVIVES-oracle,code,SURVIVES,na,no,[dim7CharacteristicBonus] branch in surviving oracle/helper; exercised on the corpus (see fire table); no issue.
src/composing/analysis/chord/chordanalyzer.cpp,569,branch,if@dim7CharacteristicBonus,SURVIVES-oracle,code,SURVIVES,na,no,[dim7CharacteristicBonus] branch in surviving oracle/helper; exercised on the corpus (see fire table); no issue.
src/composing/analysis/chord/chordanalyzer.cpp,575,branch,if@dim7CharacteristicBonus,SURVIVES-oracle,code,SURVIVES,na,no,[dim7CharacteristicBonus] branch in surviving oracle/helper; exercised on the corpus (see fire table); no issue.
src/composing/analysis/chord/chordanalyzer.cpp,596,branch,if@countTpcMatches,SURVIVES-oracle,code,SURVIVES,na,no,[countTpcMatches] branch in surviving oracle/helper; exercised on the corpus (see fire table); no issue.
src/composing/analysis/chord/chordanalyzer.cpp,603,branch,if@countTpcMatches,SURVIVES-oracle,code,SURVIVES,na,no,[countTpcMatches] branch in surviving oracle/helper; exercised on the corpus (see fire table); no issue.
src/composing/analysis/chord/chordanalyzer.cpp,605,branch,if@countTpcMatches,SURVIVES-oracle,code,SURVIVES,na,no,[countTpcMatches] branch in surviving oracle/helper; exercised on the corpus (see fire table); no issue.
src/composing/analysis/chord/chordanalyzer.cpp,636,branch,if@nonBassAdjustment,SURVIVES-oracle,code,SURVIVES,na,no,[nonBassAdjustment] branch in surviving oracle/helper; exercised on the corpus (see fire table); no issue.
src/composing/analysis/chord/chordanalyzer.cpp,648,branch,ternary@nonBassAdjustment,SURVIVES-oracle,code,SURVIVES,na,no,[nonBassAdjustment] branch in surviving oracle/helper; exercised on the corpus (see fire table); no issue.
src/composing/analysis/chord/chordanalyzer.cpp,678,branch,if@structuralPenalties,SURVIVES-oracle,code,SURVIVES,na,no,[structuralPenalties] branch in surviving oracle/helper; exercised on the corpus (see fire table); no issue.
src/composing/analysis/chord/chordanalyzer.cpp,680,branch,if@structuralPenalties,SURVIVES-oracle,code,SURVIVES,na,no,[structuralPenalties] branch in surviving oracle/helper; exercised on the corpus (see fire table); no issue.
src/composing/analysis/chord/chordanalyzer.cpp,690,branch,if@structuralPenalties,SURVIVES-oracle,code,SURVIVES,na,no,[structuralPenalties] branch in surviving oracle/helper; exercised on the corpus (see fire table); no issue.
src/composing/analysis/chord/chordanalyzer.cpp,692,branch,if@structuralPenalties,SURVIVES-oracle,code,SURVIVES,na,no,[structuralPenalties] branch in surviving oracle/helper; exercised on the corpus (see fire table); no issue.
src/composing/analysis/chord/chordanalyzer.cpp,702,branch,if@structuralPenalties,SURVIVES-oracle,code,SURVIVES,na,no,[structuralPenalties] branch in surviving oracle/helper; exercised on the corpus (see fire table); no issue.
src/composing/analysis/chord/chordanalyzer.cpp,704,branch,if@structuralPenalties,SURVIVES-oracle,code,SURVIVES,na,no,[structuralPenalties] branch in surviving oracle/helper; exercised on the corpus (see fire table); no issue.
src/composing/analysis/chord/chordanalyzer.cpp,716,branch,if@structuralPenalties,SURVIVES-oracle,code,SURVIVES,na,no,[structuralPenalties] branch in surviving oracle/helper; exercised on the corpus (see fire table); no issue.
src/composing/analysis/chord/chordanalyzer.cpp,722,branch,if@structuralPenalties,SURVIVES-oracle,code,SURVIVES,na,no,[structuralPenalties] branch in surviving oracle/helper; exercised on the corpus (see fire table); no issue.
src/composing/analysis/chord/chordanalyzer.cpp,726,branch,if@structuralPenalties,SURVIVES-oracle,code,SURVIVES,na,no,[structuralPenalties] branch in surviving oracle/helper; exercised on the corpus (see fire table); no issue.
src/composing/analysis/chord/chordanalyzer.cpp,733,branch,if@structuralPenalties,SURVIVES-oracle,code,SURVIVES,na,no,[structuralPenalties] branch in surviving oracle/helper; exercised on the corpus (see fire table); no issue.
src/composing/analysis/chord/chordanalyzer.cpp,779,branch,if@bassRootBonusMultiplier,SURVIVES-oracle,code,SURVIVES,na,no,[bassRootBonusMultiplier] branch in surviving oracle/helper; exercised on the corpus (see fire table); no issue.
src/composing/analysis/chord/chordanalyzer.cpp,780,branch,if@bassRootBonusMultiplier,SURVIVES-oracle,code,SURVIVES,na,no,[bassRootBonusMultiplier] branch in surviving oracle/helper; exercised on the corpus (see fire table); no issue.
src/composing/analysis/chord/chordanalyzer.cpp,784,branch,if@bassRootBonusMultiplier,SURVIVES-oracle,code,SURVIVES,na,no,[bassRootBonusMultiplier] branch in surviving oracle/helper; exercised on the corpus (see fire table); no issue.
src/composing/analysis/chord/chordanalyzer.cpp,787,branch,ternary@bassRootBonusMultiplier,SURVIVES-oracle,code,SURVIVES,na,no,[bassRootBonusMultiplier] branch in surviving oracle/helper; exercised on the corpus (see fire table); no issue.
src/composing/analysis/chord/chordanalyzer.cpp,795,branch,if@bassRootBonusMultiplier,SURVIVES-oracle,code,SURVIVES,na,no,[bassRootBonusMultiplier] branch in surviving oracle/helper; exercised on the corpus (see fire table); no issue.
src/composing/analysis/chord/chordanalyzer.cpp,830,branch,if@qualifiesForCompleteTriadInversionBonus,SURVIVES-oracle,code,SURVIVES,na,no,[qualifiesForCompleteTriadInversionBonus] branch in surviving oracle/helper; exercised on the corpus (see fire table); no issue.
src/composing/analysis/chord/chordanalyzer.cpp,842,branch,if@qualifiesForCompleteTriadInversionBonus,SURVIVES-oracle,code,SURVIVES,na,no,[qualifiesForCompleteTriadInversionBonus] branch in surviving oracle/helper; exercised on the corpus (see fire table); no issue.
src/composing/analysis/chord/chordanalyzer.cpp,873,branch,if@appliedBassRootBonus,SURVIVES-oracle,code,SURVIVES,na,no,[appliedBassRootBonus] branch in surviving oracle/helper; exercised on the corpus (see fire table); no issue.
src/composing/analysis/chord/chordanalyzer.cpp,902,branch,if@diatonicRootContribution,SURVIVES-oracle,code,SURVIVES,na,no,[diatonicRootContribution] branch in surviving oracle/helper; exercised on the corpus (see fire table); no issue.
src/composing/analysis/chord/chordanalyzer.cpp,941,branch,if@buildChordResult,SURVIVES-oracle,code,SURVIVES,na,no,[buildChordResult] branch in surviving oracle/helper; exercised on the corpus (see fire table); no issue.
src/composing/analysis/chord/chordanalyzer.cpp,944,branch,if@buildChordResult,SURVIVES-oracle,code,SURVIVES,na,no,[buildChordResult] branch in surviving oracle/helper; exercised on the corpus (see fire table); no issue.
src/composing/analysis/chord/chordanalyzer.cpp,948,branch,if@buildChordResult,SURVIVES-oracle,code,SURVIVES,na,no,[buildChordResult] branch in surviving oracle/helper; exercised on the corpus (see fire table); no issue.
src/composing/analysis/chord/chordanalyzer.cpp,952,branch,if@buildChordResult,SURVIVES-oracle,code,SURVIVES,na,no,[buildChordResult] branch in surviving oracle/helper; exercised on the corpus (see fire table); no issue.
src/composing/analysis/chord/chordanalyzer.cpp,956,branch,if@buildChordResult,SURVIVES-oracle,code,SURVIVES,na,no,[buildChordResult] branch in surviving oracle/helper; exercised on the corpus (see fire table); no issue.
src/composing/analysis/chord/chordanalyzer.cpp,969,branch,if@buildChordResult,SURVIVES-oracle,code,SURVIVES,na,no,[buildChordResult] branch in surviving oracle/helper; exercised on the corpus (see fire table); no issue.
src/composing/analysis/chord/chordanalyzer.cpp,983,branch,if@buildChordResult,SURVIVES-oracle,code,SURVIVES,na,no,[buildChordResult] branch in surviving oracle/helper; exercised on the corpus (see fire table); no issue.
src/composing/analysis/chord/chordanalyzer.cpp,993,branch,if@buildChordResult,SURVIVES-oracle,code,SURVIVES,na,no,[buildChordResult] branch in surviving oracle/helper; exercised on the corpus (see fire table); no issue.
src/composing/analysis/chord/chordanalyzer.cpp,1001,branch,if@buildChordResult,SURVIVES-oracle,code,SURVIVES,na,no,[buildChordResult] branch in surviving oracle/helper; exercised on the corpus (see fire table); no issue.
src/composing/analysis/chord/chordanalyzer.cpp,1003,branch,if@buildChordResult,SURVIVES-oracle,code,SURVIVES,na,no,[buildChordResult] branch in surviving oracle/helper; exercised on the corpus (see fire table); no issue.
src/composing/analysis/chord/chordanalyzer.cpp,1008,branch,if@buildChordResult,SURVIVES-oracle,code,SURVIVES,na,no,[buildChordResult] branch in surviving oracle/helper; exercised on the corpus (see fire table); no issue.
src/composing/analysis/chord/chordanalyzer.cpp,1013,branch,if@buildChordResult,SURVIVES-oracle,code,SURVIVES,na,no,[buildChordResult] branch in surviving oracle/helper; exercised on the corpus (see fire table); no issue.
src/composing/analysis/chord/chordanalyzer.cpp,1047,branch,if@deriveChordExtensions,SURVIVES-oracle,code,SURVIVES,na,no,[deriveChordExtensions] branch in surviving oracle/helper; exercised on the corpus (see fire table); no issue.
src/composing/analysis/chord/chordanalyzer.cpp,1070,branch,if@analyzeChord,SURVIVES-oracle,code,SURVIVES,na,no,[analyzeChord] branch in surviving oracle/helper; exercised on the corpus (see fire table); no issue.
src/composing/analysis/chord/chordanalyzer.cpp,1083,branch,if@analyzeChord,SURVIVES-oracle,code,SURVIVES,na,no,[analyzeChord] branch in surviving oracle/helper; exercised on the corpus (see fire table); no issue.
src/composing/analysis/chord/chordanalyzer.cpp,1116,branch,if@analyzeChord,SURVIVES-oracle,code,SURVIVES,na,no,[analyzeChord] branch in surviving oracle/helper; exercised on the corpus (see fire table); no issue.
src/composing/analysis/chord/chordanalyzer.cpp,1131,branch,if@analyzeChord,SURVIVES-oracle,code,SURVIVES,na,no,[analyzeChord] branch in surviving oracle/helper; exercised on the corpus (see fire table); no issue.
src/composing/analysis/chord/chordanalyzer.cpp,1142,branch,ternary@analyzeChord,SURVIVES-oracle,code,SURVIVES,na,no,[analyzeChord] branch in surviving oracle/helper; exercised on the corpus (see fire table); no issue.
src/composing/analysis/chord/chordanalyzer.cpp,1151,branch,if@analyzeChord,SURVIVES-oracle,code,SURVIVES,na,no,[analyzeChord] branch in surviving oracle/helper; exercised on the corpus (see fire table); no issue.
src/composing/analysis/chord/chordanalyzer.cpp,1152,branch,if@analyzeChord,SURVIVES-oracle,code,SURVIVES,na,no,[analyzeChord] branch in surviving oracle/helper; exercised on the corpus (see fire table); no issue.
src/composing/analysis/chord/chordanalyzer.cpp,1155,branch,if@analyzeChord,SURVIVES-oracle,code,SURVIVES,na,no,[analyzeChord] branch in surviving oracle/helper; exercised on the corpus (see fire table); no issue.
src/composing/analysis/chord/chordanalyzer.cpp,1159,branch,if@analyzeChord,SURVIVES-oracle,code,SURVIVES,na,no,[analyzeChord] branch in surviving oracle/helper; exercised on the corpus (see fire table); no issue.
src/composing/analysis/chord/chordanalyzer.cpp,1166,branch,if@analyzeChord,SURVIVES-oracle,code,SURVIVES,na,no,[analyzeChord] branch in surviving oracle/helper; exercised on the corpus (see fire table); no issue.
src/composing/analysis/chord/chordanalyzer.cpp,1176,branch,if@analyzeChord,SURVIVES-oracle,code,SURVIVES,na,no,[analyzeChord] branch in surviving oracle/helper; exercised on the corpus (see fire table); no issue.
src/composing/analysis/chord/chordanalyzer.cpp,1190,branch,if@analyzeChord,SURVIVES-oracle,code,SURVIVES,na,no,[analyzeChord] branch in surviving oracle/helper; exercised on the corpus (see fire table); no issue.
src/composing/analysis/chord/chordanalyzer.cpp,1196,branch,if@analyzeChord,SURVIVES-oracle,code,SURVIVES,na,no,[analyzeChord] branch in surviving oracle/helper; exercised on the corpus (see fire table); no issue.
src/composing/analysis/chord/chordanalyzer.cpp,1198,branch,if@analyzeChord,SURVIVES-oracle,code,SURVIVES,na,no,[analyzeChord] branch in surviving oracle/helper; exercised on the corpus (see fire table); no issue.
src/composing/analysis/chord/chordanalyzer.cpp,1205,branch,if@analyzeChord,SURVIVES-oracle,code,SURVIVES,na,no,[analyzeChord] branch in surviving oracle/helper; exercised on the corpus (see fire table); no issue.
src/composing/analysis/chord/chordanalyzer.cpp,1208,branch,if@analyzeChord,SURVIVES-oracle,code,SURVIVES,na,no,[analyzeChord] branch in surviving oracle/helper; exercised on the corpus (see fire table); no issue.
src/composing/analysis/chord/chordanalyzer.cpp,1213,branch,ternary@analyzeChord,SURVIVES-oracle,code,SURVIVES,na,no,[analyzeChord] branch in surviving oracle/helper; exercised on the corpus (see fire table); no issue.
src/composing/analysis/chord/chordanalyzer.cpp,1217,branch,if@analyzeChord,SURVIVES-oracle,code,SURVIVES,na,no,[analyzeChord] branch in surviving oracle/helper; exercised on the corpus (see fire table); no issue.
src/composing/analysis/chord/chordanalyzer.cpp,1218,branch,if@analyzeChord,SURVIVES-oracle,code,SURVIVES,na,no,[analyzeChord] branch in surviving oracle/helper; exercised on the corpus (see fire table); no issue.
src/composing/analysis/chord/chordanalyzer.cpp,1219,branch,if@analyzeChord,SURVIVES-oracle,code,SURVIVES,na,no,[analyzeChord] branch in surviving oracle/helper; exercised on the corpus (see fire table); no issue.
src/composing/analysis/chord/chordanalyzer.cpp,1234,branch,if@analyzeChord,SURVIVES-oracle,code,SURVIVES,na,no,[analyzeChord] branch in surviving oracle/helper; exercised on the corpus (see fire table); no issue.
src/composing/analysis/chord/chordanalyzer.cpp,1236,branch,if@analyzeChord,SURVIVES-oracle,code,SURVIVES,na,no,[analyzeChord] branch in surviving oracle/helper; exercised on the corpus (see fire table); no issue.
src/composing/analysis/chord/chordanalyzer.cpp,1248,branch,if@analyzeChord,SURVIVES-oracle,code,SURVIVES,na,no,[analyzeChord] branch in surviving oracle/helper; exercised on the corpus (see fire table); no issue.
src/composing/analysis/chord/chordanalyzer.cpp,1252,branch,if@analyzeChord,SURVIVES-oracle,code,SURVIVES,na,no,[analyzeChord] branch in surviving oracle/helper; exercised on the corpus (see fire table); no issue.
src/composing/analysis/chord/chordanalyzer.cpp,1383,branch,if@analyzeChord,SURVIVES-oracle,code,SURVIVES,na,no,[analyzeChord] branch in surviving oracle/helper; exercised on the corpus (see fire table); no issue.
src/composing/analysis/chord/chordanalyzer.cpp,1412,branch,ternary@analyzeChord,SURVIVES-oracle,code,SURVIVES,na,no,[analyzeChord] branch in surviving oracle/helper; exercised on the corpus (see fire table); no issue.
src/composing/analysis/chord/chordanalyzer.cpp,1416,branch,ternary@analyzeChord,SURVIVES-oracle,code,SURVIVES,na,no,[analyzeChord] branch in surviving oracle/helper; exercised on the corpus (see fire table); no issue.
src/composing/analysis/chord/chordanalyzer.cpp,1421,branch,if@analyzeChord,SURVIVES-oracle,code,SURVIVES,na,no,[analyzeChord] branch in surviving oracle/helper; exercised on the corpus (see fire table); no issue.
src/composing/analysis/chord/chordanalyzer.cpp,1426,branch,if@analyzeChord,SURVIVES-oracle,code,SURVIVES,na,no,[analyzeChord] branch in surviving oracle/helper; exercised on the corpus (see fire table); no issue.
src/composing/analysis/chord/chordanalyzer.cpp,1431,branch,if@analyzeChord,SURVIVES-oracle,code,SURVIVES,na,no,[analyzeChord] branch in surviving oracle/helper; exercised on the corpus (see fire table); no issue.
src/composing/analysis/chord/chordanalyzer.cpp,1453,branch,if@analyzeChord,SURVIVES-oracle,code,SURVIVES,na,no,[analyzeChord] branch in surviving oracle/helper; exercised on the corpus (see fire table); no issue.
src/composing/analysis/chord/chordanalyzer.cpp,1459,branch,switch@analyzeChord,SURVIVES-oracle,code,SURVIVES,na,no,[analyzeChord] branch in surviving oracle/helper; exercised on the corpus (see fire table); no issue.
src/composing/analysis/chord/chordanalyzer.cpp,1460,branch,case@analyzeChord,SURVIVES-oracle,code,SURVIVES,na,no,[analyzeChord] branch in surviving oracle/helper; exercised on the corpus (see fire table); no issue.
src/composing/analysis/chord/chordanalyzer.cpp,1461,branch,case@analyzeChord,SURVIVES-oracle,code,SURVIVES,na,no,[analyzeChord] branch in surviving oracle/helper; exercised on the corpus (see fire table); no issue.
src/composing/analysis/chord/chordanalyzer.cpp,1462,branch,case@analyzeChord,SURVIVES-oracle,code,SURVIVES,na,no,[analyzeChord] branch in surviving oracle/helper; exercised on the corpus (see fire table); no issue.
src/composing/analysis/chord/chordanalyzer.cpp,1463,branch,case@analyzeChord,SURVIVES-oracle,code,SURVIVES,na,no,[analyzeChord] branch in surviving oracle/helper; exercised on the corpus (see fire table); no issue.
src/composing/analysis/chord/chordanalyzer.cpp,1482,branch,ternary@analyzeChord,SURVIVES-oracle,code,SURVIVES,na,no,[analyzeChord] branch in surviving oracle/helper; exercised on the corpus (see fire table); no issue.
src/composing/analysis/chord/chordanalyzer.cpp,1551,branch,ternary@analyzeChord,SURVIVES-oracle,code,SURVIVES,na,no,[analyzeChord] branch in surviving oracle/helper; exercised on the corpus (see fire table); no issue.
src/composing/analysis/chord/chordanalyzer.cpp,1552,branch,ternary@analyzeChord,SURVIVES-oracle,code,SURVIVES,na,no,[analyzeChord] branch in surviving oracle/helper; exercised on the corpus (see fire table); no issue.
src/composing/analysis/chord/chordanalyzer.cpp,1553,branch,ternary@analyzeChord,SURVIVES-oracle,code,SURVIVES,na,no,[analyzeChord] branch in surviving oracle/helper; exercised on the corpus (see fire table); no issue.
src/composing/analysis/chord/chordanalyzer.cpp,1554,branch,ternary@analyzeChord,SURVIVES-oracle,code,SURVIVES,na,no,[analyzeChord] branch in surviving oracle/helper; exercised on the corpus (see fire table); no issue.
src/composing/analysis/chord/chordanalyzer.cpp,1558,branch,ternary@analyzeChord,SURVIVES-oracle,code,SURVIVES,na,no,[analyzeChord] branch in surviving oracle/helper; exercised on the corpus (see fire table); no issue.
src/composing/analysis/chord/chordanalyzer.cpp,1559,branch,ternary@analyzeChord,SURVIVES-oracle,code,SURVIVES,na,no,[analyzeChord] branch in surviving oracle/helper; exercised on the corpus (see fire table); no issue.
src/composing/analysis/chord/chordanalyzer.cpp,1561,branch,ternary@analyzeChord,SURVIVES-oracle,code,SURVIVES,na,no,[analyzeChord] branch in surviving oracle/helper; exercised on the corpus (see fire table); no issue.
src/composing/analysis/chord/chordanalyzer.cpp,1562,branch,ternary@analyzeChord,SURVIVES-oracle,code,SURVIVES,na,no,[analyzeChord] branch in surviving oracle/helper; exercised on the corpus (see fire table); no issue.
src/composing/analysis/chord/chordanalyzer.cpp,1563,branch,ternary@analyzeChord,SURVIVES-oracle,code,SURVIVES,na,no,[analyzeChord] branch in surviving oracle/helper; exercised on the corpus (see fire table); no issue.
src/composing/analysis/chord/chordanalyzer.cpp,1564,branch,ternary@analyzeChord,SURVIVES-oracle,code,SURVIVES,na,no,[analyzeChord] branch in surviving oracle/helper; exercised on the corpus (see fire table); no issue.
src/composing/analysis/chord/chordanalyzer.cpp,1566,branch,ternary@analyzeChord,SURVIVES-oracle,code,SURVIVES,na,no,[analyzeChord] branch in surviving oracle/helper; exercised on the corpus (see fire table); no issue.
src/composing/analysis/chord/chordanalyzer.cpp,1567,branch,ternary@analyzeChord,SURVIVES-oracle,code,SURVIVES,na,no,[analyzeChord] branch in surviving oracle/helper; exercised on the corpus (see fire table); no issue.
src/composing/analysis/chord/chordanalyzer.cpp,1568,branch,ternary@analyzeChord,SURVIVES-oracle,code,SURVIVES,na,no,[analyzeChord] branch in surviving oracle/helper; exercised on the corpus (see fire table); no issue.
src/composing/analysis/chord/chordanalyzer.cpp,1569,branch,ternary@analyzeChord,SURVIVES-oracle,code,SURVIVES,na,no,[analyzeChord] branch in surviving oracle/helper; exercised on the corpus (see fire table); no issue.
src/composing/analysis/chord/chordanalyzer.cpp,1572,branch,if@analyzeChord,SURVIVES-oracle,code,SURVIVES,na,no,[analyzeChord] branch in surviving oracle/helper; exercised on the corpus (see fire table); no issue.
src/composing/analysis/chord/chordanalyzer.cpp,1590,branch,if@analyzeChord,SURVIVES-oracle,code,SURVIVES,na,no,[analyzeChord] branch in surviving oracle/helper; exercised on the corpus (see fire table); no issue.
src/composing/analysis/chord/chordanalyzer.cpp,1603,branch,switch@create,SURVIVES-oracle,code,SURVIVES,na,no,[create] branch in surviving oracle/helper; exercised on the corpus (see fire table); no issue.
src/composing/analysis/chord/chordanalyzer.cpp,1604,branch,case@create,SURVIVES-oracle,code,SURVIVES,na,no,[create] branch in surviving oracle/helper; exercised on the corpus (see fire table); no issue.
src/composing/analysis/chord/chordanalyzer.h,107,branch,if@templateIntervalMask,SURVIVES-oracle,code,SURVIVES,na,no,[templateIntervalMask] branch in surviving oracle/helper; exercised on the corpus (see fire table); no issue.
src/composing/analysis/chord/chordanalyzer.h,132,branch,if@normalizeMergedBassTone,SURVIVES-oracle,code,SURVIVES,na,no,[normalizeMergedBassTone] branch in surviving oracle/helper; exercised on the corpus (see fire table); no issue.
src/composing/analysis/chord/chordanalyzer.h,138,branch,if@normalizeMergedBassTone,SURVIVES-oracle,code,SURVIVES,na,no,[normalizeMergedBassTone] branch in surviving oracle/helper; exercised on the corpus (see fire table); no issue.
src/composing/analysis/chord/chordanalyzer.h,155,branch,if@mergeChordAnalysisTones,SURVIVES-oracle,code,SURVIVES,na,no,[mergeChordAnalysisTones] branch in surviving oracle/helper; exercised on the corpus (see fire table); no issue.
src/composing/analysis/chord/chordanalyzer.h,161,branch,if@mergeChordAnalysisTones,SURVIVES-oracle,code,SURVIVES,na,no,[mergeChordAnalysisTones] branch in surviving oracle/helper; exercised on the corpus (see fire table); no issue.
src/composing/analysis/chord/chordanalyzer.h,169,branch,if@mergeChordAnalysisTones,SURVIVES-oracle,code,SURVIVES,na,no,[mergeChordAnalysisTones] branch in surviving oracle/helper; exercised on the corpus (see fire table); no issue.
src/composing/analysis/chord/chordanalyzer.h,172,branch,if@mergeChordAnalysisTones,SURVIVES-oracle,code,SURVIVES,na,no,[mergeChordAnalysisTones] branch in surviving oracle/helper; exercised on the corpus (see fire table); no issue.
src/composing/analysis/chord/chordanalyzer.h,175,branch,if@mergeChordAnalysisTones,SURVIVES-oracle,code,SURVIVES,na,no,[mergeChordAnalysisTones] branch in surviving oracle/helper; exercised on the corpus (see fire table); no issue.
src/composing/analysis/chord/chordanalyzer.h,178,branch,else-if@mergeChordAnalysisTones,SURVIVES-oracle,code,SURVIVES,na,no,[mergeChordAnalysisTones] branch in surviving oracle/helper; exercised on the corpus (see fire table); no issue.
src/composing/analysis/chord/chordanalyzer.h,190,branch,if@bassToneFromTones,SURVIVES-oracle,code,SURVIVES,na,no,[bassToneFromTones] branch in surviving oracle/helper; exercised on the corpus (see fire table); no issue.
src/composing/analysis/chord/chordanalyzer.h,193,branch,if@bassToneFromTones,SURVIVES-oracle,code,SURVIVES,na,no,[bassToneFromTones] branch in surviving oracle/helper; exercised on the corpus (see fire table); no issue.
src/composing/analysis/chord/chordanalyzer.h,492,branch,if@advanceTemporalContext,SURVIVES-oracle,code,SURVIVES,na,no,[advanceTemporalContext] branch in surviving oracle/helper; exercised on the corpus (see fire table); no issue.
src/composing/analysis/chord/chordanalyzer.h,565,branch,ternary@advanceTemporalContext,SURVIVES-oracle,code,SURVIVES,na,no,[advanceTemporalContext] branch in surviving oracle/helper; exercised on the corpus (see fire table); no issue.
src/composing/analysis/chord/chordanalyzer.h,568,branch,ternary@advanceTemporalContext,SURVIVES-oracle,code,SURVIVES,na,no,[advanceTemporalContext] branch in surviving oracle/helper; exercised on the corpus (see fire table); no issue.
src/composing/analysis/chord/chordanalyzer.h,570,branch,ternary@advanceTemporalContext,SURVIVES-oracle,code,SURVIVES,na,no,[advanceTemporalContext] branch in surviving oracle/helper; exercised on the corpus (see fire table); no issue.
src/composing/analysis/chord/chordanalyzer.h,606,branch,if@computeRawFanoutSummary,SURVIVES-oracle,code,SURVIVES,na,no,[computeRawFanoutSummary] branch in surviving oracle/helper; exercised on the corpus (see fire table); no issue.
src/composing/analysis/chord/chordanalyzer.h,607,branch,if@computeRawFanoutSummary,SURVIVES-oracle,code,SURVIVES,na,no,[computeRawFanoutSummary] branch in surviving oracle/helper; exercised on the corpus (see fire table); no issue.
src/composing/analysis/chord/chordanalyzer.h,609,branch,if@computeRawFanoutSummary,SURVIVES-oracle,code,SURVIVES,na,no,[computeRawFanoutSummary] branch in surviving oracle/helper; exercised on the corpus (see fire table); no issue.
src/composing/analysis/chord/chordanalyzer.h,610,branch,if@computeRawFanoutSummary,SURVIVES-oracle,code,SURVIVES,na,no,[computeRawFanoutSummary] branch in surviving oracle/helper; exercised on the corpus (see fire table); no issue.
src/composing/analysis/chord/chordanalyzer.h,742,branch,if@inferNextRootPc,SURVIVES-oracle,code,SURVIVES,na,no,[inferNextRootPc] branch in surviving oracle/helper; exercised on the corpus (see fire table); no issue.
src/composing/analysis/chord/chordanalyzer.h,746,branch,if@inferNextRootPc,SURVIVES-oracle,code,SURVIVES,na,no,[inferNextRootPc] branch in surviving oracle/helper; exercised on the corpus (see fire table); no issue.
src/composing/analysis/chord/chordanalyzer.h,749,branch,ternary@inferNextRootPc,SURVIVES-oracle,code,SURVIVES,na,no,[inferNextRootPc] branch in surviving oracle/helper; exercised on the corpus (see fire table); no issue.
src/composing/analysis/chord/analysisutils.h,40,decl,length,SURVIVES-oracle,code,SURVIVES,na,no,local decl / call in surviving code; no issue.
src/composing/analysis/chord/analysisutils.h,91,decl,normalizePc,SURVIVES-oracle,code,SURVIVES,na,no,local decl / call in surviving code; no issue.
src/composing/analysis/chord/analysisutils.h,110,decl,normalizePc,SURVIVES-oracle,code,SURVIVES,na,no,local decl / call in surviving code; no issue.
src/composing/analysis/chord/analysisutils.h,114,decl,normalizePc,SURVIVES-oracle,code,SURVIVES,na,no,local decl / call in surviving code; no issue.
src/composing/analysis/chord/chordanalyzer.h,120,decl,templateIntervalMask,SURVIVES-oracle,code,SURVIVES,na,no,local decl / call in surviving code; no issue.
src/composing/analysis/chord/chordanalyzer.h,162,decl,push_back,SURVIVES-oracle,code,SURVIVES,na,no,local decl / call in surviving code; no issue.
src/composing/analysis/chord/chordanalyzer.h,183,decl,normalizeMergedBassTone,SURVIVES-oracle,code,SURVIVES,na,no,local decl / call in surviving code; no issue.
src/composing/analysis/chord/chordanalyzer.h,204,decl,abs,SURVIVES-oracle,code,SURVIVES,na,no,local decl / call in surviving code; no issue.
src/composing/analysis/chord/chordanalyzer.h,205,decl,min,SURVIVES-oracle,code,SURVIVES,na,no,local decl / call in surviving code; no issue.
src/composing/analysis/chord/chordanalyzer.h,241,decl,hasExtension,SURVIVES-oracle,code,SURVIVES,na,no,local decl / call in surviving code; no issue.
src/composing/analysis/chord/chordanalyzer.h,248,decl,hasExtension,SURVIVES-oracle,code,SURVIVES,na,no,local decl / call in surviving code; no issue.
src/composing/analysis/chord/chordanalyzer.h,432,decl,IChordAnalyzer,SURVIVES-oracle,code,SURVIVES,na,no,local decl / call in surviving code; no issue.
src/composing/analysis/chord/chordanalyzer.h,560,decl,advanceTemporalContext,SURVIVES-oracle,code,SURVIVES,na,no,local decl / call in surviving code; no issue.
src/composing/analysis/chord/chordanalyzer.h,601,decl,size,SURVIVES-oracle,code,SURVIVES,na,no,local decl / call in surviving code; no issue.
src/composing/analysis/chord/chordanalyzer.h,747,decl,applyIter8691Pedal,RETIREMENT-COUPLED,code,SURVIVES,na,no,local decl / call in surviving code; no issue.
src/composing/analysis/chord/chordanalyzer.h,748,decl,applyPostScoringGates,RETIREMENT-COUPLED,code,SURVIVES,na,no,local decl / call in surviving code; no issue.
src/composing/analysis/chord/chordanalyzer.h,829,decl,formatRomanNumeral,SURVIVES-formatter-decl,code,SURVIVES,na,yes,display/voicing/arrangement declaration living in the analysis header (chordanalyzer.h) -- ARCHITECTURE.md 4.1i-noted layering debt (analysis-is-display-agnostic 2.3).
src/composing/analysis/chord/chordanalyzer.h,833,decl,formatNashvilleNumber,SURVIVES-formatter-decl,code,SURVIVES,na,yes,display/voicing/arrangement declaration living in the analysis header (chordanalyzer.h) -- ARCHITECTURE.md 4.1i-noted layering debt (analysis-is-display-agnostic 2.3).
src/composing/analysis/chord/chordanalyzer.h,851,decl,closePositionVoicing,SURVIVES-voicing-decl,code,SURVIVES,na,yes,display/voicing/arrangement declaration living in the analysis header (chordanalyzer.h) -- ARCHITECTURE.md 4.1i-noted layering debt (analysis-is-display-agnostic 2.3).
src/composing/analysis/chord/chordanalyzer.h,862,decl,chordTonePitchClasses,SURVIVES-voicing-decl,code,SURVIVES,na,yes,display/voicing/arrangement declaration living in the analysis header (chordanalyzer.h) -- ARCHITECTURE.md 4.1i-noted layering debt (analysis-is-display-agnostic 2.3).
src/composing/analysis/chord/chordanalyzer.cpp,23,crosslayer,chordanalyzer.h,SURVIVES-oracle,code,SURVIVES,na,no,include edge to external; internal chord include; SURVIVES.
src/composing/analysis/chord/chordanalyzer.cpp,24,crosslayer,analysisutils.h,SURVIVES-oracle,code,SURVIVES,na,no,include edge to external; internal chord include; SURVIVES.
src/composing/analysis/chord/chordanalyzer.cpp,25,crosslayer,composing/analysis/function/harmonicfunctionlayer.h,SURVIVES-oracle,code,SURVIVES,na,no,"include edge to function; chord oracle -> harmonicfunctionlayer (the competition pipeline it hands the snapshot to); the L4/L5 seam, R1/R7-coupled but load-bearing (byte-identical E2d split); note not finding."
src/composing/analysis/chord/chordanalyzer.cpp,26,crosslayer,../param/paramoverride.h,SURVIVES-oracle,code,SURVIVES,na,no,include edge to param; Stage-5 override registration include; SURVIVES.
src/composing/analysis/chord/chordanalyzer.h,34,crosslayer,analysisutils.h,SURVIVES-oracle,code,SURVIVES,na,no,include edge to external; internal chord include; SURVIVES.
src/composing/analysis/chord/chordanalyzer.h,35,crosslayer,../key/keymodeanalyzer.h,SURVIVES-oracle,code,SURVIVES,na,no,"include edge to key; reads the L3 key/mode + leaf types the oracle depends on; expected, SURVIVES."
src/composing/analysis/chord/chordanalyzer.h,36,crosslayer,../types/analysistypes.h,SURVIVES-oracle,code,SURVIVES,na,no,"include edge to types; reads the L3 key/mode + leaf types the oracle depends on; expected, SURVIVES."
