file,dimension,locator,line,verdict,rubric_class,reason,flagged,finding
src/composing/analysis/function/forwardoverride.cpp,branch,else-if@34,34,SURVIVES,branch,"THEORY (music-theory / design decision): a functional-harmony test whose premise is cited to the signed design §5.x (root-motion, cadence-form, precedence, or the firewall threshold direction). Dormant.",no,
src/composing/analysis/function/forwardoverride.cpp,branch,if@32,32,SURVIVES,branch,"FACT (defensive): a structural range/null/empty guard — a construction invariant, not a musical judgment. Dormant.",no,
src/composing/analysis/function/forwardoverride.cpp,branch,if@61,61,SURVIVES,branch,"THEORY (music-theory / design decision): a functional-harmony test whose premise is cited to the signed design §5.x (root-motion, cadence-form, precedence, or the firewall threshold direction). Dormant.",no,
src/composing/analysis/function/forwardoverride.cpp,branch,if@64,64,SURVIVES,branch,"THEORY (music-theory / design decision): a functional-harmony test whose premise is cited to the signed design §5.x (root-motion, cadence-form, precedence, or the firewall threshold direction). Dormant.",no,
src/composing/analysis/function/forwardoverride.cpp,branch,if@74,74,SURVIVES,branch,"THEORY (music-theory / design decision): a functional-harmony test whose premise is cited to the signed design §5.x (root-motion, cadence-form, precedence, or the firewall threshold direction). Dormant.",no,
src/composing/analysis/function/forwardoverride.cpp,branch,if@77,77,SURVIVES,branch,"THEORY (music-theory / design decision): a functional-harmony test whose premise is cited to the signed design §5.x (root-motion, cadence-form, precedence, or the firewall threshold direction). Dormant.",no,
src/composing/analysis/function/forwardoverride.cpp,branch,if@87,87,SURVIVES,branch,"THEORY (music-theory / design decision): a functional-harmony test whose premise is cited to the signed design §5.x (root-motion, cadence-form, precedence, or the firewall threshold direction). Dormant.",no,
src/composing/analysis/function/forwardoverride.cpp,crosslayer,forwardoverride.h@22,22,SURVIVES,crosslayer,external/std-library include; no layer coupling.,no,
src/composing/analysis/function/forwardoverride.cpp,function,forwardRecompute@71,71,SURVIVES,code,L5-DORMANT function in the §8 reusable confidence-weighted forward-override mechanism; no production consumer (only forwardoverride_tests + the batch_analyze diagnostic); byte-identical on production.,no,
src/composing/analysis/function/forwardoverride.cpp,function,isClosed@47,47,SURVIVES,code,L5-DORMANT function in the §8 reusable confidence-weighted forward-override mechanism; no production consumer (only forwardoverride_tests + the batch_analyze diagnostic); byte-identical on production.,no,
src/composing/analysis/function/forwardoverride.cpp,function,markFinal@52,52,SURVIVES,code,L5-DORMANT function in the §8 reusable confidence-weighted forward-override mechanism; no production consumer (only forwardoverride_tests + the batch_analyze diagnostic); byte-identical on production.,no,
src/composing/analysis/function/forwardoverride.cpp,function,overrideBar@26,26,SURVIVES,code,L5-DORMANT function in the §8 reusable confidence-weighted forward-override mechanism; no production consumer (only forwardoverride_tests + the batch_analyze diagnostic); byte-identical on production.,no,
src/composing/analysis/function/forwardoverride.cpp,function,overrides@40,40,SURVIVES,code,L5-DORMANT function in the §8 reusable confidence-weighted forward-override mechanism; no production consumer (only forwardoverride_tests + the batch_analyze diagnostic); byte-identical on production.,no,
src/composing/analysis/function/forwardoverride.cpp,function,reset@96,96,SURVIVES,code,L5-DORMANT function in the §8 reusable confidence-weighted forward-override mechanism; no production consumer (only forwardoverride_tests + the batch_analyze diagnostic); byte-identical on production.,no,
src/composing/analysis/function/forwardoverride.cpp,function,tryOverride@58,58,SURVIVES,code,L5-DORMANT function in the §8 reusable confidence-weighted forward-override mechanism; no production consumer (only forwardoverride_tests + the batch_analyze diagnostic); byte-identical on production.,no,
src/composing/analysis/function/forwardoverride.cpp,literal,[0.0]@32,32,ESTABLISHED,constant,"Structural double (a zero/one identity default, a [0,1] clamp bound, a boolean-as-double 1/0 indicator, or a >0 guard) — not a tuned parameter.",no,
src/composing/analysis/function/forwardoverride.cpp,literal,[0.0]@33,33,ESTABLISHED,constant,"Structural double (a zero/one identity default, a [0,1] clamp bound, a boolean-as-double 1/0 indicator, or a >0 guard) — not a tuned parameter.",no,
src/composing/analysis/function/forwardoverride.cpp,literal,[1.0]@34,34,ESTABLISHED,constant,"Structural double (a zero/one identity default, a [0,1] clamp bound, a boolean-as-double 1/0 indicator, or a >0 guard) — not a tuned parameter.",no,
src/composing/analysis/function/forwardoverride.cpp,literal,[1.0]@35,35,ESTABLISHED,constant,"Structural double (a zero/one identity default, a [0,1] clamp bound, a boolean-as-double 1/0 indicator, or a >0 guard) — not a tuned parameter.",no,
src/composing/analysis/function/forwardoverride.h,decl,closedCount@146,146,SURVIVES,code,L5-DORMANT type declaration on the dormant value/contract surface; no production use.,no,
src/composing/analysis/function/forwardoverride.h,decl,markFinal@118,118,SURVIVES,code,L5-DORMANT type declaration on the dormant value/contract surface; no production use.,no,
src/composing/analysis/function/forwardoverride.h,decl,reset@149,149,SURVIVES,code,L5-DORMANT type declaration on the dormant value/contract surface; no production use.,no,
src/composing/analysis/function/forwardoverride.h,decl,void@140,140,SURVIVES,code,L5-DORMANT type declaration on the dormant value/contract surface; no production use.,no,
src/composing/analysis/function/forwardoverride.h,field,baseBar@81,81,PUBLISHED,field,"Field on an L5-DORMANT value/contract struct; part of the dormant output surface (read by the module tests and, at engage, the L5->L6 consumer). No siloed/trapped datum found at the struct surface; a per-field consumer trace is an engage-step item.",no,
src/composing/analysis/function/forwardoverride.h,field,confidenceScale@82,82,PUBLISHED,field,"Field on an L5-DORMANT value/contract struct; part of the dormant output surface (read by the module tests and, at engage, the L5->L6 consumer). No siloed/trapped datum found at the struct surface; a per-field consumer trace is an engage-step item.",no,
src/composing/analysis/function/forwardoverride.h,field,m_closed@152,152,PUBLISHED,field,"Field on an L5-DORMANT value/contract struct; part of the dormant output surface (read by the module tests and, at engage, the L5->L6 consumer). No siloed/trapped datum found at the struct surface; a per-field consumer trace is an engage-step item.",no,
src/composing/analysis/function/forwardoverride.h,field,m_recomputing@153,153,PUBLISHED,field,"Field on an L5-DORMANT value/contract struct; part of the dormant output surface (read by the module tests and, at engage, the L5->L6 consumer). No siloed/trapped datum found at the struct surface; a per-field consumer trace is an engage-step item.",no,
src/composing/analysis/function/forwardoverride.h,function,closedCount@146,146,SURVIVES,code,L5-DORMANT function in the §8 reusable confidence-weighted forward-override mechanism; no production consumer (only forwardoverride_tests + the batch_analyze diagnostic); byte-identical on production.,no,
src/composing/analysis/function/forwardoverride.h,function,isRecomputing@143,143,SURVIVES,code,L5-DORMANT function in the §8 reusable confidence-weighted forward-override mechanism; no production consumer (only forwardoverride_tests + the batch_analyze diagnostic); byte-identical on production.,no,
src/composing/analysis/function/forwardoverride.h,literal,[1.0]@81,81,UNFIT,constant,Named precision-phase weight/threshold default (hand-set 'NOT tuned' firewall seed); IN param_manifest.json (G8/theta). Dormant: changes no production output. Only the direction is fixed by the design; the value is a Stage-5 fit candidate.,no,
src/composing/analysis/function/forwardoverride.h,literal,[1.0]@82,82,UNFIT,constant,Named precision-phase weight/threshold default (hand-set 'NOT tuned' firewall seed); IN param_manifest.json (G8/theta). Dormant: changes no production output. Only the direction is fixed by the design; the value is a Stage-5 fit candidate.,no,
src/composing/analysis/function/functioncadence.cpp,branch,case@183,183,SURVIVES,branch,"THEORY (music-theory / design decision): a functional-harmony test whose premise is cited to the signed design §5.x (root-motion, cadence-form, precedence, or the firewall threshold direction). Dormant.",no,
src/composing/analysis/function/functioncadence.cpp,branch,case@184,184,SURVIVES,branch,"THEORY (music-theory / design decision): a functional-harmony test whose premise is cited to the signed design §5.x (root-motion, cadence-form, precedence, or the firewall threshold direction). Dormant.",no,
src/composing/analysis/function/functioncadence.cpp,branch,case@187,187,SURVIVES,branch,"THEORY (music-theory / design decision): a functional-harmony test whose premise is cited to the signed design §5.x (root-motion, cadence-form, precedence, or the firewall threshold direction). Dormant.",no,
src/composing/analysis/function/functioncadence.cpp,branch,case@190,190,SURVIVES,branch,"THEORY (music-theory / design decision): a functional-harmony test whose premise is cited to the signed design §5.x (root-motion, cadence-form, precedence, or the firewall threshold direction). Dormant.",no,
src/composing/analysis/function/functioncadence.cpp,branch,if@107,107,SURVIVES,branch,"THEORY (music-theory / design decision): a functional-harmony test whose premise is cited to the signed design §5.x (root-motion, cadence-form, precedence, or the firewall threshold direction). Dormant.",no,
src/composing/analysis/function/functioncadence.cpp,branch,if@110,110,SURVIVES,branch,"FACT (defensive): a structural range/null/empty guard — a construction invariant, not a musical judgment. Dormant.",no,
src/composing/analysis/function/functioncadence.cpp,branch,if@128,128,SURVIVES,branch,"FACT (defensive): a structural range/null/empty guard — a construction invariant, not a musical judgment. Dormant.",no,
src/composing/analysis/function/functioncadence.cpp,branch,if@140,140,SURVIVES,branch,"THEORY (music-theory / design decision): a functional-harmony test whose premise is cited to the signed design §5.x (root-motion, cadence-form, precedence, or the firewall threshold direction). Dormant.",no,
src/composing/analysis/function/functioncadence.cpp,branch,if@148,148,SURVIVES,branch,"THEORY (music-theory / design decision): a functional-harmony test whose premise is cited to the signed design §5.x (root-motion, cadence-form, precedence, or the firewall threshold direction). Dormant.",no,
src/composing/analysis/function/functioncadence.cpp,branch,if@151,151,SURVIVES,branch,"THEORY (music-theory / design decision): a functional-harmony test whose premise is cited to the signed design §5.x (root-motion, cadence-form, precedence, or the firewall threshold direction). Dormant.",no,
src/composing/analysis/function/functioncadence.cpp,branch,if@166,166,SURVIVES,branch,"THEORY (music-theory / design decision): a functional-harmony test whose premise is cited to the signed design §5.x (root-motion, cadence-form, precedence, or the firewall threshold direction). Dormant.",no,
src/composing/analysis/function/functioncadence.cpp,branch,if@169,169,SURVIVES,branch,"THEORY (music-theory / design decision): a functional-harmony test whose premise is cited to the signed design §5.x (root-motion, cadence-form, precedence, or the firewall threshold direction). Dormant.",no,
src/composing/analysis/function/functioncadence.cpp,branch,if@172,172,SURVIVES,branch,"THEORY (music-theory / design decision): a functional-harmony test whose premise is cited to the signed design §5.x (root-motion, cadence-form, precedence, or the firewall threshold direction). Dormant.",no,
src/composing/analysis/function/functioncadence.cpp,branch,if@176,176,SURVIVES,branch,"THEORY (music-theory / design decision): a functional-harmony test whose premise is cited to the signed design §5.x (root-motion, cadence-form, precedence, or the firewall threshold direction). Dormant.",no,
src/composing/analysis/function/functioncadence.cpp,branch,if@179,179,SURVIVES,branch,"THEORY (music-theory / design decision): a functional-harmony test whose premise is cited to the signed design §5.x (root-motion, cadence-form, precedence, or the firewall threshold direction). Dormant.",no,
src/composing/analysis/function/functioncadence.cpp,branch,if@220,220,SURVIVES,branch,"THEORY (music-theory / design decision): a functional-harmony test whose premise is cited to the signed design §5.x (root-motion, cadence-form, precedence, or the firewall threshold direction). Dormant.",no,
src/composing/analysis/function/functioncadence.cpp,branch,if@223,223,SURVIVES,branch,"THEORY (music-theory / design decision): a functional-harmony test whose premise is cited to the signed design §5.x (root-motion, cadence-form, precedence, or the firewall threshold direction). Dormant.",no,
src/composing/analysis/function/functioncadence.cpp,branch,if@226,226,SURVIVES,branch,"THEORY (music-theory / design decision): a functional-harmony test whose premise is cited to the signed design §5.x (root-motion, cadence-form, precedence, or the firewall threshold direction). Dormant.",no,
src/composing/analysis/function/functioncadence.cpp,branch,if@230,230,SURVIVES,branch,"FACT (defensive): a structural range/null/empty guard — a construction invariant, not a musical judgment. Dormant.",no,
src/composing/analysis/function/functioncadence.cpp,branch,if@239,239,SURVIVES,branch,"THEORY (music-theory / design decision): a functional-harmony test whose premise is cited to the signed design §5.x (root-motion, cadence-form, precedence, or the firewall threshold direction). Dormant.",no,
src/composing/analysis/function/functioncadence.cpp,branch,if@248,248,SURVIVES,branch,"THEORY (music-theory / design decision): a functional-harmony test whose premise is cited to the signed design §5.x (root-motion, cadence-form, precedence, or the firewall threshold direction). Dormant.",no,
src/composing/analysis/function/functioncadence.cpp,branch,if@256,256,SURVIVES,branch,"FACT (defensive): a structural range/null/empty guard — a construction invariant, not a musical judgment. Dormant.",no,
src/composing/analysis/function/functioncadence.cpp,branch,if@264,264,SURVIVES,branch,"FACT (defensive): a structural range/null/empty guard — a construction invariant, not a musical judgment. Dormant.",no,
src/composing/analysis/function/functioncadence.cpp,branch,if@295,295,SURVIVES,branch,"THEORY (music-theory / design decision): a functional-harmony test whose premise is cited to the signed design §5.x (root-motion, cadence-form, precedence, or the firewall threshold direction). Dormant.",no,
src/composing/analysis/function/functioncadence.cpp,branch,if@298,298,SURVIVES,branch,"FACT (defensive): a structural range/null/empty guard — a construction invariant, not a musical judgment. Dormant.",no,
src/composing/analysis/function/functioncadence.cpp,branch,if@309,309,SURVIVES,branch,"THEORY (music-theory / design decision): a functional-harmony test whose premise is cited to the signed design §5.x (root-motion, cadence-form, precedence, or the firewall threshold direction). Dormant.",no,
src/composing/analysis/function/functioncadence.cpp,branch,if@317,317,SURVIVES,branch,"THEORY (music-theory / design decision): a functional-harmony test whose premise is cited to the signed design §5.x (root-motion, cadence-form, precedence, or the firewall threshold direction). Dormant.",no,
src/composing/analysis/function/functioncadence.cpp,branch,if@320,320,SURVIVES,branch,"THEORY (music-theory / design decision): a functional-harmony test whose premise is cited to the signed design §5.x (root-motion, cadence-form, precedence, or the firewall threshold direction). Dormant.",no,
src/composing/analysis/function/functioncadence.cpp,branch,if@326,326,SURVIVES,branch,"FACT (defensive): a structural range/null/empty guard — a construction invariant, not a musical judgment. Dormant.",no,
src/composing/analysis/function/functioncadence.cpp,branch,if@352,352,SURVIVES,branch,"THEORY (music-theory / design decision): a functional-harmony test whose premise is cited to the signed design §5.x (root-motion, cadence-form, precedence, or the firewall threshold direction). Dormant.",no,
src/composing/analysis/function/functioncadence.cpp,branch,if@355,355,SURVIVES,branch,"FACT (defensive): a structural range/null/empty guard — a construction invariant, not a musical judgment. Dormant.",no,
src/composing/analysis/function/functioncadence.cpp,branch,if@360,360,SURVIVES,branch,"THEORY (music-theory / design decision): a functional-harmony test whose premise is cited to the signed design §5.x (root-motion, cadence-form, precedence, or the firewall threshold direction). Dormant.",no,
src/composing/analysis/function/functioncadence.cpp,branch,if@367,367,SURVIVES,branch,"FACT (defensive): a structural range/null/empty guard — a construction invariant, not a musical judgment. Dormant.",no,
src/composing/analysis/function/functioncadence.cpp,branch,if@400,400,SURVIVES,branch,"THEORY (music-theory / design decision): a functional-harmony test whose premise is cited to the signed design §5.x (root-motion, cadence-form, precedence, or the firewall threshold direction). Dormant.",no,
src/composing/analysis/function/functioncadence.cpp,branch,if@403,403,SURVIVES,branch,"THEORY (music-theory / design decision): a functional-harmony test whose premise is cited to the signed design §5.x (root-motion, cadence-form, precedence, or the firewall threshold direction). Dormant.",no,
src/composing/analysis/function/functioncadence.cpp,branch,if@406,406,SURVIVES,branch,"THEORY (music-theory / design decision): a functional-harmony test whose premise is cited to the signed design §5.x (root-motion, cadence-form, precedence, or the firewall threshold direction). Dormant.",no,
src/composing/analysis/function/functioncadence.cpp,branch,if@410,410,SURVIVES,branch,"FACT (defensive): a structural range/null/empty guard — a construction invariant, not a musical judgment. Dormant.",no,
src/composing/analysis/function/functioncadence.cpp,branch,if@416,416,SURVIVES,branch,"THEORY (music-theory / design decision): a functional-harmony test whose premise is cited to the signed design §5.x (root-motion, cadence-form, precedence, or the firewall threshold direction). Dormant.",no,
src/composing/analysis/function/functioncadence.cpp,branch,if@42,42,SURVIVES,branch,"THEORY (music-theory / design decision): a functional-harmony test whose premise is cited to the signed design §5.x (root-motion, cadence-form, precedence, or the firewall threshold direction). Dormant.",no,
src/composing/analysis/function/functioncadence.cpp,branch,if@444,444,SURVIVES,branch,"THEORY (music-theory / design decision): a functional-harmony test whose premise is cited to the signed design §5.x (root-motion, cadence-form, precedence, or the firewall threshold direction). Dormant.",no,
src/composing/analysis/function/functioncadence.cpp,branch,if@447,447,SURVIVES,branch,"FACT (defensive): a structural range/null/empty guard — a construction invariant, not a musical judgment. Dormant.",no,
src/composing/analysis/function/functioncadence.cpp,branch,if@453,453,SURVIVES,branch,"THEORY (music-theory / design decision): a functional-harmony test whose premise is cited to the signed design §5.x (root-motion, cadence-form, precedence, or the firewall threshold direction). Dormant.",no,
src/composing/analysis/function/functioncadence.cpp,branch,if@456,456,SURVIVES,branch,"THEORY (music-theory / design decision): a functional-harmony test whose premise is cited to the signed design §5.x (root-motion, cadence-form, precedence, or the firewall threshold direction). Dormant.",no,
src/composing/analysis/function/functioncadence.cpp,branch,if@461,461,SURVIVES,branch,"FACT (defensive): a structural range/null/empty guard — a construction invariant, not a musical judgment. Dormant.",no,
src/composing/analysis/function/functioncadence.cpp,branch,if@474,474,SURVIVES,branch,"THEORY (music-theory / design decision): a functional-harmony test whose premise is cited to the signed design §5.x (root-motion, cadence-form, precedence, or the firewall threshold direction). Dormant.",no,
src/composing/analysis/function/functioncadence.cpp,branch,if@499,499,SURVIVES,branch,"FACT (defensive): a structural range/null/empty guard — a construction invariant, not a musical judgment. Dormant.",no,
src/composing/analysis/function/functioncadence.cpp,branch,if@509,509,SURVIVES,branch,"THEORY (music-theory / design decision): a functional-harmony test whose premise is cited to the signed design §5.x (root-motion, cadence-form, precedence, or the firewall threshold direction). Dormant.",no,
src/composing/analysis/function/functioncadence.cpp,branch,if@512,512,SURVIVES,branch,"THEORY (music-theory / design decision): a functional-harmony test whose premise is cited to the signed design §5.x (root-motion, cadence-form, precedence, or the firewall threshold direction). Dormant.",no,
src/composing/analysis/function/functioncadence.cpp,branch,if@515,515,SURVIVES,branch,"THEORY (music-theory / design decision): a functional-harmony test whose premise is cited to the signed design §5.x (root-motion, cadence-form, precedence, or the firewall threshold direction). Dormant.",no,
src/composing/analysis/function/functioncadence.cpp,branch,if@518,518,SURVIVES,branch,"THEORY (music-theory / design decision): a functional-harmony test whose premise is cited to the signed design §5.x (root-motion, cadence-form, precedence, or the firewall threshold direction). Dormant.",no,
src/composing/analysis/function/functioncadence.cpp,branch,if@521,521,SURVIVES,branch,"THEORY (music-theory / design decision): a functional-harmony test whose premise is cited to the signed design §5.x (root-motion, cadence-form, precedence, or the firewall threshold direction). Dormant.",no,
src/composing/analysis/function/functioncadence.cpp,branch,if@58,58,SURVIVES,branch,"THEORY (music-theory / design decision): a functional-harmony test whose premise is cited to the signed design §5.x (root-motion, cadence-form, precedence, or the firewall threshold direction). Dormant.",no,
src/composing/analysis/function/functioncadence.cpp,branch,if@62,62,SURVIVES,branch,"THEORY (music-theory / design decision): a functional-harmony test whose premise is cited to the signed design §5.x (root-motion, cadence-form, precedence, or the firewall threshold direction). Dormant.",no,
src/composing/analysis/function/functioncadence.cpp,branch,if@84,84,SURVIVES,branch,"FACT (defensive): a structural range/null/empty guard — a construction invariant, not a musical judgment. Dormant.",no,
src/composing/analysis/function/functioncadence.cpp,branch,if@88,88,SURVIVES,branch,"THEORY (music-theory / design decision): a functional-harmony test whose premise is cited to the signed design §5.x (root-motion, cadence-form, precedence, or the firewall threshold direction). Dormant.",no,
src/composing/analysis/function/functioncadence.cpp,branch,if@91,91,SURVIVES,branch,"THEORY (music-theory / design decision): a functional-harmony test whose premise is cited to the signed design §5.x (root-motion, cadence-form, precedence, or the firewall threshold direction). Dormant.",no,
src/composing/analysis/function/functioncadence.cpp,branch,switch@182,182,SURVIVES,branch,"THEORY (music-theory / design decision): a functional-harmony test whose premise is cited to the signed design §5.x (root-motion, cadence-form, precedence, or the firewall threshold direction). Dormant.",no,
src/composing/analysis/function/functioncadence.cpp,branch,ternary@149,149,SURVIVES,branch,"THEORY (music-theory / design decision): a functional-harmony test whose premise is cited to the signed design §5.x (root-motion, cadence-form, precedence, or the firewall threshold direction). Dormant.",no,
src/composing/analysis/function/functioncadence.cpp,branch,ternary@196,196,SURVIVES,branch,"FACT (defensive): a structural range/null/empty guard — a construction invariant, not a musical judgment. Dormant.",no,
src/composing/analysis/function/functioncadence.cpp,branch,ternary@274,274,SURVIVES,branch,"THEORY (music-theory / design decision): a functional-harmony test whose premise is cited to the signed design §5.x (root-motion, cadence-form, precedence, or the firewall threshold direction). Dormant.",no,
src/composing/analysis/function/functioncadence.cpp,branch,ternary@375,375,SURVIVES,branch,"THEORY (music-theory / design decision): a functional-harmony test whose premise is cited to the signed design §5.x (root-motion, cadence-form, precedence, or the firewall threshold direction). Dormant.",no,
src/composing/analysis/function/functioncadence.cpp,branch,ternary@381,381,SURVIVES,branch,"FACT (defensive): a structural range/null/empty guard — a construction invariant, not a musical judgment. Dormant.",no,
src/composing/analysis/function/functioncadence.cpp,crosslayer,functioncadence.h@22,22,SURVIVES,crosslayer,external/std-library include; no layer coupling.,no,
src/composing/analysis/function/functioncadence.cpp,crosslayer,functionprogression.h@24,24,SURVIVES,crosslayer,external/std-library include; no layer coupling.,no,
src/composing/analysis/function/functioncadence.cpp,function,cadenceTonicVote@159,159,SURVIVES,code,L5-DORMANT function in the §5.2 key-agnostic event-pair cadence detector; no production consumer (only functioncadence_tests + the batch_analyze diagnostic); byte-identical on production.,no,
src/composing/analysis/function/functioncadence.cpp,function,detectFunctionalCadences@495,495,SURVIVES,code,L5-DORMANT function in the §5.2 key-agnostic event-pair cadence detector; no production consumer (only functioncadence_tests + the batch_analyze diagnostic); byte-identical on production.,no,
src/composing/analysis/function/functioncadence.cpp,function,dominantSeventhPresent@126,126,SURVIVES,code,L5-DORMANT function in the §5.2 key-agnostic event-pair cadence detector; no production consumer (only functioncadence_tests + the batch_analyze diagnostic); byte-identical on production.,no,
src/composing/analysis/function/functioncadence.cpp,function,dominantTritonePresent@72,72,SURVIVES,code,L5-DORMANT function in the §5.2 key-agnostic event-pair cadence detector; no production consumer (only functioncadence_tests + the batch_analyze diagnostic); byte-identical on production.,no,
src/composing/analysis/function/functioncadence.cpp,function,eventHasPc@38,38,SURVIVES,code,L5-DORMANT function in the §5.2 key-agnostic event-pair cadence detector; no production consumer (only functioncadence_tests + the batch_analyze diagnostic); byte-identical on production.,no,
src/composing/analysis/function/functioncadence.cpp,function,isGenuineDominant@136,136,SURVIVES,code,L5-DORMANT function in the §5.2 key-agnostic event-pair cadence detector; no production consumer (only functioncadence_tests + the batch_analyze diagnostic); byte-identical on production.,no,
src/composing/analysis/function/functioncadence.cpp,function,isPredominant@82,82,SURVIVES,code,L5-DORMANT function in the §5.2 key-agnostic event-pair cadence detector; no production consumer (only functioncadence_tests + the batch_analyze diagnostic); byte-identical on production.,no,
src/composing/analysis/function/functioncadence.cpp,function,isRootPosition@100,100,SURVIVES,code,L5-DORMANT function in the §5.2 key-agnostic event-pair cadence detector; no production consumer (only functioncadence_tests + the batch_analyze diagnostic); byte-identical on production.,no,
src/composing/analysis/function/functioncadence.cpp,function,isSecondInversionTonicTriad@105,105,SURVIVES,code,L5-DORMANT function in the §5.2 key-agnostic event-pair cadence detector; no production consumer (only functioncadence_tests + the batch_analyze diagnostic); byte-identical on production.,no,
src/composing/analysis/function/functioncadence.cpp,function,leadingToneResolves@117,117,SURVIVES,code,L5-DORMANT function in the §5.2 key-agnostic event-pair cadence detector; no production consumer (only functioncadence_tests + the batch_analyze diagnostic); byte-identical on production.,no,
src/composing/analysis/function/functioncadence.cpp,function,makeNone@208,208,SURVIVES,code,L5-DORMANT function in the §5.2 key-agnostic event-pair cadence detector; no production consumer (only functioncadence_tests + the batch_analyze diagnostic); byte-identical on production.,no,
src/composing/analysis/function/functioncadence.cpp,function,norm@32,32,SURVIVES,code,L5-DORMANT function in the §5.2 key-agnostic event-pair cadence detector; no production consumer (only functioncadence_tests + the batch_analyze diagnostic); byte-identical on production.,no,
src/composing/analysis/function/functioncadence.cpp,function,tryAuthentic@214,214,SURVIVES,code,L5-DORMANT function in the §5.2 key-agnostic event-pair cadence detector; no production consumer (only functioncadence_tests + the batch_analyze diagnostic); byte-identical on production.,no,
src/composing/analysis/function/functioncadence.cpp,function,tryDeceptive@289,289,SURVIVES,code,L5-DORMANT function in the §5.2 key-agnostic event-pair cadence detector; no production consumer (only functioncadence_tests + the batch_analyze diagnostic); byte-identical on production.,no,
src/composing/analysis/function/functioncadence.cpp,function,tryEvaded@438,438,SURVIVES,code,L5-DORMANT function in the §5.2 key-agnostic event-pair cadence detector; no production consumer (only functioncadence_tests + the batch_analyze diagnostic); byte-identical on production.,no,
src/composing/analysis/function/functioncadence.cpp,function,tryHalf@346,346,ASSUMPTION,code,"tryHalf sets genuineDominant=false unconditionally, so a seventh (or inverted) half cadence gets the same vote as a plain-triad half; §5.2 fixes the direction that a seventh weakens a half (""down-weighted, not excluded"") — the direction is absent, not merely un-tuned. [finding anchor src/composing/analysis/function/functioncadence.cpp:387]",yes,half-cadence-no-seventh-downweight
src/composing/analysis/function/functioncadence.cpp,function,tryPlagal@394,394,SURVIVES,code,L5-DORMANT function in the §5.2 key-agnostic event-pair cadence detector; no production consumer (only functioncadence_tests + the batch_analyze diagnostic); byte-identical on production.,no,
src/composing/analysis/function/functioncadence.cpp,function,voiceMovesFromTo@52,52,SURVIVES,code,L5-DORMANT function in the §5.2 key-agnostic event-pair cadence detector; no production consumer (only functioncadence_tests + the batch_analyze diagnostic); byte-identical on production.,no,
src/composing/analysis/function/functioncadence.cpp,literal,[0.0]@196,196,ESTABLISHED,constant,"Structural double (a zero/one identity default, a [0,1] clamp bound, a boolean-as-double 1/0 indicator, or a >0 guard) — not a tuned parameter.",no,
src/composing/analysis/function/functioncadence.cpp,literal,[0.0]@196,196,ESTABLISHED,constant,"Structural double (a zero/one identity default, a [0,1] clamp bound, a boolean-as-double 1/0 indicator, or a >0 guard) — not a tuned parameter.",no,
src/composing/analysis/function/functioncadence.cpp,literal,[10]@133,133,ESTABLISHED,constant,"Music-theory interval or structural integer (a mod-12 root-motion/scale-degree constant, the octave modulus 12, an array size 5/7, or a -1/0 sentinel/index) — established by theory or by construction, not tuned.",no,
src/composing/analysis/function/functioncadence.cpp,literal,[11]@123,123,ESTABLISHED,constant,"Music-theory interval or structural integer (a mod-12 root-motion/scale-degree constant, the octave modulus 12, an array size 5/7, or a -1/0 sentinel/index) — established by theory or by construction, not tuned.",no,
src/composing/analysis/function/functioncadence.cpp,literal,[11]@238,238,ESTABLISHED,constant,"Music-theory interval or structural integer (a mod-12 root-motion/scale-degree constant, the octave modulus 12, an array size 5/7, or a -1/0 sentinel/index) — established by theory or by construction, not tuned.",no,
src/composing/analysis/function/functioncadence.cpp,literal,[11]@316,316,ESTABLISHED,constant,"Music-theory interval or structural integer (a mod-12 root-motion/scale-degree constant, the octave modulus 12, an array size 5/7, or a -1/0 sentinel/index) — established by theory or by construction, not tuned.",no,
src/composing/analysis/function/functioncadence.cpp,literal,[11]@370,370,ESTABLISHED,constant,"Music-theory interval or structural integer (a mod-12 root-motion/scale-degree constant, the octave modulus 12, an array size 5/7, or a -1/0 sentinel/index) — established by theory or by construction, not tuned.",no,
src/composing/analysis/function/functioncadence.cpp,literal,[11]@453,453,ESTABLISHED,constant,"Music-theory interval or structural integer (a mod-12 root-motion/scale-degree constant, the octave modulus 12, an array size 5/7, or a -1/0 sentinel/index) — established by theory or by construction, not tuned.",no,
src/composing/analysis/function/functioncadence.cpp,literal,[11]@74,74,ESTABLISHED,constant,"Music-theory interval or structural integer (a mod-12 root-motion/scale-degree constant, the octave modulus 12, an array size 5/7, or a -1/0 sentinel/index) — established by theory or by construction, not tuned.",no,
src/composing/analysis/function/functioncadence.cpp,literal,[12]@34,34,ESTABLISHED,constant,"Music-theory interval or structural integer (a mod-12 root-motion/scale-degree constant, the octave modulus 12, an array size 5/7, or a -1/0 sentinel/index) — established by theory or by construction, not tuned.",no,
src/composing/analysis/function/functioncadence.cpp,literal,[12]@34,34,ESTABLISHED,constant,"Music-theory interval or structural integer (a mod-12 root-motion/scale-degree constant, the octave modulus 12, an array size 5/7, or a -1/0 sentinel/index) — established by theory or by construction, not tuned.",no,
src/composing/analysis/function/functioncadence.cpp,literal,[12]@34,34,ESTABLISHED,constant,"Music-theory interval or structural integer (a mod-12 root-motion/scale-degree constant, the octave modulus 12, an array size 5/7, or a -1/0 sentinel/index) — established by theory or by construction, not tuned.",no,
src/composing/analysis/function/functioncadence.cpp,literal,[2]@384,384,ESTABLISHED,constant,"Music-theory interval or structural integer (a mod-12 root-motion/scale-degree constant, the octave modulus 12, an array size 5/7, or a -1/0 sentinel/index) — established by theory or by construction, not tuned.",no,
src/composing/analysis/function/functioncadence.cpp,literal,[2]@416,416,ESTABLISHED,constant,"Music-theory interval or structural integer (a mod-12 root-motion/scale-degree constant, the octave modulus 12, an array size 5/7, or a -1/0 sentinel/index) — established by theory or by construction, not tuned.",no,
src/composing/analysis/function/functioncadence.cpp,literal,[2]@499,499,ESTABLISHED,constant,"Music-theory interval or structural integer (a mod-12 root-motion/scale-degree constant, the octave modulus 12, an array size 5/7, or a -1/0 sentinel/index) — established by theory or by construction, not tuned.",no,
src/composing/analysis/function/functioncadence.cpp,literal,[2]@88,88,ESTABLISHED,constant,"Music-theory interval or structural integer (a mod-12 root-motion/scale-degree constant, the octave modulus 12, an array size 5/7, or a -1/0 sentinel/index) — established by theory or by construction, not tuned.",no,
src/composing/analysis/function/functioncadence.cpp,literal,[3]@149,149,ESTABLISHED,constant,"Music-theory interval or structural integer (a mod-12 root-motion/scale-degree constant, the octave modulus 12, an array size 5/7, or a -1/0 sentinel/index) — established by theory or by construction, not tuned.",no,
src/composing/analysis/function/functioncadence.cpp,literal,[4]@150,150,ESTABLISHED,constant,"Music-theory interval or structural integer (a mod-12 root-motion/scale-degree constant, the octave modulus 12, an array size 5/7, or a -1/0 sentinel/index) — established by theory or by construction, not tuned.",no,
src/composing/analysis/function/functioncadence.cpp,literal,[5]@152,152,ESTABLISHED,constant,"Music-theory interval or structural integer (a mod-12 root-motion/scale-degree constant, the octave modulus 12, an array size 5/7, or a -1/0 sentinel/index) — established by theory or by construction, not tuned.",no,
src/composing/analysis/function/functioncadence.cpp,literal,[5]@383,383,ESTABLISHED,constant,"Music-theory interval or structural integer (a mod-12 root-motion/scale-degree constant, the octave modulus 12, an array size 5/7, or a -1/0 sentinel/index) — established by theory or by construction, not tuned.",no,
src/composing/analysis/function/functioncadence.cpp,literal,[5]@416,416,ESTABLISHED,constant,"Music-theory interval or structural integer (a mod-12 root-motion/scale-degree constant, the octave modulus 12, an array size 5/7, or a -1/0 sentinel/index) — established by theory or by construction, not tuned.",no,
src/composing/analysis/function/functioncadence.cpp,literal,[5]@74,74,ESTABLISHED,constant,"Music-theory interval or structural integer (a mod-12 root-motion/scale-degree constant, the octave modulus 12, an array size 5/7, or a -1/0 sentinel/index) — established by theory or by construction, not tuned.",no,
src/composing/analysis/function/functioncadence.cpp,literal,[5]@88,88,ESTABLISHED,constant,"Music-theory interval or structural integer (a mod-12 root-motion/scale-degree constant, the octave modulus 12, an array size 5/7, or a -1/0 sentinel/index) — established by theory or by construction, not tuned.",no,
src/composing/analysis/function/functioncadence.cpp,literal,[7]@114,114,ESTABLISHED,constant,"Music-theory interval or structural integer (a mod-12 root-motion/scale-degree constant, the octave modulus 12, an array size 5/7, or a -1/0 sentinel/index) — established by theory or by construction, not tuned.",no,
src/composing/analysis/function/functioncadence.cpp,literal,[7]@236,236,ESTABLISHED,constant,"Music-theory interval or structural integer (a mod-12 root-motion/scale-degree constant, the octave modulus 12, an array size 5/7, or a -1/0 sentinel/index) — established by theory or by construction, not tuned.",no,
src/composing/analysis/function/functioncadence.cpp,literal,[7]@301,301,ESTABLISHED,constant,"Music-theory interval or structural integer (a mod-12 root-motion/scale-degree constant, the octave modulus 12, an array size 5/7, or a -1/0 sentinel/index) — established by theory or by construction, not tuned.",no,
src/composing/analysis/function/functioncadence.cpp,literal,[7]@358,358,ESTABLISHED,constant,"Music-theory interval or structural integer (a mod-12 root-motion/scale-degree constant, the octave modulus 12, an array size 5/7, or a -1/0 sentinel/index) — established by theory or by construction, not tuned.",no,
src/composing/analysis/function/functioncadence.cpp,literal,[7]@369,369,ESTABLISHED,constant,"Music-theory interval or structural integer (a mod-12 root-motion/scale-degree constant, the octave modulus 12, an array size 5/7, or a -1/0 sentinel/index) — established by theory or by construction, not tuned.",no,
src/composing/analysis/function/functioncadence.cpp,literal,[7]@450,450,ESTABLISHED,constant,"Music-theory interval or structural integer (a mod-12 root-motion/scale-degree constant, the octave modulus 12, an array size 5/7, or a -1/0 sentinel/index) — established by theory or by construction, not tuned.",no,
src/composing/analysis/function/functioncadence.cpp,literal,[7]@473,473,ESTABLISHED,constant,"Music-theory interval or structural integer (a mod-12 root-motion/scale-degree constant, the octave modulus 12, an array size 5/7, or a -1/0 sentinel/index) — established by theory or by construction, not tuned.",no,
src/composing/analysis/function/functioncadence.cpp,literal,[8]@307,307,ESTABLISHED,constant,"Music-theory interval or structural integer (a mod-12 root-motion/scale-degree constant, the octave modulus 12, an array size 5/7, or a -1/0 sentinel/index) — established by theory or by construction, not tuned.",no,
src/composing/analysis/function/functioncadence.cpp,literal,[8]@368,368,ESTABLISHED,constant,"Music-theory interval or structural integer (a mod-12 root-motion/scale-degree constant, the octave modulus 12, an array size 5/7, or a -1/0 sentinel/index) — established by theory or by construction, not tuned.",no,
src/composing/analysis/function/functioncadence.cpp,literal,[8]@416,416,ESTABLISHED,constant,"Music-theory interval or structural integer (a mod-12 root-motion/scale-degree constant, the octave modulus 12, an array size 5/7, or a -1/0 sentinel/index) — established by theory or by construction, not tuned.",no,
src/composing/analysis/function/functioncadence.cpp,literal,[8]@471,471,ESTABLISHED,constant,"Music-theory interval or structural integer (a mod-12 root-motion/scale-degree constant, the octave modulus 12, an array size 5/7, or a -1/0 sentinel/index) — established by theory or by construction, not tuned.",no,
src/composing/analysis/function/functioncadence.cpp,literal,[8]@88,88,ESTABLISHED,constant,"Music-theory interval or structural integer (a mod-12 root-motion/scale-degree constant, the octave modulus 12, an array size 5/7, or a -1/0 sentinel/index) — established by theory or by construction, not tuned.",no,
src/composing/analysis/function/functioncadence.cpp,literal,[9]@305,305,ESTABLISHED,constant,"Music-theory interval or structural integer (a mod-12 root-motion/scale-degree constant, the octave modulus 12, an array size 5/7, or a -1/0 sentinel/index) — established by theory or by construction, not tuned.",no,
src/composing/analysis/function/functioncadence.cpp,literal,[9]@470,470,ESTABLISHED,constant,"Music-theory interval or structural integer (a mod-12 root-motion/scale-degree constant, the octave modulus 12, an array size 5/7, or a -1/0 sentinel/index) — established by theory or by construction, not tuned.",no,
src/composing/analysis/function/functioncadence.h,crosslayer,composing/analysis/types/analysistypes.h@114,114,SURVIVES,crosslayer,forward/lateral include of the types substrate (L5 consumes L1-L4 + vocabulary/spelling); consistent with the §2 forward-only constraint.,no,
src/composing/analysis/function/functioncadence.h,decl,dominantSeventhPresent@233,233,SURVIVES,code,L5-DORMANT type declaration on the dormant value/contract surface; no production use.,no,
src/composing/analysis/function/functioncadence.h,decl,isGenuineDominant@242,242,SURVIVES,code,L5-DORMANT type declaration on the dormant value/contract surface; no production use.,no,
src/composing/analysis/function/functioncadence.h,decl,isRootPosition@214,214,SURVIVES,code,L5-DORMANT type declaration on the dormant value/contract surface; no production use.,no,
src/composing/analysis/function/functioncadence.h,decl,isSecondInversionTonicTriad@220,220,SURVIVES,code,L5-DORMANT type declaration on the dormant value/contract surface; no production use.,no,
src/composing/analysis/function/functioncadence.h,decl,leadingToneResolves@227,227,SURVIVES,code,L5-DORMANT type declaration on the dormant value/contract surface; no production use.,no,
src/composing/analysis/function/functioncadence.h,field,approachTick@172,172,PUBLISHED,field,"Field on an L5-DORMANT value/contract struct; part of the dormant output surface (read by the module tests and, at engage, the L5->L6 consumer). No siloed/trapped datum found at the struct surface; a per-field consumer trace is an engage-step item.",no,
src/composing/analysis/function/functioncadence.h,field,arrivalTick@173,173,PUBLISHED,field,"Field on an L5-DORMANT value/contract struct; part of the dormant output surface (read by the module tests and, at engage, the L5->L6 consumer). No siloed/trapped datum found at the struct surface; a per-field consumer trace is an engage-step item.",no,
src/composing/analysis/function/functioncadence.h,field,bassFiveToOne@181,181,PUBLISHED,field,"Field on an L5-DORMANT value/contract struct; part of the dormant output surface (read by the module tests and, at engage, the L5->L6 consumer). No siloed/trapped datum found at the struct surface; a per-field consumer trace is an engage-step item.",no,
src/composing/analysis/function/functioncadence.h,field,bassPc@139,139,PUBLISHED,field,"Field on an L5-DORMANT value/contract struct; part of the dormant output surface (read by the module tests and, at engage, the L5->L6 consumer). No siloed/trapped datum found at the struct surface; a per-field consumer trace is an engage-step item.",no,
src/composing/analysis/function/functioncadence.h,field,discountEvaded@205,205,PUBLISHED,field,"Field on an L5-DORMANT value/contract struct; part of the dormant output surface (read by the module tests and, at engage, the L5->L6 consumer). No siloed/trapped datum found at the struct surface; a per-field consumer trace is an engage-step item.",no,
src/composing/analysis/function/functioncadence.h,field,discountHalf@203,203,PUBLISHED,field,"Field on an L5-DORMANT value/contract struct; part of the dormant output surface (read by the module tests and, at engage, the L5->L6 consumer). No siloed/trapped datum found at the struct surface; a per-field consumer trace is an engage-step item.",no,
src/composing/analysis/function/functioncadence.h,field,discountPlagal@204,204,PUBLISHED,field,"Field on an L5-DORMANT value/contract struct; part of the dormant output surface (read by the module tests and, at engage, the L5->L6 consumer). No siloed/trapped datum found at the struct surface; a per-field consumer trace is an engage-step item.",no,
src/composing/analysis/function/functioncadence.h,field,endTick@145,145,PUBLISHED,field,"Field on an L5-DORMANT value/contract struct; part of the dormant output surface (read by the module tests and, at engage, the L5->L6 consumer). No siloed/trapped datum found at the struct surface; a per-field consumer trace is an engage-step item.",no,
src/composing/analysis/function/functioncadence.h,field,endsPhrase@151,151,PUBLISHED,field,"Field on an L5-DORMANT value/contract struct; part of the dormant output surface (read by the module tests and, at engage, the L5->L6 consumer). No siloed/trapped datum found at the struct surface; a per-field consumer trace is an engage-step item.",no,
src/composing/analysis/function/functioncadence.h,field,genuineDominant@183,183,PUBLISHED,field,"Field on an L5-DORMANT value/contract struct; part of the dormant output surface (read by the module tests and, at engage, the L5->L6 consumer). No siloed/trapped datum found at the struct surface; a per-field consumer trace is an engage-step item.",no,
src/composing/analysis/function/functioncadence.h,field,isFinalBar@154,154,PUBLISHED,field,"Field on an L5-DORMANT value/contract struct; part of the dormant output surface (read by the module tests and, at engage, the L5->L6 consumer). No siloed/trapped datum found at the struct surface; a per-field consumer trace is an engage-step item.",no,
src/composing/analysis/function/functioncadence.h,field,leadingToneResolves@182,182,PUBLISHED,field,"Field on an L5-DORMANT value/contract struct; part of the dormant output surface (read by the module tests and, at engage, the L5->L6 consumer). No siloed/trapped datum found at the struct surface; a per-field consumer trace is an engage-step item.",no,
src/composing/analysis/function/functioncadence.h,field,metricWeight@143,143,PUBLISHED,field,"Field on an L5-DORMANT value/contract struct; part of the dormant output surface (read by the module tests and, at engage, the L5->L6 consumer). No siloed/trapped datum found at the struct surface; a per-field consumer trace is an engage-step item.",no,
src/composing/analysis/function/functioncadence.h,field,minorMode@176,176,PUBLISHED,field,"Field on an L5-DORMANT value/contract struct; part of the dormant output surface (read by the module tests and, at engage, the L5->L6 consumer). No siloed/trapped datum found at the struct surface; a per-field consumer trace is an engage-step item.",no,
src/composing/analysis/function/functioncadence.h,field,notes@141,141,PUBLISHED,field,"Field on an L5-DORMANT value/contract struct; part of the dormant output surface (read by the module tests and, at engage, the L5->L6 consumer). No siloed/trapped datum found at the struct surface; a per-field consumer trace is an engage-step item.",no,
src/composing/analysis/function/functioncadence.h,field,pitch@126,126,PUBLISHED,field,"Field on an L5-DORMANT value/contract struct; part of the dormant output surface (read by the module tests and, at engage, the L5->L6 consumer). No siloed/trapped datum found at the struct surface; a per-field consumer trace is an engage-step item.",no,
src/composing/analysis/function/functioncadence.h,field,quality@138,138,PUBLISHED,field,"Field on an L5-DORMANT value/contract struct; part of the dormant output surface (read by the module tests and, at engage, the L5->L6 consumer). No siloed/trapped datum found at the struct surface; a per-field consumer trace is an engage-step item.",no,
src/composing/analysis/function/functioncadence.h,field,rootPc@137,137,PUBLISHED,field,"Field on an L5-DORMANT value/contract struct; part of the dormant output surface (read by the module tests and, at engage, the L5->L6 consumer). No siloed/trapped datum found at the struct surface; a per-field consumer trace is an engage-step item.",no,
src/composing/analysis/function/functioncadence.h,field,sixFourCollapsed@184,184,PUBLISHED,field,"Field on an L5-DORMANT value/contract struct; part of the dormant output surface (read by the module tests and, at engage, the L5->L6 consumer). No siloed/trapped datum found at the struct surface; a per-field consumer trace is an engage-step item.",no,
src/composing/analysis/function/functioncadence.h,field,startTick@144,144,PUBLISHED,field,"Field on an L5-DORMANT value/contract struct; part of the dormant output surface (read by the module tests and, at engage, the L5->L6 consumer). No siloed/trapped datum found at the struct surface; a per-field consumer trace is an engage-step item.",no,
src/composing/analysis/function/functioncadence.h,field,tonicPc@175,175,PUBLISHED,field,"Field on an L5-DORMANT value/contract struct; part of the dormant output surface (read by the module tests and, at engage, the L5->L6 consumer). No siloed/trapped datum found at the struct surface; a per-field consumer trace is an engage-step item.",no,
src/composing/analysis/function/functioncadence.h,field,tonicVote@178,178,PUBLISHED,field,"Field on an L5-DORMANT value/contract struct; part of the dormant output surface (read by the module tests and, at engage, the L5->L6 consumer). No siloed/trapped datum found at the struct surface; a per-field consumer trace is an engage-step item.",no,
src/composing/analysis/function/functioncadence.h,field,type@171,171,PUBLISHED,field,"Field on an L5-DORMANT value/contract struct; part of the dormant output surface (read by the module tests and, at engage, the L5->L6 consumer). No siloed/trapped datum found at the struct surface; a per-field consumer trace is an engage-step item.",no,
src/composing/analysis/function/functioncadence.h,field,voice@125,125,PUBLISHED,field,"Field on an L5-DORMANT value/contract struct; part of the dormant output surface (read by the module tests and, at engage, the L5->L6 consumer). No siloed/trapped datum found at the struct surface; a per-field consumer trace is an engage-step item.",no,
src/composing/analysis/function/functioncadence.h,field,wBase@195,195,PUBLISHED,field,"Field on an L5-DORMANT value/contract struct; part of the dormant output surface (read by the module tests and, at engage, the L5->L6 consumer). No siloed/trapped datum found at the struct surface; a per-field consumer trace is an engage-step item.",no,
src/composing/analysis/function/functioncadence.h,field,wBassFiveToOne@196,196,PUBLISHED,field,"Field on an L5-DORMANT value/contract struct; part of the dormant output surface (read by the module tests and, at engage, the L5->L6 consumer). No siloed/trapped datum found at the struct surface; a per-field consumer trace is an engage-step item.",no,
src/composing/analysis/function/functioncadence.h,field,wFinalBar@201,201,PUBLISHED,field,"Field on an L5-DORMANT value/contract struct; part of the dormant output surface (read by the module tests and, at engage, the L5->L6 consumer). No siloed/trapped datum found at the struct surface; a per-field consumer trace is an engage-step item.",no,
src/composing/analysis/function/functioncadence.h,field,wLeadingTone@197,197,PUBLISHED,field,"Field on an L5-DORMANT value/contract struct; part of the dormant output surface (read by the module tests and, at engage, the L5->L6 consumer). No siloed/trapped datum found at the struct surface; a per-field consumer trace is an engage-step item.",no,
src/composing/analysis/function/functioncadence.h,field,wMetric@199,199,PUBLISHED,field,"Field on an L5-DORMANT value/contract struct; part of the dormant output surface (read by the module tests and, at engage, the L5->L6 consumer). No siloed/trapped datum found at the struct surface; a per-field consumer trace is an engage-step item.",no,
src/composing/analysis/function/functioncadence.h,field,wPhraseBoundary@200,200,PUBLISHED,field,"Field on an L5-DORMANT value/contract struct; part of the dormant output surface (read by the module tests and, at engage, the L5->L6 consumer). No siloed/trapped datum found at the struct surface; a per-field consumer trace is an engage-step item.",no,
src/composing/analysis/function/functioncadence.h,field,wSeventh@198,198,PUBLISHED,field,"Field on an L5-DORMANT value/contract struct; part of the dormant output surface (read by the module tests and, at engage, the L5->L6 consumer). No siloed/trapped datum found at the struct surface; a per-field consumer trace is an engage-step item.",no,
src/composing/analysis/function/functioncadence.h,function,pc@128,128,SURVIVES,code,L5-DORMANT function in the §5.2 key-agnostic event-pair cadence detector; no production consumer (only functioncadence_tests + the batch_analyze diagnostic); byte-identical on production.,no,
src/composing/analysis/function/functioncadence.h,literal,[0.0]@178,178,ESTABLISHED,constant,"Structural double (a zero/one identity default, a [0,1] clamp bound, a boolean-as-double 1/0 indicator, or a >0 guard) — not a tuned parameter.",no,
src/composing/analysis/function/functioncadence.h,literal,[0.5]@203,203,UNFIT,constant,Named precision-phase weight/threshold default (hand-set 'NOT tuned' firewall seed); NOT in param_manifest.json. Dormant: changes no production output. Only the direction is fixed by the design; the value is a Stage-5 fit candidate.,no,
src/composing/analysis/function/functioncadence.h,literal,[0.5]@204,204,UNFIT,constant,Named precision-phase weight/threshold default (hand-set 'NOT tuned' firewall seed); NOT in param_manifest.json. Dormant: changes no production output. Only the direction is fixed by the design; the value is a Stage-5 fit candidate.,no,
src/composing/analysis/function/functioncadence.h,literal,[0.5]@205,205,UNFIT,constant,Named precision-phase weight/threshold default (hand-set 'NOT tuned' firewall seed); NOT in param_manifest.json. Dormant: changes no production output. Only the direction is fixed by the design; the value is a Stage-5 fit candidate.,no,
src/composing/analysis/function/functioncadence.h,literal,[1.0]@143,143,ESTABLISHED,constant,"Structural double (a zero/one identity default, a [0,1] clamp bound, a boolean-as-double 1/0 indicator, or a >0 guard) — not a tuned parameter.",no,
src/composing/analysis/function/functioncadence.h,literal,[1.0]@195,195,UNFIT,constant,Named precision-phase weight/threshold default (hand-set 'NOT tuned' firewall seed); NOT in param_manifest.json. Dormant: changes no production output. Only the direction is fixed by the design; the value is a Stage-5 fit candidate.,no,
src/composing/analysis/function/functioncadence.h,literal,[1.0]@196,196,UNFIT,constant,Named precision-phase weight/threshold default (hand-set 'NOT tuned' firewall seed); NOT in param_manifest.json. Dormant: changes no production output. Only the direction is fixed by the design; the value is a Stage-5 fit candidate.,no,
src/composing/analysis/function/functioncadence.h,literal,[1.0]@197,197,UNFIT,constant,Named precision-phase weight/threshold default (hand-set 'NOT tuned' firewall seed); NOT in param_manifest.json. Dormant: changes no production output. Only the direction is fixed by the design; the value is a Stage-5 fit candidate.,no,
src/composing/analysis/function/functioncadence.h,literal,[1.0]@198,198,UNFIT,constant,Named precision-phase weight/threshold default (hand-set 'NOT tuned' firewall seed); NOT in param_manifest.json. Dormant: changes no production output. Only the direction is fixed by the design; the value is a Stage-5 fit candidate.,no,
src/composing/analysis/function/functioncadence.h,literal,[1.0]@199,199,UNFIT,constant,Named precision-phase weight/threshold default (hand-set 'NOT tuned' firewall seed); NOT in param_manifest.json. Dormant: changes no production output. Only the direction is fixed by the design; the value is a Stage-5 fit candidate.,no,
src/composing/analysis/function/functioncadence.h,literal,[1.0]@201,201,UNFIT,constant,Named precision-phase weight/threshold default (hand-set 'NOT tuned' firewall seed); NOT in param_manifest.json. Dormant: changes no production output. Only the direction is fixed by the design; the value is a Stage-5 fit candidate.,no,
src/composing/analysis/function/functioncadence.h,literal,[12]@128,128,ESTABLISHED,constant,"Music-theory interval or structural integer (a mod-12 root-motion/scale-degree constant, the octave modulus 12, an array size 5/7, or a -1/0 sentinel/index) — established by theory or by construction, not tuned.",no,
src/composing/analysis/function/functioncadence.h,literal,[12]@128,128,ESTABLISHED,constant,"Music-theory interval or structural integer (a mod-12 root-motion/scale-degree constant, the octave modulus 12, an array size 5/7, or a -1/0 sentinel/index) — established by theory or by construction, not tuned.",no,
src/composing/analysis/function/functioncadence.h,literal,[12]@128,128,ESTABLISHED,constant,"Music-theory interval or structural integer (a mod-12 root-motion/scale-degree constant, the octave modulus 12, an array size 5/7, or a -1/0 sentinel/index) — established by theory or by construction, not tuned.",no,
src/composing/analysis/function/functioncadence.h,literal,[2.0]@200,200,UNFIT,constant,Named precision-phase weight/threshold default (hand-set 'NOT tuned' firewall seed); NOT in param_manifest.json. Dormant: changes no production output. Only the direction is fixed by the design; the value is a Stage-5 fit candidate.,no,
src/composing/analysis/function/functionmodulation.cpp,branch,if@119,119,SURVIVES,branch,"THEORY (music-theory / design decision): a functional-harmony test whose premise is cited to the signed design §5.x (root-motion, cadence-form, precedence, or the firewall threshold direction). Dormant.",no,
src/composing/analysis/function/functionmodulation.cpp,branch,if@138,138,SURVIVES,branch,"THEORY (music-theory / design decision): a functional-harmony test whose premise is cited to the signed design §5.x (root-motion, cadence-form, precedence, or the firewall threshold direction). Dormant.",no,
src/composing/analysis/function/functionmodulation.cpp,branch,if@153,153,SURVIVES,branch,"THEORY (music-theory / design decision): a functional-harmony test whose premise is cited to the signed design §5.x (root-motion, cadence-form, precedence, or the firewall threshold direction). Dormant.",no,
src/composing/analysis/function/functionmodulation.cpp,branch,if@53,53,ASSUMPTION,branch,The §5.3/§5.4 cadence-confirmation gate counts ANY FunctionalCadence type with a matching tonic; the design and this file own header restrict confirmation to an authentic OR half cadence. A deceptive/plagal/evaded cadence would wrongly confirm a modulation (a deceptive cadence by definition denies the tonic). [finding anchor src/composing/analysis/function/functionmodulation.cpp:53],yes,modulation-confirmation-admits-all-cadence-types
src/composing/analysis/function/functionmodulation.cpp,branch,ternary@66,66,SURVIVES,branch,"THEORY (music-theory / design decision): a functional-harmony test whose premise is cited to the signed design §5.x (root-motion, cadence-form, precedence, or the firewall threshold direction). Dormant.",no,
src/composing/analysis/function/functionmodulation.cpp,branch,ternary@70,70,SURVIVES,branch,"FACT (defensive): a structural range/null/empty guard — a construction invariant, not a musical judgment. Dormant.",no,
src/composing/analysis/function/functionmodulation.cpp,branch,ternary@77,77,SURVIVES,branch,"THEORY (music-theory / design decision): a functional-harmony test whose premise is cited to the signed design §5.x (root-motion, cadence-form, precedence, or the firewall threshold direction). Dormant.",no,
src/composing/analysis/function/functionmodulation.cpp,crosslayer,functionmodulation.h@22,22,SURVIVES,crosslayer,external/std-library include; no layer coupling.,no,
src/composing/analysis/function/functionmodulation.cpp,function,decideTonicizationVsModulation@27,27,ASSUMPTION,code,The §5.3/§5.4 cadence-confirmation gate counts ANY FunctionalCadence type with a matching tonic; the design and this file own header restrict confirmation to an authentic OR half cadence. A deceptive/plagal/evaded cadence would wrongly confirm a modulation (a deceptive cadence by definition denies the tonic). [finding anchor src/composing/analysis/function/functionmodulation.cpp:60],yes,modulation-confirmation-admits-all-cadence-types
src/composing/analysis/function/functionmodulation.cpp,function,detectAndDecideModulations@95,95,SURVIVES,code,L5-DORMANT function in the §5.3/§5.4 tonicization-vs-modulation arbiter + recompute; no production consumer (only functionmodulation_tests + the batch_analyze diagnostic); byte-identical on production.,no,
src/composing/analysis/function/functionmodulation.cpp,function,modulationRecompute@108,108,SURVIVES,code,L5-DORMANT function in the §5.3/§5.4 tonicization-vs-modulation arbiter + recompute; no production consumer (only functionmodulation_tests + the batch_analyze diagnostic); byte-identical on production.,no,
src/composing/analysis/function/functionmodulation.cpp,literal,[0.0]@51,51,ESTABLISHED,constant,"Structural double (a zero/one identity default, a [0,1] clamp bound, a boolean-as-double 1/0 indicator, or a >0 guard) — not a tuned parameter.",no,
src/composing/analysis/function/functionmodulation.cpp,literal,[0.0]@77,77,ESTABLISHED,constant,"Structural double (a zero/one identity default, a [0,1] clamp bound, a boolean-as-double 1/0 indicator, or a >0 guard) — not a tuned parameter.",no,
src/composing/analysis/function/functionmodulation.cpp,literal,[1.0]@77,77,ESTABLISHED,constant,"Structural double (a zero/one identity default, a [0,1] clamp bound, a boolean-as-double 1/0 indicator, or a >0 guard) — not a tuned parameter.",no,
src/composing/analysis/function/functionmodulation.h,crosslayer,composing/analysis/section/localmodulationdetector.h@97,97,SURVIVES,crosslayer,forward/lateral include of the section substrate (L5 consumes L1-L4 + vocabulary/spelling); consistent with the §2 forward-only constraint.,no,
src/composing/analysis/function/functionmodulation.h,crosslayer,forwardoverride.h@99,99,SURVIVES,crosslayer,external/std-library include; no layer coupling.,no,
src/composing/analysis/function/functionmodulation.h,crosslayer,functioncadence.h@98,98,SURVIVES,crosslayer,external/std-library include; no layer coupling.,no,
src/composing/analysis/function/functionmodulation.h,field,baseChangeCost@111,111,PUBLISHED,field,"Field on an L5-DORMANT value/contract struct; part of the dormant output surface (read by the module tests and, at engage, the L5->L6 consumer). No siloed/trapped datum found at the struct surface; a per-field consumer trace is an engage-step item.",no,
src/composing/analysis/function/functionmodulation.h,field,cadenceConfirmed@143,143,PUBLISHED,field,"Field on an L5-DORMANT value/contract struct; part of the dormant output surface (read by the module tests and, at engage, the L5->L6 consumer). No siloed/trapped datum found at the struct surface; a per-field consumer trace is an engage-step item.",no,
src/composing/analysis/function/functionmodulation.h,field,cadentialWeight@145,145,PUBLISHED,field,"Field on an L5-DORMANT value/contract struct; part of the dormant output surface (read by the module tests and, at engage, the L5->L6 consumer). No siloed/trapped datum found at the struct surface; a per-field consumer trace is an engage-step item.",no,
src/composing/analysis/function/functionmodulation.h,field,changeCost@150,150,PUBLISHED,field,"Field on an L5-DORMANT value/contract struct; part of the dormant output surface (read by the module tests and, at engage, the L5->L6 consumer). No siloed/trapped datum found at the struct surface; a per-field consumer trace is an engage-step item.",no,
src/composing/analysis/function/functionmodulation.h,field,confirmingCadenceCount@144,144,PUBLISHED,field,"Field on an L5-DORMANT value/contract struct; part of the dormant output surface (read by the module tests and, at engage, the L5->L6 consumer). No siloed/trapped datum found at the struct surface; a per-field consumer trace is an engage-step item.",no,
src/composing/analysis/function/functionmodulation.h,field,durationWholeNotes@146,146,PUBLISHED,field,"Field on an L5-DORMANT value/contract struct; part of the dormant output surface (read by the module tests and, at engage, the L5->L6 consumer). No siloed/trapped datum found at the struct surface; a per-field consumer trace is an engage-step item.",no,
src/composing/analysis/function/functionmodulation.h,field,endTick@138,138,PUBLISHED,field,"Field on an L5-DORMANT value/contract struct; part of the dormant output surface (read by the module tests and, at engage, the L5->L6 consumer). No siloed/trapped datum found at the struct surface; a per-field consumer trace is an engage-step item.",no,
src/composing/analysis/function/functionmodulation.h,field,fired@190,190,PUBLISHED,field,"Field on an L5-DORMANT value/contract struct; part of the dormant output surface (read by the module tests and, at engage, the L5->L6 consumer). No siloed/trapped datum found at the struct surface; a per-field consumer trace is an engage-step item.",no,
src/composing/analysis/function/functionmodulation.h,field,isHomeKey@142,142,PUBLISHED,field,"Field on an L5-DORMANT value/contract struct; part of the dormant output surface (read by the module tests and, at engage, the L5->L6 consumer). No siloed/trapped datum found at the struct surface; a per-field consumer trace is an engage-step item.",no,
src/composing/analysis/function/functionmodulation.h,field,isModulation@152,152,PUBLISHED,field,"Field on an L5-DORMANT value/contract struct; part of the dormant output surface (read by the module tests and, at engage, the L5->L6 consumer). No siloed/trapped datum found at the struct surface; a per-field consumer trace is an engage-step item.",no,
src/composing/analysis/function/functionmodulation.h,field,minorMode@140,140,PUBLISHED,field,"Field on an L5-DORMANT value/contract struct; part of the dormant output surface (read by the module tests and, at engage, the L5->L6 consumer). No siloed/trapped datum found at the struct surface; a per-field consumer trace is an engage-step item.",no,
src/composing/analysis/function/functionmodulation.h,field,newMinorMode@193,193,PUBLISHED,field,"Field on an L5-DORMANT value/contract struct; part of the dormant output surface (read by the module tests and, at engage, the L5->L6 consumer). No siloed/trapped datum found at the struct surface; a per-field consumer trace is an engage-step item.",no,
src/composing/analysis/function/functionmodulation.h,field,newTonicPc@192,192,PUBLISHED,field,"Field on an L5-DORMANT value/contract struct; part of the dormant output surface (read by the module tests and, at engage, the L5->L6 consumer). No siloed/trapped datum found at the struct surface; a per-field consumer trace is an engage-step item.",no,
src/composing/analysis/function/functionmodulation.h,field,override@117,117,PUBLISHED,field,"Field on an L5-DORMANT value/contract struct; part of the dormant output surface (read by the module tests and, at engage, the L5->L6 consumer). No siloed/trapped datum found at the struct surface; a per-field consumer trace is an engage-step item.",no,
src/composing/analysis/function/functionmodulation.h,field,persistenceEvidence@149,149,PUBLISHED,field,"Field on an L5-DORMANT value/contract struct; part of the dormant output surface (read by the module tests and, at engage, the L5->L6 consumer). No siloed/trapped datum found at the struct surface; a per-field consumer trace is an engage-step item.",no,
src/composing/analysis/function/functionmodulation.h,field,slicesReread@191,191,PUBLISHED,field,"Field on an L5-DORMANT value/contract struct; part of the dormant output surface (read by the module tests and, at engage, the L5->L6 consumer). No siloed/trapped datum found at the struct surface; a per-field consumer trace is an engage-step item.",no,
src/composing/analysis/function/functionmodulation.h,field,spellingSupport@147,147,PUBLISHED,field,"Field on an L5-DORMANT value/contract struct; part of the dormant output surface (read by the module tests and, at engage, the L5->L6 consumer). No siloed/trapped datum found at the struct surface; a per-field consumer trace is an engage-step item.",no,
src/composing/analysis/function/functionmodulation.h,field,startTick@137,137,PUBLISHED,field,"Field on an L5-DORMANT value/contract struct; part of the dormant output surface (read by the module tests and, at engage, the L5->L6 consumer). No siloed/trapped datum found at the struct surface; a per-field consumer trace is an engage-step item.",no,
src/composing/analysis/function/functionmodulation.h,field,tonicPc@139,139,PUBLISHED,field,"Field on an L5-DORMANT value/contract struct; part of the dormant output surface (read by the module tests and, at engage, the L5->L6 consumer). No siloed/trapped datum found at the struct surface; a per-field consumer trace is an engage-step item.",no,
src/composing/analysis/function/functionmodulation.h,field,wCadentialWeight@113,113,PUBLISHED,field,"Field on an L5-DORMANT value/contract struct; part of the dormant output surface (read by the module tests and, at engage, the L5->L6 consumer). No siloed/trapped datum found at the struct surface; a per-field consumer trace is an engage-step item.",no,
src/composing/analysis/function/functionmodulation.h,field,wDuration@112,112,PUBLISHED,field,"Field on an L5-DORMANT value/contract struct; part of the dormant output surface (read by the module tests and, at engage, the L5->L6 consumer). No siloed/trapped datum found at the struct surface; a per-field consumer trace is an engage-step item.",no,
src/composing/analysis/function/functionmodulation.h,field,wSpelling@114,114,PUBLISHED,field,"Field on an L5-DORMANT value/contract struct; part of the dormant output surface (read by the module tests and, at engage, the L5->L6 consumer). No siloed/trapped datum found at the struct surface; a per-field consumer trace is an engage-step item.",no,
src/composing/analysis/function/functionmodulation.h,literal,[0.0]@145,145,ESTABLISHED,constant,"Structural double (a zero/one identity default, a [0,1] clamp bound, a boolean-as-double 1/0 indicator, or a >0 guard) — not a tuned parameter.",no,
src/composing/analysis/function/functionmodulation.h,literal,[0.0]@146,146,ESTABLISHED,constant,"Structural double (a zero/one identity default, a [0,1] clamp bound, a boolean-as-double 1/0 indicator, or a >0 guard) — not a tuned parameter.",no,
src/composing/analysis/function/functionmodulation.h,literal,[0.0]@149,149,ESTABLISHED,constant,"Structural double (a zero/one identity default, a [0,1] clamp bound, a boolean-as-double 1/0 indicator, or a >0 guard) — not a tuned parameter.",no,
src/composing/analysis/function/functionmodulation.h,literal,[0.0]@150,150,ESTABLISHED,constant,"Structural double (a zero/one identity default, a [0,1] clamp bound, a boolean-as-double 1/0 indicator, or a >0 guard) — not a tuned parameter.",no,
src/composing/analysis/function/functionmodulation.h,literal,[0.5]@114,114,UNFIT,constant,Named precision-phase weight/threshold default (hand-set 'NOT tuned' firewall seed); NOT in param_manifest.json. Dormant: changes no production output. Only the direction is fixed by the design; the value is a Stage-5 fit candidate.,no,
src/composing/analysis/function/functionmodulation.h,literal,[1.0]@111,111,UNFIT,constant,Named precision-phase weight/threshold default (hand-set 'NOT tuned' firewall seed); NOT in param_manifest.json. Dormant: changes no production output. Only the direction is fixed by the design; the value is a Stage-5 fit candidate.,no,
src/composing/analysis/function/functionmodulation.h,literal,[1.0]@112,112,UNFIT,constant,Named precision-phase weight/threshold default (hand-set 'NOT tuned' firewall seed); NOT in param_manifest.json. Dormant: changes no production output. Only the direction is fixed by the design; the value is a Stage-5 fit candidate.,no,
src/composing/analysis/function/functionmodulation.h,literal,[1.0]@113,113,UNFIT,constant,Named precision-phase weight/threshold default (hand-set 'NOT tuned' firewall seed); NOT in param_manifest.json. Dormant: changes no production output. Only the direction is fixed by the design; the value is a Stage-5 fit candidate.,no,
src/composing/analysis/function/functionmodulation.h,literal,[1920.0]@128,128,ESTABLISHED,constant,"FACT: MuseScore whole-note tick unit (480 ticks/quarter) — a stable time unit, not a threshold.",no,
src/composing/analysis/function/functionoutput.cpp,branch,if@38,38,SURVIVES,branch,"THEORY (music-theory / design decision): a functional-harmony test whose premise is cited to the signed design §5.x (root-motion, cadence-form, precedence, or the firewall threshold direction). Dormant.",no,
src/composing/analysis/function/functionoutput.cpp,branch,if@39,39,SURVIVES,branch,"THEORY (music-theory / design decision): a functional-harmony test whose premise is cited to the signed design §5.x (root-motion, cadence-form, precedence, or the firewall threshold direction). Dormant.",no,
src/composing/analysis/function/functionoutput.cpp,branch,if@53,53,SURVIVES,branch,"FACT (defensive): a structural range/null/empty guard — a construction invariant, not a musical judgment. Dormant.",no,
src/composing/analysis/function/functionoutput.cpp,branch,if@57,57,SURVIVES,branch,"FACT (defensive): a structural range/null/empty guard — a construction invariant, not a musical judgment. Dormant.",no,
src/composing/analysis/function/functionoutput.cpp,branch,if@79,79,SURVIVES,branch,"FACT (defensive): a structural range/null/empty guard — a construction invariant, not a musical judgment. Dormant.",no,
src/composing/analysis/function/functionoutput.cpp,branch,if@92,92,SURVIVES,branch,"THEORY (music-theory / design decision): a functional-harmony test whose premise is cited to the signed design §5.x (root-motion, cadence-form, precedence, or the firewall threshold direction). Dormant.",no,
src/composing/analysis/function/functionoutput.cpp,branch,ternary@58,58,SURVIVES,branch,"THEORY (music-theory / design decision): a functional-harmony test whose premise is cited to the signed design §5.x (root-motion, cadence-form, precedence, or the firewall threshold direction). Dormant.",no,
src/composing/analysis/function/functionoutput.cpp,crosslayer,composing/analysis/function/functionoutput.h@23,23,SURVIVES,crosslayer,"sibling L5 function/ include (the §6 single-owner reuse, not duplication).",no,
src/composing/analysis/function/functionoutput.cpp,function,assembleFunctionOutput@67,67,ASSUMPTION,code,combinedBoundary = combined/(combined+kBoundary) has no guard for kBoundary<=0; with kBoundary=0 and combined=0 it is 0/0 (NaN). The default kBoundary=1.0 is safe and the path is dormant — a latent edge only if a future caller zeroes the seed. [finding anchor src/composing/analysis/function/functionoutput.cpp:132],yes,combined-boundary-no-kboundary-positivity-guard
src/composing/analysis/function/functionoutput.cpp,function,cadenceVoteForUnit@33,33,SURVIVES,code,L5-DORMANT function in the §7 output assembly (the L5→L6 contract); no production consumer (only functionoutput_tests + the batch_analyze diagnostic); byte-identical on production.,no,
src/composing/analysis/function/functionoutput.cpp,function,licensedFitForUnit@51,51,SURVIVES,code,L5-DORMANT function in the §7 output assembly (the L5→L6 contract); no production consumer (only functionoutput_tests + the batch_analyze diagnostic); byte-identical on production.,no,
src/composing/analysis/function/functionoutput.cpp,literal,[0.0]@36,36,ESTABLISHED,constant,"Structural double (a zero/one identity default, a [0,1] clamp bound, a boolean-as-double 1/0 indicator, or a >0 guard) — not a tuned parameter.",no,
src/composing/analysis/function/functionoutput.cpp,literal,[0.0]@54,54,ESTABLISHED,constant,"Structural double (a zero/one identity default, a [0,1] clamp bound, a boolean-as-double 1/0 indicator, or a >0 guard) — not a tuned parameter.",no,
src/composing/analysis/function/functionoutput.cpp,literal,[0.0]@58,58,ESTABLISHED,constant,"Structural double (a zero/one identity default, a [0,1] clamp bound, a boolean-as-double 1/0 indicator, or a >0 guard) — not a tuned parameter.",no,
src/composing/analysis/function/functionoutput.cpp,literal,[0.0]@61,61,ESTABLISHED,constant,"Structural double (a zero/one identity default, a [0,1] clamp bound, a boolean-as-double 1/0 indicator, or a >0 guard) — not a tuned parameter.",no,
src/composing/analysis/function/functionoutput.cpp,literal,[1.0]@58,58,ESTABLISHED,constant,"Structural double (a zero/one identity default, a [0,1] clamp bound, a boolean-as-double 1/0 indicator, or a >0 guard) — not a tuned parameter.",no,
src/composing/analysis/function/functionoutput.h,crosslayer,composing/analysis/chord/chordanalyzer.h@73,73,SURVIVES,crosslayer,forward/lateral include of the chord substrate (L5 consumes L1-L4 + vocabulary/spelling); consistent with the §2 forward-only constraint.,no,
src/composing/analysis/function/functionoutput.h,crosslayer,functioncadence.h@74,74,SURVIVES,crosslayer,external/std-library include; no layer coupling.,no,
src/composing/analysis/function/functionoutput.h,crosslayer,functionmodulation.h@75,75,SURVIVES,crosslayer,external/std-library include; no layer coupling.,no,
src/composing/analysis/function/functionoutput.h,crosslayer,functionprogression.h@76,76,SURVIVES,crosslayer,external/std-library include; no layer coupling.,no,
src/composing/analysis/function/functionoutput.h,crosslayer,functionrelationallabel.h@77,77,SURVIVES,crosslayer,external/std-library include; no layer coupling.,no,
src/composing/analysis/function/functionoutput.h,field,cadenceVoteWeight@86,86,PUBLISHED,field,"Field on an L5-DORMANT value/contract struct; part of the dormant output surface (read by the module tests and, at engage, the L5->L6 consumer). No siloed/trapped datum found at the struct surface; a per-field consumer trace is an engage-step item.",no,
src/composing/analysis/function/functionoutput.h,field,cadences@138,138,PUBLISHED,field,"Field on an L5-DORMANT value/contract struct; part of the dormant output surface (read by the module tests and, at engage, the L5->L6 consumer). No siloed/trapped datum found at the struct surface; a per-field consumer trace is an engage-step item.",no,
src/composing/analysis/function/functionoutput.h,field,chord@159,159,PUBLISHED,field,"Field on an L5-DORMANT value/contract struct; part of the dormant output surface (read by the module tests and, at engage, the L5->L6 consumer). No siloed/trapped datum found at the struct surface; a per-field consumer trace is an engage-step item.",no,
src/composing/analysis/function/functionoutput.h,field,combined@89,89,PUBLISHED,field,"Field on an L5-DORMANT value/contract struct; part of the dormant output surface (read by the module tests and, at engage, the L5->L6 consumer). No siloed/trapped datum found at the struct surface; a per-field consumer trace is an engage-step item.",no,
src/composing/analysis/function/functionoutput.h,field,combinedBoundary@98,98,PUBLISHED,field,"Field on an L5-DORMANT value/contract struct; part of the dormant output surface (read by the module tests and, at engage, the L5->L6 consumer). No siloed/trapped datum found at the struct surface; a per-field consumer trace is an engage-step item.",no,
src/composing/analysis/function/functionoutput.h,field,committed@160,160,PUBLISHED,field,"Field on an L5-DORMANT value/contract struct; part of the dormant output surface (read by the module tests and, at engage, the L5->L6 consumer). No siloed/trapped datum found at the struct surface; a per-field consumer trace is an engage-step item.",no,
src/composing/analysis/function/functionoutput.h,field,committedIdentity@126,126,PUBLISHED,field,"Field on an L5-DORMANT value/contract struct; part of the dormant output surface (read by the module tests and, at engage, the L5->L6 consumer). No siloed/trapped datum found at the struct surface; a per-field consumer trace is an engage-step item.",no,
src/composing/analysis/function/functionoutput.h,field,committedIdentity@158,158,PUBLISHED,field,"Field on an L5-DORMANT value/contract struct; part of the dormant output surface (read by the module tests and, at engage, the L5->L6 consumer). No siloed/trapped datum found at the struct surface; a per-field consumer trace is an engage-step item.",no,
src/composing/analysis/function/functionoutput.h,field,confidence@123,123,PUBLISHED,field,"Field on an L5-DORMANT value/contract struct; part of the dormant output surface (read by the module tests and, at engage, the L5->L6 consumer). No siloed/trapped datum found at the struct surface; a per-field consumer trace is an engage-step item.",no,
src/composing/analysis/function/functionoutput.h,field,endTick@118,118,PUBLISHED,field,"Field on an L5-DORMANT value/contract struct; part of the dormant output surface (read by the module tests and, at engage, the L5->L6 consumer). No siloed/trapped datum found at the struct surface; a per-field consumer trace is an engage-step item.",no,
src/composing/analysis/function/functionoutput.h,field,endTick@132,132,PUBLISHED,field,"Field on an L5-DORMANT value/contract struct; part of the dormant output surface (read by the module tests and, at engage, the L5->L6 consumer). No siloed/trapped datum found at the struct surface; a per-field consumer trace is an engage-step item.",no,
src/composing/analysis/function/functionoutput.h,field,endTick@156,156,PUBLISHED,field,"Field on an L5-DORMANT value/contract struct; part of the dormant output surface (read by the module tests and, at engage, the L5->L6 consumer). No siloed/trapped datum found at the struct surface; a per-field consumer trace is an engage-step item.",no,
src/composing/analysis/function/functionoutput.h,field,kBoundary@108,108,PUBLISHED,field,"Field on an L5-DORMANT value/contract struct; part of the dormant output surface (read by the module tests and, at engage, the L5->L6 consumer). No siloed/trapped datum found at the struct surface; a per-field consumer trace is an engage-step item.",no,
src/composing/analysis/function/functionoutput.h,field,licensedProgressionFit@87,87,PUBLISHED,field,"Field on an L5-DORMANT value/contract struct; part of the dormant output surface (read by the module tests and, at engage, the L5->L6 consumer). No siloed/trapped datum found at the struct surface; a per-field consumer trace is an engage-step item.",no,
src/composing/analysis/function/functionoutput.h,field,localMinorMode@135,135,PUBLISHED,field,"Field on an L5-DORMANT value/contract struct; part of the dormant output surface (read by the module tests and, at engage, the L5->L6 consumer). No siloed/trapped datum found at the struct surface; a per-field consumer trace is an engage-step item.",no,
src/composing/analysis/function/functionoutput.h,field,localTonicPc@134,134,PUBLISHED,field,"Field on an L5-DORMANT value/contract struct; part of the dormant output surface (read by the module tests and, at engage, the L5->L6 consumer). No siloed/trapped datum found at the struct surface; a per-field consumer trace is an engage-step item.",no,
src/composing/analysis/function/functionoutput.h,field,modulated@136,136,PUBLISHED,field,"Field on an L5-DORMANT value/contract struct; part of the dormant output surface (read by the module tests and, at engage, the L5->L6 consumer). No siloed/trapped datum found at the struct surface; a per-field consumer trace is an engage-step item.",no,
src/composing/analysis/function/functionoutput.h,field,nextBestMargin@88,88,PUBLISHED,field,"Field on an L5-DORMANT value/contract struct; part of the dormant output surface (read by the module tests and, at engage, the L5->L6 consumer). No siloed/trapped datum found at the struct surface; a per-field consumer trace is an engage-step item.",no,
src/composing/analysis/function/functionoutput.h,field,openMark@124,124,PUBLISHED,field,"Field on an L5-DORMANT value/contract struct; part of the dormant output surface (read by the module tests and, at engage, the L5->L6 consumer). No siloed/trapped datum found at the struct surface; a per-field consumer trace is an engage-step item.",no,
src/composing/analysis/function/functionoutput.h,field,openMark@165,165,PUBLISHED,field,"Field on an L5-DORMANT value/contract struct; part of the dormant output surface (read by the module tests and, at engage, the L5->L6 consumer). No siloed/trapped datum found at the struct surface; a per-field consumer trace is an engage-step item.",no,
src/composing/analysis/function/functionoutput.h,field,region@144,144,PUBLISHED,field,"Field on an L5-DORMANT value/contract struct; part of the dormant output surface (read by the module tests and, at engage, the L5->L6 consumer). No siloed/trapped datum found at the struct surface; a per-field consumer trace is an engage-step item.",no,
src/composing/analysis/function/functionoutput.h,field,relational@162,162,PUBLISHED,field,"Field on an L5-DORMANT value/contract struct; part of the dormant output surface (read by the module tests and, at engage, the L5->L6 consumer). No siloed/trapped datum found at the struct surface; a per-field consumer trace is an engage-step item.",no,
src/composing/analysis/function/functionoutput.h,field,relationalRole@121,121,PUBLISHED,field,"Field on an L5-DORMANT value/contract struct; part of the dormant output surface (read by the module tests and, at engage, the L5->L6 consumer). No siloed/trapped datum found at the struct surface; a per-field consumer trace is an engage-step item.",no,
src/composing/analysis/function/functionoutput.h,field,resolverConfidence@166,166,PUBLISHED,field,"Field on an L5-DORMANT value/contract struct; part of the dormant output surface (read by the module tests and, at engage, the L5->L6 consumer). No siloed/trapped datum found at the struct surface; a per-field consumer trace is an engage-step item.",no,
src/composing/analysis/function/functionoutput.h,field,romanNumeral@120,120,PUBLISHED,field,"Field on an L5-DORMANT value/contract struct; part of the dormant output surface (read by the module tests and, at engage, the L5->L6 consumer). No siloed/trapped datum found at the struct surface; a per-field consumer trace is an engage-step item.",no,
src/composing/analysis/function/functionoutput.h,field,sliceIndex@116,116,PUBLISHED,field,"Field on an L5-DORMANT value/contract struct; part of the dormant output surface (read by the module tests and, at engage, the L5->L6 consumer). No siloed/trapped datum found at the struct surface; a per-field consumer trace is an engage-step item.",no,
src/composing/analysis/function/functionoutput.h,field,startTick@117,117,PUBLISHED,field,"Field on an L5-DORMANT value/contract struct; part of the dormant output surface (read by the module tests and, at engage, the L5->L6 consumer). No siloed/trapped datum found at the struct surface; a per-field consumer trace is an engage-step item.",no,
src/composing/analysis/function/functionoutput.h,field,startTick@131,131,PUBLISHED,field,"Field on an L5-DORMANT value/contract struct; part of the dormant output surface (read by the module tests and, at engage, the L5->L6 consumer). No siloed/trapped datum found at the struct surface; a per-field consumer trace is an engage-step item.",no,
src/composing/analysis/function/functionoutput.h,field,startTick@155,155,PUBLISHED,field,"Field on an L5-DORMANT value/contract struct; part of the dormant output surface (read by the module tests and, at engage, the L5->L6 consumer). No siloed/trapped datum found at the struct surface; a per-field consumer trace is an engage-step item.",no,
src/composing/analysis/function/functionoutput.h,field,units@143,143,PUBLISHED,field,"Field on an L5-DORMANT value/contract struct; part of the dormant output surface (read by the module tests and, at engage, the L5->L6 consumer). No siloed/trapped datum found at the struct surface; a per-field consumer trace is an engage-step item.",no,
src/composing/analysis/function/functionoutput.h,field,wCadenceVote@103,103,PUBLISHED,field,"Field on an L5-DORMANT value/contract struct; part of the dormant output surface (read by the module tests and, at engage, the L5->L6 consumer). No siloed/trapped datum found at the struct surface; a per-field consumer trace is an engage-step item.",no,
src/composing/analysis/function/functionoutput.h,field,wLicensedFit@104,104,PUBLISHED,field,"Field on an L5-DORMANT value/contract struct; part of the dormant output surface (read by the module tests and, at engage, the L5->L6 consumer). No siloed/trapped datum found at the struct surface; a per-field consumer trace is an engage-step item.",no,
src/composing/analysis/function/functionoutput.h,field,wNextBestMargin@105,105,PUBLISHED,field,"Field on an L5-DORMANT value/contract struct; part of the dormant output surface (read by the module tests and, at engage, the L5->L6 consumer). No siloed/trapped datum found at the struct surface; a per-field consumer trace is an engage-step item.",no,
src/composing/analysis/function/functionoutput.h,literal,[0.0]@166,166,ESTABLISHED,constant,"Structural double (a zero/one identity default, a [0,1] clamp bound, a boolean-as-double 1/0 indicator, or a >0 guard) — not a tuned parameter.",no,
src/composing/analysis/function/functionoutput.h,literal,[0.0]@86,86,ESTABLISHED,constant,"Structural double (a zero/one identity default, a [0,1] clamp bound, a boolean-as-double 1/0 indicator, or a >0 guard) — not a tuned parameter.",no,
src/composing/analysis/function/functionoutput.h,literal,[0.0]@87,87,ESTABLISHED,constant,"Structural double (a zero/one identity default, a [0,1] clamp bound, a boolean-as-double 1/0 indicator, or a >0 guard) — not a tuned parameter.",no,
src/composing/analysis/function/functionoutput.h,literal,[0.0]@88,88,ESTABLISHED,constant,"Structural double (a zero/one identity default, a [0,1] clamp bound, a boolean-as-double 1/0 indicator, or a >0 guard) — not a tuned parameter.",no,
src/composing/analysis/function/functionoutput.h,literal,[0.0]@89,89,ESTABLISHED,constant,"Structural double (a zero/one identity default, a [0,1] clamp bound, a boolean-as-double 1/0 indicator, or a >0 guard) — not a tuned parameter.",no,
src/composing/analysis/function/functionoutput.h,literal,[0.0]@98,98,ESTABLISHED,constant,"Structural double (a zero/one identity default, a [0,1] clamp bound, a boolean-as-double 1/0 indicator, or a >0 guard) — not a tuned parameter.",no,
src/composing/analysis/function/functionoutput.h,literal,[1.0]@103,103,UNFIT,constant,Named precision-phase weight/threshold default (hand-set 'NOT tuned' firewall seed); NOT in param_manifest.json. Dormant: changes no production output. Only the direction is fixed by the design; the value is a Stage-5 fit candidate.,no,
src/composing/analysis/function/functionoutput.h,literal,[1.0]@104,104,UNFIT,constant,Named precision-phase weight/threshold default (hand-set 'NOT tuned' firewall seed); NOT in param_manifest.json. Dormant: changes no production output. Only the direction is fixed by the design; the value is a Stage-5 fit candidate.,no,
src/composing/analysis/function/functionoutput.h,literal,[1.0]@105,105,UNFIT,constant,Named precision-phase weight/threshold default (hand-set 'NOT tuned' firewall seed); NOT in param_manifest.json. Dormant: changes no production output. Only the direction is fixed by the design; the value is a Stage-5 fit candidate.,no,
src/composing/analysis/function/functionoutput.h,literal,[1.0]@108,108,UNFIT,constant,Named precision-phase weight/threshold default (hand-set 'NOT tuned' firewall seed); NOT in param_manifest.json. Dormant: changes no production output. Only the direction is fixed by the design; the value is a Stage-5 fit candidate.,no,
src/composing/analysis/function/functionprogression.cpp,branch,if@100,100,SURVIVES,branch,"THEORY (music-theory / design decision): a functional-harmony test whose premise is cited to the signed design §5.x (root-motion, cadence-form, precedence, or the firewall threshold direction). Dormant.",no,
src/composing/analysis/function/functionprogression.cpp,branch,if@106,106,SURVIVES,branch,"THEORY (music-theory / design decision): a functional-harmony test whose premise is cited to the signed design §5.x (root-motion, cadence-form, precedence, or the firewall threshold direction). Dormant.",no,
src/composing/analysis/function/functionprogression.cpp,branch,if@114,114,SURVIVES,branch,"THEORY (music-theory / design decision): a functional-harmony test whose premise is cited to the signed design §5.x (root-motion, cadence-form, precedence, or the firewall threshold direction). Dormant.",no,
src/composing/analysis/function/functionprogression.cpp,branch,if@127,127,SURVIVES,branch,"FACT (defensive): a structural range/null/empty guard — a construction invariant, not a musical judgment. Dormant.",no,
src/composing/analysis/function/functionprogression.cpp,branch,if@148,148,SURVIVES,branch,"FACT (defensive): a structural range/null/empty guard — a construction invariant, not a musical judgment. Dormant.",no,
src/composing/analysis/function/functionprogression.cpp,branch,if@165,165,SURVIVES,branch,"FACT (defensive): a structural range/null/empty guard — a construction invariant, not a musical judgment. Dormant.",no,
src/composing/analysis/function/functionprogression.cpp,branch,if@169,169,SURVIVES,branch,"THEORY (music-theory / design decision): a functional-harmony test whose premise is cited to the signed design §5.x (root-motion, cadence-form, precedence, or the firewall threshold direction). Dormant.",no,
src/composing/analysis/function/functionprogression.cpp,branch,if@179,179,SURVIVES,branch,"FACT (defensive): a structural range/null/empty guard — a construction invariant, not a musical judgment. Dormant.",no,
src/composing/analysis/function/functionprogression.cpp,branch,if@183,183,SURVIVES,branch,"THEORY (music-theory / design decision): a functional-harmony test whose premise is cited to the signed design §5.x (root-motion, cadence-form, precedence, or the firewall threshold direction). Dormant.",no,
src/composing/analysis/function/functionprogression.cpp,branch,if@32,32,SURVIVES,branch,"FACT (defensive): a structural range/null/empty guard — a construction invariant, not a musical judgment. Dormant.",no,
src/composing/analysis/function/functionprogression.cpp,branch,if@94,94,SURVIVES,branch,"FACT (defensive): a structural range/null/empty guard — a construction invariant, not a musical judgment. Dormant.",no,
src/composing/analysis/function/functionprogression.cpp,crosslayer,functionprogression.h@22,22,SURVIVES,crosslayer,external/std-library include; no layer coupling.,no,
src/composing/analysis/function/functionprogression.cpp,function,establishedNextFunctionIndex@176,176,SURVIVES,code,L5-DORMANT function in the §5.0 licensed-progression grammar (the D5 grammar owner); no production consumer (only functionprogression_tests + the batch_analyze diagnostic); byte-identical on production.,no,
src/composing/analysis/function/functionprogression.cpp,function,isAppliedResolution@91,91,ASSUMPTION,code,The resolutionEdgeBonus augmented->major/minor same-root (delta 0) edge is deliberately excluded (§5.0 licenses root MOTION); a design decision the code itself flags to Cowork. [finding anchor src/composing/analysis/function/functionprogression.cpp:122],yes,applied-resolution-augmented-delta0-excluded
src/composing/analysis/function/functionprogression.cpp,function,isAscendingFifth@62,62,FACT,code,"isAscendingFifth / isDescendingSecond / isDiatonicDiminishedFifth (the three §15-12 motions) are implemented; the signed design §5.0/§15-12 still describes the code as the pre-amendment set ""pending dispatch"" — the design doc is stale relative to code. [finding anchor src/composing/analysis/function/functionprogression.cpp:62]",yes,grammar-amendment-landed-design-doc-stale
src/composing/analysis/function/functionprogression.cpp,function,isAscendingSecond@54,54,SURVIVES,code,L5-DORMANT function in the §5.0 licensed-progression grammar (the D5 grammar owner); no production consumer (only functionprogression_tests + the batch_analyze diagnostic); byte-identical on production.,no,
src/composing/analysis/function/functionprogression.cpp,function,isDescendingFifth@40,40,SURVIVES,code,L5-DORMANT function in the §5.0 licensed-progression grammar (the D5 grammar owner); no production consumer (only functionprogression_tests + the batch_analyze diagnostic); byte-identical on production.,no,
src/composing/analysis/function/functionprogression.cpp,function,isDescendingSecond@71,71,FACT,code,"isAscendingFifth / isDescendingSecond / isDiatonicDiminishedFifth (the three §15-12 motions) are implemented; the signed design §5.0/§15-12 still describes the code as the pre-amendment set ""pending dispatch"" — the design doc is stale relative to code. [finding anchor src/composing/analysis/function/functionprogression.cpp:71]",yes,grammar-amendment-landed-design-doc-stale
src/composing/analysis/function/functionprogression.cpp,function,isDescendingThird@47,47,SURVIVES,code,L5-DORMANT function in the §5.0 licensed-progression grammar (the D5 grammar owner); no production consumer (only functionprogression_tests + the batch_analyze diagnostic); byte-identical on production.,no,
src/composing/analysis/function/functionprogression.cpp,function,isDiatonicDiminishedFifth@80,80,FACT,code,"isAscendingFifth / isDescendingSecond / isDiatonicDiminishedFifth (the three §15-12 motions) are implemented; the signed design §5.0/§15-12 still describes the code as the pre-amendment set ""pending dispatch"" — the design doc is stale relative to code. [finding anchor src/composing/analysis/function/functionprogression.cpp:80]",yes,grammar-amendment-landed-design-doc-stale
src/composing/analysis/function/functionprogression.cpp,function,isLicensedProgression@125,125,SURVIVES,code,L5-DORMANT function in the §5.0 licensed-progression grammar (the D5 grammar owner); no production consumer (only functionprogression_tests + the batch_analyze diagnostic); byte-identical on production.,no,
src/composing/analysis/function/functionprogression.cpp,function,isMetricallyStrong@145,145,SURVIVES,code,L5-DORMANT function in the §5.0 licensed-progression grammar (the D5 grammar owner); no production consumer (only functionprogression_tests + the batch_analyze diagnostic); byte-identical on production.,no,
src/composing/analysis/function/functionprogression.cpp,function,prevailingHarmonyIndex@162,162,SURVIVES,code,L5-DORMANT function in the §5.0 licensed-progression grammar (the D5 grammar owner); no production consumer (only functionprogression_tests + the batch_analyze diagnostic); byte-identical on production.,no,
src/composing/analysis/function/functionprogression.cpp,function,rootMotion@30,30,SURVIVES,code,L5-DORMANT function in the §5.0 licensed-progression grammar (the D5 grammar owner); no production consumer (only functionprogression_tests + the batch_analyze diagnostic); byte-identical on production.,no,
src/composing/analysis/function/functionprogression.cpp,literal,[10]@77,77,ESTABLISHED,constant,"Music-theory interval or structural integer (a mod-12 root-motion/scale-degree constant, the octave modulus 12, an array size 5/7, or a -1/0 sentinel/index) — established by theory or by construction, not tuned.",no,
src/composing/analysis/function/functionprogression.cpp,literal,[11]@77,77,ESTABLISHED,constant,"Music-theory interval or structural integer (a mod-12 root-motion/scale-degree constant, the octave modulus 12, an array size 5/7, or a -1/0 sentinel/index) — established by theory or by construction, not tuned.",no,
src/composing/analysis/function/functionprogression.cpp,literal,[12]@35,35,ESTABLISHED,constant,"Music-theory interval or structural integer (a mod-12 root-motion/scale-degree constant, the octave modulus 12, an array size 5/7, or a -1/0 sentinel/index) — established by theory or by construction, not tuned.",no,
src/composing/analysis/function/functionprogression.cpp,literal,[12]@35,35,ESTABLISHED,constant,"Music-theory interval or structural integer (a mod-12 root-motion/scale-degree constant, the octave modulus 12, an array size 5/7, or a -1/0 sentinel/index) — established by theory or by construction, not tuned.",no,
src/composing/analysis/function/functionprogression.cpp,literal,[12]@35,35,ESTABLISHED,constant,"Music-theory interval or structural integer (a mod-12 root-motion/scale-degree constant, the octave modulus 12, an array size 5/7, or a -1/0 sentinel/index) — established by theory or by construction, not tuned.",no,
src/composing/analysis/function/functionprogression.cpp,literal,[2]@59,59,ESTABLISHED,constant,"Music-theory interval or structural integer (a mod-12 root-motion/scale-degree constant, the octave modulus 12, an array size 5/7, or a -1/0 sentinel/index) — established by theory or by construction, not tuned.",no,
src/composing/analysis/function/functionprogression.cpp,literal,[5]@100,100,ESTABLISHED,constant,"Music-theory interval or structural integer (a mod-12 root-motion/scale-degree constant, the octave modulus 12, an array size 5/7, or a -1/0 sentinel/index) — established by theory or by construction, not tuned.",no,
src/composing/analysis/function/functionprogression.cpp,literal,[5]@116,116,ESTABLISHED,constant,"Music-theory interval or structural integer (a mod-12 root-motion/scale-degree constant, the octave modulus 12, an array size 5/7, or a -1/0 sentinel/index) — established by theory or by construction, not tuned.",no,
src/composing/analysis/function/functionprogression.cpp,literal,[5]@44,44,ESTABLISHED,constant,"Music-theory interval or structural integer (a mod-12 root-motion/scale-degree constant, the octave modulus 12, an array size 5/7, or a -1/0 sentinel/index) — established by theory or by construction, not tuned.",no,
src/composing/analysis/function/functionprogression.cpp,literal,[6]@87,87,ESTABLISHED,constant,"Music-theory interval or structural integer (a mod-12 root-motion/scale-degree constant, the octave modulus 12, an array size 5/7, or a -1/0 sentinel/index) — established by theory or by construction, not tuned.",no,
src/composing/analysis/function/functionprogression.cpp,literal,[7]@68,68,ESTABLISHED,constant,"Music-theory interval or structural integer (a mod-12 root-motion/scale-degree constant, the octave modulus 12, an array size 5/7, or a -1/0 sentinel/index) — established by theory or by construction, not tuned.",no,
src/composing/analysis/function/functionprogression.cpp,literal,[8]@51,51,ESTABLISHED,constant,"Music-theory interval or structural integer (a mod-12 root-motion/scale-degree constant, the octave modulus 12, an array size 5/7, or a -1/0 sentinel/index) — established by theory or by construction, not tuned.",no,
src/composing/analysis/function/functionprogression.cpp,literal,[9]@51,51,ESTABLISHED,constant,"Music-theory interval or structural integer (a mod-12 root-motion/scale-degree constant, the octave modulus 12, an array size 5/7, or a -1/0 sentinel/index) — established by theory or by construction, not tuned.",no,
src/composing/analysis/function/functionprogression.h,crosslayer,composing/analysis/types/analysistypes.h@118,118,SURVIVES,crosslayer,forward/lateral include of the types substrate (L5 consumes L1-L4 + vocabulary/spelling); consistent with the §2 forward-only constraint.,no,
src/composing/analysis/function/functionprogression.h,decl,establishedNextFunctionIndex@242,242,SURVIVES,code,L5-DORMANT type declaration on the dormant value/contract surface; no production use.,no,
src/composing/analysis/function/functionprogression.h,decl,isAppliedResolution@197,197,SURVIVES,code,L5-DORMANT type declaration on the dormant value/contract surface; no production use.,no,
src/composing/analysis/function/functionprogression.h,decl,isAscendingFifth@170,170,SURVIVES,code,L5-DORMANT type declaration on the dormant value/contract surface; no production use.,no,
src/composing/analysis/function/functionprogression.h,decl,isAscendingSecond@162,162,SURVIVES,code,L5-DORMANT type declaration on the dormant value/contract surface; no production use.,no,
src/composing/analysis/function/functionprogression.h,decl,isDescendingFifth@154,154,SURVIVES,code,L5-DORMANT type declaration on the dormant value/contract surface; no production use.,no,
src/composing/analysis/function/functionprogression.h,decl,isDescendingSecond@175,175,SURVIVES,code,L5-DORMANT type declaration on the dormant value/contract surface; no production use.,no,
src/composing/analysis/function/functionprogression.h,decl,isDescendingThird@158,158,SURVIVES,code,L5-DORMANT type declaration on the dormant value/contract surface; no production use.,no,
src/composing/analysis/function/functionprogression.h,decl,isDiatonicDiminishedFifth@182,182,SURVIVES,code,L5-DORMANT type declaration on the dormant value/contract surface; no production use.,no,
src/composing/analysis/function/functionprogression.h,decl,isLicensedProgression@212,212,SURVIVES,code,L5-DORMANT type declaration on the dormant value/contract surface; no production use.,no,
src/composing/analysis/function/functionprogression.h,decl,isMetricallyStrong@228,228,SURVIVES,code,L5-DORMANT type declaration on the dormant value/contract surface; no production use.,no,
src/composing/analysis/function/functionprogression.h,decl,prevailingHarmonyIndex@235,235,SURVIVES,code,L5-DORMANT type declaration on the dormant value/contract surface; no production use.,no,
src/composing/analysis/function/functionprogression.h,field,chord@139,139,PUBLISHED,field,"Field on an L5-DORMANT value/contract struct; part of the dormant output surface (read by the module tests and, at engage, the L5->L6 consumer). No siloed/trapped datum found at the struct surface; a per-field consumer trace is an engage-step item.",no,
src/composing/analysis/function/functionprogression.h,field,committed@140,140,PUBLISHED,field,"Field on an L5-DORMANT value/contract struct; part of the dormant output surface (read by the module tests and, at engage, the L5->L6 consumer). No siloed/trapped datum found at the struct surface; a per-field consumer trace is an engage-step item.",no,
src/composing/analysis/function/functionprogression.h,field,endTick@143,143,PUBLISHED,field,"Field on an L5-DORMANT value/contract struct; part of the dormant output surface (read by the module tests and, at engage, the L5->L6 consumer). No siloed/trapped datum found at the struct surface; a per-field consumer trace is an engage-step item.",no,
src/composing/analysis/function/functionprogression.h,field,metricWeight@141,141,PUBLISHED,field,"Field on an L5-DORMANT value/contract struct; part of the dormant output surface (read by the module tests and, at engage, the L5->L6 consumer). No siloed/trapped datum found at the struct surface; a per-field consumer trace is an engage-step item.",no,
src/composing/analysis/function/functionprogression.h,field,quality@129,129,PUBLISHED,field,"Field on an L5-DORMANT value/contract struct; part of the dormant output surface (read by the module tests and, at engage, the L5->L6 consumer). No siloed/trapped datum found at the struct surface; a per-field consumer trace is an engage-step item.",no,
src/composing/analysis/function/functionprogression.h,field,rootPc@128,128,PUBLISHED,field,"Field on an L5-DORMANT value/contract struct; part of the dormant output surface (read by the module tests and, at engage, the L5->L6 consumer). No siloed/trapped datum found at the struct surface; a per-field consumer trace is an engage-step item.",no,
src/composing/analysis/function/functionprogression.h,field,startTick@142,142,PUBLISHED,field,"Field on an L5-DORMANT value/contract struct; part of the dormant output surface (read by the module tests and, at engage, the L5->L6 consumer). No siloed/trapped datum found at the struct surface; a per-field consumer trace is an engage-step item.",no,
src/composing/analysis/function/functionprogression.h,literal,[1.0]@141,141,ESTABLISHED,constant,"Structural double (a zero/one identity default, a [0,1] clamp bound, a boolean-as-double 1/0 indicator, or a >0 guard) — not a tuned parameter.",no,
src/composing/analysis/function/functionrelationallabel.cpp,branch,case@170,170,SURVIVES,branch,"THEORY (music-theory / design decision): a functional-harmony test whose premise is cited to the signed design §5.x (root-motion, cadence-form, precedence, or the firewall threshold direction). Dormant.",no,
src/composing/analysis/function/functionrelationallabel.cpp,branch,case@171,171,SURVIVES,branch,"THEORY (music-theory / design decision): a functional-harmony test whose premise is cited to the signed design §5.x (root-motion, cadence-form, precedence, or the firewall threshold direction). Dormant.",no,
src/composing/analysis/function/functionrelationallabel.cpp,branch,case@172,172,SURVIVES,branch,"THEORY (music-theory / design decision): a functional-harmony test whose premise is cited to the signed design §5.x (root-motion, cadence-form, precedence, or the firewall threshold direction). Dormant.",no,
src/composing/analysis/function/functionrelationallabel.cpp,branch,case@173,173,SURVIVES,branch,"THEORY (music-theory / design decision): a functional-harmony test whose premise is cited to the signed design §5.x (root-motion, cadence-form, precedence, or the firewall threshold direction). Dormant.",no,
src/composing/analysis/function/functionrelationallabel.cpp,branch,case@174,174,SURVIVES,branch,"THEORY (music-theory / design decision): a functional-harmony test whose premise is cited to the signed design §5.x (root-motion, cadence-form, precedence, or the firewall threshold direction). Dormant.",no,
src/composing/analysis/function/functionrelationallabel.cpp,branch,else-if@196,196,ASSUMPTION,branch,"tryModalMixture tags the ModalMixture role only for a chromatic root or (in Ionian) a quality-altered diatonic degree; a quality-altered diatonic-root borrowing in a MINOR key gets no role (label string still correct) — a documented scope limit, declared to Cowork. [finding anchor src/composing/analysis/function/functionrelationallabel.cpp:196]",yes,modal-mixture-role-minor-key-incomplete
src/composing/analysis/function/functionrelationallabel.cpp,branch,if@115,115,SURVIVES,branch,"FACT (defensive): a structural range/null/empty guard — a construction invariant, not a musical judgment. Dormant.",no,
src/composing/analysis/function/functionrelationallabel.cpp,branch,if@118,118,ASSUMPTION,branch,"tryAugmentedSixth fires only when identity.rootPc == tonic+8 (b6-hat); it assumes Layer 4 roots an augmented-sixth sonority on the lowered submediant. If L4 commits a different root for the (root-ambiguous) aug6, the trigger does not fire — an engage-time input contract assumption. [finding anchor src/composing/analysis/function/functionrelationallabel.cpp:118]",yes,augmented-sixth-trigger-assumes-flat6-root
src/composing/analysis/function/functionrelationallabel.cpp,branch,if@123,123,SURVIVES,branch,"THEORY (music-theory / design decision): a functional-harmony test whose premise is cited to the signed design §5.x (root-motion, cadence-form, precedence, or the firewall threshold direction). Dormant.",no,
src/composing/analysis/function/functionrelationallabel.cpp,branch,if@142,142,SURVIVES,branch,"FACT (defensive): a structural range/null/empty guard — a construction invariant, not a musical judgment. Dormant.",no,
src/composing/analysis/function/functionrelationallabel.cpp,branch,if@145,145,SURVIVES,branch,"THEORY (music-theory / design decision): a functional-harmony test whose premise is cited to the signed design §5.x (root-motion, cadence-form, precedence, or the firewall threshold direction). Dormant.",no,
src/composing/analysis/function/functionrelationallabel.cpp,branch,if@189,189,SURVIVES,branch,"FACT (defensive): a structural range/null/empty guard — a construction invariant, not a musical judgment. Dormant.",no,
src/composing/analysis/function/functionrelationallabel.cpp,branch,if@194,194,SURVIVES,branch,"FACT (defensive): a structural range/null/empty guard — a construction invariant, not a musical judgment. Dormant.",no,
src/composing/analysis/function/functionrelationallabel.cpp,branch,if@199,199,SURVIVES,branch,"THEORY (music-theory / design decision): a functional-harmony test whose premise is cited to the signed design §5.x (root-motion, cadence-form, precedence, or the firewall threshold direction). Dormant.",no,
src/composing/analysis/function/functionrelationallabel.cpp,branch,if@203,203,SURVIVES,branch,"THEORY (music-theory / design decision): a functional-harmony test whose premise is cited to the signed design §5.x (root-motion, cadence-form, precedence, or the firewall threshold direction). Dormant.",no,
src/composing/analysis/function/functionrelationallabel.cpp,branch,if@218,218,SURVIVES,branch,"FACT (defensive): a structural range/null/empty guard — a construction invariant, not a musical judgment. Dormant.",no,
src/composing/analysis/function/functionrelationallabel.cpp,branch,if@244,244,SURVIVES,branch,"THEORY (music-theory / design decision): a functional-harmony test whose premise is cited to the signed design §5.x (root-motion, cadence-form, precedence, or the firewall threshold direction). Dormant.",no,
src/composing/analysis/function/functionrelationallabel.cpp,branch,if@275,275,SURVIVES,branch,"THEORY (music-theory / design decision): a functional-harmony test whose premise is cited to the signed design §5.x (root-motion, cadence-form, precedence, or the firewall threshold direction). Dormant.",no,
src/composing/analysis/function/functionrelationallabel.cpp,branch,if@282,282,SURVIVES,branch,"THEORY (music-theory / design decision): a functional-harmony test whose premise is cited to the signed design §5.x (root-motion, cadence-form, precedence, or the firewall threshold direction). Dormant.",no,
src/composing/analysis/function/functionrelationallabel.cpp,branch,if@296,296,SURVIVES,branch,"THEORY (music-theory / design decision): a functional-harmony test whose premise is cited to the signed design §5.x (root-motion, cadence-form, precedence, or the firewall threshold direction). Dormant.",no,
src/composing/analysis/function/functionrelationallabel.cpp,branch,if@307,307,SURVIVES,branch,"THEORY (music-theory / design decision): a functional-harmony test whose premise is cited to the signed design §5.x (root-motion, cadence-form, precedence, or the firewall threshold direction). Dormant.",no,
src/composing/analysis/function/functionrelationallabel.cpp,branch,if@324,324,SURVIVES,branch,"THEORY (music-theory / design decision): a functional-harmony test whose premise is cited to the signed design §5.x (root-motion, cadence-form, precedence, or the firewall threshold direction). Dormant.",no,
src/composing/analysis/function/functionrelationallabel.cpp,branch,if@327,327,SURVIVES,branch,"THEORY (music-theory / design decision): a functional-harmony test whose premise is cited to the signed design §5.x (root-motion, cadence-form, precedence, or the firewall threshold direction). Dormant.",no,
src/composing/analysis/function/functionrelationallabel.cpp,branch,if@330,330,SURVIVES,branch,"THEORY (music-theory / design decision): a functional-harmony test whose premise is cited to the signed design §5.x (root-motion, cadence-form, precedence, or the firewall threshold direction). Dormant.",no,
src/composing/analysis/function/functionrelationallabel.cpp,branch,if@333,333,SURVIVES,branch,"THEORY (music-theory / design decision): a functional-harmony test whose premise is cited to the signed design §5.x (root-motion, cadence-form, precedence, or the firewall threshold direction). Dormant.",no,
src/composing/analysis/function/functionrelationallabel.cpp,branch,if@78,78,SURVIVES,branch,"THEORY (music-theory / design decision): a functional-harmony test whose premise is cited to the signed design §5.x (root-motion, cadence-form, precedence, or the firewall threshold direction). Dormant.",no,
src/composing/analysis/function/functionrelationallabel.cpp,branch,if@84,84,SURVIVES,branch,"THEORY (music-theory / design decision): a functional-harmony test whose premise is cited to the signed design §5.x (root-motion, cadence-form, precedence, or the firewall threshold direction). Dormant.",no,
src/composing/analysis/function/functionrelationallabel.cpp,branch,if@89,89,SURVIVES,branch,"THEORY (music-theory / design decision): a functional-harmony test whose premise is cited to the signed design §5.x (root-motion, cadence-form, precedence, or the firewall threshold direction). Dormant.",no,
src/composing/analysis/function/functionrelationallabel.cpp,branch,if@93,93,SURVIVES,branch,"THEORY (music-theory / design decision): a functional-harmony test whose premise is cited to the signed design §5.x (root-motion, cadence-form, precedence, or the firewall threshold direction). Dormant.",no,
src/composing/analysis/function/functionrelationallabel.cpp,branch,if@96,96,SURVIVES,branch,"THEORY (music-theory / design decision): a functional-harmony test whose premise is cited to the signed design §5.x (root-motion, cadence-form, precedence, or the firewall threshold direction). Dormant.",no,
src/composing/analysis/function/functionrelationallabel.cpp,branch,switch@169,169,SURVIVES,branch,"THEORY (music-theory / design decision): a functional-harmony test whose premise is cited to the signed design §5.x (root-motion, cadence-form, precedence, or the firewall threshold direction). Dormant.",no,
src/composing/analysis/function/functionrelationallabel.cpp,crosslayer,composing/analysis/chord/analysisutils.h@25,25,SURVIVES,crosslayer,forward/lateral include of the chord substrate (L5 consumes L1-L4 + vocabulary/spelling); consistent with the §2 forward-only constraint.,no,
src/composing/analysis/function/functionrelationallabel.cpp,crosslayer,composing/analysis/engravingbridge/spellingview.h@26,26,SURVIVES,crosslayer,forward/lateral include of the engravingbridge substrate (L5 consumes L1-L4 + vocabulary/spelling); consistent with the §2 forward-only constraint.,no,
src/composing/analysis/function/functionrelationallabel.cpp,crosslayer,composing/analysis/function/functionrelationallabel.h@23,23,SURVIVES,crosslayer,"sibling L5 function/ include (the §6 single-owner reuse, not duplication).",no,
src/composing/analysis/function/functionrelationallabel.cpp,crosslayer,composing/analysis/function/tonicizationlabeler.h@27,27,SURVIVES,crosslayer,"sibling L5 function/ include (the §6 single-owner reuse, not duplication).",no,
src/composing/analysis/function/functionrelationallabel.cpp,crosslayer,composing/analysis/region/sparsechordrefinement.h@28,28,SURVIVES,crosslayer,forward/lateral include of the region substrate (L5 consumes L1-L4 + vocabulary/spelling); consistent with the §2 forward-only constraint.,no,
src/composing/analysis/function/functionrelationallabel.cpp,function,augSixthSpellingSign@72,72,SURVIVES,code,L5-DORMANT function in the §5.6 relational-label classifier + unified applied emitter; no production consumer (only functionrelationallabel_tests + the batch_analyze diagnostic); byte-identical on production.,no,
src/composing/analysis/function/functionrelationallabel.cpp,function,baseNumeral@59,59,SURVIVES,code,L5-DORMANT function in the §5.6 relational-label classifier + unified applied emitter; no production consumer (only functionrelationallabel_tests + the batch_analyze diagnostic); byte-identical on production.,no,
src/composing/analysis/function/functionrelationallabel.cpp,function,classifyRelationalLabel@319,319,SURVIVES,code,L5-DORMANT function in the §5.6 relational-label classifier + unified applied emitter; no production consumer (only functionrelationallabel_tests + the batch_analyze diagnostic); byte-identical on production.,no,
src/composing/analysis/function/functionrelationallabel.cpp,function,emitAppliedLabel@215,215,SURVIVES,code,L5-DORMANT function in the §5.6 relational-label classifier + unified applied emitter; no production consumer (only functionrelationallabel_tests + the batch_analyze diagnostic); byte-identical on production.,no,
src/composing/analysis/function/functionrelationallabel.cpp,function,makeResult@44,44,SURVIVES,code,L5-DORMANT function in the §5.6 relational-label classifier + unified applied emitter; no production consumer (only functionrelationallabel_tests + the batch_analyze diagnostic); byte-identical on production.,no,
src/composing/analysis/function/functionrelationallabel.cpp,function,triadFamily@167,167,SURVIVES,code,L5-DORMANT function in the §5.6 relational-label classifier + unified applied emitter; no production consumer (only functionrelationallabel_tests + the batch_analyze diagnostic); byte-identical on production.,no,
src/composing/analysis/function/functionrelationallabel.cpp,function,tryAugmentedSixth@111,111,SURVIVES,code,L5-DORMANT function in the §5.6 relational-label classifier + unified applied emitter; no production consumer (only functionrelationallabel_tests + the batch_analyze diagnostic); byte-identical on production.,no,
src/composing/analysis/function/functionrelationallabel.cpp,function,tryModalMixture@185,185,SURVIVES,code,L5-DORMANT function in the §5.6 relational-label classifier + unified applied emitter; no production consumer (only functionrelationallabel_tests + the batch_analyze diagnostic); byte-identical on production.,no,
src/composing/analysis/function/functionrelationallabel.cpp,function,tryNeapolitan@138,138,SURVIVES,code,L5-DORMANT function in the §5.6 relational-label classifier + unified applied emitter; no production consumer (only functionrelationallabel_tests + the batch_analyze diagnostic); byte-identical on production.,no,
src/composing/analysis/function/functionrelationallabel.cpp,literal,[10]@81,81,ESTABLISHED,constant,"Music-theory interval or structural integer (a mod-12 root-motion/scale-degree constant, the octave modulus 12, an array size 5/7, or a -1/0 sentinel/index) — established by theory or by construction, not tuned.",no,
src/composing/analysis/function/functionrelationallabel.cpp,literal,[10]@93,93,ESTABLISHED,constant,"Music-theory interval or structural integer (a mod-12 root-motion/scale-degree constant, the octave modulus 12, an array size 5/7, or a -1/0 sentinel/index) — established by theory or by construction, not tuned.",no,
src/composing/analysis/function/functionrelationallabel.cpp,literal,[11]@274,274,ESTABLISHED,constant,"Music-theory interval or structural integer (a mod-12 root-motion/scale-degree constant, the octave modulus 12, an array size 5/7, or a -1/0 sentinel/index) — established by theory or by construction, not tuned.",no,
src/composing/analysis/function/functionrelationallabel.cpp,literal,[2]@230,230,ESTABLISHED,constant,"Music-theory interval or structural integer (a mod-12 root-motion/scale-degree constant, the octave modulus 12, an array size 5/7, or a -1/0 sentinel/index) — established by theory or by construction, not tuned.",no,
src/composing/analysis/function/functionrelationallabel.cpp,literal,[2]@96,96,ESTABLISHED,constant,"Music-theory interval or structural integer (a mod-12 root-motion/scale-degree constant, the octave modulus 12, an array size 5/7, or a -1/0 sentinel/index) — established by theory or by construction, not tuned.",no,
src/composing/analysis/function/functionrelationallabel.cpp,literal,[7]@159,159,ESTABLISHED,constant,"Music-theory interval or structural integer (a mod-12 root-motion/scale-degree constant, the octave modulus 12, an array size 5/7, or a -1/0 sentinel/index) — established by theory or by construction, not tuned.",no,
src/composing/analysis/function/functionrelationallabel.cpp,literal,[7]@196,196,ESTABLISHED,constant,"Music-theory interval or structural integer (a mod-12 root-motion/scale-degree constant, the octave modulus 12, an array size 5/7, or a -1/0 sentinel/index) — established by theory or by construction, not tuned.",no,
src/composing/analysis/function/functionrelationallabel.cpp,literal,[7]@273,273,ESTABLISHED,constant,"Music-theory interval or structural integer (a mod-12 root-motion/scale-degree constant, the octave modulus 12, an array size 5/7, or a -1/0 sentinel/index) — established by theory or by construction, not tuned.",no,
src/composing/analysis/function/functionrelationallabel.cpp,literal,[7]@89,89,ESTABLISHED,constant,"Music-theory interval or structural integer (a mod-12 root-motion/scale-degree constant, the octave modulus 12, an array size 5/7, or a -1/0 sentinel/index) — established by theory or by construction, not tuned.",no,
src/composing/analysis/function/functionrelationallabel.cpp,literal,[8]@118,118,ESTABLISHED,constant,"Music-theory interval or structural integer (a mod-12 root-motion/scale-degree constant, the octave modulus 12, an array size 5/7, or a -1/0 sentinel/index) — established by theory or by construction, not tuned.",no,
src/composing/analysis/function/functionrelationallabel.h,crosslayer,composing/analysis/chord/chordanalyzer.h@95,95,SURVIVES,crosslayer,forward/lateral include of the chord substrate (L5 consumes L1-L4 + vocabulary/spelling); consistent with the §2 forward-only constraint.,no,
src/composing/analysis/function/functionrelationallabel.h,decl,classifyRelationalLabel@157,157,SURVIVES,code,L5-DORMANT type declaration on the dormant value/contract surface; no production use.,no,
src/composing/analysis/function/functionrelationallabel.h,decl,emitAppliedLabel@167,167,SURVIVES,code,L5-DORMANT type declaration on the dormant value/contract surface; no production use.,no,
src/composing/analysis/function/functionrelationallabel.h,field,identity@115,115,PUBLISHED,field,"Field on an L5-DORMANT value/contract struct; part of the dormant output surface (read by the module tests and, at engage, the L5->L6 consumer). No siloed/trapped datum found at the struct surface; a per-field consumer trace is an engage-step item.",no,
src/composing/analysis/function/functionrelationallabel.h,field,keyFifths@117,117,PUBLISHED,field,"Field on an L5-DORMANT value/contract struct; part of the dormant output surface (read by the module tests and, at engage, the L5->L6 consumer). No siloed/trapped datum found at the struct surface; a per-field consumer trace is an engage-step item.",no,
src/composing/analysis/function/functionrelationallabel.h,field,keyMode@118,118,PUBLISHED,field,"Field on an L5-DORMANT value/contract struct; part of the dormant output surface (read by the module tests and, at engage, the L5->L6 consumer). No siloed/trapped datum found at the struct surface; a per-field consumer trace is an engage-step item.",no,
src/composing/analysis/function/functionrelationallabel.h,field,keyTonicPc@119,119,PUBLISHED,field,"Field on an L5-DORMANT value/contract struct; part of the dormant output surface (read by the module tests and, at engage, the L5->L6 consumer). No siloed/trapped datum found at the struct surface; a per-field consumer trace is an engage-step item.",no,
src/composing/analysis/function/functionrelationallabel.h,field,label@141,141,PUBLISHED,field,"Field on an L5-DORMANT value/contract struct; part of the dormant output surface (read by the module tests and, at engage, the L5->L6 consumer). No siloed/trapped datum found at the struct surface; a per-field consumer trace is an engage-step item.",no,
src/composing/analysis/function/functionrelationallabel.h,field,nextRootPc@125,125,PUBLISHED,field,"Field on an L5-DORMANT value/contract struct; part of the dormant output surface (read by the module tests and, at engage, the L5->L6 consumer). No siloed/trapped datum found at the struct surface; a per-field consumer trace is an engage-step item.",no,
src/composing/analysis/function/functionrelationallabel.h,field,noteTpcs@131,131,PUBLISHED,field,"Field on an L5-DORMANT value/contract struct; part of the dormant output surface (read by the module tests and, at engage, the L5->L6 consumer). No siloed/trapped datum found at the struct surface; a per-field consumer trace is an engage-step item.",no,
src/composing/analysis/function/functionrelationallabel.h,field,pitchClassMask@135,135,PUBLISHED,field,"Field on an L5-DORMANT value/contract struct; part of the dormant output surface (read by the module tests and, at engage, the L5->L6 consumer). No siloed/trapped datum found at the struct surface; a per-field consumer trace is an engage-step item.",no,
src/composing/analysis/function/functionrelationallabel.h,field,role@140,140,PUBLISHED,field,"Field on an L5-DORMANT value/contract struct; part of the dormant output surface (read by the module tests and, at engage, the L5->L6 consumer). No siloed/trapped datum found at the struct surface; a per-field consumer trace is an engage-step item.",no,
src/composing/analysis/function/functionrelationallabel.h,field,spelledAsAugSixth@147,147,PUBLISHED,field,"Field on an L5-DORMANT value/contract struct; part of the dormant output surface (read by the module tests and, at engage, the L5->L6 consumer). No siloed/trapped datum found at the struct surface; a per-field consumer trace is an engage-step item.",no,
src/composing/analysis/function/functionrelationallabel.h,field,spellingConsulted@146,146,PUBLISHED,field,"Field on an L5-DORMANT value/contract struct; part of the dormant output surface (read by the module tests and, at engage, the L5->L6 consumer). No siloed/trapped datum found at the struct surface; a per-field consumer trace is an engage-step item.",no,
src/composing/analysis/function/functionrelationallabel.h,field,targetDegree@143,143,PUBLISHED,field,"Field on an L5-DORMANT value/contract struct; part of the dormant output surface (read by the module tests and, at engage, the L5->L6 consumer). No siloed/trapped datum found at the struct surface; a per-field consumer trace is an engage-step item.",no,
src/composing/analysis/function/functionrelationallabel.h,field,targetPc@144,144,PUBLISHED,field,"Field on an L5-DORMANT value/contract struct; part of the dormant output surface (read by the module tests and, at engage, the L5->L6 consumer). No siloed/trapped datum found at the struct surface; a per-field consumer trace is an engage-step item.",no,
src/composing/analysis/function/functionresolver.cpp,branch,case@118,118,SURVIVES,branch,"THEORY (music-theory / design decision): a functional-harmony test whose premise is cited to the signed design §5.x (root-motion, cadence-form, precedence, or the firewall threshold direction). Dormant.",no,
src/composing/analysis/function/functionresolver.cpp,branch,case@118,118,SURVIVES,branch,"THEORY (music-theory / design decision): a functional-harmony test whose premise is cited to the signed design §5.x (root-motion, cadence-form, precedence, or the firewall threshold direction). Dormant.",no,
src/composing/analysis/function/functionresolver.cpp,branch,case@119,119,SURVIVES,branch,"THEORY (music-theory / design decision): a functional-harmony test whose premise is cited to the signed design §5.x (root-motion, cadence-form, precedence, or the firewall threshold direction). Dormant.",no,
src/composing/analysis/function/functionresolver.cpp,branch,case@119,119,SURVIVES,branch,"THEORY (music-theory / design decision): a functional-harmony test whose premise is cited to the signed design §5.x (root-motion, cadence-form, precedence, or the firewall threshold direction). Dormant.",no,
src/composing/analysis/function/functionresolver.cpp,branch,case@120,120,SURVIVES,branch,"THEORY (music-theory / design decision): a functional-harmony test whose premise is cited to the signed design §5.x (root-motion, cadence-form, precedence, or the firewall threshold direction). Dormant.",no,
src/composing/analysis/function/functionresolver.cpp,branch,case@120,120,SURVIVES,branch,"THEORY (music-theory / design decision): a functional-harmony test whose premise is cited to the signed design §5.x (root-motion, cadence-form, precedence, or the firewall threshold direction). Dormant.",no,
src/composing/analysis/function/functionresolver.cpp,branch,case@216,216,SURVIVES,branch,"THEORY (music-theory / design decision): a functional-harmony test whose premise is cited to the signed design §5.x (root-motion, cadence-form, precedence, or the firewall threshold direction). Dormant.",no,
src/composing/analysis/function/functionresolver.cpp,branch,case@237,237,SURVIVES,branch,"THEORY (music-theory / design decision): a functional-harmony test whose premise is cited to the signed design §5.x (root-motion, cadence-form, precedence, or the firewall threshold direction). Dormant.",no,
src/composing/analysis/function/functionresolver.cpp,branch,case@251,251,SURVIVES,branch,"THEORY (music-theory / design decision): a functional-harmony test whose premise is cited to the signed design §5.x (root-motion, cadence-form, precedence, or the firewall threshold direction). Dormant.",no,
src/composing/analysis/function/functionresolver.cpp,branch,case@268,268,SURVIVES,branch,"THEORY (music-theory / design decision): a functional-harmony test whose premise is cited to the signed design §5.x (root-motion, cadence-form, precedence, or the firewall threshold direction). Dormant.",no,
src/composing/analysis/function/functionresolver.cpp,branch,case@269,269,SURVIVES,branch,"THEORY (music-theory / design decision): a functional-harmony test whose premise is cited to the signed design §5.x (root-motion, cadence-form, precedence, or the firewall threshold direction). Dormant.",no,
src/composing/analysis/function/functionresolver.cpp,branch,case@284,284,SURVIVES,branch,"THEORY (music-theory / design decision): a functional-harmony test whose premise is cited to the signed design §5.x (root-motion, cadence-form, precedence, or the firewall threshold direction). Dormant.",no,
src/composing/analysis/function/functionresolver.cpp,branch,case@343,343,SURVIVES,branch,"THEORY (music-theory / design decision): a functional-harmony test whose premise is cited to the signed design §5.x (root-motion, cadence-form, precedence, or the firewall threshold direction). Dormant.",no,
src/composing/analysis/function/functionresolver.cpp,branch,if@100,100,SURVIVES,branch,"THEORY (music-theory / design decision): a functional-harmony test whose premise is cited to the signed design §5.x (root-motion, cadence-form, precedence, or the firewall threshold direction). Dormant.",no,
src/composing/analysis/function/functionresolver.cpp,branch,if@103,103,SURVIVES,branch,"THEORY (music-theory / design decision): a functional-harmony test whose premise is cited to the signed design §5.x (root-motion, cadence-form, precedence, or the firewall threshold direction). Dormant.",no,
src/composing/analysis/function/functionresolver.cpp,branch,if@127,127,SURVIVES,branch,"FACT (defensive): a structural range/null/empty guard — a construction invariant, not a musical judgment. Dormant.",no,
src/composing/analysis/function/functionresolver.cpp,branch,if@140,140,SURVIVES,branch,"FACT (defensive): a structural range/null/empty guard — a construction invariant, not a musical judgment. Dormant.",no,
src/composing/analysis/function/functionresolver.cpp,branch,if@200,200,SURVIVES,branch,"THEORY (music-theory / design decision): a functional-harmony test whose premise is cited to the signed design §5.x (root-motion, cadence-form, precedence, or the firewall threshold direction). Dormant.",no,
src/composing/analysis/function/functionresolver.cpp,branch,if@204,204,SURVIVES,branch,"THEORY (music-theory / design decision): a functional-harmony test whose premise is cited to the signed design §5.x (root-motion, cadence-form, precedence, or the firewall threshold direction). Dormant.",no,
src/composing/analysis/function/functionresolver.cpp,branch,if@209,209,SURVIVES,branch,"THEORY (music-theory / design decision): a functional-harmony test whose premise is cited to the signed design §5.x (root-motion, cadence-form, precedence, or the firewall threshold direction). Dormant.",no,
src/composing/analysis/function/functionresolver.cpp,branch,if@217,217,SURVIVES,branch,"THEORY (music-theory / design decision): a functional-harmony test whose premise is cited to the signed design §5.x (root-motion, cadence-form, precedence, or the firewall threshold direction). Dormant.",no,
src/composing/analysis/function/functionresolver.cpp,branch,if@224,224,SURVIVES,branch,"THEORY (music-theory / design decision): a functional-harmony test whose premise is cited to the signed design §5.x (root-motion, cadence-form, precedence, or the firewall threshold direction). Dormant.",no,
src/composing/analysis/function/functionresolver.cpp,branch,if@231,231,SURVIVES,branch,"THEORY (music-theory / design decision): a functional-harmony test whose premise is cited to the signed design §5.x (root-motion, cadence-form, precedence, or the firewall threshold direction). Dormant.",no,
src/composing/analysis/function/functionresolver.cpp,branch,if@238,238,SURVIVES,branch,"THEORY (music-theory / design decision): a functional-harmony test whose premise is cited to the signed design §5.x (root-motion, cadence-form, precedence, or the firewall threshold direction). Dormant.",no,
src/composing/analysis/function/functionresolver.cpp,branch,if@245,245,SURVIVES,branch,"THEORY (music-theory / design decision): a functional-harmony test whose premise is cited to the signed design §5.x (root-motion, cadence-form, precedence, or the firewall threshold direction). Dormant.",no,
src/composing/analysis/function/functionresolver.cpp,branch,if@252,252,SURVIVES,branch,"THEORY (music-theory / design decision): a functional-harmony test whose premise is cited to the signed design §5.x (root-motion, cadence-form, precedence, or the firewall threshold direction). Dormant.",no,
src/composing/analysis/function/functionresolver.cpp,branch,if@260,260,SURVIVES,branch,"THEORY (music-theory / design decision): a functional-harmony test whose premise is cited to the signed design §5.x (root-motion, cadence-form, precedence, or the firewall threshold direction). Dormant.",no,
src/composing/analysis/function/functionresolver.cpp,branch,if@270,270,SURVIVES,branch,"THEORY (music-theory / design decision): a functional-harmony test whose premise is cited to the signed design §5.x (root-motion, cadence-form, precedence, or the firewall threshold direction). Dormant.",no,
src/composing/analysis/function/functionresolver.cpp,branch,if@277,277,SURVIVES,branch,"THEORY (music-theory / design decision): a functional-harmony test whose premise is cited to the signed design §5.x (root-motion, cadence-form, precedence, or the firewall threshold direction). Dormant.",no,
src/composing/analysis/function/functionresolver.cpp,branch,if@292,292,SURVIVES,branch,"FACT (defensive): a structural range/null/empty guard — a construction invariant, not a musical judgment. Dormant.",no,
src/composing/analysis/function/functionresolver.cpp,branch,if@296,296,SURVIVES,branch,"THEORY (music-theory / design decision): a functional-harmony test whose premise is cited to the signed design §5.x (root-motion, cadence-form, precedence, or the firewall threshold direction). Dormant.",no,
src/composing/analysis/function/functionresolver.cpp,branch,if@303,303,SURVIVES,branch,"THEORY (music-theory / design decision): a functional-harmony test whose premise is cited to the signed design §5.x (root-motion, cadence-form, precedence, or the firewall threshold direction). Dormant.",no,
src/composing/analysis/function/functionresolver.cpp,branch,if@313,313,SURVIVES,branch,"THEORY (music-theory / design decision): a functional-harmony test whose premise is cited to the signed design §5.x (root-motion, cadence-form, precedence, or the firewall threshold direction). Dormant.",no,
src/composing/analysis/function/functionresolver.cpp,branch,if@315,315,SURVIVES,branch,"THEORY (music-theory / design decision): a functional-harmony test whose premise is cited to the signed design §5.x (root-motion, cadence-form, precedence, or the firewall threshold direction). Dormant.",no,
src/composing/analysis/function/functionresolver.cpp,branch,if@321,321,SURVIVES,branch,"THEORY (music-theory / design decision): a functional-harmony test whose premise is cited to the signed design §5.x (root-motion, cadence-form, precedence, or the firewall threshold direction). Dormant.",no,
src/composing/analysis/function/functionresolver.cpp,branch,if@330,330,SURVIVES,branch,"FACT (defensive): a structural range/null/empty guard — a construction invariant, not a musical judgment. Dormant.",no,
src/composing/analysis/function/functionresolver.cpp,branch,if@337,337,SURVIVES,branch,"THEORY (music-theory / design decision): a functional-harmony test whose premise is cited to the signed design §5.x (root-motion, cadence-form, precedence, or the firewall threshold direction). Dormant.",no,
src/composing/analysis/function/functionresolver.cpp,branch,if@389,389,SURVIVES,branch,"THEORY (music-theory / design decision): a functional-harmony test whose premise is cited to the signed design §5.x (root-motion, cadence-form, precedence, or the firewall threshold direction). Dormant.",no,
src/composing/analysis/function/functionresolver.cpp,branch,if@393,393,SURVIVES,branch,"FACT (defensive): a structural range/null/empty guard — a construction invariant, not a musical judgment. Dormant.",no,
src/composing/analysis/function/functionresolver.cpp,branch,if@404,404,SURVIVES,branch,"THEORY (music-theory / design decision): a functional-harmony test whose premise is cited to the signed design §5.x (root-motion, cadence-form, precedence, or the firewall threshold direction). Dormant.",no,
src/composing/analysis/function/functionresolver.cpp,branch,if@425,425,SURVIVES,branch,"THEORY (music-theory / design decision): a functional-harmony test whose premise is cited to the signed design §5.x (root-motion, cadence-form, precedence, or the firewall threshold direction). Dormant.",no,
src/composing/analysis/function/functionresolver.cpp,branch,if@428,428,SURVIVES,branch,"THEORY (music-theory / design decision): a functional-harmony test whose premise is cited to the signed design §5.x (root-motion, cadence-form, precedence, or the firewall threshold direction). Dormant.",no,
src/composing/analysis/function/functionresolver.cpp,branch,if@436,436,SURVIVES,branch,"FACT (defensive): a structural range/null/empty guard — a construction invariant, not a musical judgment. Dormant.",no,
src/composing/analysis/function/functionresolver.cpp,branch,if@440,440,SURVIVES,branch,"THEORY (music-theory / design decision): a functional-harmony test whose premise is cited to the signed design §5.x (root-motion, cadence-form, precedence, or the firewall threshold direction). Dormant.",no,
src/composing/analysis/function/functionresolver.cpp,branch,if@446,446,SURVIVES,branch,"THEORY (music-theory / design decision): a functional-harmony test whose premise is cited to the signed design §5.x (root-motion, cadence-form, precedence, or the firewall threshold direction). Dormant.",no,
src/composing/analysis/function/functionresolver.cpp,branch,if@451,451,SURVIVES,branch,"FACT (defensive): a structural range/null/empty guard — a construction invariant, not a musical judgment. Dormant.",no,
src/composing/analysis/function/functionresolver.cpp,branch,if@468,468,SURVIVES,branch,"THEORY (music-theory / design decision): a functional-harmony test whose premise is cited to the signed design §5.x (root-motion, cadence-form, precedence, or the firewall threshold direction). Dormant.",no,
src/composing/analysis/function/functionresolver.cpp,branch,if@493,493,SURVIVES,branch,"THEORY (music-theory / design decision): a functional-harmony test whose premise is cited to the signed design §5.x (root-motion, cadence-form, precedence, or the firewall threshold direction). Dormant.",no,
src/composing/analysis/function/functionresolver.cpp,branch,if@518,518,SURVIVES,branch,"THEORY (music-theory / design decision): a functional-harmony test whose premise is cited to the signed design §5.x (root-motion, cadence-form, precedence, or the firewall threshold direction). Dormant.",no,
src/composing/analysis/function/functionresolver.cpp,branch,if@548,548,SURVIVES,branch,"THEORY (music-theory / design decision): a functional-harmony test whose premise is cited to the signed design §5.x (root-motion, cadence-form, precedence, or the firewall threshold direction). Dormant.",no,
src/composing/analysis/function/functionresolver.cpp,branch,if@567,567,SURVIVES,branch,"FACT (defensive): a structural range/null/empty guard — a construction invariant, not a musical judgment. Dormant.",no,
src/composing/analysis/function/functionresolver.cpp,branch,if@570,570,SURVIVES,branch,"THEORY (music-theory / design decision): a functional-harmony test whose premise is cited to the signed design §5.x (root-motion, cadence-form, precedence, or the firewall threshold direction). Dormant.",no,
src/composing/analysis/function/functionresolver.cpp,branch,if@573,573,SURVIVES,branch,"THEORY (music-theory / design decision): a functional-harmony test whose premise is cited to the signed design §5.x (root-motion, cadence-form, precedence, or the firewall threshold direction). Dormant.",no,
src/composing/analysis/function/functionresolver.cpp,branch,if@576,576,SURVIVES,branch,"FACT (defensive): a structural range/null/empty guard — a construction invariant, not a musical judgment. Dormant.",no,
src/composing/analysis/function/functionresolver.cpp,branch,if@580,580,SURVIVES,branch,"THEORY (music-theory / design decision): a functional-harmony test whose premise is cited to the signed design §5.x (root-motion, cadence-form, precedence, or the firewall threshold direction). Dormant.",no,
src/composing/analysis/function/functionresolver.cpp,branch,if@583,583,SURVIVES,branch,"THEORY (music-theory / design decision): a functional-harmony test whose premise is cited to the signed design §5.x (root-motion, cadence-form, precedence, or the firewall threshold direction). Dormant.",no,
src/composing/analysis/function/functionresolver.cpp,branch,if@599,599,SURVIVES,branch,"THEORY (music-theory / design decision): a functional-harmony test whose premise is cited to the signed design §5.x (root-motion, cadence-form, precedence, or the firewall threshold direction). Dormant.",no,
src/composing/analysis/function/functionresolver.cpp,branch,if@620,620,SURVIVES,branch,"THEORY (music-theory / design decision): a functional-harmony test whose premise is cited to the signed design §5.x (root-motion, cadence-form, precedence, or the firewall threshold direction). Dormant.",no,
src/composing/analysis/function/functionresolver.cpp,branch,if@630,630,SURVIVES,branch,"FACT (defensive): a structural range/null/empty guard — a construction invariant, not a musical judgment. Dormant.",no,
src/composing/analysis/function/functionresolver.cpp,branch,if@637,637,SURVIVES,branch,"FACT (defensive): a structural range/null/empty guard — a construction invariant, not a musical judgment. Dormant.",no,
src/composing/analysis/function/functionresolver.cpp,branch,if@642,642,SURVIVES,branch,"THEORY (music-theory / design decision): a functional-harmony test whose premise is cited to the signed design §5.x (root-motion, cadence-form, precedence, or the firewall threshold direction). Dormant.",no,
src/composing/analysis/function/functionresolver.cpp,branch,if@655,655,SURVIVES,branch,"FACT (defensive): a structural range/null/empty guard — a construction invariant, not a musical judgment. Dormant.",no,
src/composing/analysis/function/functionresolver.cpp,branch,if@665,665,SURVIVES,branch,"THEORY (music-theory / design decision): a functional-harmony test whose premise is cited to the signed design §5.x (root-motion, cadence-form, precedence, or the firewall threshold direction). Dormant.",no,
src/composing/analysis/function/functionresolver.cpp,branch,if@667,667,SURVIVES,branch,"THEORY (music-theory / design decision): a functional-harmony test whose premise is cited to the signed design §5.x (root-motion, cadence-form, precedence, or the firewall threshold direction). Dormant.",no,
src/composing/analysis/function/functionresolver.cpp,branch,if@74,74,SURVIVES,branch,"FACT (defensive): a structural range/null/empty guard — a construction invariant, not a musical judgment. Dormant.",no,
src/composing/analysis/function/functionresolver.cpp,branch,if@79,79,SURVIVES,branch,"THEORY (music-theory / design decision): a functional-harmony test whose premise is cited to the signed design §5.x (root-motion, cadence-form, precedence, or the firewall threshold direction). Dormant.",no,
src/composing/analysis/function/functionresolver.cpp,branch,if@97,97,SURVIVES,branch,"THEORY (music-theory / design decision): a functional-harmony test whose premise is cited to the signed design §5.x (root-motion, cadence-form, precedence, or the firewall threshold direction). Dormant.",no,
src/composing/analysis/function/functionresolver.cpp,branch,switch@117,117,SURVIVES,branch,"THEORY (music-theory / design decision): a functional-harmony test whose premise is cited to the signed design §5.x (root-motion, cadence-form, precedence, or the firewall threshold direction). Dormant.",no,
src/composing/analysis/function/functionresolver.cpp,branch,switch@215,215,SURVIVES,branch,"THEORY (music-theory / design decision): a functional-harmony test whose premise is cited to the signed design §5.x (root-motion, cadence-form, precedence, or the firewall threshold direction). Dormant.",no,
src/composing/analysis/function/functionresolver.cpp,branch,ternary@173,173,SURVIVES,branch,"THEORY (music-theory / design decision): a functional-harmony test whose premise is cited to the signed design §5.x (root-motion, cadence-form, precedence, or the firewall threshold direction). Dormant.",no,
src/composing/analysis/function/functionresolver.cpp,branch,ternary@174,174,SURVIVES,branch,"THEORY (music-theory / design decision): a functional-harmony test whose premise is cited to the signed design §5.x (root-motion, cadence-form, precedence, or the firewall threshold direction). Dormant.",no,
src/composing/analysis/function/functionresolver.cpp,branch,ternary@210,210,SURVIVES,branch,"THEORY (music-theory / design decision): a functional-harmony test whose premise is cited to the signed design §5.x (root-motion, cadence-form, precedence, or the firewall threshold direction). Dormant.",no,
src/composing/analysis/function/functionresolver.cpp,branch,ternary@225,225,SURVIVES,branch,"THEORY (music-theory / design decision): a functional-harmony test whose premise is cited to the signed design §5.x (root-motion, cadence-form, precedence, or the firewall threshold direction). Dormant.",no,
src/composing/analysis/function/functionresolver.cpp,branch,ternary@232,232,SURVIVES,branch,"THEORY (music-theory / design decision): a functional-harmony test whose premise is cited to the signed design §5.x (root-motion, cadence-form, precedence, or the firewall threshold direction). Dormant.",no,
src/composing/analysis/function/functionresolver.cpp,branch,ternary@246,246,SURVIVES,branch,"THEORY (music-theory / design decision): a functional-harmony test whose premise is cited to the signed design §5.x (root-motion, cadence-form, precedence, or the firewall threshold direction). Dormant.",no,
src/composing/analysis/function/functionresolver.cpp,branch,ternary@261,261,SURVIVES,branch,"THEORY (music-theory / design decision): a functional-harmony test whose premise is cited to the signed design §5.x (root-motion, cadence-form, precedence, or the firewall threshold direction). Dormant.",no,
src/composing/analysis/function/functionresolver.cpp,branch,ternary@278,278,SURVIVES,branch,"THEORY (music-theory / design decision): a functional-harmony test whose premise is cited to the signed design §5.x (root-motion, cadence-form, precedence, or the firewall threshold direction). Dormant.",no,
src/composing/analysis/function/functionresolver.cpp,branch,ternary@412,412,SURVIVES,branch,"THEORY (music-theory / design decision): a functional-harmony test whose premise is cited to the signed design §5.x (root-motion, cadence-form, precedence, or the firewall threshold direction). Dormant.",no,
src/composing/analysis/function/functionresolver.cpp,branch,ternary@413,413,SURVIVES,branch,"THEORY (music-theory / design decision): a functional-harmony test whose premise is cited to the signed design §5.x (root-motion, cadence-form, precedence, or the firewall threshold direction). Dormant.",no,
src/composing/analysis/function/functionresolver.cpp,branch,ternary@635,635,SURVIVES,branch,"FACT (defensive): a structural range/null/empty guard — a construction invariant, not a musical judgment. Dormant.",no,
src/composing/analysis/function/functionresolver.cpp,crosslayer,composing/analysis/region/sparsechordrefinement.h@27,27,SURVIVES,crosslayer,forward/lateral include of the region substrate (L5 consumes L1-L4 + vocabulary/spelling); consistent with the §2 forward-only constraint.,no,
src/composing/analysis/function/functionresolver.cpp,crosslayer,functionresolver.h@22,22,SURVIVES,crosslayer,external/std-library include; no layer coupling.,no,
src/composing/analysis/function/functionresolver.cpp,function,attemptFineGrainOverride@381,381,SURVIVES,code,L5-DORMANT function in the §5.5 resolver + §8 fine-grain override + bounded-context loop; no production consumer (only functionresolver_tests + the batch_analyze diagnostic); byte-identical on production.,no,
src/composing/analysis/function/functionresolver.cpp,function,bassScaleDegreeBias@125,125,SURVIVES,code,L5-DORMANT function in the §5.5 resolver + §8 fine-grain override + bounded-context loop; no production consumer (only functionresolver_tests + the batch_analyze diagnostic); byte-identical on production.,no,
src/composing/analysis/function/functionresolver.cpp,function,buildProgression@54,54,SURVIVES,code,L5-DORMANT function in the §5.5 resolver + §8 fine-grain override + bounded-context loop; no production consumer (only functionresolver_tests + the batch_analyze diagnostic); byte-identical on production.,no,
src/composing/analysis/function/functionresolver.cpp,function,cadenceVoteFor@72,72,SURVIVES,code,L5-DORMANT function in the §5.5 resolver + §8 fine-grain override + bounded-context loop; no production consumer (only functionresolver_tests + the batch_analyze diagnostic); byte-identical on production.,no,
src/composing/analysis/function/functionresolver.cpp,function,carryThrough@357,357,SURVIVES,code,L5-DORMANT function in the §5.5 resolver + §8 fine-grain override + bounded-context loop; no production consumer (only functionresolver_tests + the batch_analyze diagnostic); byte-identical on production.,no,
src/composing/analysis/function/functionresolver.cpp,function,degreeFunctionalBias@113,113,SURVIVES,code,L5-DORMANT function in the §5.5 resolver + §8 fine-grain override + bounded-context loop; no production consumer (only functionresolver_tests + the batch_analyze diagnostic); byte-identical on production.,no,
src/composing/analysis/function/functionresolver.cpp,function,firstCutSelectionSlice@592,592,SURVIVES,code,L5-DORMANT function in the §5.5 resolver + §8 fine-grain override + bounded-context loop; no production consumer (only functionresolver_tests + the batch_analyze diagnostic); byte-identical on production.,no,
src/composing/analysis/function/functionresolver.cpp,function,hasForwardCadenceAnchor@543,543,SURVIVES,code,L5-DORMANT function in the §5.5 resolver + §8 fine-grain override + bounded-context loop; no production consumer (only functionresolver_tests + the batch_analyze diagnostic); byte-identical on production.,no,
src/composing/analysis/function/functionresolver.cpp,function,isCutDecision@561,561,ASSUMPTION,code,isCutDecision implements decision-context stop conditions (i) cadence-anchor and (iii) K/B bound but folds (ii) the standalone punctuation boundary into (i) for the dormant resolver (an engage-time input) — a documented spec-ahead-of-code deferral of stop (ii). [finding anchor src/composing/analysis/function/functionresolver.cpp:573],yes,decision-context-stop-punctuation-boundary-subsumed
src/composing/analysis/function/functionresolver.cpp,function,normPc@36,36,SURVIVES,code,L5-DORMANT function in the §5.5 resolver + §8 fine-grain override + bounded-context loop; no production consumer (only functionresolver_tests + the batch_analyze diagnostic); byte-identical on production.,no,
src/composing/analysis/function/functionresolver.cpp,function,plausibility@90,90,SURVIVES,code,L5-DORMANT function in the §5.5 resolver + §8 fine-grain override + bounded-context loop; no production consumer (only functionresolver_tests + the batch_analyze diagnostic); byte-identical on production.,no,
src/composing/analysis/function/functionresolver.cpp,function,resolveAbstained@154,154,SURVIVES,code,L5-DORMANT function in the §5.5 resolver + §8 fine-grain override + bounded-context loop; no production consumer (only functionresolver_tests + the batch_analyze diagnostic); byte-identical on production.,no,
src/composing/analysis/function/functionresolver.cpp,function,resolveCarriedReadings@503,503,SURVIVES,code,L5-DORMANT function in the §5.5 resolver + §8 fine-grain override + bounded-context loop; no production consumer (only functionresolver_tests + the batch_analyze diagnostic); byte-identical on production.,no,
src/composing/analysis/function/functionresolver.cpp,function,resolveCarriedReadingsExtending@609,609,SURVIVES,code,L5-DORMANT function in the §5.5 resolver + §8 fine-grain override + bounded-context loop; no production consumer (only functionresolver_tests + the batch_analyze diagnostic); byte-identical on production.,no,
src/composing/analysis/function/functionresolver.cpp,function,rootFunctionalBias@138,138,SURVIVES,code,L5-DORMANT function in the §5.5 resolver + §8 fine-grain override + bounded-context loop; no production consumer (only functionresolver_tests + the batch_analyze diagnostic); byte-identical on production.,no,
src/composing/analysis/function/functionresolver.cpp,function,sameRootQuality@47,47,SURVIVES,code,L5-DORMANT function in the §5.5 resolver + §8 fine-grain override + bounded-context loop; no production consumer (only functionresolver_tests + the batch_analyze diagnostic); byte-identical on production.,no,
src/composing/analysis/function/functionresolver.cpp,function,toPC@42,42,SURVIVES,code,L5-DORMANT function in the §5.5 resolver + §8 fine-grain override + bounded-context loop; no production consumer (only functionresolver_tests + the batch_analyze diagnostic); byte-identical on production.,no,
src/composing/analysis/function/functionresolver.cpp,literal,[0.0]@103,103,ESTABLISHED,constant,"Structural double (a zero/one identity default, a [0,1] clamp bound, a boolean-as-double 1/0 indicator, or a >0 guard) — not a tuned parameter.",no,
src/composing/analysis/function/functionresolver.cpp,literal,[0.0]@185,185,ESTABLISHED,constant,"Structural double (a zero/one identity default, a [0,1] clamp bound, a boolean-as-double 1/0 indicator, or a >0 guard) — not a tuned parameter.",no,
src/composing/analysis/function/functionresolver.cpp,literal,[0.0]@368,368,ESTABLISHED,constant,"Structural double (a zero/one identity default, a [0,1] clamp bound, a boolean-as-double 1/0 indicator, or a >0 guard) — not a tuned parameter.",no,
src/composing/analysis/function/functionresolver.cpp,literal,[0.0]@433,433,ESTABLISHED,constant,"Structural double (a zero/one identity default, a [0,1] clamp bound, a boolean-as-double 1/0 indicator, or a >0 guard) — not a tuned parameter.",no,
src/composing/analysis/function/functionresolver.cpp,literal,[0.0]@451,451,ESTABLISHED,constant,"Structural double (a zero/one identity default, a [0,1] clamp bound, a boolean-as-double 1/0 indicator, or a >0 guard) — not a tuned parameter.",no,
src/composing/analysis/function/functionresolver.cpp,literal,[0.0]@75,75,ESTABLISHED,constant,"Structural double (a zero/one identity default, a [0,1] clamp bound, a boolean-as-double 1/0 indicator, or a >0 guard) — not a tuned parameter.",no,
src/composing/analysis/function/functionresolver.cpp,literal,[0.0]@77,77,ESTABLISHED,constant,"Structural double (a zero/one identity default, a [0,1] clamp bound, a boolean-as-double 1/0 indicator, or a >0 guard) — not a tuned parameter.",no,
src/composing/analysis/function/functionresolver.cpp,literal,[0.0]@96,96,ESTABLISHED,constant,"Structural double (a zero/one identity default, a [0,1] clamp bound, a boolean-as-double 1/0 indicator, or a >0 guard) — not a tuned parameter.",no,
src/composing/analysis/function/functionresolver.cpp,literal,[0.25]@210,210,UNFIT,constant,The emitted §7 functionConfidence magnitude (0.25 bass-prior / 0.5 neighbour / 1.0 progression|cadence) is a hand-set inline ordinal seed NOT registered in tools/param_manifest.json (unlike the forwardoverride θ pair which is). [finding anchor src/composing/analysis/function/functionresolver.cpp:210],yes,inline-function-confidence-magnitudes-unregistered
src/composing/analysis/function/functionresolver.cpp,literal,[0.5]@232,232,UNFIT,constant,The emitted §7 functionConfidence magnitude (0.25 bass-prior / 0.5 neighbour / 1.0 progression|cadence) is a hand-set inline ordinal seed NOT registered in tools/param_manifest.json (unlike the forwardoverride θ pair which is). [finding anchor src/composing/analysis/function/functionresolver.cpp:232],yes,inline-function-confidence-magnitudes-unregistered
src/composing/analysis/function/functionresolver.cpp,literal,[1.0]@225,225,UNFIT,constant,The emitted §7 functionConfidence magnitude (0.25 bass-prior / 0.5 neighbour / 1.0 progression|cadence) is a hand-set inline ordinal seed NOT registered in tools/param_manifest.json (unlike the forwardoverride θ pair which is). [finding anchor src/composing/analysis/function/functionresolver.cpp:225],yes,inline-function-confidence-magnitudes-unregistered
src/composing/analysis/function/functionresolver.cpp,literal,[1.0]@246,246,UNFIT,constant,The emitted §7 functionConfidence magnitude (0.25 bass-prior / 0.5 neighbour / 1.0 progression|cadence) is a hand-set inline ordinal seed NOT registered in tools/param_manifest.json (unlike the forwardoverride θ pair which is). [finding anchor src/composing/analysis/function/functionresolver.cpp:246],yes,inline-function-confidence-magnitudes-unregistered
src/composing/analysis/function/functionresolver.cpp,literal,[1.0]@322,322,UNFIT,constant,The emitted §7 functionConfidence magnitude (0.25 bass-prior / 0.5 neighbour / 1.0 progression|cadence) is a hand-set inline ordinal seed NOT registered in tools/param_manifest.json (unlike the forwardoverride θ pair which is). [finding anchor src/composing/analysis/function/functionresolver.cpp:322],yes,inline-function-confidence-magnitudes-unregistered
src/composing/analysis/function/functionresolver.cpp,literal,[1.0]@338,338,UNFIT,constant,The emitted §7 functionConfidence magnitude (0.25 bass-prior / 0.5 neighbour / 1.0 progression|cadence) is a hand-set inline ordinal seed NOT registered in tools/param_manifest.json (unlike the forwardoverride θ pair which is). [finding anchor src/composing/analysis/function/functionresolver.cpp:338],yes,inline-function-confidence-magnitudes-unregistered
src/composing/analysis/function/functionresolver.cpp,literal,[12]@38,38,ESTABLISHED,constant,"Music-theory interval or structural integer (a mod-12 root-motion/scale-degree constant, the octave modulus 12, an array size 5/7, or a -1/0 sentinel/index) — established by theory or by construction, not tuned.",no,
src/composing/analysis/function/functionresolver.cpp,literal,[12]@38,38,ESTABLISHED,constant,"Music-theory interval or structural integer (a mod-12 root-motion/scale-degree constant, the octave modulus 12, an array size 5/7, or a -1/0 sentinel/index) — established by theory or by construction, not tuned.",no,
src/composing/analysis/function/functionresolver.cpp,literal,[12]@38,38,ESTABLISHED,constant,"Music-theory interval or structural integer (a mod-12 root-motion/scale-degree constant, the octave modulus 12, an array size 5/7, or a -1/0 sentinel/index) — established by theory or by construction, not tuned.",no,
src/composing/analysis/function/functionresolver.cpp,literal,[2]@118,118,ESTABLISHED,constant,"Music-theory interval or structural integer (a mod-12 root-motion/scale-degree constant, the octave modulus 12, an array size 5/7, or a -1/0 sentinel/index) — established by theory or by construction, not tuned.",no,
src/composing/analysis/function/functionresolver.cpp,literal,[3]@119,119,ESTABLISHED,constant,"Music-theory interval or structural integer (a mod-12 root-motion/scale-degree constant, the octave modulus 12, an array size 5/7, or a -1/0 sentinel/index) — established by theory or by construction, not tuned.",no,
src/composing/analysis/function/functionresolver.cpp,literal,[4]@120,120,ESTABLISHED,constant,"Music-theory interval or structural integer (a mod-12 root-motion/scale-degree constant, the octave modulus 12, an array size 5/7, or a -1/0 sentinel/index) — established by theory or by construction, not tuned.",no,
src/composing/analysis/function/functionresolver.cpp,literal,[4]@628,628,ESTABLISHED,constant,"Music-theory interval or structural integer (a mod-12 root-motion/scale-degree constant, the octave modulus 12, an array size 5/7, or a -1/0 sentinel/index) — established by theory or by construction, not tuned.",no,
src/composing/analysis/function/functionresolver.cpp,literal,[6]@120,120,ESTABLISHED,constant,"Music-theory interval or structural integer (a mod-12 root-motion/scale-degree constant, the octave modulus 12, an array size 5/7, or a -1/0 sentinel/index) — established by theory or by construction, not tuned.",no,
src/composing/analysis/function/functionresolver.h,crosslayer,composing/analysis/chord/chordslicedecoder.h@84,84,SURVIVES,crosslayer,forward/lateral include of the chord substrate (L5 consumes L1-L4 + vocabulary/spelling); consistent with the §2 forward-only constraint.,no,
src/composing/analysis/function/functionresolver.h,crosslayer,composing/analysis/types/analysistypes.h@85,85,SURVIVES,crosslayer,forward/lateral include of the types substrate (L5 consumes L1-L4 + vocabulary/spelling); consistent with the §2 forward-only constraint.,no,
src/composing/analysis/function/functionresolver.h,crosslayer,forwardoverride.h@88,88,SURVIVES,crosslayer,external/std-library include; no layer coupling.,no,
src/composing/analysis/function/functionresolver.h,crosslayer,functioncadence.h@86,86,SURVIVES,crosslayer,external/std-library include; no layer coupling.,no,
src/composing/analysis/function/functionresolver.h,crosslayer,functionprogression.h@87,87,SURVIVES,crosslayer,external/std-library include; no layer coupling.,no,
src/composing/analysis/function/functionresolver.h,decl,bassScaleDegreeBias@236,236,SURVIVES,code,L5-DORMANT type declaration on the dormant value/contract surface; no production use.,no,
src/composing/analysis/function/functionresolver.h,decl,degreeFunctionalBias@232,232,SURVIVES,code,L5-DORMANT type declaration on the dormant value/contract surface; no production use.,no,
src/composing/analysis/function/functionresolver.h,field,alternatives@132,132,PUBLISHED,field,"Field on an L5-DORMANT value/contract struct; part of the dormant output surface (read by the module tests and, at engage, the L5->L6 consumer). No siloed/trapped datum found at the struct surface; a per-field consumer trace is an engage-step item.",no,
src/composing/analysis/function/functionresolver.h,field,basis@175,175,PUBLISHED,field,"Field on an L5-DORMANT value/contract struct; part of the dormant output surface (read by the module tests and, at engage, the L5->L6 consumer). No siloed/trapped datum found at the struct surface; a per-field consumer trace is an engage-step item.",no,
src/composing/analysis/function/functionresolver.h,field,bothLicensed@197,197,PUBLISHED,field,"Field on an L5-DORMANT value/contract struct; part of the dormant output surface (read by the module tests and, at engage, the L5->L6 consumer). No siloed/trapped datum found at the struct surface; a per-field consumer trace is an engage-step item.",no,
src/composing/analysis/function/functionresolver.h,field,chord@123,123,PUBLISHED,field,"Field on an L5-DORMANT value/contract struct; part of the dormant output surface (read by the module tests and, at engage, the L5->L6 consumer). No siloed/trapped datum found at the struct surface; a per-field consumer trace is an engage-step item.",no,
src/composing/analysis/function/functionresolver.h,field,chosen@147,147,PUBLISHED,field,"Field on an L5-DORMANT value/contract struct; part of the dormant output surface (read by the module tests and, at engage, the L5->L6 consumer). No siloed/trapped datum found at the struct surface; a per-field consumer trace is an engage-step item.",no,
src/composing/analysis/function/functionresolver.h,field,clippedBySelectionEdge@182,182,PUBLISHED,field,"Field on an L5-DORMANT value/contract struct; part of the dormant output surface (read by the module tests and, at engage, the L5->L6 consumer). No siloed/trapped datum found at the struct surface; a per-field consumer trace is an engage-step item.",no,
src/composing/analysis/function/functionresolver.h,field,closure@203,203,PUBLISHED,field,"Field on an L5-DORMANT value/contract struct; part of the dormant output surface (read by the module tests and, at engage, the L5->L6 consumer). No siloed/trapped datum found at the struct surface; a per-field consumer trace is an engage-step item.",no,
src/composing/analysis/function/functionresolver.h,field,committed@124,124,PUBLISHED,field,"Field on an L5-DORMANT value/contract struct; part of the dormant output surface (read by the module tests and, at engage, the L5->L6 consumer). No siloed/trapped datum found at the struct surface; a per-field consumer trace is an engage-step item.",no,
src/composing/analysis/function/functionresolver.h,field,confidence@133,133,PUBLISHED,field,"Field on an L5-DORMANT value/contract struct; part of the dormant output surface (read by the module tests and, at engage, the L5->L6 consumer). No siloed/trapped datum found at the struct surface; a per-field consumer trace is an engage-step item.",no,
src/composing/analysis/function/functionresolver.h,field,cueDenied@183,183,PUBLISHED,field,"Field on an L5-DORMANT value/contract struct; part of the dormant output surface (read by the module tests and, at engage, the L5->L6 consumer). No siloed/trapped datum found at the struct surface; a per-field consumer trace is an engage-step item.",no,
src/composing/analysis/function/functionresolver.h,field,decidingMargin@214,214,PUBLISHED,field,"Field on an L5-DORMANT value/contract struct; part of the dormant output surface (read by the module tests and, at engage, the L5->L6 consumer). No siloed/trapped datum found at the struct surface; a per-field consumer trace is an engage-step item.",no,
src/composing/analysis/function/functionresolver.h,field,decision@130,130,PUBLISHED,field,"Field on an L5-DORMANT value/contract struct; part of the dormant output surface (read by the module tests and, at engage, the L5->L6 consumer). No siloed/trapped datum found at the struct surface; a per-field consumer trace is an engage-step item.",no,
src/composing/analysis/function/functionresolver.h,field,enableForwardExtension@271,271,PUBLISHED,field,"Field on an L5-DORMANT value/contract struct; part of the dormant output surface (read by the module tests and, at engage, the L5->L6 consumer). No siloed/trapped datum found at the struct surface; a per-field consumer trace is an engage-step item.",no,
src/composing/analysis/function/functionresolver.h,field,endTick@127,127,PUBLISHED,field,"Field on an L5-DORMANT value/contract struct; part of the dormant output surface (read by the module tests and, at engage, the L5->L6 consumer). No siloed/trapped datum found at the struct surface; a per-field consumer trace is an engage-step item.",no,
src/composing/analysis/function/functionresolver.h,field,functionConfidence@176,176,PUBLISHED,field,"Field on an L5-DORMANT value/contract struct; part of the dormant output surface (read by the module tests and, at engage, the L5->L6 consumer). No siloed/trapped datum found at the struct surface; a per-field consumer trace is an engage-step item.",no,
src/composing/analysis/function/functionresolver.h,field,keyFifths@108,108,PUBLISHED,field,"Field on an L5-DORMANT value/contract struct; part of the dormant output surface (read by the module tests and, at engage, the L5->L6 consumer). No siloed/trapped datum found at the struct surface; a per-field consumer trace is an engage-step item.",no,
src/composing/analysis/function/functionresolver.h,field,keyMode@109,109,PUBLISHED,field,"Field on an L5-DORMANT value/contract struct; part of the dormant output surface (read by the module tests and, at engage, the L5->L6 consumer). No siloed/trapped datum found at the struct surface; a per-field consumer trace is an engage-step item.",no,
src/composing/analysis/function/functionresolver.h,field,kind@174,174,PUBLISHED,field,"Field on an L5-DORMANT value/contract struct; part of the dormant output surface (read by the module tests and, at engage, the L5->L6 consumer). No siloed/trapped datum found at the struct surface; a per-field consumer trace is an engage-step item.",no,
src/composing/analysis/function/functionresolver.h,field,maxForwardExtendBeats@273,273,PUBLISHED,field,"Field on an L5-DORMANT value/contract struct; part of the dormant output surface (read by the module tests and, at engage, the L5->L6 consumer). No siloed/trapped datum found at the struct surface; a per-field consumer trace is an engage-step item.",no,
src/composing/analysis/function/functionresolver.h,field,maxForwardExtendSlices@272,272,PUBLISHED,field,"Field on an L5-DORMANT value/contract struct; part of the dormant output surface (read by the module tests and, at engage, the L5->L6 consumer). No siloed/trapped datum found at the struct surface; a per-field consumer trace is an engage-step item.",no,
src/composing/analysis/function/functionresolver.h,field,metricWeight@125,125,PUBLISHED,field,"Field on an L5-DORMANT value/contract struct; part of the dormant output surface (read by the module tests and, at engage, the L5->L6 consumer). No siloed/trapped datum found at the struct surface; a per-field consumer trace is an engage-step item.",no,
src/composing/analysis/function/functionresolver.h,field,openMark@170,170,PUBLISHED,field,"Field on an L5-DORMANT value/contract struct; part of the dormant output surface (read by the module tests and, at engage, the L5->L6 consumer). No siloed/trapped datum found at the struct surface; a per-field consumer trace is an engage-step item.",no,
src/composing/analysis/function/functionresolver.h,field,openQuestion@131,131,PUBLISHED,field,"Field on an L5-DORMANT value/contract struct; part of the dormant output surface (read by the module tests and, at engage, the L5->L6 consumer). No siloed/trapped datum found at the struct surface; a per-field consumer trace is an engage-step item.",no,
src/composing/analysis/function/functionresolver.h,field,override@215,215,PUBLISHED,field,"Field on an L5-DORMANT value/contract struct; part of the dormant output surface (read by the module tests and, at engage, the L5->L6 consumer). No siloed/trapped datum found at the struct surface; a per-field consumer trace is an engage-step item.",no,
src/composing/analysis/function/functionresolver.h,field,overrodeCommit@171,171,PUBLISHED,field,"Field on an L5-DORMANT value/contract struct; part of the dormant output surface (read by the module tests and, at engage, the L5->L6 consumer). No siloed/trapped datum found at the struct surface; a per-field consumer trace is an engage-step item.",no,
src/composing/analysis/function/functionresolver.h,field,reading@173,173,PUBLISHED,field,"Field on an L5-DORMANT value/contract struct; part of the dormant output surface (read by the module tests and, at engage, the L5->L6 consumer). No siloed/trapped datum found at the struct surface; a per-field consumer trace is an engage-step item.",no,
src/composing/analysis/function/functionresolver.h,field,readings@202,202,PUBLISHED,field,"Field on an L5-DORMANT value/contract struct; part of the dormant output surface (read by the module tests and, at engage, the L5->L6 consumer). No siloed/trapped datum found at the struct surface; a per-field consumer trace is an engage-step item.",no,
src/composing/analysis/function/functionresolver.h,field,resolved@169,169,PUBLISHED,field,"Field on an L5-DORMANT value/contract struct; part of the dormant output surface (read by the module tests and, at engage, the L5->L6 consumer). No siloed/trapped datum found at the struct surface; a per-field consumer trace is an engage-step item.",no,
src/composing/analysis/function/functionresolver.h,field,sliceIndex@167,167,PUBLISHED,field,"Field on an L5-DORMANT value/contract struct; part of the dormant output surface (read by the module tests and, at engage, the L5->L6 consumer). No siloed/trapped datum found at the struct surface; a per-field consumer trace is an engage-step item.",no,
src/composing/analysis/function/functionresolver.h,field,startTick@126,126,PUBLISHED,field,"Field on an L5-DORMANT value/contract struct; part of the dormant output surface (read by the module tests and, at engage, the L5->L6 consumer). No siloed/trapped datum found at the struct surface; a per-field consumer trace is an engage-step item.",no,
src/composing/analysis/function/functionresolver.h,field,tonicPc@110,110,PUBLISHED,field,"Field on an L5-DORMANT value/contract struct; part of the dormant output surface (read by the module tests and, at engage, the L5->L6 consumer). No siloed/trapped datum found at the struct surface; a per-field consumer trace is an engage-step item.",no,
src/composing/analysis/function/functionresolver.h,field,wCadentialFit@213,213,PUBLISHED,field,"Field on an L5-DORMANT value/contract struct; part of the dormant output surface (read by the module tests and, at engage, the L5->L6 consumer). No siloed/trapped datum found at the struct surface; a per-field consumer trace is an engage-step item.",no,
src/composing/analysis/function/functionresolver.h,field,wLicensedIn@212,212,PUBLISHED,field,"Field on an L5-DORMANT value/contract struct; part of the dormant output surface (read by the module tests and, at engage, the L5->L6 consumer). No siloed/trapped datum found at the struct surface; a per-field consumer trace is an engage-step item.",no,
src/composing/analysis/function/functionresolver.h,field,wLicensedOut@211,211,PUBLISHED,field,"Field on an L5-DORMANT value/contract struct; part of the dormant output surface (read by the module tests and, at engage, the L5->L6 consumer). No siloed/trapped datum found at the struct surface; a per-field consumer trace is an engage-step item.",no,
src/composing/analysis/function/functionresolver.h,field,wasAbstain@168,168,PUBLISHED,field,"Field on an L5-DORMANT value/contract struct; part of the dormant output surface (read by the module tests and, at engage, the L5->L6 consumer). No siloed/trapped datum found at the struct surface; a per-field consumer trace is an engage-step item.",no,
src/composing/analysis/function/functionresolver.h,literal,[0.0]@176,176,ESTABLISHED,constant,"Structural double (a zero/one identity default, a [0,1] clamp bound, a boolean-as-double 1/0 indicator, or a >0 guard) — not a tuned parameter.",no,
src/composing/analysis/function/functionresolver.h,literal,[0.5]@214,214,UNFIT,constant,Named precision-phase weight/threshold default (hand-set 'NOT tuned' firewall seed); NOT in param_manifest.json. Dormant: changes no production output. Only the direction is fixed by the design; the value is a Stage-5 fit candidate.,no,
src/composing/analysis/function/functionresolver.h,literal,[1.0]@125,125,ESTABLISHED,constant,"Structural double (a zero/one identity default, a [0,1] clamp bound, a boolean-as-double 1/0 indicator, or a >0 guard) — not a tuned parameter.",no,
src/composing/analysis/function/functionresolver.h,literal,[1.0]@211,211,UNFIT,constant,Named precision-phase weight/threshold default (hand-set 'NOT tuned' firewall seed); NOT in param_manifest.json. Dormant: changes no production output. Only the direction is fixed by the design; the value is a Stage-5 fit candidate.,no,
src/composing/analysis/function/functionresolver.h,literal,[1.0]@212,212,UNFIT,constant,Named precision-phase weight/threshold default (hand-set 'NOT tuned' firewall seed); NOT in param_manifest.json. Dormant: changes no production output. Only the direction is fixed by the design; the value is a Stage-5 fit candidate.,no,
src/composing/analysis/function/functionresolver.h,literal,[1.0]@213,213,UNFIT,constant,Named precision-phase weight/threshold default (hand-set 'NOT tuned' firewall seed); NOT in param_manifest.json. Dormant: changes no production output. Only the direction is fixed by the design; the value is a Stage-5 fit candidate.,no,
src/composing/analysis/function/functionresolver.h,literal,[8]@272,272,ESTABLISHED,constant,"Music-theory interval or structural integer (a mod-12 root-motion/scale-degree constant, the octave modulus 12, an array size 5/7, or a -1/0 sentinel/index) — established by theory or by construction, not tuned.",no,
src/composing/analysis/function/functionromannumeral.cpp,crosslayer,composing/analysis/region/sparsechordrefinement.h@24,24,SURVIVES,crosslayer,forward/lateral include of the region substrate (L5 consumes L1-L4 + vocabulary/spelling); consistent with the §2 forward-only constraint.,no,
src/composing/analysis/function/functionromannumeral.cpp,crosslayer,functionromannumeral.h@22,22,SURVIVES,crosslayer,external/std-library include; no layer coupling.,no,
src/composing/analysis/function/functionromannumeral.cpp,function,deriveBaseRomanNumeral@28,28,SURVIVES,code,L5-DORMANT function in the §5.1 base Roman-numeral derivation (a faithful wrap); no production consumer (only functionromannumeral_tests + the batch_analyze diagnostic); byte-identical on production.,no,
src/composing/analysis/function/functionromannumeral.h,crosslayer,composing/analysis/chord/chordanalyzer.h@53,53,SURVIVES,crosslayer,forward/lateral include of the chord substrate (L5 consumes L1-L4 + vocabulary/spelling); consistent with the §2 forward-only constraint.,no,
src/composing/analysis/function/functionromannumeral.h,decl,deriveBaseRomanNumeral@90,90,SURVIVES,code,L5-DORMANT type declaration on the dormant value/contract surface; no production use.,no,
src/composing/analysis/function/functionromannumeral.h,field,degree@83,83,PUBLISHED,field,"Field on an L5-DORMANT value/contract struct; part of the dormant output surface (read by the module tests and, at engage, the L5->L6 consumer). No siloed/trapped datum found at the struct surface; a per-field consumer trace is an engage-step item.",no,
src/composing/analysis/function/functionromannumeral.h,field,diatonicToKey@84,84,PUBLISHED,field,"Field on an L5-DORMANT value/contract struct; part of the dormant output surface (read by the module tests and, at engage, the L5->L6 consumer). No siloed/trapped datum found at the struct surface; a per-field consumer trace is an engage-step item.",no,
src/composing/analysis/function/functionromannumeral.h,field,identity@67,67,PUBLISHED,field,"Field on an L5-DORMANT value/contract struct; part of the dormant output surface (read by the module tests and, at engage, the L5->L6 consumer). No siloed/trapped datum found at the struct surface; a per-field consumer trace is an engage-step item.",no,
src/composing/analysis/function/functionromannumeral.h,field,keyFifths@69,69,PUBLISHED,field,"Field on an L5-DORMANT value/contract struct; part of the dormant output surface (read by the module tests and, at engage, the L5->L6 consumer). No siloed/trapped datum found at the struct surface; a per-field consumer trace is an engage-step item.",no,
src/composing/analysis/function/functionromannumeral.h,field,keyMode@70,70,PUBLISHED,field,"Field on an L5-DORMANT value/contract struct; part of the dormant output surface (read by the module tests and, at engage, the L5->L6 consumer). No siloed/trapped datum found at the struct surface; a per-field consumer trace is an engage-step item.",no,
src/composing/analysis/function/functionromannumeral.h,field,keyTonicPc@71,71,PUBLISHED,field,"Field on an L5-DORMANT value/contract struct; part of the dormant output surface (read by the module tests and, at engage, the L5->L6 consumer). No siloed/trapped datum found at the struct surface; a per-field consumer trace is an engage-step item.",no,
src/composing/analysis/function/functionromannumeral.h,field,label@82,82,PUBLISHED,field,"Field on an L5-DORMANT value/contract struct; part of the dormant output surface (read by the module tests and, at engage, the L5->L6 consumer). No siloed/trapped datum found at the struct surface; a per-field consumer trace is an engage-step item.",no,
src/composing/analysis/function/functionromannumeral.h,field,nextRootPc@77,77,PUBLISHED,field,"Field on an L5-DORMANT value/contract struct; part of the dormant output surface (read by the module tests and, at engage, the L5->L6 consumer). No siloed/trapped datum found at the struct surface; a per-field consumer trace is an engage-step item.",no,
src/composing/analysis/function/tonicizationlabeler.cpp,branch,else-if@127,127,SURVIVES,branch,"THEORY (music-theory / design decision): a functional-harmony test whose premise is cited to the signed design §5.x (root-motion, cadence-form, precedence, or the firewall threshold direction). Dormant.",no,
src/composing/analysis/function/tonicizationlabeler.cpp,branch,if@102,102,SURVIVES,branch,"THEORY (music-theory / design decision): a functional-harmony test whose premise is cited to the signed design §5.x (root-motion, cadence-form, precedence, or the firewall threshold direction). Dormant.",no,
src/composing/analysis/function/tonicizationlabeler.cpp,branch,if@113,113,SURVIVES,branch,"THEORY (music-theory / design decision): a functional-harmony test whose premise is cited to the signed design §5.x (root-motion, cadence-form, precedence, or the firewall threshold direction). Dormant.",no,
src/composing/analysis/function/tonicizationlabeler.cpp,branch,if@120,120,SURVIVES,branch,"THEORY (music-theory / design decision): a functional-harmony test whose premise is cited to the signed design §5.x (root-motion, cadence-form, precedence, or the firewall threshold direction). Dormant.",no,
src/composing/analysis/function/tonicizationlabeler.cpp,branch,if@123,123,SURVIVES,branch,"THEORY (music-theory / design decision): a functional-harmony test whose premise is cited to the signed design §5.x (root-motion, cadence-form, precedence, or the firewall threshold direction). Dormant.",no,
src/composing/analysis/function/tonicizationlabeler.cpp,branch,if@131,131,SURVIVES,branch,"THEORY (music-theory / design decision): a functional-harmony test whose premise is cited to the signed design §5.x (root-motion, cadence-form, precedence, or the firewall threshold direction). Dormant.",no,
src/composing/analysis/function/tonicizationlabeler.cpp,branch,if@137,137,SURVIVES,branch,"THEORY (music-theory / design decision): a functional-harmony test whose premise is cited to the signed design §5.x (root-motion, cadence-form, precedence, or the firewall threshold direction). Dormant.",no,
src/composing/analysis/function/tonicizationlabeler.cpp,branch,if@148,148,SURVIVES,branch,"THEORY (music-theory / design decision): a functional-harmony test whose premise is cited to the signed design §5.x (root-motion, cadence-form, precedence, or the firewall threshold direction). Dormant.",no,
src/composing/analysis/function/tonicizationlabeler.cpp,branch,if@150,150,SURVIVES,branch,"THEORY (music-theory / design decision): a functional-harmony test whose premise is cited to the signed design §5.x (root-motion, cadence-form, precedence, or the firewall threshold direction). Dormant.",no,
src/composing/analysis/function/tonicizationlabeler.cpp,branch,if@158,158,SURVIVES,branch,"THEORY (music-theory / design decision): a functional-harmony test whose premise is cited to the signed design §5.x (root-motion, cadence-form, precedence, or the firewall threshold direction). Dormant.",no,
src/composing/analysis/function/tonicizationlabeler.cpp,branch,if@46,46,SURVIVES,branch,"THEORY (music-theory / design decision): a functional-harmony test whose premise is cited to the signed design §5.x (root-motion, cadence-form, precedence, or the firewall threshold direction). Dormant.",no,
src/composing/analysis/function/tonicizationlabeler.cpp,branch,if@52,52,SURVIVES,branch,"THEORY (music-theory / design decision): a functional-harmony test whose premise is cited to the signed design §5.x (root-motion, cadence-form, precedence, or the firewall threshold direction). Dormant.",no,
src/composing/analysis/function/tonicizationlabeler.cpp,branch,if@70,70,SURVIVES,branch,"FACT (defensive): a structural range/null/empty guard — a construction invariant, not a musical judgment. Dormant.",no,
src/composing/analysis/function/tonicizationlabeler.cpp,branch,if@79,79,SURVIVES,branch,"FACT (defensive): a structural range/null/empty guard — a construction invariant, not a musical judgment. Dormant.",no,
src/composing/analysis/function/tonicizationlabeler.cpp,branch,if@92,92,SURVIVES,branch,"THEORY (music-theory / design decision): a functional-harmony test whose premise is cited to the signed design §5.x (root-motion, cadence-form, precedence, or the firewall threshold direction). Dormant.",no,
src/composing/analysis/function/tonicizationlabeler.cpp,branch,if@97,97,SURVIVES,branch,"THEORY (music-theory / design decision): a functional-harmony test whose premise is cited to the signed design §5.x (root-motion, cadence-form, precedence, or the firewall threshold direction). Dormant.",no,
src/composing/analysis/function/tonicizationlabeler.cpp,branch,ternary@156,156,SURVIVES,branch,"THEORY (music-theory / design decision): a functional-harmony test whose premise is cited to the signed design §5.x (root-motion, cadence-form, precedence, or the firewall threshold direction). Dormant.",no,
src/composing/analysis/function/tonicizationlabeler.cpp,branch,ternary@163,163,SURVIVES,branch,"THEORY (music-theory / design decision): a functional-harmony test whose premise is cited to the signed design §5.x (root-motion, cadence-form, precedence, or the firewall threshold direction). Dormant.",no,
src/composing/analysis/function/tonicizationlabeler.cpp,crosslayer,composing/analysis/chord/analysisutils.h@25,25,SURVIVES,crosslayer,forward/lateral include of the chord substrate (L5 consumes L1-L4 + vocabulary/spelling); consistent with the §2 forward-only constraint.,no,
src/composing/analysis/function/tonicizationlabeler.cpp,crosslayer,composing/analysis/function/tonicizationlabeler.h@23,23,SURVIVES,crosslayer,"sibling L5 function/ include (the §6 single-owner reuse, not duplication).",no,
src/composing/analysis/function/tonicizationlabeler.cpp,function,keyScale@44,44,SURVIVES,code,L5-DORMANT function in the reused §13 dormant applied-chord labeler; no production consumer (only tonicizationlabeler_tests + the batch_analyze diagnostic); byte-identical on production.,no,
src/composing/analysis/function/tonicizationlabeler.cpp,function,labelTonicizations@65,65,SURVIVES,code,L5-DORMANT function in the reused §13 dormant applied-chord labeler; no production consumer (only tonicizationlabeler_tests + the batch_analyze diagnostic); byte-identical on production.,no,
src/composing/analysis/function/tonicizationlabeler.cpp,literal,[11]@112,112,ESTABLISHED,constant,"Music-theory interval or structural integer (a mod-12 root-motion/scale-degree constant, the octave modulus 12, an array size 5/7, or a -1/0 sentinel/index) — established by theory or by construction, not tuned.",no,
src/composing/analysis/function/tonicizationlabeler.cpp,literal,[12]@50,50,ESTABLISHED,constant,"Music-theory interval or structural integer (a mod-12 root-motion/scale-degree constant, the octave modulus 12, an array size 5/7, or a -1/0 sentinel/index) — established by theory or by construction, not tuned.",no,
src/composing/analysis/function/tonicizationlabeler.cpp,literal,[2]@144,144,ESTABLISHED,constant,"Music-theory interval or structural integer (a mod-12 root-motion/scale-degree constant, the octave modulus 12, an array size 5/7, or a -1/0 sentinel/index) — established by theory or by construction, not tuned.",no,
src/composing/analysis/function/tonicizationlabeler.cpp,literal,[2]@70,70,ESTABLISHED,constant,"Music-theory interval or structural integer (a mod-12 root-motion/scale-degree constant, the octave modulus 12, an array size 5/7, or a -1/0 sentinel/index) — established by theory or by construction, not tuned.",no,
src/composing/analysis/function/tonicizationlabeler.cpp,literal,[4]@145,145,ESTABLISHED,constant,"Music-theory interval or structural integer (a mod-12 root-motion/scale-degree constant, the octave modulus 12, an array size 5/7, or a -1/0 sentinel/index) — established by theory or by construction, not tuned.",no,
src/composing/analysis/function/tonicizationlabeler.cpp,literal,[7]@123,123,ESTABLISHED,constant,"Music-theory interval or structural integer (a mod-12 root-motion/scale-degree constant, the octave modulus 12, an array size 5/7, or a -1/0 sentinel/index) — established by theory or by construction, not tuned.",no,
src/composing/analysis/function/tonicizationlabeler.cpp,literal,[7]@144,144,ESTABLISHED,constant,"Music-theory interval or structural integer (a mod-12 root-motion/scale-degree constant, the octave modulus 12, an array size 5/7, or a -1/0 sentinel/index) — established by theory or by construction, not tuned.",no,
src/composing/analysis/function/tonicizationlabeler.cpp,literal,[7]@44,44,ESTABLISHED,constant,"Music-theory interval or structural integer (a mod-12 root-motion/scale-degree constant, the octave modulus 12, an array size 5/7, or a -1/0 sentinel/index) — established by theory or by construction, not tuned.",no,
src/composing/analysis/function/tonicizationlabeler.cpp,literal,[7]@50,50,ESTABLISHED,constant,"Music-theory interval or structural integer (a mod-12 root-motion/scale-degree constant, the octave modulus 12, an array size 5/7, or a -1/0 sentinel/index) — established by theory or by construction, not tuned.",no,
src/composing/analysis/function/tonicizationlabeler.cpp,literal,[7]@56,56,ESTABLISHED,constant,"Music-theory interval or structural integer (a mod-12 root-motion/scale-degree constant, the octave modulus 12, an array size 5/7, or a -1/0 sentinel/index) — established by theory or by construction, not tuned.",no,
src/composing/analysis/function/tonicizationlabeler.cpp,literal,[7]@59,59,ESTABLISHED,constant,"Music-theory interval or structural integer (a mod-12 root-motion/scale-degree constant, the octave modulus 12, an array size 5/7, or a -1/0 sentinel/index) — established by theory or by construction, not tuned.",no,
src/composing/analysis/function/tonicizationlabeler.cpp,literal,[7]@60,60,ESTABLISHED,constant,"Music-theory interval or structural integer (a mod-12 root-motion/scale-degree constant, the octave modulus 12, an array size 5/7, or a -1/0 sentinel/index) — established by theory or by construction, not tuned.",no,
src/composing/analysis/function/tonicizationlabeler.cpp,literal,[7]@91,91,ESTABLISHED,constant,"Music-theory interval or structural integer (a mod-12 root-motion/scale-degree constant, the octave modulus 12, an array size 5/7, or a -1/0 sentinel/index) — established by theory or by construction, not tuned.",no,
src/composing/analysis/function/tonicizationlabeler.cpp,literal,[7]@96,96,ESTABLISHED,constant,"Music-theory interval or structural integer (a mod-12 root-motion/scale-degree constant, the octave modulus 12, an array size 5/7, or a -1/0 sentinel/index) — established by theory or by construction, not tuned.",no,
src/composing/analysis/function/tonicizationlabeler.h,crosslayer,composing/analysis/chord/chordanalyzer.h@61,61,SURVIVES,crosslayer,forward/lateral include of the chord substrate (L5 consumes L1-L4 + vocabulary/spelling); consistent with the §2 forward-only constraint.,no,
src/composing/analysis/function/tonicizationlabeler.h,decl,labelTonicizations@154,154,SURVIVES,code,L5-DORMANT type declaration on the dormant value/contract surface; no production use.,no,
src/composing/analysis/function/tonicizationlabeler.h,field,endTick@74,74,PUBLISHED,field,"Field on an L5-DORMANT value/contract struct; part of the dormant output surface (read by the module tests and, at engage, the L5->L6 consumer). No siloed/trapped datum found at the struct surface; a per-field consumer trace is an engage-step item.",no,
src/composing/analysis/function/tonicizationlabeler.h,field,hasDiminishedSeventh@87,87,PUBLISHED,field,"Field on an L5-DORMANT value/contract struct; part of the dormant output surface (read by the module tests and, at engage, the L5->L6 consumer). No siloed/trapped datum found at the struct surface; a per-field consumer trace is an engage-step item.",no,
src/composing/analysis/function/tonicizationlabeler.h,field,hasMinorSeventh@86,86,PUBLISHED,field,"Field on an L5-DORMANT value/contract struct; part of the dormant output surface (read by the module tests and, at engage, the L5->L6 consumer). No siloed/trapped datum found at the struct surface; a per-field consumer trace is an engage-step item.",no,
src/composing/analysis/function/tonicizationlabeler.h,field,hasSeventh@123,123,PUBLISHED,field,"Field on an L5-DORMANT value/contract struct; part of the dormant output surface (read by the module tests and, at engage, the L5->L6 consumer). No siloed/trapped datum found at the struct surface; a per-field consumer trace is an engage-step item.",no,
src/composing/analysis/function/tonicizationlabeler.h,field,isApplied@117,117,PUBLISHED,field,"Field on an L5-DORMANT value/contract struct; part of the dormant output surface (read by the module tests and, at engage, the L5->L6 consumer). No siloed/trapped datum found at the struct surface; a per-field consumer trace is an engage-step item.",no,
src/composing/analysis/function/tonicizationlabeler.h,field,keyIsMajor@103,103,PUBLISHED,field,"Field on an L5-DORMANT value/contract struct; part of the dormant output surface (read by the module tests and, at engage, the L5->L6 consumer). No siloed/trapped datum found at the struct surface; a per-field consumer trace is an engage-step item.",no,
src/composing/analysis/function/tonicizationlabeler.h,field,keySignatureFifths@104,104,PUBLISHED,field,"Field on an L5-DORMANT value/contract struct; part of the dormant output surface (read by the module tests and, at engage, the L5->L6 consumer). No siloed/trapped datum found at the struct surface; a per-field consumer trace is an engage-step item.",no,
src/composing/analysis/function/tonicizationlabeler.h,field,keyTonicPc@102,102,PUBLISHED,field,"Field on an L5-DORMANT value/contract struct; part of the dormant output surface (read by the module tests and, at engage, the L5->L6 consumer). No siloed/trapped datum found at the struct surface; a per-field consumer trace is an engage-step item.",no,
src/composing/analysis/function/tonicizationlabeler.h,field,kind@118,118,PUBLISHED,field,"Field on an L5-DORMANT value/contract struct; part of the dormant output surface (read by the module tests and, at engage, the L5->L6 consumer). No siloed/trapped datum found at the struct surface; a per-field consumer trace is an engage-step item.",no,
src/composing/analysis/function/tonicizationlabeler.h,field,label@131,131,PUBLISHED,field,"Field on an L5-DORMANT value/contract struct; part of the dormant output surface (read by the module tests and, at engage, the L5->L6 consumer). No siloed/trapped datum found at the struct surface; a per-field consumer trace is an engage-step item.",no,
src/composing/analysis/function/tonicizationlabeler.h,field,leadingTonePc@125,125,PUBLISHED,field,"Field on an L5-DORMANT value/contract struct; part of the dormant output surface (read by the module tests and, at engage, the L5->L6 consumer). No siloed/trapped datum found at the struct surface; a per-field consumer trace is an engage-step item.",no,
src/composing/analysis/function/tonicizationlabeler.h,field,pitchClassMask@92,92,PUBLISHED,field,"Field on an L5-DORMANT value/contract struct; part of the dormant output surface (read by the module tests and, at engage, the L5->L6 consumer). No siloed/trapped datum found at the struct surface; a per-field consumer trace is an engage-step item.",no,
src/composing/analysis/function/tonicizationlabeler.h,field,quality@81,81,PUBLISHED,field,"Field on an L5-DORMANT value/contract struct; part of the dormant output surface (read by the module tests and, at engage, the L5->L6 consumer). No siloed/trapped datum found at the struct surface; a per-field consumer trace is an engage-step item.",no,
src/composing/analysis/function/tonicizationlabeler.h,field,rootPc@78,78,PUBLISHED,field,"Field on an L5-DORMANT value/contract struct; part of the dormant output surface (read by the module tests and, at engage, the L5->L6 consumer). No siloed/trapped datum found at the struct surface; a per-field consumer trace is an engage-step item.",no,
src/composing/analysis/function/tonicizationlabeler.h,field,startTick@73,73,PUBLISHED,field,"Field on an L5-DORMANT value/contract struct; part of the dormant output surface (read by the module tests and, at engage, the L5->L6 consumer). No siloed/trapped datum found at the struct surface; a per-field consumer trace is an engage-step item.",no,
src/composing/analysis/function/tonicizationlabeler.h,field,targetDegree@121,121,PUBLISHED,field,"Field on an L5-DORMANT value/contract struct; part of the dormant output surface (read by the module tests and, at engage, the L5->L6 consumer). No siloed/trapped datum found at the struct surface; a per-field consumer trace is an engage-step item.",no,
src/composing/analysis/function/tonicizationlabeler.h,field,targetIsMajor@122,122,PUBLISHED,field,"Field on an L5-DORMANT value/contract struct; part of the dormant output surface (read by the module tests and, at engage, the L5->L6 consumer). No siloed/trapped datum found at the struct surface; a per-field consumer trace is an engage-step item.",no,
src/composing/analysis/function/tonicizationlabeler.h,field,targetPc@120,120,PUBLISHED,field,"Field on an L5-DORMANT value/contract struct; part of the dormant output surface (read by the module tests and, at engage, the L5->L6 consumer). No siloed/trapped datum found at the struct surface; a per-field consumer trace is an engage-step item.",no,
src/composing/analysis/progression/progressionrecognizer.cpp,branch,else-if@396,396,SURVIVES,branch,"THEORY (music-theory / design decision): a functional-harmony test whose premise is cited to the signed design §5.x (root-motion, cadence-form, precedence, or the firewall threshold direction). Dormant.",no,
src/composing/analysis/progression/progressionrecognizer.cpp,branch,if@112,112,SURVIVES,branch,"THEORY (music-theory / design decision): a functional-harmony test whose premise is cited to the signed design §5.x (root-motion, cadence-form, precedence, or the firewall threshold direction). Dormant.",no,
src/composing/analysis/progression/progressionrecognizer.cpp,branch,if@115,115,SURVIVES,branch,"THEORY (music-theory / design decision): a functional-harmony test whose premise is cited to the signed design §5.x (root-motion, cadence-form, precedence, or the firewall threshold direction). Dormant.",no,
src/composing/analysis/progression/progressionrecognizer.cpp,branch,if@151,151,SURVIVES,branch,"THEORY (music-theory / design decision): a functional-harmony test whose premise is cited to the signed design §5.x (root-motion, cadence-form, precedence, or the firewall threshold direction). Dormant.",no,
src/composing/analysis/progression/progressionrecognizer.cpp,branch,if@171,171,SURVIVES,branch,"THEORY (music-theory / design decision): a functional-harmony test whose premise is cited to the signed design §5.x (root-motion, cadence-form, precedence, or the firewall threshold direction). Dormant.",no,
src/composing/analysis/progression/progressionrecognizer.cpp,branch,if@174,174,SURVIVES,branch,"THEORY (music-theory / design decision): a functional-harmony test whose premise is cited to the signed design §5.x (root-motion, cadence-form, precedence, or the firewall threshold direction). Dormant.",no,
src/composing/analysis/progression/progressionrecognizer.cpp,branch,if@190,190,SURVIVES,branch,"FACT (defensive): a structural range/null/empty guard — a construction invariant, not a musical judgment. Dormant.",no,
src/composing/analysis/progression/progressionrecognizer.cpp,branch,if@207,207,SURVIVES,branch,"FACT (defensive): a structural range/null/empty guard — a construction invariant, not a musical judgment. Dormant.",no,
src/composing/analysis/progression/progressionrecognizer.cpp,branch,if@226,226,SURVIVES,branch,"THEORY (music-theory / design decision): a functional-harmony test whose premise is cited to the signed design §5.x (root-motion, cadence-form, precedence, or the firewall threshold direction). Dormant.",no,
src/composing/analysis/progression/progressionrecognizer.cpp,branch,if@230,230,SURVIVES,branch,"THEORY (music-theory / design decision): a functional-harmony test whose premise is cited to the signed design §5.x (root-motion, cadence-form, precedence, or the firewall threshold direction). Dormant.",no,
src/composing/analysis/progression/progressionrecognizer.cpp,branch,if@241,241,SURVIVES,branch,"THEORY (music-theory / design decision): a functional-harmony test whose premise is cited to the signed design §5.x (root-motion, cadence-form, precedence, or the firewall threshold direction). Dormant.",no,
src/composing/analysis/progression/progressionrecognizer.cpp,branch,if@250,250,SURVIVES,branch,"THEORY (music-theory / design decision): a functional-harmony test whose premise is cited to the signed design §5.x (root-motion, cadence-form, precedence, or the firewall threshold direction). Dormant.",no,
src/composing/analysis/progression/progressionrecognizer.cpp,branch,if@284,284,SURVIVES,branch,"THEORY (music-theory / design decision): a functional-harmony test whose premise is cited to the signed design §5.x (root-motion, cadence-form, precedence, or the firewall threshold direction). Dormant.",no,
src/composing/analysis/progression/progressionrecognizer.cpp,branch,if@297,297,SURVIVES,branch,"THEORY (music-theory / design decision): a functional-harmony test whose premise is cited to the signed design §5.x (root-motion, cadence-form, precedence, or the firewall threshold direction). Dormant.",no,
src/composing/analysis/progression/progressionrecognizer.cpp,branch,if@303,303,SURVIVES,branch,"FACT (defensive): a structural range/null/empty guard — a construction invariant, not a musical judgment. Dormant.",no,
src/composing/analysis/progression/progressionrecognizer.cpp,branch,if@312,312,SURVIVES,branch,"THEORY (music-theory / design decision): a functional-harmony test whose premise is cited to the signed design §5.x (root-motion, cadence-form, precedence, or the firewall threshold direction). Dormant.",no,
src/composing/analysis/progression/progressionrecognizer.cpp,branch,if@318,318,SURVIVES,branch,"THEORY (music-theory / design decision): a functional-harmony test whose premise is cited to the signed design §5.x (root-motion, cadence-form, precedence, or the firewall threshold direction). Dormant.",no,
src/composing/analysis/progression/progressionrecognizer.cpp,branch,if@321,321,SURVIVES,branch,"THEORY (music-theory / design decision): a functional-harmony test whose premise is cited to the signed design §5.x (root-motion, cadence-form, precedence, or the firewall threshold direction). Dormant.",no,
src/composing/analysis/progression/progressionrecognizer.cpp,branch,if@326,326,SURVIVES,branch,"THEORY (music-theory / design decision): a functional-harmony test whose premise is cited to the signed design §5.x (root-motion, cadence-form, precedence, or the firewall threshold direction). Dormant.",no,
src/composing/analysis/progression/progressionrecognizer.cpp,branch,if@34,34,SURVIVES,branch,"THEORY (music-theory / design decision): a functional-harmony test whose premise is cited to the signed design §5.x (root-motion, cadence-form, precedence, or the firewall threshold direction). Dormant.",no,
src/composing/analysis/progression/progressionrecognizer.cpp,branch,if@366,366,SURVIVES,branch,"THEORY (music-theory / design decision): a functional-harmony test whose premise is cited to the signed design §5.x (root-motion, cadence-form, precedence, or the firewall threshold direction). Dormant.",no,
src/composing/analysis/progression/progressionrecognizer.cpp,branch,if@382,382,SURVIVES,branch,"THEORY (music-theory / design decision): a functional-harmony test whose premise is cited to the signed design §5.x (root-motion, cadence-form, precedence, or the firewall threshold direction). Dormant.",no,
src/composing/analysis/progression/progressionrecognizer.cpp,branch,if@387,387,SURVIVES,branch,"FACT (defensive): a structural range/null/empty guard — a construction invariant, not a musical judgment. Dormant.",no,
src/composing/analysis/progression/progressionrecognizer.cpp,branch,if@391,391,SURVIVES,branch,"THEORY (music-theory / design decision): a functional-harmony test whose premise is cited to the signed design §5.x (root-motion, cadence-form, precedence, or the firewall threshold direction). Dormant.",no,
src/composing/analysis/progression/progressionrecognizer.cpp,branch,if@394,394,SURVIVES,branch,"THEORY (music-theory / design decision): a functional-harmony test whose premise is cited to the signed design §5.x (root-motion, cadence-form, precedence, or the firewall threshold direction). Dormant.",no,
src/composing/analysis/progression/progressionrecognizer.cpp,branch,if@404,404,SURVIVES,branch,"THEORY (music-theory / design decision): a functional-harmony test whose premise is cited to the signed design §5.x (root-motion, cadence-form, precedence, or the firewall threshold direction). Dormant.",no,
src/composing/analysis/progression/progressionrecognizer.cpp,branch,if@46,46,SURVIVES,branch,"THEORY (music-theory / design decision): a functional-harmony test whose premise is cited to the signed design §5.x (root-motion, cadence-form, precedence, or the firewall threshold direction). Dormant.",no,
src/composing/analysis/progression/progressionrecognizer.cpp,branch,if@47,47,SURVIVES,branch,"THEORY (music-theory / design decision): a functional-harmony test whose premise is cited to the signed design §5.x (root-motion, cadence-form, precedence, or the firewall threshold direction). Dormant.",no,
src/composing/analysis/progression/progressionrecognizer.cpp,branch,if@67,67,SURVIVES,branch,"FACT (defensive): a structural range/null/empty guard — a construction invariant, not a musical judgment. Dormant.",no,
src/composing/analysis/progression/progressionrecognizer.cpp,branch,if@89,89,SURVIVES,branch,"FACT (defensive): a structural range/null/empty guard — a construction invariant, not a musical judgment. Dormant.",no,
src/composing/analysis/progression/progressionrecognizer.cpp,branch,ternary@53,53,SURVIVES,branch,"THEORY (music-theory / design decision): a functional-harmony test whose premise is cited to the signed design §5.x (root-motion, cadence-form, precedence, or the firewall threshold direction). Dormant.",no,
src/composing/analysis/progression/progressionrecognizer.cpp,branch,ternary@95,95,SURVIVES,branch,"THEORY (music-theory / design decision): a functional-harmony test whose premise is cited to the signed design §5.x (root-motion, cadence-form, precedence, or the firewall threshold direction). Dormant.",no,
src/composing/analysis/progression/progressionrecognizer.cpp,crosslayer,progressionrecognizer.h@22,22,SURVIVES,crosslayer,external/std-library include; no layer coupling.,no,
src/composing/analysis/progression/progressionrecognizer.cpp,function,anchorRootPc@188,188,SURVIVES,code,L5-DORMANT function in the §4 progression-recognition consumer of the Harmonic Vocabulary; no production consumer (only progressionrecognizer_tests + the batch_analyze diagnostic); byte-identical on production.,no,
src/composing/analysis/progression/progressionrecognizer.cpp,function,blendIdiomWeights@79,79,SURVIVES,code,L5-DORMANT function in the §4 progression-recognition consumer of the Harmonic Vocabulary; no production consumer (only progressionrecognizer_tests + the batch_analyze diagnostic); byte-identical on production.,no,
src/composing/analysis/progression/progressionrecognizer.cpp,function,idiomIndex@30,30,SURVIVES,code,L5-DORMANT function in the §4 progression-recognition consumer of the Harmonic Vocabulary; no production consumer (only progressionrecognizer_tests + the batch_analyze diagnostic); byte-identical on production.,no,
src/composing/analysis/progression/progressionrecognizer.cpp,function,maxWeightOverIdioms@41,41,SURVIVES,code,L5-DORMANT function in the §4 progression-recognition consumer of the Harmonic Vocabulary; no production consumer (only progressionrecognizer_tests + the batch_analyze diagnostic); byte-identical on production.,no,
src/composing/analysis/progression/progressionrecognizer.cpp,function,memberContradictsCommittedReading@123,123,SURVIVES,code,L5-DORMANT function in the §4 progression-recognition consumer of the Harmonic Vocabulary; no production consumer (only progressionrecognizer_tests + the batch_analyze diagnostic); byte-identical on production.,no,
src/composing/analysis/progression/progressionrecognizer.cpp,function,modeContradictsLocalKey@169,169,SURVIVES,code,L5-DORMANT function in the §4 progression-recognition consumer of the Harmonic Vocabulary; no production consumer (only progressionrecognizer_tests + the batch_analyze diagnostic); byte-identical on production.,no,
src/composing/analysis/progression/progressionrecognizer.cpp,function,normaliseToUnit@61,61,SURVIVES,code,L5-DORMANT function in the §4 progression-recognition consumer of the Harmonic Vocabulary; no production consumer (only progressionrecognizer_tests + the batch_analyze diagnostic); byte-identical on production.,no,
src/composing/analysis/progression/progressionrecognizer.cpp,function,overrideContributionFor@130,130,SURVIVES,code,L5-DORMANT function in the §4 progression-recognition consumer of the Harmonic Vocabulary; no production consumer (only progressionrecognizer_tests + the batch_analyze diagnostic); byte-identical on production.,no,
src/composing/analysis/progression/progressionrecognizer.cpp,function,pcMod12@162,162,SURVIVES,code,L5-DORMANT function in the §4 progression-recognition consumer of the Harmonic Vocabulary; no production consumer (only progressionrecognizer_tests + the batch_analyze diagnostic); byte-identical on production.,no,
src/composing/analysis/progression/progressionrecognizer.cpp,function,recognitionPriorStrength@107,107,SURVIVES,code,L5-DORMANT function in the §4 progression-recognition consumer of the Harmonic Vocabulary; no production consumer (only progressionrecognizer_tests + the batch_analyze diagnostic); byte-identical on production.,no,
src/composing/analysis/progression/progressionrecognizer.cpp,function,recognizeProgressions@199,199,SURVIVES,code,L5-DORMANT function in the §4 progression-recognition consumer of the Harmonic Vocabulary; no production consumer (only progressionrecognizer_tests + the batch_analyze diagnostic); byte-identical on production.,no,
src/composing/analysis/progression/progressionrecognizer.cpp,function,selectCandidateFillingMember@147,147,SURVIVES,code,L5-DORMANT function in the §4 progression-recognition consumer of the Harmonic Vocabulary; no production consumer (only progressionrecognizer_tests + the batch_analyze diagnostic); byte-identical on production.,no,
src/composing/analysis/progression/progressionrecognizer.cpp,literal,[0.0]@183,183,ESTABLISHED,constant,"Structural double (a zero/one identity default, a [0,1] clamp bound, a boolean-as-double 1/0 indicator, or a >0 guard) — not a tuned parameter.",no,
src/composing/analysis/progression/progressionrecognizer.cpp,literal,[0.0]@43,43,ESTABLISHED,constant,"Structural double (a zero/one identity default, a [0,1] clamp bound, a boolean-as-double 1/0 indicator, or a >0 guard) — not a tuned parameter.",no,
src/composing/analysis/progression/progressionrecognizer.cpp,literal,[0.0]@53,53,ESTABLISHED,constant,"Structural double (a zero/one identity default, a [0,1] clamp bound, a boolean-as-double 1/0 indicator, or a >0 guard) — not a tuned parameter.",no,
src/composing/analysis/progression/progressionrecognizer.cpp,literal,[0.0]@63,63,ESTABLISHED,constant,"Structural double (a zero/one identity default, a [0,1] clamp bound, a boolean-as-double 1/0 indicator, or a >0 guard) — not a tuned parameter.",no,
src/composing/analysis/progression/progressionrecognizer.cpp,literal,[0.0]@67,67,ESTABLISHED,constant,"Structural double (a zero/one identity default, a [0,1] clamp bound, a boolean-as-double 1/0 indicator, or a >0 guard) — not a tuned parameter.",no,
src/composing/analysis/progression/progressionrecognizer.cpp,literal,[0.0]@85,85,ESTABLISHED,constant,"Structural double (a zero/one identity default, a [0,1] clamp bound, a boolean-as-double 1/0 indicator, or a >0 guard) — not a tuned parameter.",no,
src/composing/analysis/progression/progressionrecognizer.cpp,literal,[0.0]@89,89,ESTABLISHED,constant,"Structural double (a zero/one identity default, a [0,1] clamp bound, a boolean-as-double 1/0 indicator, or a >0 guard) — not a tuned parameter.",no,
src/composing/analysis/progression/progressionrecognizer.cpp,literal,[0.0]@95,95,ESTABLISHED,constant,"Structural double (a zero/one identity default, a [0,1] clamp bound, a boolean-as-double 1/0 indicator, or a >0 guard) — not a tuned parameter.",no,
src/composing/analysis/progression/progressionrecognizer.cpp,literal,[1.0]@100,100,ESTABLISHED,constant,"Structural double (a zero/one identity default, a [0,1] clamp bound, a boolean-as-double 1/0 indicator, or a >0 guard) — not a tuned parameter.",no,
src/composing/analysis/progression/progressionrecognizer.cpp,literal,[1.0]@95,95,ESTABLISHED,constant,"Structural double (a zero/one identity default, a [0,1] clamp bound, a boolean-as-double 1/0 indicator, or a >0 guard) — not a tuned parameter.",no,
src/composing/analysis/progression/progressionrecognizer.cpp,literal,[12]@164,164,ESTABLISHED,constant,"Music-theory interval or structural integer (a mod-12 root-motion/scale-degree constant, the octave modulus 12, an array size 5/7, or a -1/0 sentinel/index) — established by theory or by construction, not tuned.",no,
src/composing/analysis/progression/progressionrecognizer.cpp,literal,[12]@164,164,ESTABLISHED,constant,"Music-theory interval or structural integer (a mod-12 root-motion/scale-degree constant, the octave modulus 12, an array size 5/7, or a -1/0 sentinel/index) — established by theory or by construction, not tuned.",no,
src/composing/analysis/progression/progressionrecognizer.cpp,literal,[12]@164,164,ESTABLISHED,constant,"Music-theory interval or structural integer (a mod-12 root-motion/scale-degree constant, the octave modulus 12, an array size 5/7, or a -1/0 sentinel/index) — established by theory or by construction, not tuned.",no,
src/composing/analysis/progression/progressionrecognizer.h,crosslayer,composing/analysis/vocabulary/harmonicvocabulary.h@79,79,SURVIVES,crosslayer,forward/lateral include of the vocabulary substrate (L5 consumes L1-L4 + vocabulary/spelling); consistent with the §2 forward-only constraint.,no,
src/composing/analysis/progression/progressionrecognizer.h,decl,idiomIndex@101,101,SURVIVES,code,L5-DORMANT type declaration on the dormant value/contract surface; no production use.,no,
src/composing/analysis/progression/progressionrecognizer.h,decl,maxWeightOverIdioms@106,106,SURVIVES,code,L5-DORMANT type declaration on the dormant value/contract surface; no production use.,no,
src/composing/analysis/progression/progressionrecognizer.h,field,abstainedFeatures@268,268,PUBLISHED,field,"Field on an L5-DORMANT value/contract struct; part of the dormant output surface (read by the module tests and, at engage, the L5->L6 consumer). No siloed/trapped datum found at the struct surface; a per-field consumer trace is an engage-step item.",no,
src/composing/analysis/progression/progressionrecognizer.h,field,admissionThreshold@120,120,PUBLISHED,field,"Field on an L5-DORMANT value/contract struct; part of the dormant output surface (read by the module tests and, at engage, the L5->L6 consumer). No siloed/trapped datum found at the struct surface; a per-field consumer trace is an engage-step item.",no,
src/composing/analysis/progression/progressionrecognizer.h,field,blendRate@115,115,PUBLISHED,field,"Field on an L5-DORMANT value/contract struct; part of the dormant output surface (read by the module tests and, at engage, the L5->L6 consumer). No siloed/trapped datum found at the struct surface; a per-field consumer trace is an engage-step item.",no,
src/composing/analysis/progression/progressionrecognizer.h,field,chord@163,163,PUBLISHED,field,"Field on an L5-DORMANT value/contract struct; part of the dormant output surface (read by the module tests and, at engage, the L5->L6 consumer). No siloed/trapped datum found at the struct surface; a per-field consumer trace is an engage-step item.",no,
src/composing/analysis/progression/progressionrecognizer.h,field,chordsOnly@198,198,PUBLISHED,field,"Field on an L5-DORMANT value/contract struct; part of the dormant output surface (read by the module tests and, at engage, the L5->L6 consumer). No siloed/trapped datum found at the struct surface; a per-field consumer trace is an engage-step item.",no,
src/composing/analysis/progression/progressionrecognizer.h,field,chordsOnlyFactor@132,132,PUBLISHED,field,"Field on an L5-DORMANT value/contract struct; part of the dormant output surface (read by the module tests and, at engage, the L5->L6 consumer). No siloed/trapped datum found at the struct surface; a per-field consumer trace is an engage-step item.",no,
src/composing/analysis/progression/progressionrecognizer.h,field,committed@167,167,PUBLISHED,field,"Field on an L5-DORMANT value/contract struct; part of the dormant output surface (read by the module tests and, at engage, the L5->L6 consumer). No siloed/trapped datum found at the struct surface; a per-field consumer trace is an engage-step item.",no,
src/composing/analysis/progression/progressionrecognizer.h,field,committedQuality@238,238,PUBLISHED,field,"Field on an L5-DORMANT value/contract struct; part of the dormant output surface (read by the module tests and, at engage, the L5->L6 consumer). No siloed/trapped datum found at the struct surface; a per-field consumer trace is an engage-step item.",no,
src/composing/analysis/progression/progressionrecognizer.h,field,committedRootPc@237,237,PUBLISHED,field,"Field on an L5-DORMANT value/contract struct; part of the dormant output surface (read by the module tests and, at engage, the L5->L6 consumer). No siloed/trapped datum found at the struct surface; a per-field consumer trace is an engage-step item.",no,
src/composing/analysis/progression/progressionrecognizer.h,field,compositeConfidence@168,168,PUBLISHED,field,"Field on an L5-DORMANT value/contract struct; part of the dormant output surface (read by the module tests and, at engage, the L5->L6 consumer). No siloed/trapped datum found at the struct surface; a per-field consumer trace is an engage-step item.",no,
src/composing/analysis/progression/progressionrecognizer.h,field,compositeConfidence@242,242,PUBLISHED,field,"Field on an L5-DORMANT value/contract struct; part of the dormant output surface (read by the module tests and, at engage, the L5->L6 consumer). No siloed/trapped datum found at the struct surface; a per-field consumer trace is an engage-step item.",no,
src/composing/analysis/progression/progressionrecognizer.h,field,endIndex@193,193,PUBLISHED,field,"Field on an L5-DORMANT value/contract struct; part of the dormant output surface (read by the module tests and, at engage, the L5->L6 consumer). No siloed/trapped datum found at the struct surface; a per-field consumer trace is an engage-step item.",no,
src/composing/analysis/progression/progressionrecognizer.h,field,endIndex@257,257,PUBLISHED,field,"Field on an L5-DORMANT value/contract struct; part of the dormant output surface (read by the module tests and, at engage, the L5->L6 consumer). No siloed/trapped datum found at the struct surface; a per-field consumer trace is an engage-step item.",no,
src/composing/analysis/progression/progressionrecognizer.h,field,endTick@165,165,PUBLISHED,field,"Field on an L5-DORMANT value/contract struct; part of the dormant output surface (read by the module tests and, at engage, the L5->L6 consumer). No siloed/trapped datum found at the struct surface; a per-field consumer trace is an engage-step item.",no,
src/composing/analysis/progression/progressionrecognizer.h,field,endTick@195,195,PUBLISHED,field,"Field on an L5-DORMANT value/contract struct; part of the dormant output surface (read by the module tests and, at engage, the L5->L6 consumer). No siloed/trapped datum found at the struct surface; a per-field consumer trace is an engage-step item.",no,
src/composing/analysis/progression/progressionrecognizer.h,field,endTick@259,259,PUBLISHED,field,"Field on an L5-DORMANT value/contract struct; part of the dormant output surface (read by the module tests and, at engage, the L5->L6 consumer). No siloed/trapped datum found at the struct surface; a per-field consumer trace is an engage-step item.",no,
src/composing/analysis/progression/progressionrecognizer.h,field,extensions@152,152,PUBLISHED,field,"Field on an L5-DORMANT value/contract struct; part of the dormant output surface (read by the module tests and, at engage, the L5->L6 consumer). No siloed/trapped datum found at the struct surface; a per-field consumer trace is an engage-step item.",no,
src/composing/analysis/progression/progressionrecognizer.h,field,functionalPlausibility@153,153,PUBLISHED,field,"Field on an L5-DORMANT value/contract struct; part of the dormant output surface (read by the module tests and, at engage, the L5->L6 consumer). No siloed/trapped datum found at the struct surface; a per-field consumer trace is an engage-step item.",no,
src/composing/analysis/progression/progressionrecognizer.h,field,idioms@191,191,PUBLISHED,field,"Field on an L5-DORMANT value/contract struct; part of the dormant output surface (read by the module tests and, at engage, the L5->L6 consumer). No siloed/trapped datum found at the struct surface; a per-field consumer trace is an engage-step item.",no,
src/composing/analysis/progression/progressionrecognizer.h,field,matchScore@196,196,PUBLISHED,field,"Field on an L5-DORMANT value/contract struct; part of the dormant output surface (read by the module tests and, at engage, the L5->L6 consumer). No siloed/trapped datum found at the struct surface; a per-field consumer trace is an engage-step item.",no,
src/composing/analysis/progression/progressionrecognizer.h,field,memberQuality@214,214,PUBLISHED,field,"Field on an L5-DORMANT value/contract struct; part of the dormant output surface (read by the module tests and, at engage, the L5->L6 consumer). No siloed/trapped datum found at the struct surface; a per-field consumer trace is an engage-step item.",no,
src/composing/analysis/progression/progressionrecognizer.h,field,memberQuality@240,240,PUBLISHED,field,"Field on an L5-DORMANT value/contract struct; part of the dormant output surface (read by the module tests and, at engage, the L5->L6 consumer). No siloed/trapped datum found at the struct surface; a per-field consumer trace is an engage-step item.",no,
src/composing/analysis/progression/progressionrecognizer.h,field,memberRootPc@213,213,PUBLISHED,field,"Field on an L5-DORMANT value/contract struct; part of the dormant output surface (read by the module tests and, at engage, the L5->L6 consumer). No siloed/trapped datum found at the struct surface; a per-field consumer trace is an engage-step item.",no,
src/composing/analysis/progression/progressionrecognizer.h,field,memberRootPc@239,239,PUBLISHED,field,"Field on an L5-DORMANT value/contract struct; part of the dormant output surface (read by the module tests and, at engage, the L5->L6 consumer). No siloed/trapped datum found at the struct surface; a per-field consumer trace is an engage-step item.",no,
src/composing/analysis/progression/progressionrecognizer.h,field,modeCueFactor@126,126,PUBLISHED,field,"Field on an L5-DORMANT value/contract struct; part of the dormant output surface (read by the module tests and, at engage, the L5->L6 consumer). No siloed/trapped datum found at the struct surface; a per-field consumer trace is an engage-step item.",no,
src/composing/analysis/progression/progressionrecognizer.h,field,name@190,190,PUBLISHED,field,"Field on an L5-DORMANT value/contract struct; part of the dormant output surface (read by the module tests and, at engage, the L5->L6 consumer). No siloed/trapped datum found at the struct surface; a per-field consumer trace is an engage-step item.",no,
src/composing/analysis/progression/progressionrecognizer.h,field,name@254,254,PUBLISHED,field,"Field on an L5-DORMANT value/contract struct; part of the dormant output surface (read by the module tests and, at engage, the L5->L6 consumer). No siloed/trapped datum found at the struct surface; a per-field consumer trace is an engage-step item.",no,
src/composing/analysis/progression/progressionrecognizer.h,field,overrides@269,269,PUBLISHED,field,"Field on an L5-DORMANT value/contract struct; part of the dormant output surface (read by the module tests and, at engage, the L5->L6 consumer). No siloed/trapped datum found at the struct surface; a per-field consumer trace is an engage-step item.",no,
src/composing/analysis/progression/progressionrecognizer.h,field,position@180,180,PUBLISHED,field,"Field on an L5-DORMANT value/contract struct; part of the dormant output surface (read by the module tests and, at engage, the L5->L6 consumer). No siloed/trapped datum found at the struct surface; a per-field consumer trace is an engage-step item.",no,
src/composing/analysis/progression/progressionrecognizer.h,field,position@212,212,PUBLISHED,field,"Field on an L5-DORMANT value/contract struct; part of the dormant output surface (read by the module tests and, at engage, the L5->L6 consumer). No siloed/trapped datum found at the struct surface; a per-field consumer trace is an engage-step item.",no,
src/composing/analysis/progression/progressionrecognizer.h,field,position@236,236,PUBLISHED,field,"Field on an L5-DORMANT value/contract struct; part of the dormant output surface (read by the module tests and, at engage, the L5->L6 consumer). No siloed/trapped datum found at the struct surface; a per-field consumer trace is an engage-step item.",no,
src/composing/analysis/progression/progressionrecognizer.h,field,priorStrength@197,197,PUBLISHED,field,"Field on an L5-DORMANT value/contract struct; part of the dormant output surface (read by the module tests and, at engage, the L5->L6 consumer). No siloed/trapped datum found at the struct surface; a per-field consumer trace is an engage-step item.",no,
src/composing/analysis/progression/progressionrecognizer.h,field,priorStrength@241,241,PUBLISHED,field,"Field on an L5-DORMANT value/contract struct; part of the dormant output surface (read by the module tests and, at engage, the L5->L6 consumer). No siloed/trapped datum found at the struct surface; a per-field consumer trace is an engage-step item.",no,
src/composing/analysis/progression/progressionrecognizer.h,field,priorStrength@261,261,PUBLISHED,field,"Field on an L5-DORMANT value/contract struct; part of the dormant output surface (read by the module tests and, at engage, the L5->L6 consumer). No siloed/trapped datum found at the struct surface; a per-field consumer trace is an engage-step item.",no,
src/composing/analysis/progression/progressionrecognizer.h,field,quality@151,151,PUBLISHED,field,"Field on an L5-DORMANT value/contract struct; part of the dormant output surface (read by the module tests and, at engage, the L5->L6 consumer). No siloed/trapped datum found at the struct surface; a per-field consumer trace is an engage-step item.",no,
src/composing/analysis/progression/progressionrecognizer.h,field,rankedCandidates@170,170,PUBLISHED,field,"Field on an L5-DORMANT value/contract struct; part of the dormant output surface (read by the module tests and, at engage, the L5->L6 consumer). No siloed/trapped datum found at the struct surface; a per-field consumer trace is an engage-step item.",no,
src/composing/analysis/progression/progressionrecognizer.h,field,readOut@182,182,PUBLISHED,field,"Field on an L5-DORMANT value/contract struct; part of the dormant output surface (read by the module tests and, at engage, the L5->L6 consumer). No siloed/trapped datum found at the struct surface; a per-field consumer trace is an engage-step item.",no,
src/composing/analysis/progression/progressionrecognizer.h,field,repetitions@260,260,PUBLISHED,field,"Field on an L5-DORMANT value/contract struct; part of the dormant output surface (read by the module tests and, at engage, the L5->L6 consumer). No siloed/trapped datum found at the struct surface; a per-field consumer trace is an engage-step item.",no,
src/composing/analysis/progression/progressionrecognizer.h,field,rootPc@150,150,PUBLISHED,field,"Field on an L5-DORMANT value/contract struct; part of the dormant output surface (read by the module tests and, at engage, the L5->L6 consumer). No siloed/trapped datum found at the struct surface; a per-field consumer trace is an engage-step item.",no,
src/composing/analysis/progression/progressionrecognizer.h,field,schemaName@217,217,PUBLISHED,field,"Field on an L5-DORMANT value/contract struct; part of the dormant output surface (read by the module tests and, at engage, the L5->L6 consumer). No siloed/trapped datum found at the struct surface; a per-field consumer trace is an engage-step item.",no,
src/composing/analysis/progression/progressionrecognizer.h,field,schemaName@243,243,PUBLISHED,field,"Field on an L5-DORMANT value/contract struct; part of the dormant output surface (read by the module tests and, at engage, the L5->L6 consumer). No siloed/trapped datum found at the struct surface; a per-field consumer trace is an engage-step item.",no,
src/composing/analysis/progression/progressionrecognizer.h,field,schemaSpans@267,267,PUBLISHED,field,"Field on an L5-DORMANT value/contract struct; part of the dormant output surface (read by the module tests and, at engage, the L5->L6 consumer). No siloed/trapped datum found at the struct surface; a per-field consumer trace is an engage-step item.",no,
src/composing/analysis/progression/progressionrecognizer.h,field,selectedCandidateIndex@216,216,PUBLISHED,field,"Field on an L5-DORMANT value/contract struct; part of the dormant output surface (read by the module tests and, at engage, the L5->L6 consumer). No siloed/trapped datum found at the struct surface; a per-field consumer trace is an engage-step item.",no,
src/composing/analysis/progression/progressionrecognizer.h,field,sequences@270,270,PUBLISHED,field,"Field on an L5-DORMANT value/contract struct; part of the dormant output surface (read by the module tests and, at engage, the L5->L6 consumer). No siloed/trapped datum found at the struct surface; a per-field consumer trace is an engage-step item.",no,
src/composing/analysis/progression/progressionrecognizer.h,field,startIndex@192,192,PUBLISHED,field,"Field on an L5-DORMANT value/contract struct; part of the dormant output surface (read by the module tests and, at engage, the L5->L6 consumer). No siloed/trapped datum found at the struct surface; a per-field consumer trace is an engage-step item.",no,
src/composing/analysis/progression/progressionrecognizer.h,field,startIndex@256,256,PUBLISHED,field,"Field on an L5-DORMANT value/contract struct; part of the dormant output surface (read by the module tests and, at engage, the L5->L6 consumer). No siloed/trapped datum found at the struct surface; a per-field consumer trace is an engage-step item.",no,
src/composing/analysis/progression/progressionrecognizer.h,field,startTick@164,164,PUBLISHED,field,"Field on an L5-DORMANT value/contract struct; part of the dormant output surface (read by the module tests and, at engage, the L5->L6 consumer). No siloed/trapped datum found at the struct surface; a per-field consumer trace is an engage-step item.",no,
src/composing/analysis/progression/progressionrecognizer.h,field,startTick@194,194,PUBLISHED,field,"Field on an L5-DORMANT value/contract struct; part of the dormant output surface (read by the module tests and, at engage, the L5->L6 consumer). No siloed/trapped datum found at the struct surface; a per-field consumer trace is an engage-step item.",no,
src/composing/analysis/progression/progressionrecognizer.h,field,startTick@258,258,PUBLISHED,field,"Field on an L5-DORMANT value/contract struct; part of the dormant output surface (read by the module tests and, at engage, the L5->L6 consumer). No siloed/trapped datum found at the struct surface; a per-field consumer trace is an engage-step item.",no,
src/composing/analysis/progression/progressionrecognizer.h,field,substitutedMembers@199,199,PUBLISHED,field,"Field on an L5-DORMANT value/contract struct; part of the dormant output surface (read by the module tests and, at engage, the L5->L6 consumer). No siloed/trapped datum found at the struct surface; a per-field consumer trace is an engage-step item.",no,
src/composing/analysis/progression/progressionrecognizer.h,field,substitution@181,181,PUBLISHED,field,"Field on an L5-DORMANT value/contract struct; part of the dormant output surface (read by the module tests and, at engage, the L5->L6 consumer). No siloed/trapped datum found at the struct surface; a per-field consumer trace is an engage-step item.",no,
src/composing/analysis/progression/progressionrecognizer.h,field,transpositionStep@255,255,PUBLISHED,field,"Field on an L5-DORMANT value/contract struct; part of the dormant output surface (read by the module tests and, at engage, the L5->L6 consumer). No siloed/trapped datum found at the struct surface; a per-field consumer trace is an engage-step item.",no,
src/composing/analysis/progression/progressionrecognizer.h,field,weight@215,215,PUBLISHED,field,"Field on an L5-DORMANT value/contract struct; part of the dormant output surface (read by the module tests and, at engage, the L5->L6 consumer). No siloed/trapped datum found at the struct surface; a per-field consumer trace is an engage-step item.",no,
src/composing/analysis/progression/progressionrecognizer.h,field,weights@266,266,PUBLISHED,field,"Field on an L5-DORMANT value/contract struct; part of the dormant output surface (read by the module tests and, at engage, the L5->L6 consumer). No siloed/trapped datum found at the struct surface; a per-field consumer trace is an engage-step item.",no,
src/composing/analysis/progression/progressionrecognizer.h,literal,[0.0]@120,120,UNFIT,constant,Named precision-phase weight/threshold default (hand-set 'NOT tuned' firewall seed); NOT in param_manifest.json. Dormant: changes no production output. Only the direction is fixed by the design; the value is a Stage-5 fit candidate.,no,
src/composing/analysis/progression/progressionrecognizer.h,literal,[0.0]@153,153,ESTABLISHED,constant,"Structural double (a zero/one identity default, a [0,1] clamp bound, a boolean-as-double 1/0 indicator, or a >0 guard) — not a tuned parameter.",no,
src/composing/analysis/progression/progressionrecognizer.h,literal,[0.0]@196,196,ESTABLISHED,constant,"Structural double (a zero/one identity default, a [0,1] clamp bound, a boolean-as-double 1/0 indicator, or a >0 guard) — not a tuned parameter.",no,
src/composing/analysis/progression/progressionrecognizer.h,literal,[0.0]@197,197,ESTABLISHED,constant,"Structural double (a zero/one identity default, a [0,1] clamp bound, a boolean-as-double 1/0 indicator, or a >0 guard) — not a tuned parameter.",no,
src/composing/analysis/progression/progressionrecognizer.h,literal,[0.0]@215,215,ESTABLISHED,constant,"Structural double (a zero/one identity default, a [0,1] clamp bound, a boolean-as-double 1/0 indicator, or a >0 guard) — not a tuned parameter.",no,
src/composing/analysis/progression/progressionrecognizer.h,literal,[0.0]@241,241,ESTABLISHED,constant,"Structural double (a zero/one identity default, a [0,1] clamp bound, a boolean-as-double 1/0 indicator, or a >0 guard) — not a tuned parameter.",no,
src/composing/analysis/progression/progressionrecognizer.h,literal,[0.0]@242,242,ESTABLISHED,constant,"Structural double (a zero/one identity default, a [0,1] clamp bound, a boolean-as-double 1/0 indicator, or a >0 guard) — not a tuned parameter.",no,
src/composing/analysis/progression/progressionrecognizer.h,literal,[0.0]@261,261,ESTABLISHED,constant,"Structural double (a zero/one identity default, a [0,1] clamp bound, a boolean-as-double 1/0 indicator, or a >0 guard) — not a tuned parameter.",no,
src/composing/analysis/progression/progressionrecognizer.h,literal,[0.2]@97,97,ESTABLISHED,constant,"Uniform idiom prior (1/5 over the five ratified idioms) — established, sums to 1.",no,
src/composing/analysis/progression/progressionrecognizer.h,literal,[0.2]@97,97,ESTABLISHED,constant,"Uniform idiom prior (1/5 over the five ratified idioms) — established, sums to 1.",no,
src/composing/analysis/progression/progressionrecognizer.h,literal,[0.2]@97,97,ESTABLISHED,constant,"Uniform idiom prior (1/5 over the five ratified idioms) — established, sums to 1.",no,
src/composing/analysis/progression/progressionrecognizer.h,literal,[0.2]@97,97,ESTABLISHED,constant,"Uniform idiom prior (1/5 over the five ratified idioms) — established, sums to 1.",no,
src/composing/analysis/progression/progressionrecognizer.h,literal,[0.2]@97,97,ESTABLISHED,constant,"Uniform idiom prior (1/5 over the five ratified idioms) — established, sums to 1.",no,
src/composing/analysis/progression/progressionrecognizer.h,literal,[0.5]@126,126,UNFIT,constant,Named precision-phase weight/threshold default (hand-set 'NOT tuned' firewall seed); NOT in param_manifest.json. Dormant: changes no production output. Only the direction is fixed by the design; the value is a Stage-5 fit candidate.,no,
src/composing/analysis/progression/progressionrecognizer.h,literal,[0.5]@132,132,UNFIT,constant,Named precision-phase weight/threshold default (hand-set 'NOT tuned' firewall seed); NOT in param_manifest.json. Dormant: changes no production output. Only the direction is fixed by the design; the value is a Stage-5 fit candidate.,no,
src/composing/analysis/progression/progressionrecognizer.h,literal,[1.0]@115,115,UNFIT,constant,Named precision-phase weight/threshold default (hand-set 'NOT tuned' firewall seed); NOT in param_manifest.json. Dormant: changes no production output. Only the direction is fixed by the design; the value is a Stage-5 fit candidate.,no,
src/composing/analysis/progression/progressionrecognizer.h,literal,[1.0]@168,168,ESTABLISHED,constant,"Structural double (a zero/one identity default, a [0,1] clamp bound, a boolean-as-double 1/0 indicator, or a >0 guard) — not a tuned parameter.",no,
src/composing/analysis/progression/progressionrecognizer.h,literal,[5]@90,90,ESTABLISHED,constant,"Music-theory interval or structural integer (a mod-12 root-motion/scale-degree constant, the octave modulus 12, an array size 5/7, or a -1/0 sentinel/index) — established by theory or by construction, not tuned.",no,
