kind,ident,line,func,verdict,subclass,manifest_present,flag,finding_slug,note,context
crosslayer,external,47,<includes>,SURVIVES,external-substrate,,,,Include of an external framework header (Qt / muse / engraving); harness substrate.,global/globalmodule.h
crosslayer,external,48,<includes>,SURVIVES,external-substrate,,,,Include of an external framework header (Qt / muse / engraving); harness substrate.,draw/internal/ifontsdatabase.h
crosslayer,external,49,<includes>,SURVIVES,external-substrate,,,,Include of an external framework header (Qt / muse / engraving); harness substrate.,global/iapplication.h
crosslayer,external,50,<includes>,SURVIVES,external-substrate,,,,Include of an external framework header (Qt / muse / engraving); harness substrate.,global/modularity/ioc.h
crosslayer,external,51,<includes>,SURVIVES,external-substrate,,,,Include of an external framework header (Qt / muse / engraving); harness substrate.,global/modularity/imodulesetup.h
crosslayer,external,52,<includes>,SURVIVES,external-substrate,,,,Include of an external framework header (Qt / muse / engraving); harness substrate.,global/io/path.h
crosslayer,types,53,<includes>,SURVIVES,layer-consume,,,,Cross-layer include of the 'types' analysis area; the top-level driver legitimately consumes that layer's published surface (dependency-appropriate).,global/types/string.h
crosslayer,types,54,<includes>,SURVIVES,layer-consume,,,,Cross-layer include of the 'types' analysis area; the top-level driver legitimately consumes that layer's published surface (dependency-appropriate).,global/types/ret.h
crosslayer,external,55,<includes>,SURVIVES,external-substrate,,,,Include of an external framework header (Qt / muse / engraving); harness substrate.,global/tests/mocks/applicationstub.h
crosslayer,external,58,<includes>,SURVIVES,external-substrate,,,,Include of an external framework header (Qt / muse / engraving); harness substrate.,draw/drawmodule.h
crosslayer,external,61,<includes>,SURVIVES,external-substrate,,,,Include of an external framework header (Qt / muse / engraving); harness substrate.,engraving/engravingmodule.h
crosslayer,external,62,<includes>,SURVIVES,external-substrate,,,,Include of an external framework header (Qt / muse / engraving); harness substrate.,engraving/engravingerrors.h
crosslayer,external,63,<includes>,SURVIVES,external-substrate,,,,Include of an external framework header (Qt / muse / engraving); harness substrate.,engraving/dom/masterscore.h
crosslayer,external,64,<includes>,SURVIVES,external-substrate,,,,Include of an external framework header (Qt / muse / engraving); harness substrate.,engraving/dom/measure.h
crosslayer,external,65,<includes>,SURVIVES,external-substrate,,,,Include of an external framework header (Qt / muse / engraving); harness substrate.,engraving/dom/measurebase.h
crosslayer,external,66,<includes>,SURVIVES,external-substrate,,,,Include of an external framework header (Qt / muse / engraving); harness substrate.,engraving/dom/segment.h
crosslayer,external,67,<includes>,SURVIVES,external-substrate,,,,Include of an external framework header (Qt / muse / engraving); harness substrate.,engraving/dom/chord.h
crosslayer,external,68,<includes>,SURVIVES,external-substrate,,,,Include of an external framework header (Qt / muse / engraving); harness substrate.,engraving/dom/chordrest.h
crosslayer,external,69,<includes>,SURVIVES,external-substrate,,,,Include of an external framework header (Qt / muse / engraving); harness substrate.,engraving/dom/note.h
crosslayer,external,70,<includes>,SURVIVES,external-substrate,,,,Include of an external framework header (Qt / muse / engraving); harness substrate.,engraving/dom/staff.h
crosslayer,external,71,<includes>,SURVIVES,external-substrate,,,,Include of an external framework header (Qt / muse / engraving); harness substrate.,engraving/dom/part.h
crosslayer,external,72,<includes>,SURVIVES,external-substrate,,,,Include of an external framework header (Qt / muse / engraving); harness substrate.,engraving/dom/instrument.h
crosslayer,external,73,<includes>,SURVIVES,external-substrate,,,,Include of an external framework header (Qt / muse / engraving); harness substrate.,engraving/dom/keysig.h
crosslayer,external,74,<includes>,SURVIVES,external-substrate,,,,Include of an external framework header (Qt / muse / engraving); harness substrate.,engraving/dom/layoutbreak.h
crosslayer,external,75,<includes>,SURVIVES,external-substrate,,,,Include of an external framework header (Qt / muse / engraving); harness substrate.,engraving/dom/mscore.h
crosslayer,external,76,<includes>,SURVIVES,external-substrate,,,,Include of an external framework header (Qt / muse / engraving); harness substrate.,engraving/dom/pedal.h
crosslayer,external,77,<includes>,SURVIVES,external-substrate,,,,Include of an external framework header (Qt / muse / engraving); harness substrate.,engraving/dom/instrtemplate.h
crosslayer,external,78,<includes>,SURVIVES,external-substrate,,,,Include of an external framework header (Qt / muse / engraving); harness substrate.,engraving/dom/sig.h
crosslayer,external,79,<includes>,SURVIVES,external-substrate,,,,Include of an external framework header (Qt / muse / engraving); harness substrate.,engraving/compat/scoreaccess.h
crosslayer,external,80,<includes>,SURVIVES,external-substrate,,,,Include of an external framework header (Qt / muse / engraving); harness substrate.,engraving/compat/mscxcompat.h
crosslayer,external,81,<includes>,SURVIVES,external-substrate,,,,Include of an external framework header (Qt / muse / engraving); harness substrate.,engraving/infrastructure/localfileinfoprovider.h
crosslayer,types,82,<includes>,SURVIVES,layer-consume,,,,Cross-layer include of the 'types' analysis area; the top-level driver legitimately consumes that layer's published surface (dependency-appropriate).,engraving/types/constants.h
crosslayer,external,85,<includes>,SURVIVES,external-substrate,,,,Include of an external framework header (Qt / muse / engraving); harness substrate.,importexport/musicxml/musicxmlmodule.h
crosslayer,external,86,<includes>,SURVIVES,external-substrate,,,,Include of an external framework header (Qt / muse / engraving); harness substrate.,importexport/musicxml/internal/import/importmusicxml.h
crosslayer,chord,89,<includes>,SURVIVES,layer-consume,,,,Cross-layer include of the 'chord' analysis area; the top-level driver legitimately consumes that layer's published surface (dependency-appropriate).,composing/analysis/chord/chordanalyzer.h
crosslayer,param,90,<includes>,SURVIVES,layer-consume,,,,Cross-layer include of the 'param' analysis area; the top-level driver legitimately consumes that layer's published surface (dependency-appropriate).,composing/analysis/param/paramoverride.h
crosslayer,key,91,<includes>,SURVIVES,layer-consume,,,,Cross-layer include of the 'key' analysis area; the top-level driver legitimately consumes that layer's published surface (dependency-appropriate).,composing/analysis/key/keymodeanalyzer.h
crosslayer,key,92,<includes>,SURVIVES,layer-consume,,,,Cross-layer include of the 'key' analysis area; the top-level driver legitimately consumes that layer's published surface (dependency-appropriate).,composing/analysis/key/keyresolver.h
crosslayer,key,93,<includes>,SURVIVES,layer-consume,,,,Cross-layer include of the 'key' analysis area; the top-level driver legitimately consumes that layer's published surface (dependency-appropriate).,composing/analysis/key/modepriorpresets.h
crosslayer,chord,94,<includes>,SURVIVES,layer-consume,,,,Cross-layer include of the 'chord' analysis area; the top-level driver legitimately consumes that layer's published surface (dependency-appropriate).,composing/analysis/chord/analysisutils.h
crosslayer,region,95,<includes>,SURVIVES,layer-consume,,,,Cross-layer include of the 'region' analysis area; the top-level driver legitimately consumes that layer's published surface (dependency-appropriate).,composing/analysis/region/regionanalyzer.h
crosslayer,section,96,<includes>,SURVIVES,layer-consume,,,,Cross-layer include of the 'section' analysis area; the top-level driver legitimately consumes that layer's published surface (dependency-appropriate).,composing/analysis/section/sectionanalyzer.h
crosslayer,section,97,<includes>,SURVIVES,layer-consume,,,,Cross-layer include of the 'section' analysis area; the top-level driver legitimately consumes that layer's published surface (dependency-appropriate).,composing/analysis/section/cadencekeyanchor.h
crosslayer,section,98,<includes>,SURVIVES,layer-consume,,,,Cross-layer include of the 'section' analysis area; the top-level driver legitimately consumes that layer's published surface (dependency-appropriate).,composing/analysis/section/localmodulationdetector.h
crosslayer,section,99,<includes>,SURVIVES,layer-consume,,,,Cross-layer include of the 'section' analysis area; the top-level driver legitimately consumes that layer's published surface (dependency-appropriate).,composing/analysis/section/jointkeydecision.h
crosslayer,function,100,<includes>,SURVIVES,layer-consume,,,,Cross-layer include of the 'function' analysis area; the top-level driver legitimately consumes that layer's published surface (dependency-appropriate).,composing/analysis/function/tonicizationlabeler.h
crosslayer,function,101,<includes>,SURVIVES,layer-consume,,,,Cross-layer include of the 'function' analysis area; the top-level driver legitimately consumes that layer's published surface (dependency-appropriate).,composing/analysis/function/functionrelationallabel.h
crosslayer,function,102,<includes>,SURVIVES,layer-consume,,,,Cross-layer include of the 'function' analysis area; the top-level driver legitimately consumes that layer's published surface (dependency-appropriate).,composing/analysis/function/functionoutput.h
crosslayer,function,103,<includes>,SURVIVES,layer-consume,,,,Cross-layer include of the 'function' analysis area; the top-level driver legitimately consumes that layer's published surface (dependency-appropriate).,composing/analysis/function/functionprogression.h
crosslayer,function,104,<includes>,SURVIVES,layer-consume,,,,Cross-layer include of the 'function' analysis area; the top-level driver legitimately consumes that layer's published surface (dependency-appropriate).,composing/analysis/function/functioncadence.h
crosslayer,function,105,<includes>,SURVIVES,layer-consume,,,,Cross-layer include of the 'function' analysis area; the top-level driver legitimately consumes that layer's published surface (dependency-appropriate).,composing/analysis/function/functionresolver.h
crosslayer,function,106,<includes>,SURVIVES,layer-consume,,,,Cross-layer include of the 'function' analysis area; the top-level driver legitimately consumes that layer's published surface (dependency-appropriate).,composing/analysis/function/functionmodulation.h
crosslayer,function,107,<includes>,SURVIVES,layer-consume,,,,Cross-layer include of the 'function' analysis area; the top-level driver legitimately consumes that layer's published surface (dependency-appropriate).,composing/analysis/function/functionromannumeral.h
crosslayer,scoreharvest,108,<includes>,SURVIVES,layer-consume,,,,Cross-layer include of the 'scoreharvest' analysis area; the top-level driver legitimately consumes that layer's published surface (dependency-appropriate).,composing/analysis/scoreharvest/metricweights.h
crosslayer,grouping,109,<includes>,SURVIVES,layer-consume,,,,Cross-layer include of the 'grouping' analysis area; the top-level driver legitimately consumes that layer's published surface (dependency-appropriate).,composing/analysis/grouping/groupinglayer.h
crosslayer,progression,110,<includes>,SURVIVES,layer-consume,,,,Cross-layer include of the 'progression' analysis area; the top-level driver legitimately consumes that layer's published surface (dependency-appropriate).,composing/analysis/progression/progressionrecognizer.h
crosslayer,voiceleading,111,<includes>,SURVIVES,layer-consume,,,,Cross-layer include of the 'voiceleading' analysis area; the top-level driver legitimately consumes that layer's published surface (dependency-appropriate).,composing/analysis/voiceleading/voicelinearview.h
crosslayer,voiceleading,112,<includes>,SURVIVES,layer-consume,,,,Cross-layer include of the 'voiceleading' analysis area; the top-level driver legitimately consumes that layer's published surface (dependency-appropriate).,composing/analysis/voiceleading/voiceleadingprofiles.h
crosslayer,voiceleading,113,<includes>,SURVIVES,layer-consume,,,,Cross-layer include of the 'voiceleading' analysis area; the top-level driver legitimately consumes that layer's published surface (dependency-appropriate).,composing/analysis/voiceleading/textureclassifier.h
crosslayer,region,114,<includes>,SURVIVES,layer-consume,,,,Cross-layer include of the 'region' analysis area; the top-level driver legitimately consumes that layer's published surface (dependency-appropriate).,composing/analysis/region/sparsechordrefinement.h
crosslayer,notemodel,115,<includes>,SURVIVES,layer-consume,,,,Cross-layer include of the 'notemodel' analysis area; the top-level driver legitimately consumes that layer's published surface (dependency-appropriate).,composing/analysis/notemodel/note_model.h
crosslayer,slicing,116,<includes>,SURVIVES,layer-consume,,,,Cross-layer include of the 'slicing' analysis area; the top-level driver legitimately consumes that layer's published surface (dependency-appropriate).,composing/analysis/slicing/slicer.h
crosslayer,key,117,<includes>,SURVIVES,layer-consume,,,,Cross-layer include of the 'key' analysis area; the top-level driver legitimately consumes that layer's published surface (dependency-appropriate).,composing/analysis/key/keymodesequence.h
crosslayer,chord,118,<includes>,SURVIVES,layer-consume,,,,Cross-layer include of the 'chord' analysis area; the top-level driver legitimately consumes that layer's published surface (dependency-appropriate).,composing/analysis/chord/chordslicedecoder.h
crosslayer,engravingbridge,119,<includes>,SURVIVES,layer-consume,,,,Cross-layer include of the 'engravingbridge' analysis area; the top-level driver legitimately consumes that layer's published surface (dependency-appropriate).,composing/analysis/engravingbridge/phraseboundaryview.h
crosslayer,engravingbridge,120,<includes>,SURVIVES,layer-consume,,,,Cross-layer include of the 'engravingbridge' analysis area; the top-level driver legitimately consumes that layer's published surface (dependency-appropriate).,composing/analysis/engravingbridge/regiontonecollector.h
crosslayer,external,121,<includes>,SURVIVES,external-substrate,,,,Include of an external framework header (Qt / muse / engraving); harness substrate.,composing/analyzed_section.h
crosslayer,external,122,<includes>,SURVIVES,external-substrate,,,,Include of an external framework header (Qt / muse / engraving); harness substrate.,notation/internal/notationanalysisinternal.h
crosslayer,external,123,<includes>,SURVIVES,external-substrate,,,,Include of an external framework header (Qt / muse / engraving); harness substrate.,notation/internal/notationcomposingbridge.h
function,jsonEscape,139,jsonEscape,SURVIVES,plumbing,,,,"Harness plumbing / formatting helper (JSON escaping, name mappers, module init, score load, staff eligibility, measure location); no inference decision.",[139-161]
literal,8,142,jsonEscape,ESTABLISHED,formatting-or-structural,n/a,,,"Serialization precision, index, buffer size, or structural cardinality constant; output-structural, not an inference lever.",r.reserve(s.size() + 8);
branch,switch,144,jsonEscape,SURVIVES,serialization-guard,,,,"Serialization / guard switch branch in jsonEscape; shapes JSON output or guards an edge case (empty regions, missing measure, absent chord).",switch (c) {
branch,case,145,jsonEscape,SURVIVES,serialization-guard,,,,"Serialization / guard case branch in jsonEscape; shapes JSON output or guards an edge case (empty regions, missing measure, absent chord).","case '""':  r += ""\\\""""; break;"
branch,case,146,jsonEscape,SURVIVES,serialization-guard,,,,"Serialization / guard case branch in jsonEscape; shapes JSON output or guards an edge case (empty regions, missing measure, absent chord).","case '\\': r += ""\\\\""; break;"
branch,case,147,jsonEscape,SURVIVES,serialization-guard,,,,"Serialization / guard case branch in jsonEscape; shapes JSON output or guards an edge case (empty regions, missing measure, absent chord).","case '\n': r += ""\\n"";  break;"
branch,case,148,jsonEscape,SURVIVES,serialization-guard,,,,"Serialization / guard case branch in jsonEscape; shapes JSON output or guards an edge case (empty regions, missing measure, absent chord).","case '\r': r += ""\\r"";  break;"
branch,case,149,jsonEscape,SURVIVES,serialization-guard,,,,"Serialization / guard case branch in jsonEscape; shapes JSON output or guards an edge case (empty regions, missing measure, absent chord).","case '\t': r += ""\\t"";  break;"
branch,if,151,jsonEscape,SURVIVES,serialization-guard,,,,"Serialization / guard if branch in jsonEscape; shapes JSON output or guards an edge case (empty regions, missing measure, absent chord).",if (c < 0x20) {
literal,0x20,151,jsonEscape,ESTABLISHED,formatting-or-structural,n/a,,,"Serialization precision, index, buffer size, or structural cardinality constant; output-structural, not an inference lever.",if (c < 0x20) {
literal,8,152,jsonEscape,ESTABLISHED,formatting,n/a,,,stack buffer size for snprintf; structural.,char buf[8];
function,fmtDouble,163,fmtDouble,SURVIVES,plumbing,,,,"Harness plumbing / formatting helper (JSON escaping, name mappers, module init, score load, staff eligibility, measure location); no inference decision.",[163-169]
literal,6,163,fmtDouble,ESTABLISHED,formatting,n/a,,,fmtDouble output precision (significant digits); serialization formatting.,"static std::string fmtDouble(double v, int precision = 6)"
literal,64,166,fmtDouble,ESTABLISHED,formatting,n/a,,,stack buffer size for snprintf; structural.,char buf[64];
function,applyPreset,183,applyPreset,SURVIVES,preset-builder,,,,"The preset builder: the named presets read the single-source modePriorPresets() table (published, consumed — good); the 'Default' branch hand-copies composingconfiguration.cpp (see the flagged mode-prior rows).",[183-245]
branch,if,195,applyPreset,SURVIVES,serialization-guard,,,,"Serialization / guard if branch in applyPreset; shapes JSON output or guards an edge case (empty regions, missing measure, absent chord).","if (name == ""Default"") {"
literal,1.20,196,applyPreset,ESTABLISHED,formatting-or-structural,no,yes,default-preset-mode-priors-hand-copied,One of 21 mode-prior values hand-copied from composingconfiguration.cpp into applyPreset()'s 'Default' branch; sync is enforced ONLY by a code comment (no mechanical check) and the values are NOT recorded in tools/param_manifest.json (which is chord-scoring scoped) — a value-copied inference-affecting constant (guiding #6 unification / #17f manifest).,prefs.modePriorIonian           =  1.20;
literal,0.50,197,applyPreset,ESTABLISHED,formatting-or-structural,no,yes,default-preset-mode-priors-hand-copied,One of 21 mode-prior values hand-copied from composingconfiguration.cpp into applyPreset()'s 'Default' branch; sync is enforced ONLY by a code comment (no mechanical check) and the values are NOT recorded in tools/param_manifest.json (which is chord-scoring scoped) — a value-copied inference-affecting constant (guiding #6 unification / #17f manifest).,prefs.modePriorDorian           = -0.50;
literal,1.50,198,applyPreset,ESTABLISHED,formatting-or-structural,no,yes,default-preset-mode-priors-hand-copied,One of 21 mode-prior values hand-copied from composingconfiguration.cpp into applyPreset()'s 'Default' branch; sync is enforced ONLY by a code comment (no mechanical check) and the values are NOT recorded in tools/param_manifest.json (which is chord-scoring scoped) — a value-copied inference-affecting constant (guiding #6 unification / #17f manifest).,prefs.modePriorPhrygian         = -1.50;
literal,0.00,199,applyPreset,ESTABLISHED,init-or-neutral,no,yes,default-preset-mode-priors-hand-copied,One of 21 mode-prior values hand-copied from composingconfiguration.cpp into applyPreset()'s 'Default' branch; sync is enforced ONLY by a code comment (no mechanical check) and the values are NOT recorded in tools/param_manifest.json (which is chord-scoring scoped) — a value-copied inference-affecting constant (guiding #6 unification / #17f manifest).,prefs.modePriorLydian           =  0.00;
literal,0.20,200,applyPreset,ESTABLISHED,formatting-or-structural,no,yes,default-preset-mode-priors-hand-copied,One of 21 mode-prior values hand-copied from composingconfiguration.cpp into applyPreset()'s 'Default' branch; sync is enforced ONLY by a code comment (no mechanical check) and the values are NOT recorded in tools/param_manifest.json (which is chord-scoring scoped) — a value-copied inference-affecting constant (guiding #6 unification / #17f manifest).,prefs.modePriorMixolydian       = -0.20;
literal,1.00,201,applyPreset,ESTABLISHED,formatting-or-structural,no,yes,default-preset-mode-priors-hand-copied,One of 21 mode-prior values hand-copied from composingconfiguration.cpp into applyPreset()'s 'Default' branch; sync is enforced ONLY by a code comment (no mechanical check) and the values are NOT recorded in tools/param_manifest.json (which is chord-scoring scoped) — a value-copied inference-affecting constant (guiding #6 unification / #17f manifest).,prefs.modePriorAeolian          =  1.00;
literal,3.50,202,applyPreset,ESTABLISHED,formatting-or-structural,no,yes,default-preset-mode-priors-hand-copied,One of 21 mode-prior values hand-copied from composingconfiguration.cpp into applyPreset()'s 'Default' branch; sync is enforced ONLY by a code comment (no mechanical check) and the values are NOT recorded in tools/param_manifest.json (which is chord-scoring scoped) — a value-copied inference-affecting constant (guiding #6 unification / #17f manifest).,prefs.modePriorLocrian          = -3.50;
literal,0.50,203,applyPreset,ESTABLISHED,formatting-or-structural,no,yes,default-preset-mode-priors-hand-copied,One of 21 mode-prior values hand-copied from composingconfiguration.cpp into applyPreset()'s 'Default' branch; sync is enforced ONLY by a code comment (no mechanical check) and the values are NOT recorded in tools/param_manifest.json (which is chord-scoring scoped) — a value-copied inference-affecting constant (guiding #6 unification / #17f manifest).,prefs.modePriorMelodicMinor     = -0.50;
literal,1.50,204,applyPreset,ESTABLISHED,formatting-or-structural,no,yes,default-preset-mode-priors-hand-copied,One of 21 mode-prior values hand-copied from composingconfiguration.cpp into applyPreset()'s 'Default' branch; sync is enforced ONLY by a code comment (no mechanical check) and the values are NOT recorded in tools/param_manifest.json (which is chord-scoring scoped) — a value-copied inference-affecting constant (guiding #6 unification / #17f manifest).,prefs.modePriorDorianB2         = -1.50;
literal,1.00,205,applyPreset,ESTABLISHED,formatting-or-structural,no,yes,default-preset-mode-priors-hand-copied,One of 21 mode-prior values hand-copied from composingconfiguration.cpp into applyPreset()'s 'Default' branch; sync is enforced ONLY by a code comment (no mechanical check) and the values are NOT recorded in tools/param_manifest.json (which is chord-scoring scoped) — a value-copied inference-affecting constant (guiding #6 unification / #17f manifest).,prefs.modePriorLydianAugmented  = -1.00;
literal,0.30,206,applyPreset,ESTABLISHED,formatting-or-structural,no,yes,default-preset-mode-priors-hand-copied,One of 21 mode-prior values hand-copied from composingconfiguration.cpp into applyPreset()'s 'Default' branch; sync is enforced ONLY by a code comment (no mechanical check) and the values are NOT recorded in tools/param_manifest.json (which is chord-scoring scoped) — a value-copied inference-affecting constant (guiding #6 unification / #17f manifest).,prefs.modePriorLydianDominant   = -0.30;
literal,1.00,207,applyPreset,ESTABLISHED,formatting-or-structural,no,yes,default-preset-mode-priors-hand-copied,One of 21 mode-prior values hand-copied from composingconfiguration.cpp into applyPreset()'s 'Default' branch; sync is enforced ONLY by a code comment (no mechanical check) and the values are NOT recorded in tools/param_manifest.json (which is chord-scoring scoped) — a value-copied inference-affecting constant (guiding #6 unification / #17f manifest).,prefs.modePriorMixolydianB6     = -1.00;
literal,2.00,208,applyPreset,ESTABLISHED,formatting-or-structural,no,yes,default-preset-mode-priors-hand-copied,One of 21 mode-prior values hand-copied from composingconfiguration.cpp into applyPreset()'s 'Default' branch; sync is enforced ONLY by a code comment (no mechanical check) and the values are NOT recorded in tools/param_manifest.json (which is chord-scoring scoped) — a value-copied inference-affecting constant (guiding #6 unification / #17f manifest).,prefs.modePriorAeolianB5        = -2.00;
literal,3.50,209,applyPreset,ESTABLISHED,formatting-or-structural,no,yes,default-preset-mode-priors-hand-copied,One of 21 mode-prior values hand-copied from composingconfiguration.cpp into applyPreset()'s 'Default' branch; sync is enforced ONLY by a code comment (no mechanical check) and the values are NOT recorded in tools/param_manifest.json (which is chord-scoring scoped) — a value-copied inference-affecting constant (guiding #6 unification / #17f manifest).,prefs.modePriorAltered          = -3.50;
literal,0.30,210,applyPreset,ESTABLISHED,formatting-or-structural,no,yes,default-preset-mode-priors-hand-copied,One of 21 mode-prior values hand-copied from composingconfiguration.cpp into applyPreset()'s 'Default' branch; sync is enforced ONLY by a code comment (no mechanical check) and the values are NOT recorded in tools/param_manifest.json (which is chord-scoring scoped) — a value-copied inference-affecting constant (guiding #6 unification / #17f manifest).,prefs.modePriorHarmonicMinor    = -0.30;
literal,2.00,211,applyPreset,ESTABLISHED,formatting-or-structural,no,yes,default-preset-mode-priors-hand-copied,One of 21 mode-prior values hand-copied from composingconfiguration.cpp into applyPreset()'s 'Default' branch; sync is enforced ONLY by a code comment (no mechanical check) and the values are NOT recorded in tools/param_manifest.json (which is chord-scoring scoped) — a value-copied inference-affecting constant (guiding #6 unification / #17f manifest).,prefs.modePriorLocrianSharp6    = -2.00;
literal,1.50,212,applyPreset,ESTABLISHED,formatting-or-structural,no,yes,default-preset-mode-priors-hand-copied,One of 21 mode-prior values hand-copied from composingconfiguration.cpp into applyPreset()'s 'Default' branch; sync is enforced ONLY by a code comment (no mechanical check) and the values are NOT recorded in tools/param_manifest.json (which is chord-scoring scoped) — a value-copied inference-affecting constant (guiding #6 unification / #17f manifest).,prefs.modePriorIonianSharp5     = -1.50;
literal,1.50,213,applyPreset,ESTABLISHED,formatting-or-structural,no,yes,default-preset-mode-priors-hand-copied,One of 21 mode-prior values hand-copied from composingconfiguration.cpp into applyPreset()'s 'Default' branch; sync is enforced ONLY by a code comment (no mechanical check) and the values are NOT recorded in tools/param_manifest.json (which is chord-scoring scoped) — a value-copied inference-affecting constant (guiding #6 unification / #17f manifest).,prefs.modePriorDorianSharp4     = -1.50;
literal,0.80,214,applyPreset,ESTABLISHED,formatting-or-structural,no,yes,default-preset-mode-priors-hand-copied,One of 21 mode-prior values hand-copied from composingconfiguration.cpp into applyPreset()'s 'Default' branch; sync is enforced ONLY by a code comment (no mechanical check) and the values are NOT recorded in tools/param_manifest.json (which is chord-scoring scoped) — a value-copied inference-affecting constant (guiding #6 unification / #17f manifest).,prefs.modePriorPhrygianDominant = -0.80;
literal,2.00,215,applyPreset,ESTABLISHED,formatting-or-structural,no,yes,default-preset-mode-priors-hand-copied,One of 21 mode-prior values hand-copied from composingconfiguration.cpp into applyPreset()'s 'Default' branch; sync is enforced ONLY by a code comment (no mechanical check) and the values are NOT recorded in tools/param_manifest.json (which is chord-scoring scoped) — a value-copied inference-affecting constant (guiding #6 unification / #17f manifest).,prefs.modePriorLydianSharp2     = -2.00;
literal,3.50,216,applyPreset,ESTABLISHED,formatting-or-structural,no,yes,default-preset-mode-priors-hand-copied,One of 21 mode-prior values hand-copied from composingconfiguration.cpp into applyPreset()'s 'Default' branch; sync is enforced ONLY by a code comment (no mechanical check) and the values are NOT recorded in tools/param_manifest.json (which is chord-scoring scoped) — a value-copied inference-affecting constant (guiding #6 unification / #17f manifest).,prefs.modePriorAlteredDomBB7    = -3.50;
branch,if,220,applyPreset,SURVIVES,serialization-guard,,,,"Serialization / guard if branch in applyPreset; shapes JSON output or guards an edge case (empty regions, missing measure, absent chord).",if (p.name != name) continue;
function,initModules,255,initModules,SURVIVES,plumbing,,,,"Harness plumbing / formatting helper (JSON escaping, name mappers, module init, score load, staff eligibility, measure location); no inference decision.",[255-314]
function,loadScore,323,loadScore,SURVIVES,plumbing,,,,"Harness plumbing / formatting helper (JSON escaping, name mappers, module init, score load, staff eligibility, measure location); no inference decision.",[323-362]
branch,if,337,loadScore,SURVIVES,serialization-guard,,,,"Serialization / guard if branch in loadScore; shapes JSON output or guards an edge case (empty regions, missing measure, absent chord).","if (ext == ""xml"" || ext == ""musicxml"") {"
branch,else-if,341,loadScore,SURVIVES,serialization-guard,,,,"Serialization / guard else-if branch in loadScore; shapes JSON output or guards an edge case (empty regions, missing measure, absent chord).","} else if (ext == ""mxl"") {"
branch,if,352,loadScore,SURVIVES,serialization-guard,,,,"Serialization / guard if branch in loadScore; shapes JSON output or guards an edge case (empty regions, missing measure, absent chord).",if (!ok) {
function,isChordTrackStaff,371,isChordTrackStaff,SURVIVES,plumbing,,,,"Harness plumbing / formatting helper (JSON escaping, name mappers, module init, score load, staff eligibility, measure location); no inference decision.",[371-379]
branch,if,373,isChordTrackStaff,SURVIVES,serialization-guard,,,,"Serialization / guard if branch in isChordTrackStaff; shapes JSON output or guards an edge case (empty regions, missing measure, absent chord).",if (!staff || !staff->part()) return false;
function,staffIsEligible,383,staffIsEligible,SURVIVES,plumbing,,,,"Harness plumbing / formatting helper (JSON escaping, name mappers, module init, score load, staff eligibility, measure location); no inference decision.",[383-394]
branch,if,386,staffIsEligible,SURVIVES,serialization-guard,,,,"Serialization / guard if branch in staffIsEligible; shapes JSON output or guards an edge case (empty regions, missing measure, absent chord).",if (staffIdx >= staves.size()) return false;
branch,if,388,staffIsEligible,SURVIVES,serialization-guard,,,,"Serialization / guard if branch in staffIsEligible; shapes JSON output or guards an edge case (empty regions, missing measure, absent chord).",if (!st || !st->visible()) return false;
branch,if,390,staffIsEligible,SURVIVES,serialization-guard,,,,"Serialization / guard if branch in staffIsEligible; shapes JSON output or guards an edge case (empty regions, missing measure, absent chord).",if (!part) return false;
branch,if,392,staffIsEligible,SURVIVES,serialization-guard,,,,"Serialization / guard if branch in staffIsEligible; shapes JSON output or guards an edge case (empty regions, missing measure, absent chord).",if (instr && instr->useDrumset()) return false;
function,referenceStaffForAnalysis,404,referenceStaffForAnalysis,SURVIVES,plumbing,,,,"Harness plumbing / formatting helper (JSON escaping, name mappers, module init, score load, staff eligibility, measure location); no inference decision.",[404-413]
branch,if,408,referenceStaffForAnalysis,SURVIVES,serialization-guard,,,,"Serialization / guard if branch in referenceStaffForAnalysis; shapes JSON output or guards an edge case (empty regions, missing measure, absent chord).","if (!excludeStaves.count(staffIndex) && staffIsEligible(score, staffIndex)) {"
function,pitchClassMask,420,pitchClassMask,SURVIVES,plumbing,,,,"Harness plumbing / formatting helper (JSON escaping, name mappers, module init, score load, staff eligibility, measure location); no inference decision.",[420-427]
literal,12,424,pitchClassMask,ESTABLISHED,music-theory,n/a,,,"Pitch-class / fifths arithmetic (12 pcs, 7=fifths-per-step); a music-theory fact.",mask |= static_cast<uint16_t>(1u << (t.pitch % 12));
function,locateMeasureByTick,438,locateMeasureByTick,SURVIVES,plumbing,,,,"Harness plumbing / formatting helper (JSON escaping, name mappers, module init, score load, staff eligibility, measure location); no inference decision.",[438-470]
branch,if,440,locateMeasureByTick,SURVIVES,serialization-guard,,,,"Serialization / guard if branch in locateMeasureByTick; shapes JSON output or guards an edge case (empty regions, missing measure, absent chord).",if (!score) {
branch,if,451,locateMeasureByTick,SURVIVES,serialization-guard,,,,"Serialization / guard if branch in locateMeasureByTick; shapes JSON output or guards an edge case (empty regions, missing measure, absent chord).",if (tick >= measure->tick() && tick < measure->endTick()) {
branch,if,455,locateMeasureByTick,SURVIVES,serialization-guard,,,,"Serialization / guard if branch in locateMeasureByTick; shapes JSON output or guards an edge case (empty regions, missing measure, absent chord).",if (!measure->excludeFromNumbering()) {
branch,if,460,locateMeasureByTick,SURVIVES,serialization-guard,,,,"Serialization / guard if branch in locateMeasureByTick; shapes JSON output or guards an edge case (empty regions, missing measure, absent chord).",if (layoutBreak && layoutBreak->startWithMeasureOne()) {
branch,if,465,locateMeasureByTick,SURVIVES,serialization-guard,,,,"Serialization / guard if branch in locateMeasureByTick; shapes JSON output or guards an edge case (empty regions, missing measure, absent chord).",if (lastMeasure && tick == score->endTick()) {
function,inferLocalKey,485,inferLocalKey,SURVIVES,pipeline-driver,,,,Drives the real analysis pipeline (regionanalyzer / keyresolver / chordanalyzer) and shapes its output into the serialized AnalyzedRegion.,[485-497]
literal,0.0,523,<file-scope>,ESTABLISHED,init-or-neutral,n/a,,,Neutral initializer / beat base (1.0) / zero default; output-structural.,double keySeqMargin = 0.0;
function,regionDumpModeName,547,regionDumpModeName,SURVIVES,plumbing,,,,"Harness plumbing / formatting helper (JSON escaping, name mappers, module init, score load, staff eligibility, measure location); no inference decision.",[547-555]
branch,switch,549,regionDumpModeName,SURVIVES,serialization-guard,,,,"Serialization / guard switch branch in regionDumpModeName; shapes JSON output or guards an edge case (empty regions, missing measure, absent chord).",switch (mode) {
branch,case,550,regionDumpModeName,SURVIVES,serialization-guard,,,,"Serialization / guard case branch in regionDumpModeName; shapes JSON output or guards an edge case (empty regions, missing measure, absent chord).","case RegionDumpMode::Batch:               return ""batch"";"
branch,case,551,regionDumpModeName,SURVIVES,serialization-guard,,,,"Serialization / guard case branch in regionDumpModeName; shapes JSON output or guards an edge case (empty regions, missing measure, absent chord).","case RegionDumpMode::Notation:            return ""notation"";"
branch,case,552,regionDumpModeName,SURVIVES,serialization-guard,,,,"Serialization / guard case branch in regionDumpModeName; shapes JSON output or guards an edge case (empty regions, missing measure, absent chord).","case RegionDumpMode::NotationPreMerge:    return ""notation-premerge"";"
function,analyzeScore,566,analyzeScore,SURVIVES,pipeline-driver,,,,Drives the real analysis pipeline (regionanalyzer / keyresolver / chordanalyzer) and shapes its output into the serialized AnalyzedRegion.,[566-725]
branch,if,576,analyzeScore,SURVIVES,serialization-guard,,,,"Serialization / guard if branch in analyzeScore; shapes JSON output or guards an edge case (empty regions, missing measure, absent chord).",if (!firstSegment) {
literal,0.25,597,analyzeScore,ESTABLISHED,formatting-or-structural,no,yes,onset-boundary-threshold-hardcoded,"onsetBoundaryThreshold is hard-coded to 0.25, duplicating the IComposingAnalysisConfiguration default the user-facing bridge reads; a documented latent divergence (roadmap 0.6) — the two coincide today but nothing mechanically keeps them equal, so a config-default change would make batch stop measuring the user pipeline.",opts.onsetBoundaryThreshold          = 0.25;
branch,if,611,analyzeScore,SURVIVES,serialization-guard,,,,"Serialization / guard if branch in analyzeScore; shapes JSON output or guards an edge case (empty regions, missing measure, absent chord).",if (regions.empty()) {
branch,if,628,analyzeScore,SURVIVES,serialization-guard,,,,"Serialization / guard if branch in analyzeScore; shapes JSON output or guards an edge case (empty regions, missing measure, absent chord).",if (sectionLevel) {
branch,ternary,642,analyzeScore,SURVIVES,serialization-guard,,,,"Serialization / guard ternary branch in analyzeScore; shapes JSON output or guards an edge case (empty regions, missing measure, absent chord).",ar.measureNumber    = measure ? regionMeasure.number : 0;
branch,if,643,analyzeScore,SURVIVES,serialization-guard,,,,"Serialization / guard if branch in analyzeScore; shapes JSON output or guards an edge case (empty regions, missing measure, absent chord).",if (measure) {
literal,1.0,645,analyzeScore,ESTABLISHED,init-or-neutral,n/a,,,Neutral initializer / beat base (1.0) / zero default; output-structural.,ar.beat = 1.0 + static_cast<double>(tickInMeasure) / Constants::DIVISION;
literal,1.0,647,analyzeScore,ESTABLISHED,init-or-neutral,n/a,,,Neutral initializer / beat base (1.0) / zero default; output-structural.,ar.beat = 1.0;
branch,if,660,analyzeScore,SURVIVES,serialization-guard,,,,"Serialization / guard if branch in analyzeScore; shapes JSON output or guards an edge case (empty regions, missing measure, absent chord).",if (ar.bassPc < 0) {
branch,if,661,analyzeScore,SURVIVES,serialization-guard,,,,"Serialization / guard if branch in analyzeScore; shapes JSON output or guards an edge case (empty regions, missing measure, absent chord).",if (const auto* bassTone = analysis::bassToneFromTones(ar.tones)) {
literal,12,662,analyzeScore,ESTABLISHED,music-theory,n/a,,,"Pitch-class / fifths arithmetic (12 pcs, 7=fifths-per-step); a music-theory fact.",ar.bassPc = bassTone->pitch % 12;
literal,3,667,analyzeScore,ESTABLISHED,serialization-projection,n/a,,,appendCappedAlternatives cap (3) — the documented per-consumer batch serialization projection (FQ-6); value unchanged.,"analysis::appendCappedAlternatives(ar.alternatives, sr.alternatives, 3);"
branch,if,686,analyzeScore,SURVIVES,serialization-guard,,,,"Serialization / guard if branch in analyzeScore; shapes JSON output or guards an edge case (empty regions, missing measure, absent chord).",if (!measure) {
branch,ternary,693,analyzeScore,SURVIVES,serialization-guard,,,,"Serialization / guard ternary branch in analyzeScore; shapes JSON output or guards an edge case (empty regions, missing measure, absent chord).",prevKey.has_value() ? &prevKey.value() : nullptr);
literal,1.0,701,analyzeScore,ESTABLISHED,init-or-neutral,n/a,,,Neutral initializer / beat base (1.0) / zero default; output-structural.,ar.beat             = 1.0 + static_cast<double>(tickInMeasure) / Constants::DIVISION;
branch,if,711,analyzeScore,SURVIVES,serialization-guard,,,,"Serialization / guard if branch in analyzeScore; shapes JSON output or guards an edge case (empty regions, missing measure, absent chord).",if (ar.bassPc < 0) {
branch,if,712,analyzeScore,SURVIVES,serialization-guard,,,,"Serialization / guard if branch in analyzeScore; shapes JSON output or guards an edge case (empty regions, missing measure, absent chord).",if (const auto* bassTone = analysis::bassToneFromTones(ar.tones)) {
literal,12,713,analyzeScore,ESTABLISHED,music-theory,n/a,,,"Pitch-class / fifths arithmetic (12 pcs, 7=fifths-per-step); a music-theory fact.",ar.bassPc = bassTone->pitch % 12;
literal,3,719,analyzeScore,ESTABLISHED,serialization-projection,n/a,,,appendCappedAlternatives cap (3) — the documented per-consumer batch serialization projection (FQ-6); value unchanged.,"analysis::appendCappedAlternatives(ar.alternatives, hr.alternatives, 3);"
function,convertNotationRegion,727,convertNotationRegion,SURVIVES,pipeline-driver,,,,Drives the real analysis pipeline (regionanalyzer / keyresolver / chordanalyzer) and shapes its output into the serialized AnalyzedRegion.,[727-761]
branch,if,741,convertNotationRegion,SURVIVES,serialization-guard,,,,"Serialization / guard if branch in convertNotationRegion; shapes JSON output or guards an edge case (empty regions, missing measure, absent chord).",if (converted.bassPc < 0) {
branch,if,742,convertNotationRegion,SURVIVES,serialization-guard,,,,"Serialization / guard if branch in convertNotationRegion; shapes JSON output or guards an edge case (empty regions, missing measure, absent chord).",if (const auto* bassTone = analysis::bassToneFromTones(converted.tones)) {
literal,12,743,convertNotationRegion,ESTABLISHED,music-theory,n/a,,,"Pitch-class / fifths arithmetic (12 pcs, 7=fifths-per-step); a music-theory fact.",converted.bassPc = bassTone->pitch % 12;
branch,ternary,748,locateMeasureByTick,SURVIVES,serialization-guard,,,,"Serialization / guard ternary branch in locateMeasureByTick; shapes JSON output or guards an edge case (empty regions, missing measure, absent chord).","? locateMeasureByTick(score, Fraction::fromTicks(region.startTick))"
function,locateMeasureByTick,748,locateMeasureByTick,SURVIVES,plumbing,,yes,inventory-overcapture-call-as-function,Not a second definition of locateMeasureByTick — this is a CALL site inside convertNotationRegion; the over-capture-biased C++ inventory scanner (bias disclosed in tools/audit/l5/manifest.json) emitted a spurious function row. The real definition is at 438-470.,[748-749]
branch,if,751,convertNotationRegion,SURVIVES,serialization-guard,,,,"Serialization / guard if branch in convertNotationRegion; shapes JSON output or guards an edge case (empty regions, missing measure, absent chord).",if (measure) {
literal,1.0,754,convertNotationRegion,ESTABLISHED,init-or-neutral,n/a,,,Neutral initializer / beat base (1.0) / zero default; output-structural.,converted.beat = 1.0 + static_cast<double>(tickInMeasure) / Constants::DIVISION;
literal,1.0,757,convertNotationRegion,ESTABLISHED,init-or-neutral,n/a,,,Neutral initializer / beat base (1.0) / zero default; output-structural.,converted.beat = 1.0;
function,convertNotationRegions,763,convertNotationRegions,SURVIVES,pipeline-driver,,,,Drives the real analysis pipeline (regionanalyzer / keyresolver / chordanalyzer) and shapes its output into the serialized AnalyzedRegion.,[763-773]
function,analyzeScoreNotation,775,analyzeScoreNotation,SURVIVES,pipeline-driver,,,,Drives the real analysis pipeline (regionanalyzer / keyresolver / chordanalyzer) and shapes its output into the serialized AnalyzedRegion.,[775-812]
branch,if,782,analyzeScoreNotation,SURVIVES,serialization-guard,,,,"Serialization / guard if branch in analyzeScoreNotation; shapes JSON output or guards an edge case (empty regions, missing measure, absent chord).",if (!firstSegment) {
branch,ternary,809,analyzeScoreNotation,SURVIVES,serialization-guard,,,,"Serialization / guard ternary branch in analyzeScoreNotation; shapes JSON output or guards an edge case (empty regions, missing measure, absent chord).",? dump.finalRegions
function,qualityToString,818,qualityToString,SURVIVES,plumbing,,,,"Harness plumbing / formatting helper (JSON escaping, name mappers, module init, score load, staff eligibility, measure location); no inference decision.",[818-831]
branch,switch,820,qualityToString,SURVIVES,serialization-guard,,,,"Serialization / guard switch branch in qualityToString; shapes JSON output or guards an edge case (empty regions, missing measure, absent chord).",switch (q) {
branch,case,821,qualityToString,SURVIVES,serialization-guard,,,,"Serialization / guard case branch in qualityToString; shapes JSON output or guards an edge case (empty regions, missing measure, absent chord).","case ChordQuality::Major:          return ""Major"";"
branch,case,822,qualityToString,SURVIVES,serialization-guard,,,,"Serialization / guard case branch in qualityToString; shapes JSON output or guards an edge case (empty regions, missing measure, absent chord).","case ChordQuality::Minor:          return ""Minor"";"
branch,case,823,qualityToString,SURVIVES,serialization-guard,,,,"Serialization / guard case branch in qualityToString; shapes JSON output or guards an edge case (empty regions, missing measure, absent chord).","case ChordQuality::Diminished:     return ""Diminished"";"
branch,case,824,qualityToString,SURVIVES,serialization-guard,,,,"Serialization / guard case branch in qualityToString; shapes JSON output or guards an edge case (empty regions, missing measure, absent chord).","case ChordQuality::Augmented:      return ""Augmented"";"
branch,case,825,qualityToString,SURVIVES,serialization-guard,,,,"Serialization / guard case branch in qualityToString; shapes JSON output or guards an edge case (empty regions, missing measure, absent chord).","case ChordQuality::HalfDiminished: return ""HalfDiminished"";"
branch,case,826,qualityToString,SURVIVES,serialization-guard,,,,"Serialization / guard case branch in qualityToString; shapes JSON output or guards an edge case (empty regions, missing measure, absent chord).","case ChordQuality::Suspended2:     return ""Suspended2"";"
branch,case,827,qualityToString,SURVIVES,serialization-guard,,,,"Serialization / guard case branch in qualityToString; shapes JSON output or guards an edge case (empty regions, missing measure, absent chord).","case ChordQuality::Suspended4:     return ""Suspended4"";"
branch,case,828,qualityToString,SURVIVES,serialization-guard,,,,"Serialization / guard case branch in qualityToString; shapes JSON output or guards an edge case (empty regions, missing measure, absent chord).","case ChordQuality::Power:          return ""Power"";"
function,keyName,833,keyName,SURVIVES,plumbing,,,,"Harness plumbing / formatting helper (JSON escaping, name mappers, module init, score load, staff eligibility, measure location); no inference decision.",[833-837]
function,writeKeyCandidateDump,849,writeKeyCandidateDump,SURVIVES,output-surface,,,,"Instrument output surface. Establishment: it CLAIMS to serialize the named analysis view; the diagnostic dumps return before / append after the standard writeJson and are default-off, so the committed corpus is byte-identical (reproduce-check confirmed this session).",[849-931]
literal,12,859,writeKeyCandidateDump,ESTABLISHED,music-theory,n/a,,,"Pitch-class / fifths arithmetic (12 pcs, 7=fifths-per-step); a music-theory fact.","static const char* PCNAME[12] = { ""C"",""Db"",""D"",""Eb"",""E"",""F"",""Gb"",""G"",""Ab"",""A"",""Bb"",""B"" };"
branch,ternary,873,writeKeyCandidateDump,SURVIVES,serialization-guard,,,,"Serialization / guard ternary branch in writeKeyCandidateDump; shapes JSON output or guards an edge case (empty regions, missing measure, absent chord).","prevKey.has_value() ? &prevKey.value() : nullptr, &dump);"
branch,if,876,writeKeyCandidateDump,SURVIVES,serialization-guard,,,,"Serialization / guard if branch in writeKeyCandidateDump; shapes JSON output or guards an edge case (empty regions, missing measure, absent chord).",if (!match) {
branch,if,878,writeKeyCandidateDump,SURVIVES,serialization-guard,,,,"Serialization / guard if branch in writeKeyCandidateDump; shapes JSON output or guards an edge case (empty regions, missing measure, absent chord).",if (t >= r.startTick && t < r.endTick) { match = true; break; }
branch,if,882,writeKeyCandidateDump,SURVIVES,serialization-guard,,,,"Serialization / guard if branch in writeKeyCandidateDump; shapes JSON output or guards an edge case (empty regions, missing measure, absent chord).",if (match) {
branch,if,883,writeKeyCandidateDump,SURVIVES,serialization-guard,,,,"Serialization / guard if branch in writeKeyCandidateDump; shapes JSON output or guards an edge case (empty regions, missing measure, absent chord).","if (!firstEmitted) { out << "",\n""; }"
branch,ternary,895,writeKeyCandidateDump,SURVIVES,serialization-guard,,,,"Serialization / guard ternary branch in writeKeyCandidateDump; shapes JSON output or guards an edge case (empty regions, missing measure, absent chord).","out << ""      \""hysteresisPromoted\"": "" << (dump.hysteresisPromoted ? ""true"" : ""false"") << "",\n"";"
branch,ternary,896,writeKeyCandidateDump,SURVIVES,serialization-guard,,,,"Serialization / guard ternary branch in writeKeyCandidateDump; shapes JSON output or guards an edge case (empty regions, missing measure, absent chord).","out << ""      \""strongPriorPromoted\"": "" << (dump.strongPriorPromoted ? ""true"" : ""false"") << "",\n"";"
literal,12,905,writeKeyCandidateDump,ESTABLISHED,music-theory,n/a,,,"Pitch-class / fifths arithmetic (12 pcs, 7=fifths-per-step); a music-theory fact.","<< "", \""label\"": \"""" << PCNAME[(c.tonicPc % 12 + 12) % 12] << analysis::keyModeSuffix(m) << ""\"""""
literal,12,905,writeKeyCandidateDump,ESTABLISHED,music-theory,n/a,,,"Pitch-class / fifths arithmetic (12 pcs, 7=fifths-per-step); a music-theory fact.","<< "", \""label\"": \"""" << PCNAME[(c.tonicPc % 12 + 12) % 12] << analysis::keyModeSuffix(m) << ""\"""""
literal,12,905,writeKeyCandidateDump,ESTABLISHED,music-theory,n/a,,,"Pitch-class / fifths arithmetic (12 pcs, 7=fifths-per-step); a music-theory fact.","<< "", \""label\"": \"""" << PCNAME[(c.tonicPc % 12 + 12) % 12] << analysis::keyModeSuffix(m) << ""\"""""
branch,ternary,906,writeKeyCandidateDump,SURVIVES,serialization-guard,,,,"Serialization / guard ternary branch in writeKeyCandidateDump; shapes JSON output or guards an edge case (empty regions, missing measure, absent chord).","<< "", \""isMajor\"": "" << (analysis::keyModeIsMajor(m) ? ""true"" : ""false"")"
branch,ternary,920,writeKeyCandidateDump,SURVIVES,serialization-guard,,,,"Serialization / guard ternary branch in writeKeyCandidateDump; shapes JSON output or guards an edge case (empty regions, missing measure, absent chord).","<< "", \""completeTriad\"": "" << (c.hasCompleteTriad ? ""true"" : ""false"")"
branch,ternary,922,writeKeyCandidateDump,SURVIVES,serialization-guard,,,,"Serialization / guard ternary branch in writeKeyCandidateDump; shapes JSON output or guards an edge case (empty regions, missing measure, absent chord).","out << (ci + 1 < dump.candidates.size() ? "",\n"" : ""\n"");"
function,writeCadenceAnchorJson,943,writeCadenceAnchorJson,SURVIVES,output-surface,,,,"Instrument output surface. Establishment: it CLAIMS to serialize the named analysis view; the diagnostic dumps return before / append after the standard writeJson and are default-off, so the committed corpus is byte-identical (reproduce-check confirmed this session).",[943-998]
branch,ternary,955,writeCadenceAnchorJson,SURVIVES,serialization-guard,,,,"Serialization / guard ternary branch in writeCadenceAnchorJson; shapes JSON output or guards an edge case (empty regions, missing measure, absent chord).",ci.rootPc = r.hasAnalyzedChord ? r.chord.identity.rootPc : -1;
branch,if,963,writeCadenceAnchorJson,SURVIVES,serialization-guard,,,,"Serialization / guard if branch in writeCadenceAnchorJson; shapes JSON output or guards an edge case (empty regions, missing measure, absent chord).",if (!endsPhrase) {
branch,if,965,writeCadenceAnchorJson,SURVIVES,serialization-guard,,,,"Serialization / guard if branch in writeCadenceAnchorJson; shapes JSON output or guards an edge case (empty regions, missing measure, absent chord).",if (it != phraseBoundaryTicks.end() && *it < r.endTick) {
branch,ternary,980,writeCadenceAnchorJson,SURVIVES,serialization-guard,,,,"Serialization / guard ternary branch in writeCadenceAnchorJson; shapes JSON output or guards an edge case (empty regions, missing measure, absent chord).","out << ""    \""detected\"": ""    << (anchor.detected ? ""true"" : ""false"") << "",\n"";"
branch,ternary,982,writeCadenceAnchorJson,SURVIVES,serialization-guard,,,,"Serialization / guard ternary branch in writeCadenceAnchorJson; shapes JSON output or guards an edge case (empty regions, missing measure, absent chord).","out << ""    \""minorMode\"": ""   << (anchor.minorMode ? ""true"" : ""false"") << "",\n"";"
literal,5,983,writeCadenceAnchorJson,ESTABLISHED,formatting,n/a,,,fmtDouble output precision (significant digits); serialization formatting.,"out << ""    \""confidence\"": ""  << fmtDouble(anchor.confidence, 5)      << "",\n"";"
branch,ternary,988,writeCadenceAnchorJson,SURVIVES,serialization-guard,,,,"Serialization / guard ternary branch in writeCadenceAnchorJson; shapes JSON output or guards an edge case (empty regions, missing measure, absent chord).","out << (i == 0 ? ""\n"" : "",\n"");"
branch,ternary,992,writeCadenceAnchorJson,SURVIVES,serialization-guard,,,,"Serialization / guard ternary branch in writeCadenceAnchorJson; shapes JSON output or guards an edge case (empty regions, missing measure, absent chord).","<< "", \""minorMode\"": "" << (c.minorMode ? ""true"" : ""false"")"
branch,ternary,993,writeCadenceAnchorJson,SURVIVES,serialization-guard,,,,"Serialization / guard ternary branch in writeCadenceAnchorJson; shapes JSON output or guards an edge case (empty regions, missing measure, absent chord).","<< "", \""endsPhrase\"": "" << (c.endsPhrase ? ""true"" : ""false"")"
branch,ternary,994,writeCadenceAnchorJson,SURVIVES,serialization-guard,,,,"Serialization / guard ternary branch in writeCadenceAnchorJson; shapes JSON output or guards an edge case (empty regions, missing measure, absent chord).","<< "", \""chromaticLeadingTone\"": "" << (c.chromaticLeadingTone ? ""true"" : ""false"") << ""}"";"
branch,ternary,996,writeCadenceAnchorJson,SURVIVES,serialization-guard,,,,"Serialization / guard ternary branch in writeCadenceAnchorJson; shapes JSON output or guards an edge case (empty regions, missing measure, absent chord).","out << (cadences.empty() ? """" : ""\n    "") << ""]\n"";"
function,writeModulationJson,1011,writeModulationJson,SURVIVES,output-surface,,,,"Instrument output surface. Establishment: it CLAIMS to serialize the named analysis view; the diagnostic dumps return before / append after the standard writeJson and are default-off, so the committed corpus is byte-identical (reproduce-check confirmed this session).",[1011-1061]
branch,ternary,1023,writeModulationJson,SURVIVES,serialization-guard,,,,"Serialization / guard ternary branch in writeModulationJson; shapes JSON output or guards an edge case (empty regions, missing measure, absent chord).",ci.rootPc = r.hasAnalyzedChord ? r.chord.identity.rootPc : -1;
branch,if,1027,writeModulationJson,SURVIVES,serialization-guard,,,,"Serialization / guard if branch in writeModulationJson; shapes JSON output or guards an edge case (empty regions, missing measure, absent chord).",if (!endsPhrase) {
branch,if,1029,writeModulationJson,SURVIVES,serialization-guard,,,,"Serialization / guard if branch in writeModulationJson; shapes JSON output or guards an edge case (empty regions, missing measure, absent chord).",if (it != phraseBoundaryTicks.end() && *it < r.endTick) {
branch,ternary,1042,writeModulationJson,SURVIVES,serialization-guard,,,,"Serialization / guard ternary branch in writeModulationJson; shapes JSON output or guards an edge case (empty regions, missing measure, absent chord).","out << ""    \""anchorDetected\"": "" << (mod.anchor.detected ? ""true"" : ""false"") << "",\n"";"
branch,ternary,1044,writeModulationJson,SURVIVES,serialization-guard,,,,"Serialization / guard ternary branch in writeModulationJson; shapes JSON output or guards an edge case (empty regions, missing measure, absent chord).","out << ""    \""anchorMinorMode\"": "" << (mod.anchor.minorMode ? ""true"" : ""false"") << "",\n"";"
branch,ternary,1049,writeModulationJson,SURVIVES,serialization-guard,,,,"Serialization / guard ternary branch in writeModulationJson; shapes JSON output or guards an edge case (empty regions, missing measure, absent chord).","out << (i == 0 ? ""\n"" : "",\n"");"
branch,ternary,1053,writeModulationJson,SURVIVES,serialization-guard,,,,"Serialization / guard ternary branch in writeModulationJson; shapes JSON output or guards an edge case (empty regions, missing measure, absent chord).","<< "", \""minorMode\"": "" << (s.minorMode ? ""true"" : ""false"")"
branch,ternary,1057,writeModulationJson,SURVIVES,serialization-guard,,,,"Serialization / guard ternary branch in writeModulationJson; shapes JSON output or guards an edge case (empty regions, missing measure, absent chord).","<< "", \""agreesWithAnchor\"": "" << (s.agreesWithAnchor ? ""true"" : ""false"") << ""}"";"
branch,ternary,1059,writeModulationJson,SURVIVES,serialization-guard,,,,"Serialization / guard ternary branch in writeModulationJson; shapes JSON output or guards an edge case (empty regions, missing measure, absent chord).","out << (mod.spans.empty() ? """" : ""\n    "") << ""]\n"";"
function,writeJointKeyJson,1083,writeJointKeyJson,SURVIVES,output-surface,,,,"Instrument output surface. Establishment: it CLAIMS to serialize the named analysis view; the diagnostic dumps return before / append after the standard writeJson and are default-off, so the committed corpus is byte-identical (reproduce-check confirmed this session).",[1083-1186]
branch,ternary,1096,writeJointKeyJson,SURVIVES,serialization-guard,,,,"Serialization / guard ternary branch in writeJointKeyJson; shapes JSON output or guards an edge case (empty regions, missing measure, absent chord).",ji.rootPc = r.hasAnalyzedChord ? r.chord.identity.rootPc : -1;
branch,if,1100,writeJointKeyJson,SURVIVES,serialization-guard,,,,"Serialization / guard if branch in writeJointKeyJson; shapes JSON output or guards an edge case (empty regions, missing measure, absent chord).",if (!endsPhrase) {
branch,if,1102,writeJointKeyJson,SURVIVES,serialization-guard,,,,"Serialization / guard if branch in writeJointKeyJson; shapes JSON output or guards an edge case (empty regions, missing measure, absent chord).",if (it != phraseBoundaryTicks.end() && *it < r.endTick) {
branch,if,1118,writeJointKeyJson,SURVIVES,serialization-guard,,,,"Serialization / guard if branch in writeJointKeyJson; shapes JSON output or guards an edge case (empty regions, missing measure, absent chord).",if (r.hasAnalyzedChord) {
branch,ternary,1139,writeJointKeyJson,SURVIVES,serialization-guard,,,,"Serialization / guard ternary branch in writeJointKeyJson; shapes JSON output or guards an edge case (empty regions, missing measure, absent chord).","out << ""    \""anchorDetected\"": "" << (jk.anchor.detected ? ""true"" : ""false"") << "",\n"";"
branch,ternary,1141,writeJointKeyJson,SURVIVES,serialization-guard,,,,"Serialization / guard ternary branch in writeJointKeyJson; shapes JSON output or guards an edge case (empty regions, missing measure, absent chord).","out << ""    \""anchorMinorMode\"": "" << (jk.anchor.minorMode ? ""true"" : ""false"") << "",\n"";"
literal,5,1146,writeJointKeyJson,ESTABLISHED,formatting,n/a,,,fmtDouble output precision (significant digits); serialization formatting.,"out << ""    \""anchorConfidence\"": "" << fmtDouble(jk.anchor.confidence, 5) << "",\n"";"
branch,ternary,1157,writeJointKeyJson,SURVIVES,serialization-guard,,,,"Serialization / guard ternary branch in writeJointKeyJson; shapes JSON output or guards an edge case (empty regions, missing measure, absent chord).","out << (i == 0 ? """" : "", "")"
branch,ternary,1159,writeJointKeyJson,SURVIVES,serialization-guard,,,,"Serialization / guard ternary branch in writeJointKeyJson; shapes JSON output or guards an edge case (empty regions, missing measure, absent chord).","<< "", \""isMajor\"": "" << (st.isMajor ? ""true"" : ""false"") << ""}"";"
branch,ternary,1165,writeJointKeyJson,SURVIVES,serialization-guard,,,,"Serialization / guard ternary branch in writeJointKeyJson; shapes JSON output or guards an edge case (empty regions, missing measure, absent chord).","out << (i == 0 ? ""\n"" : "",\n"");"
branch,ternary,1169,writeJointKeyJson,SURVIVES,serialization-guard,,,,"Serialization / guard ternary branch in writeJointKeyJson; shapes JSON output or guards an edge case (empty regions, missing measure, absent chord).","<< "", \""softIsMajor\"": "" << (d.softIsMajor ? ""true"" : ""false"")"
branch,ternary,1171,writeJointKeyJson,SURVIVES,serialization-guard,,,,"Serialization / guard ternary branch in writeJointKeyJson; shapes JSON output or guards an edge case (empty regions, missing measure, absent chord).","<< "", \""jointIsMajor\"": "" << (d.jointIsMajor ? ""true"" : ""false"")"
branch,ternary,1173,writeJointKeyJson,SURVIVES,serialization-guard,,,,"Serialization / guard ternary branch in writeJointKeyJson; shapes JSON output or guards an edge case (empty regions, missing measure, absent chord).","<< "", \""prodIsMajor\"": "" << (d.prodIsMajor ? ""true"" : ""false"")"
branch,ternary,1174,writeJointKeyJson,SURVIVES,serialization-guard,,,,"Serialization / guard ternary branch in writeJointKeyJson; shapes JSON output or guards an edge case (empty regions, missing measure, absent chord).","<< "", \""keyHardPinned\"": "" << (d.keyHardPinned ? ""true"" : ""false"")"
branch,ternary,1175,writeJointKeyJson,SURVIVES,serialization-guard,,,,"Serialization / guard ternary branch in writeJointKeyJson; shapes JSON output or guards an edge case (empty regions, missing measure, absent chord).","<< "", \""chordPinned\"": "" << (d.chordPinned ? ""true"" : ""false"")"
branch,ternary,1176,writeJointKeyJson,SURVIVES,serialization-guard,,,,"Serialization / guard ternary branch in writeJointKeyJson; shapes JSON output or guards an edge case (empty regions, missing measure, absent chord).","<< "", \""keyAmbiguous\"": "" << (d.keyAmbiguous ? ""true"" : ""false"")"
branch,ternary,1177,writeJointKeyJson,SURVIVES,serialization-guard,,,,"Serialization / guard ternary branch in writeJointKeyJson; shapes JSON output or guards an edge case (empty regions, missing measure, absent chord).","<< "", \""coupled\"": "" << (d.coupled ? ""true"" : ""false"")"
branch,ternary,1178,writeJointKeyJson,SURVIVES,serialization-guard,,,,"Serialization / guard ternary branch in writeJointKeyJson; shapes JSON output or guards an edge case (empty regions, missing measure, absent chord).","<< "", \""jointChanged\"": "" << (d.jointChanged ? ""true"" : ""false"")"
branch,ternary,1179,writeJointKeyJson,SURVIVES,serialization-guard,,,,"Serialization / guard ternary branch in writeJointKeyJson; shapes JSON output or guards an edge case (empty regions, missing measure, absent chord).","<< "", \""anchorContributed\"": "" << (d.anchorContributed ? ""true"" : ""false"")"
branch,ternary,1180,writeJointKeyJson,SURVIVES,serialization-guard,,,,"Serialization / guard ternary branch in writeJointKeyJson; shapes JSON output or guards an edge case (empty regions, missing measure, absent chord).","<< "", \""modulationContributed\"": "" << (d.modulationContributed ? ""true"" : ""false"")"
branch,ternary,1184,writeJointKeyJson,SURVIVES,serialization-guard,,,,"Serialization / guard ternary branch in writeJointKeyJson; shapes JSON output or guards an edge case (empty regions, missing measure, absent chord).","out << (jk.decisions.empty() ? """" : ""\n    "") << ""]\n"";"
function,writeTonicizationJson,1197,writeTonicizationJson,SURVIVES,output-surface,,,,"Instrument output surface. Establishment: it CLAIMS to serialize the named analysis view; the diagnostic dumps return before / append after the standard writeJson and are default-off, so the committed corpus is byte-identical (reproduce-check confirmed this session).",[1197-1235]
branch,ternary,1206,writeTonicizationJson,SURVIVES,serialization-guard,,,,"Serialization / guard ternary branch in writeTonicizationJson; shapes JSON output or guards an edge case (empty regions, missing measure, absent chord).",ti.rootPc = r.hasAnalyzedChord ? r.chord.identity.rootPc : -1;
branch,ternary,1225,writeTonicizationJson,SURVIVES,serialization-guard,,,,"Serialization / guard ternary branch in writeTonicizationJson; shapes JSON output or guards an edge case (empty regions, missing measure, absent chord).","out << (i == 0 ? ""\n"" : "",\n"");"
branch,ternary,1227,writeTonicizationJson,SURVIVES,serialization-guard,,,,"Serialization / guard ternary branch in writeTonicizationJson; shapes JSON output or guards an edge case (empty regions, missing measure, absent chord).","<< "", \""isApplied\"": "" << (l.isApplied ? ""true"" : ""false"")"
branch,ternary,1231,writeTonicizationJson,SURVIVES,serialization-guard,,,,"Serialization / guard ternary branch in writeTonicizationJson; shapes JSON output or guards an edge case (empty regions, missing measure, absent chord).","<< "", \""hasSeventh\"": "" << (l.hasSeventh ? ""true"" : ""false"")"
branch,ternary,1234,writeTonicizationJson,SURVIVES,serialization-guard,,,,"Serialization / guard ternary branch in writeTonicizationJson; shapes JSON output or guards an edge case (empty regions, missing measure, absent chord).","out << (labels.empty() ? """" : ""\n    "") << ""]"";"
function,relationalRoleName,1249,relationalRoleName,SURVIVES,plumbing,,,,"Harness plumbing / formatting helper (JSON escaping, name mappers, module init, score load, staff eligibility, measure location); no inference decision.",[1249-1259]
branch,switch,1251,relationalRoleName,SURVIVES,serialization-guard,,,,"Serialization / guard switch branch in relationalRoleName; shapes JSON output or guards an edge case (empty regions, missing measure, absent chord).",switch (role) {
branch,case,1252,relationalRoleName,SURVIVES,serialization-guard,,,,"Serialization / guard case branch in relationalRoleName; shapes JSON output or guards an edge case (empty regions, missing measure, absent chord).","case analysis::RelationalRole::None:             return ""None"";"
branch,case,1253,relationalRoleName,SURVIVES,serialization-guard,,,,"Serialization / guard case branch in relationalRoleName; shapes JSON output or guards an edge case (empty regions, missing measure, absent chord).","case analysis::RelationalRole::AugmentedSixth:   return ""AugmentedSixth"";"
branch,case,1254,relationalRoleName,SURVIVES,serialization-guard,,,,"Serialization / guard case branch in relationalRoleName; shapes JSON output or guards an edge case (empty regions, missing measure, absent chord).","case analysis::RelationalRole::Neapolitan:       return ""Neapolitan"";"
branch,case,1255,relationalRoleName,SURVIVES,serialization-guard,,,,"Serialization / guard case branch in relationalRoleName; shapes JSON output or guards an edge case (empty regions, missing measure, absent chord).","case analysis::RelationalRole::AppliedSecondary: return ""AppliedSecondary"";"
branch,case,1256,relationalRoleName,SURVIVES,serialization-guard,,,,"Serialization / guard case branch in relationalRoleName; shapes JSON output or guards an edge case (empty regions, missing measure, absent chord).","case analysis::RelationalRole::ModalMixture:     return ""ModalMixture"";"
function,writeL5Json,1261,writeL5Json,SURVIVES,output-surface,,,,"Instrument output surface. Establishment: it CLAIMS to serialize the named analysis view; the diagnostic dumps return before / append after the standard writeJson and are default-off, so the committed corpus is byte-identical (reproduce-check confirmed this session).",[1261-1352]
branch,if,1268,writeL5Json,SURVIVES,serialization-guard,,,,"Serialization / guard if branch in writeL5Json; shapes JSON output or guards an edge case (empty regions, missing measure, absent chord).",if (regions[j].hasAnalyzedChord && regions[j].chord.identity.rootPc >= 0) {
branch,if,1293,writeL5Json,SURVIVES,serialization-guard,,,,"Serialization / guard if branch in writeL5Json; shapes JSON output or guards an edge case (empty regions, missing measure, absent chord).",if (t.tpc >= 0) { in.noteTpcs.push_back(t.tpc); }
branch,ternary,1296,classifyRelationalLabel,SURVIVES,serialization-guard,,,,"Serialization / guard ternary branch in classifyRelationalLabel; shapes JSON output or guards an edge case (empty regions, missing measure, absent chord).",? analysis::classifyRelationalLabel(in)
function,classifyRelationalLabel,1296,classifyRelationalLabel,SURVIVES,plumbing,,,,"Harness plumbing / formatting helper (JSON escaping, name mappers, module init, score load, staff eligibility, measure location); no inference decision.",[1296-1297]
literal,0.0,1308,writeL5Json,ESTABLISHED,init-or-neutral,n/a,,,Neutral initializer / beat base (1.0) / zero default; output-structural.,u.resolverConfidence = 0.0;  // no resolver here (the override needs the L4-decoder carried contract)
branch,if,1317,writeL5Json,SURVIVES,serialization-guard,,,,"Serialization / guard if branch in writeL5Json; shapes JSON output or guards an edge case (empty regions, missing measure, absent chord).",if (r.hasAnalyzedChord) {
branch,ternary,1341,writeL5Json,SURVIVES,serialization-guard,,,,"Serialization / guard ternary branch in writeL5Json; shapes JSON output or guards an edge case (empty regions, missing measure, absent chord).","out << (i == 0 ? ""\n"" : "",\n"");"
branch,ternary,1347,writeL5Json,SURVIVES,serialization-guard,,,,"Serialization / guard ternary branch in writeL5Json; shapes JSON output or guards an edge case (empty regions, missing measure, absent chord).","<< "", \""openMark\"": "" << (u.openMark ? ""true"" : ""false"")"
branch,ternary,1351,writeL5Json,SURVIVES,serialization-guard,,,,"Serialization / guard ternary branch in writeL5Json; shapes JSON output or guards an edge case (empty regions, missing measure, absent chord).","out << (out5.units.empty() ? """" : ""\n    "") << ""]"";"
function,writeRegionKeyMarginJson,1367,writeRegionKeyMarginJson,SURVIVES,output-surface,,,,"Instrument output surface. Establishment: it CLAIMS to serialize the named analysis view; the diagnostic dumps return before / append after the standard writeJson and are default-off, so the committed corpus is byte-identical (reproduce-check confirmed this session).",[1367-1392]
branch,ternary,1380,writeRegionKeyMarginJson,SURVIVES,serialization-guard,,,,"Serialization / guard ternary branch in writeRegionKeyMarginJson; shapes JSON output or guards an edge case (empty regions, missing measure, absent chord).",const int rootPc = r.hasAnalyzedChord ? r.chord.identity.rootPc : -1;
branch,ternary,1381,writeRegionKeyMarginJson,SURVIVES,serialization-guard,,,,"Serialization / guard ternary branch in writeRegionKeyMarginJson; shapes JSON output or guards an edge case (empty regions, missing measure, absent chord).","out << (i ? "",\n    "" : ""\n    "");"
literal,6,1386,writeRegionKeyMarginJson,ESTABLISHED,formatting,n/a,,,fmtDouble output precision (significant digits); serialization formatting.,"<< "", \""keySeqMargin\"": "" << fmtDouble(r.keySeqMargin, 6)"
literal,6,1387,writeRegionKeyMarginJson,ESTABLISHED,formatting,n/a,,,fmtDouble output precision (significant digits); serialization formatting.,"<< "", \""keySigmoid\"": "" << fmtDouble(r.key.normalizedConfidence, 6)"
branch,ternary,1388,writeRegionKeyMarginJson,SURVIVES,serialization-guard,,,,"Serialization / guard ternary branch in writeRegionKeyMarginJson; shapes JSON output or guards an edge case (empty regions, missing measure, absent chord).","<< "", \""uncertain\"": "" << (r.keySeqMargin < 1.0 ? ""true"" : ""false"")"
literal,1.0,1388,writeRegionKeyMarginJson,ESTABLISHED,diagnostic-threshold,n/a,,,'uncertain' display flag bar (keySeqMargin<1.0) in --dump-region-keymargin (default off).,"<< "", \""uncertain\"": "" << (r.keySeqMargin < 1.0 ? ""true"" : ""false"")"
branch,ternary,1391,writeRegionKeyMarginJson,SURVIVES,serialization-guard,,,,"Serialization / guard ternary branch in writeRegionKeyMarginJson; shapes JSON output or guards an edge case (empty regions, missing measure, absent chord).","out << (regions.empty() ? ""]"" : ""\n  ]"") << ""\n}\n"";"
function,writeFanoutJson,1409,writeFanoutJson,SURVIVES,output-surface,,,,"Instrument output surface. Establishment: it CLAIMS to serialize the named analysis view; the diagnostic dumps return before / append after the standard writeJson and are default-off, so the committed corpus is byte-identical (reproduce-check confirmed this session).",[1409-1434]
branch,ternary,1422,writeFanoutJson,SURVIVES,serialization-guard,,,,"Serialization / guard ternary branch in writeFanoutJson; shapes JSON output or guards an edge case (empty regions, missing measure, absent chord).",const int rootPc = r.hasAnalyzedChord ? r.chord.identity.rootPc : -1;
branch,ternary,1423,writeFanoutJson,SURVIVES,serialization-guard,,,,"Serialization / guard ternary branch in writeFanoutJson; shapes JSON output or guards an edge case (empty regions, missing measure, absent chord).","out << (i ? "",\n    "" : ""\n    "");"
branch,ternary,1433,writeFanoutJson,SURVIVES,serialization-guard,,,,"Serialization / guard ternary branch in writeFanoutJson; shapes JSON output or guards an edge case (empty regions, missing measure, absent chord).","out << (regions.empty() ? ""]"" : ""\n  ]"") << ""\n}\n"";"
function,writeJson,1436,writeJson,SURVIVES,output-surface,,,,"Instrument output surface. Establishment: it CLAIMS to serialize the named analysis view; the diagnostic dumps return before / append after the standard writeJson and are default-off, so the committed corpus is byte-identical (reproduce-check confirmed this session).",[1436-1607]
branch,ternary,1464,writeJson,SURVIVES,serialization-guard,,,,"Serialization / guard ternary branch in writeJson; shapes JSON output or guards an edge case (empty regions, missing measure, absent chord).",const int rootPitchClass = r.hasAnalyzedChord ? r.chord.identity.rootPc : -1;
branch,ternary,1466,writeJson,SURVIVES,serialization-guard,,,,"Serialization / guard ternary branch in writeJson; shapes JSON output or guards an edge case (empty regions, missing measure, absent chord).","? analysis::ChordSymbolFormatter::formatSymbol(r.chord, r.key.keySignatureFifths)"
branch,ternary,1469,writeJson,SURVIVES,serialization-guard,,,,"Serialization / guard ternary branch in writeJson; shapes JSON output or guards an edge case (empty regions, missing measure, absent chord).",? analysis::ChordSymbolFormatter::formatRomanNumeral(r.chord)
branch,ternary,1477,writeJson,SURVIVES,serialization-guard,,,,"Serialization / guard ternary branch in writeJson; shapes JSON output or guards an edge case (empty regions, missing measure, absent chord).",? 0.0
literal,0.0,1477,writeJson,ESTABLISHED,init-or-neutral,n/a,,,Neutral initializer / beat base (1.0) / zero default; output-structural.,? 0.0
literal,12,1482,writeJson,ESTABLISHED,music-theory,n/a,,,"Pitch-class / fifths arithmetic (12 pcs, 7=fifths-per-step); a music-theory fact.",for (int bit = 0; bit < 12; ++bit) {
branch,if,1483,writeJson,SURVIVES,serialization-guard,,,,"Serialization / guard if branch in writeJson; shapes JSON output or guards an edge case (empty regions, missing measure, absent chord).",if (r.pcMask & (static_cast<uint16_t>(1u) << bit)) ++noteCount;
literal,4,1490,writeJson,ESTABLISHED,formatting,n/a,,,fmtDouble output precision (significant digits); serialization formatting.,"out << ""      \""beat\"": ""            << fmtDouble(r.beat, 4)                                 << "",\n"";"
literal,6,1493,writeJson,ESTABLISHED,formatting,n/a,,,fmtDouble output precision (significant digits); serialization formatting.,"out << ""      \""duration\"": ""        << fmtDouble(durationQn, 6)                             << "",\n"";"
literal,5,1498,writeJson,ESTABLISHED,formatting,n/a,,,fmtDouble output precision (significant digits); serialization formatting.,"out << ""      \""chordScore\"": ""      << fmtDouble(chordScore, 5)                             << "",\n"";"
literal,5,1499,writeJson,ESTABLISHED,formatting,n/a,,,fmtDouble output precision (significant digits); serialization formatting.,"out << ""      \""chordScoreMargin\"": ""<< fmtDouble(chordMargin, 5)                            << "",\n"";"
branch,if,1504,writeJson,SURVIVES,serialization-guard,,,,"Serialization / guard if branch in writeJson; shapes JSON output or guards an edge case (empty regions, missing measure, absent chord).",if (r.keyRanked.size() >= 2) {
literal,2,1504,writeJson,ESTABLISHED,structural,n/a,,,Cardinality guard / exit-code constant; structural.,if (r.keyRanked.size() >= 2) {
branch,ternary,1516,writeJson,SURVIVES,serialization-guard,,,,"Serialization / guard ternary branch in writeJson; shapes JSON output or guards an edge case (empty regions, missing measure, absent chord).","out << ""      \""bassIsRoot\"": ""      << (bassIsRoot ? ""true"" : ""false"")                      << "",\n"";"
branch,ternary,1518,writeJson,SURVIVES,serialization-guard,,,,"Serialization / guard ternary branch in writeJson; shapes JSON output or guards an edge case (empty regions, missing measure, absent chord).","out << ""      \""diatonicToKey\"": ""    << (r.chord.function.diatonicToKey ? ""true"" : ""false"") << "",\n"";"
branch,ternary,1519,writeJson,SURVIVES,serialization-guard,,,,"Serialization / guard ternary branch in writeJson; shapes JSON output or guards an edge case (empty regions, missing measure, absent chord).","out << ""      \""hasAnalyzedChord\"": "" << (r.hasAnalyzedChord ? ""true"" : ""false"")           << "",\n"";"
literal,6,1528,writeJson,ESTABLISHED,formatting,n/a,,,fmtDouble output precision (significant digits); serialization formatting.,"<< ""\""weight\"": "" << fmtDouble(tone.weight, 6) << "", """
branch,ternary,1529,writeJson,SURVIVES,serialization-guard,,,,"Serialization / guard ternary branch in writeJson; shapes JSON output or guards an edge case (empty regions, missing measure, absent chord).","<< ""\""isBass\"": "" << (tone.isBass ? ""true"" : ""false"") << "", """
branch,ternary,1533,writeJson,SURVIVES,serialization-guard,,,,"Serialization / guard ternary branch in writeJson; shapes JSON output or guards an edge case (empty regions, missing measure, absent chord).","<< ""}"" << (isLastTone ? """" : "","") << ""\n"";"
branch,ternary,1551,writeJson,SURVIVES,serialization-guard,,,,"Serialization / guard ternary branch in writeJson; shapes JSON output or guards an edge case (empty regions, missing measure, absent chord).","<< ""\""bassIsRoot\"": ""     << (altBassIsRoot ? ""true"" : ""false"") << "", """
literal,5,1554,writeJson,ESTABLISHED,formatting,n/a,,,fmtDouble output precision (significant digits); serialization formatting.,"<< ""\""score\"": ""          << fmtDouble(alt.identity.score, 5)"
branch,if,1556,writeJson,SURVIVES,serialization-guard,,,,"Serialization / guard if branch in writeJson; shapes JSON output or guards an edge case (empty regions, missing measure, absent chord).","if (!isLastAlt) out << "","";"
branch,if,1562,writeJson,SURVIVES,serialization-guard,,,,"Serialization / guard if branch in writeJson; shapes JSON output or guards an edge case (empty regions, missing measure, absent chord).","if (!isLast) out << "","";"
branch,if,1566,writeJson,SURVIVES,serialization-guard,,,,"Serialization / guard if branch in writeJson; shapes JSON output or guards an edge case (empty regions, missing measure, absent chord).",if (dumpCadenceAnchor || dumpTonicization || dumpModulation || dumpJointKey || dumpL5) {
branch,if,1569,writeJson,SURVIVES,serialization-guard,,,,"Serialization / guard if branch in writeJson; shapes JSON output or guards an edge case (empty regions, missing measure, absent chord).",if (dumpCadenceAnchor) {
branch,if,1573,writeJson,SURVIVES,serialization-guard,,,,"Serialization / guard if branch in writeJson; shapes JSON output or guards an edge case (empty regions, missing measure, absent chord).",if (dumpModulation) {
branch,if,1574,writeJson,SURVIVES,serialization-guard,,,,"Serialization / guard if branch in writeJson; shapes JSON output or guards an edge case (empty regions, missing measure, absent chord).",if (wroteExtra) {
branch,if,1580,writeJson,SURVIVES,serialization-guard,,,,"Serialization / guard if branch in writeJson; shapes JSON output or guards an edge case (empty regions, missing measure, absent chord).",if (dumpJointKey) {
branch,if,1581,writeJson,SURVIVES,serialization-guard,,,,"Serialization / guard if branch in writeJson; shapes JSON output or guards an edge case (empty regions, missing measure, absent chord).",if (wroteExtra) {
branch,if,1588,writeJson,SURVIVES,serialization-guard,,,,"Serialization / guard if branch in writeJson; shapes JSON output or guards an edge case (empty regions, missing measure, absent chord).",if (dumpTonicization) {
branch,if,1589,writeJson,SURVIVES,serialization-guard,,,,"Serialization / guard if branch in writeJson; shapes JSON output or guards an edge case (empty regions, missing measure, absent chord).",if (wroteExtra) {
branch,if,1595,writeJson,SURVIVES,serialization-guard,,,,"Serialization / guard if branch in writeJson; shapes JSON output or guards an edge case (empty regions, missing measure, absent chord).",if (dumpL5) {
branch,if,1596,writeJson,SURVIVES,serialization-guard,,,,"Serialization / guard if branch in writeJson; shapes JSON output or guards an edge case (empty regions, missing measure, absent chord).",if (wroteExtra) {
function,diagPcName,1613,diagPcName,SURVIVES,plumbing,,,,"Harness plumbing / formatting helper (JSON escaping, name mappers, module init, score load, staff eligibility, measure location); no inference decision.",[1613-1623]
literal,12,1615,diagPcName,ESTABLISHED,music-theory,n/a,,,"Pitch-class / fifths arithmetic (12 pcs, 7=fifths-per-step); a music-theory fact.",static constexpr const char* SHARP[12] = {
literal,12,1618,diagPcName,ESTABLISHED,music-theory,n/a,,,"Pitch-class / fifths arithmetic (12 pcs, 7=fifths-per-step); a music-theory fact.",static constexpr const char* FLAT[12] = {
literal,12,1621,diagPcName,ESTABLISHED,music-theory,n/a,,,"Pitch-class / fifths arithmetic (12 pcs, 7=fifths-per-step); a music-theory fact.",pc = ((pc % 12) + 12) % 12;
literal,12,1621,diagPcName,ESTABLISHED,music-theory,n/a,,,"Pitch-class / fifths arithmetic (12 pcs, 7=fifths-per-step); a music-theory fact.",pc = ((pc % 12) + 12) % 12;
literal,12,1621,diagPcName,ESTABLISHED,music-theory,n/a,,,"Pitch-class / fifths arithmetic (12 pcs, 7=fifths-per-step); a music-theory fact.",pc = ((pc % 12) + 12) % 12;
branch,ternary,1622,diagPcName,SURVIVES,serialization-guard,,,,"Serialization / guard ternary branch in diagPcName; shapes JSON output or guards an edge case (empty regions, missing measure, absent chord).",return keyFifths < 0 ? FLAT[pc] : SHARP[pc];
function,diagQualityName,1625,diagQualityName,SURVIVES,plumbing,,,,"Harness plumbing / formatting helper (JSON escaping, name mappers, module init, score load, staff eligibility, measure location); no inference decision.",[1625-1638]
branch,switch,1627,diagQualityName,SURVIVES,serialization-guard,,,,"Serialization / guard switch branch in diagQualityName; shapes JSON output or guards an edge case (empty regions, missing measure, absent chord).",switch (q) {
branch,case,1628,diagQualityName,SURVIVES,serialization-guard,,,,"Serialization / guard case branch in diagQualityName; shapes JSON output or guards an edge case (empty regions, missing measure, absent chord).","case ChordQuality::Major:          return ""Major"";"
branch,case,1629,diagQualityName,SURVIVES,serialization-guard,,,,"Serialization / guard case branch in diagQualityName; shapes JSON output or guards an edge case (empty regions, missing measure, absent chord).","case ChordQuality::Minor:          return ""Minor"";"
branch,case,1630,diagQualityName,SURVIVES,serialization-guard,,,,"Serialization / guard case branch in diagQualityName; shapes JSON output or guards an edge case (empty regions, missing measure, absent chord).","case ChordQuality::Diminished:     return ""Diminished"";"
branch,case,1631,diagQualityName,SURVIVES,serialization-guard,,,,"Serialization / guard case branch in diagQualityName; shapes JSON output or guards an edge case (empty regions, missing measure, absent chord).","case ChordQuality::Augmented:      return ""Augmented"";"
branch,case,1632,diagQualityName,SURVIVES,serialization-guard,,,,"Serialization / guard case branch in diagQualityName; shapes JSON output or guards an edge case (empty regions, missing measure, absent chord).","case ChordQuality::HalfDiminished: return ""HalfDiminished"";"
branch,case,1633,diagQualityName,SURVIVES,serialization-guard,,,,"Serialization / guard case branch in diagQualityName; shapes JSON output or guards an edge case (empty regions, missing measure, absent chord).","case ChordQuality::Suspended2:     return ""Suspended2"";"
branch,case,1634,diagQualityName,SURVIVES,serialization-guard,,,,"Serialization / guard case branch in diagQualityName; shapes JSON output or guards an edge case (empty regions, missing measure, absent chord).","case ChordQuality::Suspended4:     return ""Suspended4"";"
branch,case,1635,diagQualityName,SURVIVES,serialization-guard,,,,"Serialization / guard case branch in diagQualityName; shapes JSON output or guards an edge case (empty regions, missing measure, absent chord).","case ChordQuality::Power:          return ""Power"";"
function,diagTemplateName,1640,diagTemplateName,SURVIVES,plumbing,,,,"Harness plumbing / formatting helper (JSON escaping, name mappers, module init, score load, staff eligibility, measure location); no inference decision.",[1640-1667]
branch,if,1665,diagTemplateName,SURVIVES,serialization-guard,,,,"Serialization / guard if branch in diagTemplateName; shapes JSON output or guards an edge case (empty regions, missing measure, absent chord).","if (tplIdx < 0 || tplIdx >= static_cast<int>(analysis::kTemplateCount)) { return ""Unknown""; }"
function,diagContextBanner,1676,diagContextBanner,SURVIVES,plumbing,,,,"Harness plumbing / formatting helper (JSON escaping, name mappers, module init, score load, staff eligibility, measure location); no inference decision.",[1676-1694]
branch,if,1678,diagContextBanner,SURVIVES,serialization-guard,,,,"Serialization / guard if branch in diagContextBanner; shapes JSON output or guards an edge case (empty regions, missing measure, absent chord).",if (!ctx) {
branch,if,1685,diagContextBanner,SURVIVES,serialization-guard,,,,"Serialization / guard if branch in diagContextBanner; shapes JSON output or guards an edge case (empty regions, missing measure, absent chord).",if (ctx->previousRootPc >= 0) {
literal,3,1691,diagContextBanner,ESTABLISHED,formatting,n/a,,,fmtDouble output precision (significant digits); serialization formatting.,"<< "", regionMetricWeight="" << fmtDouble(ctx->regionMetricWeight, 3)"
function,writeDiagnosticJson,1696,writeDiagnosticJson,SURVIVES,output-surface,,,,"Instrument output surface. Establishment: it CLAIMS to serialize the named analysis view; the diagnostic dumps return before / append after the standard writeJson and are default-off, so the committed corpus is byte-identical (reproduce-check confirmed this session).",[1696-1921]
branch,if,1714,writeDiagnosticJson,SURVIVES,serialization-guard,,,,"Serialization / guard if branch in writeDiagnosticJson; shapes JSON output or guards an edge case (empty regions, missing measure, absent chord).",if (r.measureNumber == targetMeasure) {
branch,if,1716,writeDiagnosticJson,SURVIVES,serialization-guard,,,,"Serialization / guard if branch in writeDiagnosticJson; shapes JSON output or guards an edge case (empty regions, missing measure, absent chord).",if (!region || r.beat < region->beat) {
branch,if,1721,writeDiagnosticJson,SURVIVES,serialization-guard,,,,"Serialization / guard if branch in writeDiagnosticJson; shapes JSON output or guards an edge case (empty regions, missing measure, absent chord).",if (!region) {
branch,if,1723,writeDiagnosticJson,SURVIVES,serialization-guard,,,,"Serialization / guard if branch in writeDiagnosticJson; shapes JSON output or guards an edge case (empty regions, missing measure, absent chord).","if (!firstBlock) { out << "",\n""; }"
branch,if,1747,writeDiagnosticJson,SURVIVES,serialization-guard,,,,"Serialization / guard if branch in writeDiagnosticJson; shapes JSON output or guards an edge case (empty regions, missing measure, absent chord).","if (!firstBlock) { out << "",\n""; }"
literal,4,1755,writeDiagnosticJson,ESTABLISHED,formatting,n/a,,,fmtDouble output precision (significant digits); serialization formatting.,"out << ""      \""beat\"": "" << fmtDouble(region->beat, 4) << "",\n"";"
branch,ternary,1759,writeDiagnosticJson,SURVIVES,serialization-guard,,,,"Serialization / guard ternary branch in writeDiagnosticJson; shapes JSON output or guards an edge case (empty regions, missing measure, absent chord).","? analysis::ChordSymbolFormatter::formatSymbol(region->chord, keyFifths)"
literal,12,1766,writeDiagnosticJson,ESTABLISHED,music-theory,n/a,,,"Pitch-class / fifths arithmetic (12 pcs, 7=fifths-per-step); a music-theory fact.",const int pc = t.pitch % 12;
literal,6,1771,writeDiagnosticJson,ESTABLISHED,formatting,n/a,,,fmtDouble output precision (significant digits); serialization formatting.,"<< ""\""weight\"": "" << fmtDouble(t.weight, 6) << "", """
branch,ternary,1773,writeDiagnosticJson,SURVIVES,serialization-guard,,,,"Serialization / guard ternary branch in writeDiagnosticJson; shapes JSON output or guards an edge case (empty regions, missing measure, absent chord).","<< ""\""is_bass\"": "" << (t.isBass ? ""true"" : ""false"")"
branch,if,1775,writeDiagnosticJson,SURVIVES,serialization-guard,,,,"Serialization / guard if branch in writeDiagnosticJson; shapes JSON output or guards an edge case (empty regions, missing measure, absent chord).","if (ti + 1 < region->tones.size()) { out << "",""; }"
literal,12,1786,writeDiagnosticJson,ESTABLISHED,music-theory,n/a,,,"Pitch-class / fifths arithmetic (12 pcs, 7=fifths-per-step); a music-theory fact.",for (int pc = 0; pc < 12; ++pc) {
branch,if,1787,writeDiagnosticJson,SURVIVES,serialization-guard,,,,"Serialization / guard if branch in writeDiagnosticJson; shapes JSON output or guards an edge case (empty regions, missing measure, absent chord).",if (diag.pcWeights[static_cast<size_t>(pc)] < 0.001) { continue; }
literal,0.001,1787,writeDiagnosticJson,ESTABLISHED,diagnostic-threshold,n/a,,,per-PC display floor (0.001) in the --diagnose-measures dump (default off).,if (diag.pcWeights[static_cast<size_t>(pc)] < 0.001) { continue; }
branch,if,1788,writeDiagnosticJson,SURVIVES,serialization-guard,,,,"Serialization / guard if branch in writeDiagnosticJson; shapes JSON output or guards an edge case (empty regions, missing measure, absent chord).","if (!firstPc) { out << "", ""; }"
literal,5,1791,writeDiagnosticJson,ESTABLISHED,formatting,n/a,,,fmtDouble output precision (significant digits); serialization formatting.,"<< fmtDouble(diag.pcWeights[static_cast<size_t>(pc)], 5);"
branch,if,1799,writeDiagnosticJson,SURVIVES,serialization-guard,,,,"Serialization / guard if branch in writeDiagnosticJson; shapes JSON output or guards an edge case (empty regions, missing measure, absent chord).",if (diag.hasWinner) {
literal,5,1806,writeDiagnosticJson,ESTABLISHED,formatting,n/a,,,fmtDouble output precision (significant digits); serialization formatting.,"<< ""\""score\"": "" << fmtDouble(w.score, 5) << "", """
branch,ternary,1819,writeDiagnosticJson,SURVIVES,serialization-guard,,,,"Serialization / guard ternary branch in writeDiagnosticJson; shapes JSON output or guards an edge case (empty regions, missing measure, absent chord).",? 0.0
literal,0.0,1819,writeDiagnosticJson,ESTABLISHED,init-or-neutral,n/a,,,Neutral initializer / beat base (1.0) / zero default; output-structural.,? 0.0
literal,0.75,1820,writeDiagnosticJson,ESTABLISHED,diagnostic-threshold,n/a,,,oracle-cell display cutoff (0.75 of top) in --diagnose-measures (default off).,: diag.oracleCells.front().verticalScore * 0.75;
branch,if,1824,writeDiagnosticJson,SURVIVES,serialization-guard,,,,"Serialization / guard if branch in writeDiagnosticJson; shapes JSON output or guards an edge case (empty regions, missing measure, absent chord).",if (c.verticalScore < oracleThreshold) { break; }
branch,if,1825,writeDiagnosticJson,SURVIVES,serialization-guard,,,,"Serialization / guard if branch in writeDiagnosticJson; shapes JSON output or guards an edge case (empty regions, missing measure, absent chord).","if (!firstOracle) { out << "",\n""; }"
literal,5,1834,writeDiagnosticJson,ESTABLISHED,formatting,n/a,,,fmtDouble output precision (significant digits); serialization formatting.,"<< ""\""vertical_score\"": "" << fmtDouble(c.verticalScore, 5) << "", """
literal,5,1835,writeDiagnosticJson,ESTABLISHED,formatting,n/a,,,fmtDouble output precision (significant digits); serialization formatting.,"<< ""\""basis_indep\"": "" << fmtDouble(c.basisIndep, 5) << "", """
literal,5,1836,writeDiagnosticJson,ESTABLISHED,formatting,n/a,,,fmtDouble output precision (significant digits); serialization formatting.,"<< ""\""basis_dep\"": "" << fmtDouble(c.basisDep, 5) << "", """
literal,5,1837,writeDiagnosticJson,ESTABLISHED,formatting,n/a,,,fmtDouble output precision (significant digits); serialization formatting.,"<< ""\""complexity_factor\"": "" << fmtDouble(c.complexityFactor, 5) << "", """
literal,5,1838,writeDiagnosticJson,ESTABLISHED,formatting,n/a,,,fmtDouble output precision (significant digits); serialization formatting.,"<< ""\""aug_factor\"": "" << fmtDouble(c.augFactor, 5) << "", """
literal,5,1839,writeDiagnosticJson,ESTABLISHED,formatting,n/a,,,fmtDouble output precision (significant digits); serialization formatting.,"<< ""\""w_complete\"": "" << fmtDouble(c.wCompleteBonus, 5) << "", """
literal,5,1840,writeDiagnosticJson,ESTABLISHED,formatting,n/a,,,fmtDouble output precision (significant digits); serialization formatting.,"<< ""\""applied_bass_bonus\"": "" << fmtDouble(c.appliedBassBonus, 5)"
branch,if,1851,writeDiagnosticJson,SURVIVES,serialization-guard,,,,"Serialization / guard if branch in writeDiagnosticJson; shapes JSON output or guards an edge case (empty regions, missing measure, absent chord).","if (!firstComp) { out << "",\n""; }"
literal,5,1859,writeDiagnosticJson,ESTABLISHED,formatting,n/a,,,fmtDouble output precision (significant digits); serialization formatting.,"<< ""\""competition_score\"": "" << fmtDouble(c.competitionScore, 5) << "", """
literal,5,1860,writeDiagnosticJson,ESTABLISHED,formatting,n/a,,,fmtDouble output precision (significant digits); serialization formatting.,"<< ""\""rcb\"": "" << fmtDouble(c.rootContinuityBonus, 5) << "", """
literal,5,1861,writeDiagnosticJson,ESTABLISHED,formatting,n/a,,,fmtDouble output precision (significant digits); serialization formatting.,"<< ""\""rcb_raw\"": "" << fmtDouble(c.rootContinuityBonusRaw, 5) << "", """
branch,ternary,1863,writeDiagnosticJson,SURVIVES,serialization-guard,,,,"Serialization / guard ternary branch in writeDiagnosticJson; shapes JSON output or guards an edge case (empty regions, missing measure, absent chord).","<< (c.rootContinuityWithheldByGateR ? ""true"" : ""false"") << "", """
literal,5,1864,writeDiagnosticJson,ESTABLISHED,formatting,n/a,,,fmtDouble output precision (significant digits); serialization formatting.,"<< ""\""resolution\"": "" << fmtDouble(c.resolutionBonus, 5) << "", """
literal,5,1865,writeDiagnosticJson,ESTABLISHED,formatting,n/a,,,fmtDouble output precision (significant digits); serialization formatting.,"<< ""\""inversion_ctx\"": "" << fmtDouble(c.inversionContextBonus, 5) << "", """
literal,5,1866,writeDiagnosticJson,ESTABLISHED,formatting,n/a,,,fmtDouble output precision (significant digits); serialization formatting.,"<< ""\""w_seq\"": "" << fmtDouble(c.wSeqBonus, 5) << "", """
literal,5,1867,writeDiagnosticJson,ESTABLISHED,formatting,n/a,,,fmtDouble output precision (significant digits); serialization formatting.,"<< ""\""w_dim\"": "" << fmtDouble(c.wDimBonus, 5) << "", """
literal,5,1868,writeDiagnosticJson,ESTABLISHED,formatting,n/a,,,fmtDouble output precision (significant digits); serialization formatting.,"<< ""\""step_in\"": "" << fmtDouble(c.stepInBonus, 5) << "", """
literal,5,1869,writeDiagnosticJson,ESTABLISHED,formatting,n/a,,,fmtDouble output precision (significant digits); serialization formatting.,"<< ""\""step_out\"": "" << fmtDouble(c.stepOutBonus, 5)"
branch,if,1876,writeDiagnosticJson,SURVIVES,serialization-guard,,,,"Serialization / guard if branch in writeDiagnosticJson; shapes JSON output or guards an edge case (empty regions, missing measure, absent chord).",if (diag.postGates.hasCompetitionWinner) {
literal,5,1882,writeDiagnosticJson,ESTABLISHED,formatting,n/a,,,fmtDouble output precision (significant digits); serialization formatting.,"<< ""\""score\"": "" << fmtDouble(pg.competitionWinnerScore, 5) << ""}, """
branch,ternary,1884,writeDiagnosticJson,SURVIVES,serialization-guard,,,,"Serialization / guard ternary branch in writeDiagnosticJson; shapes JSON output or guards an edge case (empty regions, missing measure, absent chord).","<< (pg.iter8691ChangedWinner ? ""true"" : ""false"") << "", """
branch,ternary,1886,writeDiagnosticJson,SURVIVES,serialization-guard,,,,"Serialization / guard ternary branch in writeDiagnosticJson; shapes JSON output or guards an edge case (empty regions, missing measure, absent chord).","<< (pg.gatesChangedWinner ? ""true"" : ""false"");"
branch,if,1894,writeDiagnosticJson,SURVIVES,serialization-guard,,,,"Serialization / guard if branch in writeDiagnosticJson; shapes JSON output or guards an edge case (empty regions, missing measure, absent chord).",if (region->hasAnalyzedChord) {
branch,ternary,1896,writeDiagnosticJson,SURVIVES,serialization-guard,,,,"Serialization / guard ternary branch in writeDiagnosticJson; shapes JSON output or guards an edge case (empty regions, missing measure, absent chord).","out << ""        \""hasMinorSeventh\"": ""      << (analysis::hasExtension(ext, analysis::Extension::MinorSeventh)      ? ""true"" : ""false"") << "",\n"";"
branch,ternary,1897,writeDiagnosticJson,SURVIVES,serialization-guard,,,,"Serialization / guard ternary branch in writeDiagnosticJson; shapes JSON output or guards an edge case (empty regions, missing measure, absent chord).","out << ""        \""hasMajorSeventh\"": ""      << (analysis::hasExtension(ext, analysis::Extension::MajorSeventh)      ? ""true"" : ""false"") << "",\n"";"
branch,ternary,1898,writeDiagnosticJson,SURVIVES,serialization-guard,,,,"Serialization / guard ternary branch in writeDiagnosticJson; shapes JSON output or guards an edge case (empty regions, missing measure, absent chord).","out << ""        \""hasDimSeventh\"": ""        << (analysis::hasExtension(ext, analysis::Extension::DiminishedSeventh) ? ""true"" : ""false"") << "",\n"";"
branch,ternary,1899,writeDiagnosticJson,SURVIVES,serialization-guard,,,,"Serialization / guard ternary branch in writeDiagnosticJson; shapes JSON output or guards an edge case (empty regions, missing measure, absent chord).","out << ""        \""hasAddedSixth\"": ""        << (analysis::hasExtension(ext, analysis::Extension::AddedSixth)        ? ""true"" : ""false"") << "",\n"";"
branch,ternary,1900,writeDiagnosticJson,SURVIVES,serialization-guard,,,,"Serialization / guard ternary branch in writeDiagnosticJson; shapes JSON output or guards an edge case (empty regions, missing measure, absent chord).","out << ""        \""hasNaturalNinth\"": ""      << (analysis::hasExtension(ext, analysis::Extension::NaturalNinth)      ? ""true"" : ""false"") << "",\n"";"
branch,ternary,1901,writeDiagnosticJson,SURVIVES,serialization-guard,,,,"Serialization / guard ternary branch in writeDiagnosticJson; shapes JSON output or guards an edge case (empty regions, missing measure, absent chord).","out << ""        \""hasFlatNinth\"": ""         << (analysis::hasExtension(ext, analysis::Extension::FlatNinth)         ? ""true"" : ""false"") << "",\n"";"
branch,ternary,1902,writeDiagnosticJson,SURVIVES,serialization-guard,,,,"Serialization / guard ternary branch in writeDiagnosticJson; shapes JSON output or guards an edge case (empty regions, missing measure, absent chord).","out << ""        \""hasSharpNinth\"": ""        << (analysis::hasExtension(ext, analysis::Extension::SharpNinth)        ? ""true"" : ""false"") << "",\n"";"
branch,ternary,1903,writeDiagnosticJson,SURVIVES,serialization-guard,,,,"Serialization / guard ternary branch in writeDiagnosticJson; shapes JSON output or guards an edge case (empty regions, missing measure, absent chord).","out << ""        \""hasNaturalEleventh\"": ""   << (analysis::hasExtension(ext, analysis::Extension::NaturalEleventh)   ? ""true"" : ""false"") << "",\n"";"
branch,ternary,1904,writeDiagnosticJson,SURVIVES,serialization-guard,,,,"Serialization / guard ternary branch in writeDiagnosticJson; shapes JSON output or guards an edge case (empty regions, missing measure, absent chord).","out << ""        \""hasSharpEleventh\"": ""     << (analysis::hasExtension(ext, analysis::Extension::SharpEleventh)     ? ""true"" : ""false"") << "",\n"";"
branch,ternary,1905,writeDiagnosticJson,SURVIVES,serialization-guard,,,,"Serialization / guard ternary branch in writeDiagnosticJson; shapes JSON output or guards an edge case (empty regions, missing measure, absent chord).","out << ""        \""hasNaturalThirteenth\"": "" << (analysis::hasExtension(ext, analysis::Extension::NaturalThirteenth) ? ""true"" : ""false"") << "",\n"";"
branch,ternary,1906,writeDiagnosticJson,SURVIVES,serialization-guard,,,,"Serialization / guard ternary branch in writeDiagnosticJson; shapes JSON output or guards an edge case (empty regions, missing measure, absent chord).","out << ""        \""hasFlatThirteenth\"": ""    << (analysis::hasExtension(ext, analysis::Extension::FlatThirteenth)    ? ""true"" : ""false"") << "",\n"";"
branch,ternary,1907,writeDiagnosticJson,SURVIVES,serialization-guard,,,,"Serialization / guard ternary branch in writeDiagnosticJson; shapes JSON output or guards an edge case (empty regions, missing measure, absent chord).","out << ""        \""hasSharpThirteenth\"": ""   << (analysis::hasExtension(ext, analysis::Extension::SharpThirteenth)   ? ""true"" : ""false"") << "",\n"";"
branch,ternary,1908,writeDiagnosticJson,SURVIVES,serialization-guard,,,,"Serialization / guard ternary branch in writeDiagnosticJson; shapes JSON output or guards an edge case (empty regions, missing measure, absent chord).","out << ""        \""hasFlatFifth\"": ""         << (analysis::hasExtension(ext, analysis::Extension::FlatFifth)         ? ""true"" : ""false"") << "",\n"";"
branch,ternary,1909,writeDiagnosticJson,SURVIVES,serialization-guard,,,,"Serialization / guard ternary branch in writeDiagnosticJson; shapes JSON output or guards an edge case (empty regions, missing measure, absent chord).","out << ""        \""hasSharpFifth\"": ""        << (analysis::hasExtension(ext, analysis::Extension::SharpFifth)        ? ""true"" : ""false"") << "",\n"";"
branch,ternary,1910,writeDiagnosticJson,SURVIVES,serialization-guard,,,,"Serialization / guard ternary branch in writeDiagnosticJson; shapes JSON output or guards an edge case (empty regions, missing measure, absent chord).","out << ""        \""omitsThird\"": ""           << (analysis::hasExtension(ext, analysis::Extension::OmitsThird)        ? ""true"" : ""false"") << "",\n"";"
branch,ternary,1911,writeDiagnosticJson,SURVIVES,serialization-guard,,,,"Serialization / guard ternary branch in writeDiagnosticJson; shapes JSON output or guards an edge case (empty regions, missing measure, absent chord).","out << ""        \""isSixNine\"": ""            << (analysis::hasExtension(ext, analysis::Extension::SixNine)           ? ""true"" : ""false"") << ""\n"";"
function,printHelp,1927,printHelp,SURVIVES,plumbing,,,,"Harness plumbing / formatting helper (JSON escaping, name mappers, module init, score load, staff eligibility, measure location); no inference decision.",[1927-2142]
function,runSliceValidation,2172,runSliceValidation,SURVIVES,output-surface,,,,"Instrument output surface. Establishment: it CLAIMS to serialize the named analysis view; the diagnostic dumps return before / append after the standard writeJson and are default-off, so the committed corpus is byte-identical (reproduce-check confirmed this session).",[2172-2427]
branch,if,2190,runSliceValidation,SURVIVES,serialization-guard,,,,"Serialization / guard if branch in runSliceValidation; shapes JSON output or guards an edge case (empty regions, missing measure, absent chord).",if (!(e.plays && e.visible && e.staffEligible)) {
branch,if,2211,runSliceValidation,SURVIVES,serialization-guard,,,,"Serialization / guard if branch in runSliceValidation; shapes JSON output or guards an edge case (empty regions, missing measure, absent chord).",if (deterministic) {
branch,if,2213,runSliceValidation,SURVIVES,serialization-guard,,,,"Serialization / guard if branch in runSliceValidation; shapes JSON output or guards an edge case (empty regions, missing measure, absent chord).",if (slices[i].start != slices2[i].start || slices[i].end != slices2[i].end) {
branch,if,2230,runSliceValidation,SURVIVES,serialization-guard,,,,"Serialization / guard if branch in runSliceValidation; shapes JSON output or guards an edge case (empty regions, missing measure, absent chord).",if (bexp.size() < 2) {
literal,2,2230,runSliceValidation,ESTABLISHED,structural,n/a,,,Cardinality guard / exit-code constant; structural.,if (bexp.size() < 2) {
branch,if,2231,runSliceValidation,SURVIVES,serialization-guard,,,,"Serialization / guard if branch in runSliceValidation; shapes JSON output or guards an edge case (empty regions, missing measure, absent chord).",if (!slices.empty()) {
branch,if,2247,runSliceValidation,SURVIVES,serialization-guard,,,,"Serialization / guard if branch in runSliceValidation; shapes JSON output or guards an edge case (empty regions, missing measure, absent chord).",if (sliceBoundaries != bexp) {
branch,if,2250,runSliceValidation,SURVIVES,serialization-guard,,,,"Serialization / guard if branch in runSliceValidation; shapes JSON output or guards an edge case (empty regions, missing measure, absent chord).",if (!sliceBoundaries.count(b)) {
branch,if,2257,runSliceValidation,SURVIVES,serialization-guard,,,,"Serialization / guard if branch in runSliceValidation; shapes JSON output or guards an edge case (empty regions, missing measure, absent chord).",if (!bexp.count(b)) {
branch,if,2266,runSliceValidation,SURVIVES,serialization-guard,,,,"Serialization / guard if branch in runSliceValidation; shapes JSON output or guards an edge case (empty regions, missing measure, absent chord).",if (slices.front().start != *bexp.begin()) {
branch,if,2270,runSliceValidation,SURVIVES,serialization-guard,,,,"Serialization / guard if branch in runSliceValidation; shapes JSON output or guards an edge case (empty regions, missing measure, absent chord).",if (slices.back().end != *bexp.rbegin()) {
branch,if,2275,runSliceValidation,SURVIVES,serialization-guard,,,,"Serialization / guard if branch in runSliceValidation; shapes JSON output or guards an edge case (empty regions, missing measure, absent chord).",if (slices[i].end != slices[i + 1].start) {
branch,if,2286,runSliceValidation,SURVIVES,serialization-guard,,,,"Serialization / guard if branch in runSliceValidation; shapes JSON output or guards an edge case (empty regions, missing measure, absent chord).",if (!(slices[i].start < slices[i].end)) {
branch,if,2300,runSliceValidation,SURVIVES,serialization-guard,,,,"Serialization / guard if branch in runSliceValidation; shapes JSON output or guards an edge case (empty regions, missing measure, absent chord).",if (sl.start < e->onset && e->onset < sl.end) {
branch,if,2307,runSliceValidation,SURVIVES,serialization-guard,,,,"Serialization / guard if branch in runSliceValidation; shapes JSON output or guards an edge case (empty regions, missing measure, absent chord).",if (sl.start < e->release && e->release < sl.end) {
branch,if,2315,runSliceValidation,SURVIVES,serialization-guard,,,,"Serialization / guard if branch in runSliceValidation; shapes JSON output or guards an edge case (empty regions, missing measure, absent chord).",if (bad) {
branch,if,2332,runSliceValidation,SURVIVES,serialization-guard,,,,"Serialization / guard if branch in runSliceValidation; shapes JSON output or guards an edge case (empty regions, missing measure, absent chord).",if (e->onset > e->release) {
branch,if,2340,runSliceValidation,SURVIVES,serialization-guard,,,,"Serialization / guard if branch in runSliceValidation; shapes JSON output or guards an edge case (empty regions, missing measure, absent chord).",if (slices.empty()) {
branch,if,2343,runSliceValidation,SURVIVES,serialization-guard,,,,"Serialization / guard if branch in runSliceValidation; shapes JSON output or guards an edge case (empty regions, missing measure, absent chord).",if (!sliceBoundaries.count(e->onset) || !sliceBoundaries.count(e->release)) {
branch,ternary,2366,runSliceValidation,SURVIVES,serialization-guard,,,,"Serialization / guard ternary branch in runSliceValidation; shapes JSON output or guards an edge case (empty regions, missing measure, absent chord).",const int domainStart = bexp.empty() ? 0 : *bexp.begin();
branch,ternary,2367,runSliceValidation,SURVIVES,serialization-guard,,,,"Serialization / guard ternary branch in runSliceValidation; shapes JSON output or guards an edge case (empty regions, missing measure, absent chord).",const int domainEnd   = bexp.empty() ? 0 : *bexp.rbegin();
branch,if,2369,runSliceValidation,SURVIVES,serialization-guard,,,,"Serialization / guard if branch in runSliceValidation; shapes JSON output or guards an edge case (empty regions, missing measure, absent chord).",if (t > domainStart && t < domainEnd
branch,if,2377,runSliceValidation,SURVIVES,serialization-guard,,,,"Serialization / guard if branch in runSliceValidation; shapes JSON output or guards an edge case (empty regions, missing measure, absent chord).",if (e->onset < sl.end && e->release > sl.start) {
branch,if,2382,runSliceValidation,SURVIVES,serialization-guard,,,,"Serialization / guard if branch in runSliceValidation; shapes JSON output or guards an edge case (empty regions, missing measure, absent chord).",if (hasEligible) {
branch,if,2386,runSliceValidation,SURVIVES,serialization-guard,,,,"Serialization / guard if branch in runSliceValidation; shapes JSON output or guards an edge case (empty regions, missing measure, absent chord).",if (releaseOpened) {
branch,if,2394,runSliceValidation,SURVIVES,serialization-guard,,,,"Serialization / guard if branch in runSliceValidation; shapes JSON output or guards an edge case (empty regions, missing measure, absent chord).",if (!violations.empty()) {
branch,ternary,2402,runSliceValidation,SURVIVES,serialization-guard,,,,"Serialization / guard ternary branch in runSliceValidation; shapes JSON output or guards an edge case (empty regions, missing measure, absent chord).","os << ""  \""ok\"": "" << (ok ? ""true"" : ""false"") << "",\n"";"
branch,ternary,2413,runSliceValidation,SURVIVES,serialization-guard,,,,"Serialization / guard ternary branch in runSliceValidation; shapes JSON output or guards an edge case (empty regions, missing measure, absent chord).","os << ""  \""deterministic\"": "" << (deterministic ? ""true"" : ""false"") << "",\n"";"
literal,6,2414,runSliceValidation,ESTABLISHED,formatting,n/a,,,fmtDouble output precision (significant digits); serialization formatting.,"os << ""  \""sliceMs\"": "" << fmtDouble(sliceMs, 6) << "",\n"";"
branch,ternary,2418,runSliceValidation,SURVIVES,serialization-guard,,,,"Serialization / guard ternary branch in runSliceValidation; shapes JSON output or guards an edge case (empty regions, missing measure, absent chord).","os << (i ? "",\n    "" : ""\n    "");"
branch,ternary,2424,runSliceValidation,SURVIVES,serialization-guard,,,,"Serialization / guard ternary branch in runSliceValidation; shapes JSON output or guards an edge case (empty regions, missing measure, absent chord).","os << (violations.empty() ? ""]\n"" : ""\n  ]\n"");"
function,runKeyModeDecode,2443,runKeyModeDecode,SURVIVES,output-surface,,,,"Instrument output surface. Establishment: it CLAIMS to serialize the named analysis view; the diagnostic dumps return before / append after the standard writeJson and are default-off, so the committed corpus is byte-identical (reproduce-check confirmed this session).",[2443-2530]
branch,if,2458,runKeyModeDecode,SURVIVES,serialization-guard,,,,"Serialization / guard if branch in runKeyModeDecode; shapes JSON output or guards an edge case (empty regions, missing measure, absent chord).",if (sk.uncertain) {
branch,ternary,2475,runKeyModeDecode,SURVIVES,serialization-guard,,,,"Serialization / guard ternary branch in runKeyModeDecode; shapes JSON output or guards an edge case (empty regions, missing measure, absent chord).",const int measureNumber = mi.measure ? mi.number : 0;
branch,ternary,2477,runKeyModeDecode,SURVIVES,serialization-guard,,,,"Serialization / guard ternary branch in runKeyModeDecode; shapes JSON output or guards an edge case (empty regions, missing measure, absent chord).",? 1.0 + static_cast<double>(s - mi.measure->tick().ticks()) / Constants::DIVISION
literal,1.0,2477,runKeyModeDecode,ESTABLISHED,init-or-neutral,n/a,,,Neutral initializer / beat base (1.0) / zero default; output-structural.,? 1.0 + static_cast<double>(s - mi.measure->tick().ticks()) / Constants::DIVISION
literal,1.0,2478,runKeyModeDecode,ESTABLISHED,init-or-neutral,n/a,,,Neutral initializer / beat base (1.0) / zero default; output-structural.,: 1.0;
branch,ternary,2482,runKeyModeDecode,SURVIVES,serialization-guard,,,,"Serialization / guard ternary branch in runKeyModeDecode; shapes JSON output or guards an edge case (empty regions, missing measure, absent chord).","os << (i ? "",\n    "" : ""\n    "");"
literal,4,2484,runKeyModeDecode,ESTABLISHED,formatting,n/a,,,fmtDouble output precision (significant digits); serialization formatting.,"<< "", \""beat\"": "" << fmtDouble(beat, 4)"
literal,4,2487,runKeyModeDecode,ESTABLISHED,formatting,n/a,,,fmtDouble output precision (significant digits); serialization formatting.,"<< "", \""duration\"": "" << fmtDouble(duration, 4)"
literal,6,2489,runKeyModeDecode,ESTABLISHED,formatting,n/a,,,fmtDouble output precision (significant digits); serialization formatting.,"<< "", \""keyConfidence\"": "" << fmtDouble(sk.confidence, 6)"
literal,6,2500,runKeyModeDecode,ESTABLISHED,formatting,n/a,,,fmtDouble output precision (significant digits); serialization formatting.,"<< "", \""keyEmission\"": "" << fmtDouble(sk.chosen.score, 6)"
branch,ternary,2501,runKeyModeDecode,SURVIVES,serialization-guard,,,,"Serialization / guard ternary branch in runKeyModeDecode; shapes JSON output or guards an edge case (empty regions, missing measure, absent chord).","<< "", \""uncertain\"": "" << (sk.uncertain ? ""true"" : ""false"");"
branch,if,2502,runKeyModeDecode,SURVIVES,serialization-guard,,,,"Serialization / guard if branch in runKeyModeDecode; shapes JSON output or guards an edge case (empty regions, missing measure, absent chord).",if (!sk.alternatives.empty()) {
literal,6,2506,runKeyModeDecode,ESTABLISHED,formatting,n/a,,,fmtDouble output precision (significant digits); serialization formatting.,"<< ""\"", \""confidence\"": "" << fmtDouble(sk.alternatives[0].score, 6) << "" }"";"
branch,ternary,2521,runKeyModeDecode,SURVIVES,serialization-guard,,,,"Serialization / guard ternary branch in runKeyModeDecode; shapes JSON output or guards an edge case (empty regions, missing measure, absent chord).","os << (a ? "", "" : """") << ""{ \""key\"": \"""" << jsonEscape(altKey)"
literal,6,2522,runKeyModeDecode,ESTABLISHED,formatting,n/a,,,fmtDouble output precision (significant digits); serialization formatting.,"<< ""\"", \""confidence\"": "" << fmtDouble(alt.score, 6) << "" }"";"
branch,ternary,2527,runKeyModeDecode,SURVIVES,serialization-guard,,,,"Serialization / guard ternary branch in runKeyModeDecode; shapes JSON output or guards an edge case (empty regions, missing measure, absent chord).","os << (decoded.empty() ? ""]\n"" : ""\n  ]\n"");"
function,runReachBackAB,2544,runReachBackAB,SURVIVES,output-surface,,,,"Instrument output surface. Establishment: it CLAIMS to serialize the named analysis view; the diagnostic dumps return before / append after the standard writeJson and are default-off, so the committed corpus is byte-identical (reproduce-check confirmed this session).",[2544-2628]
literal,0.25,2555,runReachBackAB,ESTABLISHED,formatting-or-structural,no,yes,onset-boundary-threshold-hardcoded,"onsetBoundaryThreshold is hard-coded to 0.25, duplicating the IComposingAnalysisConfiguration default the user-facing bridge reads; a documented latent divergence (roadmap 0.6) — the two coincide today but nothing mechanically keeps them equal, so a config-default change would make batch stop measuring the user pipeline.",o.onsetBoundaryThreshold = 0.25;
literal,24,2565,runReachBackAB,ESTABLISHED,diagnostic-threshold,n/a,,,range-set cap (24) bounding the --reachback-ab diagnostic (default off; HELD).,for (const Measure* m = score->firstMeasure(); m && ranges.size() < 24;
branch,if,2567,runReachBackAB,SURVIVES,serialization-guard,,,,"Serialization / guard if branch in runReachBackAB; shapes JSON output or guards an edge case (empty regions, missing measure, absent chord).",if (mIdx == 0) { continue; }
branch,if,2570,runReachBackAB,SURVIVES,serialization-guard,,,,"Serialization / guard if branch in runReachBackAB; shapes JSON output or guards an edge case (empty regions, missing measure, absent chord).","if (b > a) { ranges.emplace_back(a, b); }"
branch,if,2575,runReachBackAB,SURVIVES,serialization-guard,,,,"Serialization / guard if branch in runReachBackAB; shapes JSON output or guards an edge case (empty regions, missing measure, absent chord).",if (x.size() != y.size()) { return false; }
branch,if,2577,runReachBackAB,SURVIVES,serialization-guard,,,,"Serialization / guard if branch in runReachBackAB; shapes JSON output or guards an edge case (empty regions, missing measure, absent chord).",if (x[i].startTick != y[i].startTick || x[i].endTick != y[i].endTick) { return false; }
branch,if,2578,runReachBackAB,SURVIVES,serialization-guard,,,,"Serialization / guard if branch in runReachBackAB; shapes JSON output or guards an edge case (empty regions, missing measure, absent chord).",if (x[i].keyModeResult.tonicPc != y[i].keyModeResult.tonicPc) { return false; }
branch,if,2579,runReachBackAB,SURVIVES,serialization-guard,,,,"Serialization / guard if branch in runReachBackAB; shapes JSON output or guards an edge case (empty regions, missing measure, absent chord).",if (x[i].keyModeResult.isMajor() != y[i].keyModeResult.isMajor()) { return false; }
branch,if,2580,runReachBackAB,SURVIVES,serialization-guard,,,,"Serialization / guard if branch in runReachBackAB; shapes JSON output or guards an edge case (empty regions, missing measure, absent chord).",if (x[i].chordResult.identity.rootPc != y[i].chordResult.identity.rootPc) { return false; }
branch,if,2581,runReachBackAB,SURVIVES,serialization-guard,,,,"Serialization / guard if branch in runReachBackAB; shapes JSON output or guards an edge case (empty regions, missing measure, absent chord).",if (x[i].chordResult.identity.quality != y[i].chordResult.identity.quality) { return false; }
literal,0.0,2589,runReachBackAB,ESTABLISHED,init-or-neutral,n/a,,,Neutral initializer / beat base (1.0) / zero default; output-structural.,"double offMsTotal = 0.0, onMsTotal = 0.0;"
literal,0.0,2589,runReachBackAB,ESTABLISHED,init-or-neutral,n/a,,,Neutral initializer / beat base (1.0) / zero default; output-structural.,"double offMsTotal = 0.0, onMsTotal = 0.0;"
literal,8,2596,runReachBackAB,ESTABLISHED,diagnostic-threshold,n/a,,,reach-back hard step bound (8) on the --reachback-ab diagnostic (default off; HELD).,on.reachBack.maxReachSteps = 8;             // hard bound
literal,0.0,2598,runReachBackAB,ESTABLISHED,init-or-neutral,n/a,,,Neutral initializer / beat base (1.0) / zero default; output-structural.,"on.reachBack.minOpeningConfidence = 0.0;    // the primary ""uncertain"" trigger only"
branch,if,2611,runReachBackAB,SURVIVES,serialization-guard,,,,"Serialization / guard if branch in runReachBackAB; shapes JSON output or guards an edge case (empty regions, missing measure, absent chord).",if (diff) { ++changed; }
branch,if,2612,runReachBackAB,SURVIVES,serialization-guard,,,,"Serialization / guard if branch in runReachBackAB; shapes JSON output or guards an edge case (empty regions, missing measure, absent chord).",if (!offR.empty() && !onR.empty()
branch,if,2616,runReachBackAB,SURVIVES,serialization-guard,,,,"Serialization / guard if branch in runReachBackAB; shapes JSON output or guards an edge case (empty regions, missing measure, absent chord).","if (r) { os << "",""; }"
branch,ternary,2618,runReachBackAB,SURVIVES,serialization-guard,,,,"Serialization / guard ternary branch in runReachBackAB; shapes JSON output or guards an edge case (empty regions, missing measure, absent chord).","<< "", \""changed\"": "" << (diff ? ""true"" : ""false"")"
branch,ternary,2621,runReachBackAB,SURVIVES,serialization-guard,,,,"Serialization / guard ternary branch in runReachBackAB; shapes JSON output or guards an edge case (empty regions, missing measure, absent chord).","os << (ranges.empty() ? ""]"" : ""\n  ]"") << "",\n"";"
function,runChordDecode,2646,runChordDecode,SURVIVES,output-surface,,,,"Instrument output surface. Establishment: it CLAIMS to serialize the named analysis view; the diagnostic dumps return before / append after the standard writeJson and are default-off, so the committed corpus is byte-identical (reproduce-check confirmed this session).",[2646-2772]
branch,if,2662,runChordDecode,SURVIVES,serialization-guard,,,,"Serialization / guard if branch in runChordDecode; shapes JSON output or guards an edge case (empty regions, missing measure, absent chord).",if (sc.hasChord) { ++namedCount; }
branch,if,2663,runChordDecode,SURVIVES,serialization-guard,,,,"Serialization / guard if branch in runChordDecode; shapes JSON output or guards an edge case (empty regions, missing measure, absent chord).",if (sc.uncertain) { ++uncertainCount; }
branch,ternary,2696,runChordDecode,SURVIVES,serialization-guard,,,,"Serialization / guard ternary branch in runChordDecode; shapes JSON output or guards an edge case (empty regions, missing measure, absent chord).",const int measureNumber = mi.measure ? mi.number : 0;
branch,ternary,2698,runChordDecode,SURVIVES,serialization-guard,,,,"Serialization / guard ternary branch in runChordDecode; shapes JSON output or guards an edge case (empty regions, missing measure, absent chord).",? 1.0 + static_cast<double>(s - mi.measure->tick().ticks()) / Constants::DIVISION
literal,1.0,2698,runChordDecode,ESTABLISHED,init-or-neutral,n/a,,,Neutral initializer / beat base (1.0) / zero default; output-structural.,? 1.0 + static_cast<double>(s - mi.measure->tick().ticks()) / Constants::DIVISION
literal,1.0,2699,runChordDecode,ESTABLISHED,init-or-neutral,n/a,,,Neutral initializer / beat base (1.0) / zero default; output-structural.,: 1.0;
literal,12,2710,runChordDecode,ESTABLISHED,music-theory,n/a,,,"Pitch-class / fifths arithmetic (12 pcs, 7=fifths-per-step); a music-theory fact.",const int pc = ((t.pitch % 12) + 12) % 12;
literal,12,2710,runChordDecode,ESTABLISHED,music-theory,n/a,,,"Pitch-class / fifths arithmetic (12 pcs, 7=fifths-per-step); a music-theory fact.",const int pc = ((t.pitch % 12) + 12) % 12;
literal,12,2710,runChordDecode,ESTABLISHED,music-theory,n/a,,,"Pitch-class / fifths arithmetic (12 pcs, 7=fifths-per-step); a music-theory fact.",const int pc = ((t.pitch % 12) + 12) % 12;
branch,ternary,2715,runChordDecode,SURVIVES,serialization-guard,,,,"Serialization / guard ternary branch in runChordDecode; shapes JSON output or guards an edge case (empty regions, missing measure, absent chord).",const int rootPc = sc.hasChord ? sc.chosen.rootPc : -1;
branch,ternary,2716,runChordDecode,SURVIVES,serialization-guard,,,,"Serialization / guard ternary branch in runChordDecode; shapes JSON output or guards an edge case (empty regions, missing measure, absent chord).",const int bassPc = sc.hasChord ? sc.chosen.bassPc : -1;
branch,ternary,2718,runChordDecode,SURVIVES,serialization-guard,,,,"Serialization / guard ternary branch in runChordDecode; shapes JSON output or guards an edge case (empty regions, missing measure, absent chord).","const char* quality = sc.hasChord ? qualityToString(sc.chosen.quality) : ""Unknown"";"
branch,ternary,2719,runChordDecode,SURVIVES,serialization-guard,,,,"Serialization / guard ternary branch in runChordDecode; shapes JSON output or guards an edge case (empty regions, missing measure, absent chord).",const std::string chordSym = sc.hasChord ? symbolFor(sc.chosen) : std::string();
branch,ternary,2721,runChordDecode,SURVIVES,serialization-guard,,,,"Serialization / guard ternary branch in runChordDecode; shapes JSON output or guards an edge case (empty regions, missing measure, absent chord).","os << (i ? "",\n    "" : ""\n    "");"
literal,4,2723,runChordDecode,ESTABLISHED,formatting,n/a,,,fmtDouble output precision (significant digits); serialization formatting.,"<< "", \""beat\"": "" << fmtDouble(beat, 4)"
literal,4,2726,runChordDecode,ESTABLISHED,formatting,n/a,,,fmtDouble output precision (significant digits); serialization formatting.,"<< "", \""duration\"": "" << fmtDouble(duration, 4)"
branch,ternary,2729,runChordDecode,SURVIVES,serialization-guard,,,,"Serialization / guard ternary branch in runChordDecode; shapes JSON output or guards an edge case (empty regions, missing measure, absent chord).","<< "", \""bassIsRoot\"": "" << (bassIsRoot ? ""true"" : ""false"")"
branch,ternary,2735,runChordDecode,SURVIVES,serialization-guard,,,,"Serialization / guard ternary branch in runChordDecode; shapes JSON output or guards an edge case (empty regions, missing measure, absent chord).","<< "", \""chordScore\"": "" << fmtDouble(sc.hasChord ? sc.chosen.score : 0.0, 5)"
literal,0.0,2735,runChordDecode,ESTABLISHED,init-or-neutral,n/a,,,Neutral initializer / beat base (1.0) / zero default; output-structural.,"<< "", \""chordScore\"": "" << fmtDouble(sc.hasChord ? sc.chosen.score : 0.0, 5)"
literal,5,2735,runChordDecode,ESTABLISHED,formatting,n/a,,,fmtDouble output precision (significant digits); serialization formatting.,"<< "", \""chordScore\"": "" << fmtDouble(sc.hasChord ? sc.chosen.score : 0.0, 5)"
literal,5,2736,runChordDecode,ESTABLISHED,formatting,n/a,,,fmtDouble output precision (significant digits); serialization formatting.,"<< "", \""chordScoreMargin\"": "" << fmtDouble(sc.confidence, 5)"
literal,5,2737,runChordDecode,ESTABLISHED,formatting,n/a,,,fmtDouble output precision (significant digits); serialization formatting.,"<< "", \""confidence\"": "" << fmtDouble(sc.confidence, 5)"
branch,ternary,2738,runChordDecode,SURVIVES,serialization-guard,,,,"Serialization / guard ternary branch in runChordDecode; shapes JSON output or guards an edge case (empty regions, missing measure, absent chord).","<< "", \""uncertain\"": "" << (sc.uncertain ? ""true"" : ""false"")"
branch,ternary,2739,runChordDecode,SURVIVES,serialization-guard,,,,"Serialization / guard ternary branch in runChordDecode; shapes JSON output or guards an edge case (empty regions, missing measure, absent chord).","<< "", \""hasChord\"": "" << (sc.hasChord ? ""true"" : ""false"")"
branch,ternary,2744,runChordDecode,SURVIVES,serialization-guard,,,,"Serialization / guard ternary branch in runChordDecode; shapes JSON output or guards an edge case (empty regions, missing measure, absent chord).","{ bool f = true; for (int pc : soundingPcs) { os << (f ? """" : "", "") << pc; f = false; } }"
branch,ternary,2750,runChordDecode,SURVIVES,serialization-guard,,,,"Serialization / guard ternary branch in runChordDecode; shapes JSON output or guards an edge case (empty regions, missing measure, absent chord).","{ bool f = true; for (int pc : sc.chordTonePcs) { os << (f ? """" : "", "") << pc; f = false; } }"
branch,ternary,2752,runChordDecode,SURVIVES,serialization-guard,,,,"Serialization / guard ternary branch in runChordDecode; shapes JSON output or guards an edge case (empty regions, missing measure, absent chord).","{ bool f = true; for (int pc : sc.nonChordTonePcs) { os << (f ? """" : "", "") << pc; f = false; } }"
branch,ternary,2758,runChordDecode,SURVIVES,serialization-guard,,,,"Serialization / guard ternary branch in runChordDecode; shapes JSON output or guards an edge case (empty regions, missing measure, absent chord).","os << (a ? "", "" : """")"
branch,ternary,2762,runChordDecode,SURVIVES,serialization-guard,,,,"Serialization / guard ternary branch in runChordDecode; shapes JSON output or guards an edge case (empty regions, missing measure, absent chord).","<< "", \""bassIsRoot\"": "" << (alt.bassIsRoot() ? ""true"" : ""false"")"
literal,5,2764,runChordDecode,ESTABLISHED,formatting,n/a,,,fmtDouble output precision (significant digits); serialization formatting.,"<< "", \""score\"": "" << fmtDouble(alt.score, 5) << "" }"";"
branch,ternary,2769,runChordDecode,SURVIVES,serialization-guard,,,,"Serialization / guard ternary branch in runChordDecode; shapes JSON output or guards an edge case (empty regions, missing measure, absent chord).","os << (decoded.empty() ? ""]\n"" : ""\n  ]\n"");"
function,runVlDump,2785,runVlDump,SURVIVES,output-surface,,,,"Instrument output surface. Establishment: it CLAIMS to serialize the named analysis view; the diagnostic dumps return before / append after the standard writeJson and are default-off, so the committed corpus is byte-identical (reproduce-check confirmed this session).",[2785-2894]
branch,switch,2800,runVlDump,SURVIVES,serialization-guard,,,,"Serialization / guard switch branch in runVlDump; shapes JSON output or guards an edge case (empty regions, missing measure, absent chord).",switch (t) {
branch,case,2801,runVlDump,SURVIVES,serialization-guard,,,,"Serialization / guard case branch in runVlDump; shapes JSON output or guards an edge case (empty regions, missing measure, absent chord).","case vl::MotionType::Parallel: return ""parallel"";"
branch,case,2802,runVlDump,SURVIVES,serialization-guard,,,,"Serialization / guard case branch in runVlDump; shapes JSON output or guards an edge case (empty regions, missing measure, absent chord).","case vl::MotionType::Similar:  return ""similar"";"
branch,case,2803,runVlDump,SURVIVES,serialization-guard,,,,"Serialization / guard case branch in runVlDump; shapes JSON output or guards an edge case (empty regions, missing measure, absent chord).","case vl::MotionType::Contrary: return ""contrary"";"
branch,case,2804,runVlDump,SURVIVES,serialization-guard,,,,"Serialization / guard case branch in runVlDump; shapes JSON output or guards an edge case (empty regions, missing measure, absent chord).","case vl::MotionType::Oblique:  return ""oblique"";"
branch,switch,2809,runVlDump,SURVIVES,serialization-guard,,,,"Serialization / guard switch branch in runVlDump; shapes JSON output or guards an edge case (empty regions, missing measure, absent chord).",switch (c) {
branch,case,2810,runVlDump,SURVIVES,serialization-guard,,,,"Serialization / guard case branch in runVlDump; shapes JSON output or guards an edge case (empty regions, missing measure, absent chord).","case vl::TextureClass::Contrapuntal:        return ""Contrapuntal"";"
branch,case,2811,runVlDump,SURVIVES,serialization-guard,,,,"Serialization / guard case branch in runVlDump; shapes JSON output or guards an edge case (empty regions, missing measure, absent chord).","case vl::TextureClass::HomophonicClassical: return ""HomophonicClassical"";"
branch,case,2812,runVlDump,SURVIVES,serialization-guard,,,,"Serialization / guard case branch in runVlDump; shapes JSON output or guards an edge case (empty regions, missing measure, absent chord).","case vl::TextureClass::HomophonicPianistic: return ""HomophonicPianistic"";"
branch,case,2813,runVlDump,SURVIVES,serialization-guard,,,,"Serialization / guard case branch in runVlDump; shapes JSON output or guards an edge case (empty regions, missing measure, absent chord).","case vl::TextureClass::ModerateMixed:       return ""ModerateMixed"";"
branch,switch,2818,runVlDump,SURVIVES,serialization-guard,,,,"Serialization / guard switch branch in runVlDump; shapes JSON output or guards an edge case (empty regions, missing measure, absent chord).",switch (r) {
branch,case,2819,runVlDump,SURVIVES,serialization-guard,,,,"Serialization / guard case branch in runVlDump; shapes JSON output or guards an edge case (empty regions, missing measure, absent chord).","case vl::AbstentionReason::None:          return ""none"";"
branch,case,2820,runVlDump,SURVIVES,serialization-guard,,,,"Serialization / guard case branch in runVlDump; shapes JSON output or guards an edge case (empty regions, missing measure, absent chord).","case vl::AbstentionReason::NoPair:        return ""no-pair"";"
branch,case,2821,runVlDump,SURVIVES,serialization-guard,,,,"Serialization / guard case branch in runVlDump; shapes JSON output or guards an edge case (empty regions, missing measure, absent chord).","case vl::AbstentionReason::TooFewSamples: return ""too-few-samples"";"
branch,case,2822,runVlDump,SURVIVES,serialization-guard,,,,"Serialization / guard case branch in runVlDump; shapes JSON output or guards an edge case (empty regions, missing measure, absent chord).","case vl::AbstentionReason::LowMargin:     return ""low-margin"";"
branch,case,2823,runVlDump,SURVIVES,serialization-guard,,,,"Serialization / guard case branch in runVlDump; shapes JSON output or guards an edge case (empty regions, missing measure, absent chord).","case vl::AbstentionReason::LowFit:        return ""low-fit"";"
branch,ternary,2840,runVlDump,SURVIVES,serialization-guard,,,,"Serialization / guard ternary branch in runVlDump; shapes JSON output or guards an edge case (empty regions, missing measure, absent chord).","os << (i == 0 ? ""\n"" : "",\n"");"
branch,ternary,2843,runVlDump,SURVIVES,serialization-guard,,,,"Serialization / guard ternary branch in runVlDump; shapes JSON output or guards an edge case (empty regions, missing measure, absent chord).","os << (k == 0 ? """" : "", "") << ""["" << rl.onsets[k].first << "", "" << rl.onsets[k].second << ""]"";"
branch,ternary,2847,runVlDump,SURVIVES,serialization-guard,,,,"Serialization / guard ternary branch in runVlDump; shapes JSON output or guards an edge case (empty regions, missing measure, absent chord).","os << (reduced.empty() ? ""],\n"" : ""\n  ],\n"");"
literal,12,2849,runVlDump,ESTABLISHED,music-theory,n/a,,,"Pitch-class / fifths arithmetic (12 pcs, 7=fifths-per-step); a music-theory fact.",os.precision(12);
branch,ternary,2855,runVlDump,SURVIVES,serialization-guard,,,,"Serialization / guard ternary branch in runVlDump; shapes JSON output or guards an edge case (empty regions, missing measure, absent chord).","<< "", \""defined\"": "" << (motion.defined ? ""true"" : ""false"") << "" },\n"";"
branch,ternary,2859,runVlDump,SURVIVES,serialization-guard,,,,"Serialization / guard ternary branch in runVlDump; shapes JSON output or guards an edge case (empty regions, missing measure, absent chord).","os << (k == 0 ? """" : "", "") << interval.hist[k];"
branch,ternary,2863,runVlDump,SURVIVES,serialization-guard,,,,"Serialization / guard ternary branch in runVlDump; shapes JSON output or guards an edge case (empty regions, missing measure, absent chord).","<< "", \""defined\"": "" << (interval.defined ? ""true"" : ""false"") << "" },\n"";"
branch,ternary,2868,runVlDump,SURVIVES,serialization-guard,,,,"Serialization / guard ternary branch in runVlDump; shapes JSON output or guards an edge case (empty regions, missing measure, absent chord).","os << (i == 0 ? ""\n"" : "",\n"");"
branch,ternary,2875,runVlDump,SURVIVES,serialization-guard,,,,"Serialization / guard ternary branch in runVlDump; shapes JSON output or guards an edge case (empty regions, missing measure, absent chord).","os << (motionEvents.empty() ? ""],\n"" : ""\n  ],\n"");"
branch,ternary,2879,runVlDump,SURVIVES,serialization-guard,,,,"Serialization / guard ternary branch in runVlDump; shapes JSON output or guards an edge case (empty regions, missing measure, absent chord).","<< "", \""abstained\"": "" << (span.abstained ? ""true"" : ""false"")"
branch,ternary,2882,runVlDump,SURVIVES,serialization-guard,,,,"Serialization / guard ternary branch in runVlDump; shapes JSON output or guards an edge case (empty regions, missing measure, absent chord).","<< "", \""clippedBySelectionEdge\"": "" << (span.clippedBySelectionEdge ? ""true"" : ""false"")"
branch,ternary,2883,runVlDump,SURVIVES,serialization-guard,,,,"Serialization / guard ternary branch in runVlDump; shapes JSON output or guards an edge case (empty regions, missing measure, absent chord).","<< "", \""cueDenied\"": "" << (span.cueDenied ? ""true"" : ""false"")"
branch,ternary,2887,runVlDump,SURVIVES,serialization-guard,,,,"Serialization / guard ternary branch in runVlDump; shapes JSON output or guards an edge case (empty regions, missing measure, absent chord).","os << (i == 0 ? """" : "", "") << ""{ \""cls\"": \"""" << classNameOf(cf.cls)"
function,fsCadenceTypeName,2946,fsCadenceTypeName,SURVIVES,plumbing,,,,"Harness plumbing / formatting helper (JSON escaping, name mappers, module init, score load, staff eligibility, measure location); no inference decision.",[2946-2959]
branch,switch,2948,fsCadenceTypeName,SURVIVES,serialization-guard,,,,"Serialization / guard switch branch in fsCadenceTypeName; shapes JSON output or guards an edge case (empty regions, missing measure, absent chord).",switch (t) {
branch,case,2949,fsCadenceTypeName,SURVIVES,serialization-guard,,,,"Serialization / guard case branch in fsCadenceTypeName; shapes JSON output or guards an edge case (empty regions, missing measure, absent chord).","case analysis::FunctionalCadenceType::None:               return ""None"";"
branch,case,2950,fsCadenceTypeName,SURVIVES,serialization-guard,,,,"Serialization / guard case branch in fsCadenceTypeName; shapes JSON output or guards an edge case (empty regions, missing measure, absent chord).","case analysis::FunctionalCadenceType::PerfectAuthentic:   return ""PerfectAuthentic"";"
branch,case,2951,fsCadenceTypeName,SURVIVES,serialization-guard,,,,"Serialization / guard case branch in fsCadenceTypeName; shapes JSON output or guards an edge case (empty regions, missing measure, absent chord).","case analysis::FunctionalCadenceType::ImperfectAuthentic: return ""ImperfectAuthentic"";"
branch,case,2952,fsCadenceTypeName,SURVIVES,serialization-guard,,,,"Serialization / guard case branch in fsCadenceTypeName; shapes JSON output or guards an edge case (empty regions, missing measure, absent chord).","case analysis::FunctionalCadenceType::Half:               return ""Half"";"
branch,case,2953,fsCadenceTypeName,SURVIVES,serialization-guard,,,,"Serialization / guard case branch in fsCadenceTypeName; shapes JSON output or guards an edge case (empty regions, missing measure, absent chord).","case analysis::FunctionalCadenceType::PhrygianHalf:       return ""PhrygianHalf"";"
branch,case,2954,fsCadenceTypeName,SURVIVES,serialization-guard,,,,"Serialization / guard case branch in fsCadenceTypeName; shapes JSON output or guards an edge case (empty regions, missing measure, absent chord).","case analysis::FunctionalCadenceType::Deceptive:          return ""Deceptive"";"
branch,case,2955,fsCadenceTypeName,SURVIVES,serialization-guard,,,,"Serialization / guard case branch in fsCadenceTypeName; shapes JSON output or guards an edge case (empty regions, missing measure, absent chord).","case analysis::FunctionalCadenceType::Plagal:             return ""Plagal"";"
branch,case,2956,fsCadenceTypeName,SURVIVES,serialization-guard,,,,"Serialization / guard case branch in fsCadenceTypeName; shapes JSON output or guards an edge case (empty regions, missing measure, absent chord).","case analysis::FunctionalCadenceType::Evaded:             return ""Evaded"";"
function,fsResolutionBasisName,2961,fsResolutionBasisName,SURVIVES,plumbing,,,,"Harness plumbing / formatting helper (JSON escaping, name mappers, module init, score load, staff eligibility, measure location); no inference decision.",[2961-2972]
branch,switch,2963,fsResolutionBasisName,SURVIVES,serialization-guard,,,,"Serialization / guard switch branch in fsResolutionBasisName; shapes JSON output or guards an edge case (empty regions, missing measure, absent chord).",switch (b) {
branch,case,2964,fsResolutionBasisName,SURVIVES,serialization-guard,,,,"Serialization / guard case branch in fsResolutionBasisName; shapes JSON output or guards an edge case (empty regions, missing measure, absent chord).","case analysis::ResolutionBasis::None:             return ""None"";"
branch,case,2965,fsResolutionBasisName,SURVIVES,serialization-guard,,,,"Serialization / guard case branch in fsResolutionBasisName; shapes JSON output or guards an edge case (empty regions, missing measure, absent chord).","case analysis::ResolutionBasis::Progression:      return ""Progression"";"
branch,case,2966,fsResolutionBasisName,SURVIVES,serialization-guard,,,,"Serialization / guard case branch in fsResolutionBasisName; shapes JSON output or guards an edge case (empty regions, missing measure, absent chord).","case analysis::ResolutionBasis::CadenceVote:      return ""CadenceVote"";"
branch,case,2967,fsResolutionBasisName,SURVIVES,serialization-guard,,,,"Serialization / guard case branch in fsResolutionBasisName; shapes JSON output or guards an edge case (empty regions, missing measure, absent chord).","case analysis::ResolutionBasis::NeighbourHarmony: return ""NeighbourHarmony"";"
branch,case,2968,fsResolutionBasisName,SURVIVES,serialization-guard,,,,"Serialization / guard case branch in fsResolutionBasisName; shapes JSON output or guards an edge case (empty regions, missing measure, absent chord).","case analysis::ResolutionBasis::BassDegreePrior:  return ""BassDegreePrior"";"
branch,case,2969,fsResolutionBasisName,SURVIVES,serialization-guard,,,,"Serialization / guard case branch in fsResolutionBasisName; shapes JSON output or guards an edge case (empty regions, missing measure, absent chord).","case analysis::ResolutionBasis::FineGrainOverride:return ""FineGrainOverride"";"
function,fsSliceDecisionName,2974,fsSliceDecisionName,SURVIVES,plumbing,,,,"Harness plumbing / formatting helper (JSON escaping, name mappers, module init, score load, staff eligibility, measure location); no inference decision.",[2974-2982]
branch,switch,2976,fsSliceDecisionName,SURVIVES,serialization-guard,,,,"Serialization / guard switch branch in fsSliceDecisionName; shapes JSON output or guards an edge case (empty regions, missing measure, absent chord).",switch (d) {
branch,case,2977,fsSliceDecisionName,SURVIVES,serialization-guard,,,,"Serialization / guard case branch in fsSliceDecisionName; shapes JSON output or guards an edge case (empty regions, missing measure, absent chord).","case analysis::chordslice::SliceDecision::Commit:  return ""Commit"";"
branch,case,2978,fsSliceDecisionName,SURVIVES,serialization-guard,,,,"Serialization / guard case branch in fsSliceDecisionName; shapes JSON output or guards an edge case (empty regions, missing measure, absent chord).","case analysis::chordslice::SliceDecision::Inherit: return ""Inherit"";"
branch,case,2979,fsSliceDecisionName,SURVIVES,serialization-guard,,,,"Serialization / guard case branch in fsSliceDecisionName; shapes JSON output or guards an edge case (empty regions, missing measure, absent chord).","case analysis::chordslice::SliceDecision::Abstain: return ""Abstain"";"
function,fsOpenQuestionName,2984,fsOpenQuestionName,SURVIVES,plumbing,,,,"Harness plumbing / formatting helper (JSON escaping, name mappers, module init, score load, staff eligibility, measure location); no inference decision.",[2984-2993]
branch,switch,2986,fsOpenQuestionName,SURVIVES,serialization-guard,,,,"Serialization / guard switch branch in fsOpenQuestionName; shapes JSON output or guards an edge case (empty regions, missing measure, absent chord).",switch (q) {
branch,case,2987,fsOpenQuestionName,SURVIVES,serialization-guard,,,,"Serialization / guard case branch in fsOpenQuestionName; shapes JSON output or guards an edge case (empty regions, missing measure, absent chord).","case analysis::chordslice::OpenQuestion::None:           return ""None"";"
branch,case,2988,fsOpenQuestionName,SURVIVES,serialization-guard,,,,"Serialization / guard case branch in fsOpenQuestionName; shapes JSON output or guards an edge case (empty regions, missing measure, absent chord).","case analysis::chordslice::OpenQuestion::Root:           return ""Root"";"
branch,case,2989,fsOpenQuestionName,SURVIVES,serialization-guard,,,,"Serialization / guard case branch in fsOpenQuestionName; shapes JSON output or guards an edge case (empty regions, missing measure, absent chord).","case analysis::chordslice::OpenQuestion::Quality:        return ""Quality"";"
branch,case,2990,fsOpenQuestionName,SURVIVES,serialization-guard,,,,"Serialization / guard case branch in fsOpenQuestionName; shapes JSON output or guards an edge case (empty regions, missing measure, absent chord).","case analysis::chordslice::OpenQuestion::NoteMembership: return ""NoteMembership"";"
function,fsAmbiguityKindName,2995,fsAmbiguityKindName,SURVIVES,plumbing,,,,"Harness plumbing / formatting helper (JSON escaping, name mappers, module init, score load, staff eligibility, measure location); no inference decision.",[2995-3008]
branch,switch,2998,fsAmbiguityKindName,SURVIVES,serialization-guard,,,,"Serialization / guard switch branch in fsAmbiguityKindName; shapes JSON output or guards an edge case (empty regions, missing measure, absent chord).",switch (k) {
branch,case,2999,fsAmbiguityKindName,SURVIVES,serialization-guard,,,,"Serialization / guard case branch in fsAmbiguityKindName; shapes JSON output or guards an edge case (empty regions, missing measure, absent chord).","case AK::None:                     return ""None"";"
branch,case,3000,fsAmbiguityKindName,SURVIVES,serialization-guard,,,,"Serialization / guard case branch in fsAmbiguityKindName; shapes JSON output or guards an edge case (empty regions, missing measure, absent chord).","case AK::InsufficientEvidence:     return ""InsufficientEvidence"";"
branch,case,3001,fsAmbiguityKindName,SURVIVES,serialization-guard,,,,"Serialization / guard case branch in fsAmbiguityKindName; shapes JSON output or guards an edge case (empty regions, missing measure, absent chord).","case AK::TransitionVsContinuation: return ""TransitionVsContinuation"";"
branch,case,3002,fsAmbiguityKindName,SURVIVES,serialization-guard,,,,"Serialization / guard case branch in fsAmbiguityKindName; shapes JSON output or guards an edge case (empty regions, missing measure, absent chord).","case AK::SymmetricRotation:        return ""SymmetricRotation"";"
branch,case,3003,fsAmbiguityKindName,SURVIVES,serialization-guard,,,,"Serialization / guard case branch in fsAmbiguityKindName; shapes JSON output or guards an edge case (empty regions, missing measure, absent chord).","case AK::ShareTone:                return ""ShareTone"";"
branch,case,3004,fsAmbiguityKindName,SURVIVES,serialization-guard,,,,"Serialization / guard case branch in fsAmbiguityKindName; shapes JSON output or guards an edge case (empty regions, missing measure, absent chord).","case AK::RelativePair:             return ""RelativePair"";"
branch,case,3005,fsAmbiguityKindName,SURVIVES,serialization-guard,,,,"Serialization / guard case branch in fsAmbiguityKindName; shapes JSON output or guards an edge case (empty regions, missing measure, absent chord).","case AK::CloseReading:             return ""CloseReading"";"
function,fsFifthsForTonic,3016,fsFifthsForTonic,SURVIVES,plumbing,,,,"Harness plumbing / formatting helper (JSON escaping, name mappers, module init, score load, staff eligibility, measure location); no inference decision.",[3016-3022]
branch,ternary,3018,fsFifthsForTonic,SURVIVES,serialization-guard,,,,"Serialization / guard ternary branch in fsFifthsForTonic; shapes JSON output or guards an edge case (empty regions, missing measure, absent chord).",const int t = minor ? (((tonicPc + 3) % 12) + 12) % 12 : (((tonicPc % 12) + 12) % 12);
literal,3,3018,fsFifthsForTonic,ESTABLISHED,music-theory,n/a,,,"Pitch-class / fifths arithmetic (12 pcs, 7=fifths-per-step); a music-theory fact.",const int t = minor ? (((tonicPc + 3) % 12) + 12) % 12 : (((tonicPc % 12) + 12) % 12);
literal,12,3018,fsFifthsForTonic,ESTABLISHED,music-theory,n/a,,,"Pitch-class / fifths arithmetic (12 pcs, 7=fifths-per-step); a music-theory fact.",const int t = minor ? (((tonicPc + 3) % 12) + 12) % 12 : (((tonicPc % 12) + 12) % 12);
literal,12,3018,fsFifthsForTonic,ESTABLISHED,music-theory,n/a,,,"Pitch-class / fifths arithmetic (12 pcs, 7=fifths-per-step); a music-theory fact.",const int t = minor ? (((tonicPc + 3) % 12) + 12) % 12 : (((tonicPc % 12) + 12) % 12);
literal,12,3018,fsFifthsForTonic,ESTABLISHED,music-theory,n/a,,,"Pitch-class / fifths arithmetic (12 pcs, 7=fifths-per-step); a music-theory fact.",const int t = minor ? (((tonicPc + 3) % 12) + 12) % 12 : (((tonicPc % 12) + 12) % 12);
literal,12,3018,fsFifthsForTonic,ESTABLISHED,music-theory,n/a,,,"Pitch-class / fifths arithmetic (12 pcs, 7=fifths-per-step); a music-theory fact.",const int t = minor ? (((tonicPc + 3) % 12) + 12) % 12 : (((tonicPc % 12) + 12) % 12);
literal,12,3018,fsFifthsForTonic,ESTABLISHED,music-theory,n/a,,,"Pitch-class / fifths arithmetic (12 pcs, 7=fifths-per-step); a music-theory fact.",const int t = minor ? (((tonicPc + 3) % 12) + 12) % 12 : (((tonicPc % 12) + 12) % 12);
literal,12,3018,fsFifthsForTonic,ESTABLISHED,music-theory,n/a,,,"Pitch-class / fifths arithmetic (12 pcs, 7=fifths-per-step); a music-theory fact.",const int t = minor ? (((tonicPc + 3) % 12) + 12) % 12 : (((tonicPc % 12) + 12) % 12);
literal,7,3019,fsFifthsForTonic,ESTABLISHED,music-theory,n/a,,,"Pitch-class / fifths arithmetic (12 pcs, 7=fifths-per-step); a music-theory fact.",int f = (7 * t) % 12;
literal,12,3019,fsFifthsForTonic,ESTABLISHED,music-theory,n/a,,,"Pitch-class / fifths arithmetic (12 pcs, 7=fifths-per-step); a music-theory fact.",int f = (7 * t) % 12;
branch,if,3020,fsFifthsForTonic,SURVIVES,serialization-guard,,,,"Serialization / guard if branch in fsFifthsForTonic; shapes JSON output or guards an edge case (empty regions, missing measure, absent chord).",if (f > 6) { f -= 12; }
literal,6,3020,fsFifthsForTonic,ESTABLISHED,music-theory,n/a,,,"Pitch-class / fifths arithmetic (12 pcs, 7=fifths-per-step); a music-theory fact.",if (f > 6) { f -= 12; }
literal,12,3020,fsFifthsForTonic,ESTABLISHED,music-theory,n/a,,,"Pitch-class / fifths arithmetic (12 pcs, 7=fifths-per-step); a music-theory fact.",if (f > 6) { f -= 12; }
function,fsGroupingJson,3026,fsGroupingJson,SURVIVES,output-surface,,,,"Instrument output surface. Establishment: it CLAIMS to serialize the named analysis view; the diagnostic dumps return before / append after the standard writeJson and are default-off, so the committed corpus is byte-identical (reproduce-check confirmed this session).",[3026-3070]
branch,ternary,3034,fsGroupingJson,SURVIVES,serialization-guard,,,,"Serialization / guard ternary branch in fsGroupingJson; shapes JSON output or guards an edge case (empty regions, missing measure, absent chord).","os << (i ? "", "" : """")"
branch,ternary,3040,fsGroupingJson,SURVIVES,serialization-guard,,,,"Serialization / guard ternary branch in fsGroupingJson; shapes JSON output or guards an edge case (empty regions, missing measure, absent chord).","<< "", \""carriesOpenMark\"": "" << (p.carriesOpenMark ? ""true"" : ""false"")"
branch,ternary,3041,fsGroupingJson,SURVIVES,serialization-guard,,,,"Serialization / guard ternary branch in fsGroupingJson; shapes JSON output or guards an edge case (empty regions, missing measure, absent chord).","<< "", \""clippedAtStart\"": "" << (p.clippedAtStart ? ""true"" : ""false"")"
branch,ternary,3042,fsGroupingJson,SURVIVES,serialization-guard,,,,"Serialization / guard ternary branch in fsGroupingJson; shapes JSON output or guards an edge case (empty regions, missing measure, absent chord).","<< "", \""clippedAtEnd\"": "" << (p.clippedAtEnd ? ""true"" : ""false"")"
branch,ternary,3043,fsGroupingJson,SURVIVES,serialization-guard,,,,"Serialization / guard ternary branch in fsGroupingJson; shapes JSON output or guards an edge case (empty regions, missing measure, absent chord).","<< "", \""extensionCue\"": "" << (p.extensionCue ? ""true"" : ""false"") << "" }"";"
branch,ternary,3049,fsGroupingJson,SURVIVES,serialization-guard,,,,"Serialization / guard ternary branch in fsGroupingJson; shapes JSON output or guards an edge case (empty regions, missing measure, absent chord).","os << (i ? "", "" : """")"
branch,ternary,3053,fsGroupingJson,SURVIVES,serialization-guard,,,,"Serialization / guard ternary branch in fsGroupingJson; shapes JSON output or guards an edge case (empty regions, missing measure, absent chord).","<< "", \""localMinorMode\"": "" << (k.localMinorMode ? ""true"" : ""false"")"
literal,4,3054,fsGroupingJson,ESTABLISHED,formatting,n/a,,,fmtDouble output precision (significant digits); serialization formatting.,"<< "", \""confidence\"": "" << fmtDouble(k.confidence, 4)"
branch,ternary,3055,fsGroupingJson,SURVIVES,serialization-guard,,,,"Serialization / guard ternary branch in fsGroupingJson; shapes JSON output or guards an edge case (empty regions, missing measure, absent chord).","<< "", \""carriesOpenMark\"": "" << (k.carriesOpenMark ? ""true"" : ""false"") << "" }"";"
branch,ternary,3061,fsGroupingJson,SURVIVES,serialization-guard,,,,"Serialization / guard ternary branch in fsGroupingJson; shapes JSON output or guards an edge case (empty regions, missing measure, absent chord).","os << (i ? "", "" : """")"
branch,ternary,3063,fsGroupingJson,SURVIVES,serialization-guard,,,,"Serialization / guard ternary branch in fsGroupingJson; shapes JSON output or guards an edge case (empty regions, missing measure, absent chord).","<< "", \""kind\"": \"""" << (a.kind == g6::CadenceAlignmentKind::ClosesSpan ? ""ClosesSpan"" : ""Internal"") << ""\"""""
function,runFullSpine,3072,runFullSpine,SURVIVES,output-surface,,,,"Instrument output surface. Establishment: it CLAIMS to serialize the named analysis view; the diagnostic dumps return before / append after the standard writeJson and are default-off, so the committed corpus is byte-identical (reproduce-check confirmed this session).",[3072-3670]
branch,ternary,3123,runFullSpine,SURVIVES,serialization-guard,,,,"Serialization / guard ternary branch in runFullSpine; shapes JSON output or guards an edge case (empty regions, missing measure, absent chord).",const int lastTick = slices.empty() ? 0 : slices.back().end;
literal,1.0,3132,runFullSpine,ESTABLISHED,init-or-neutral,n/a,,,Neutral initializer / beat base (1.0) / zero default; output-structural.,double metricWeight = 1.0;
branch,if,3145,runFullSpine,SURVIVES,serialization-guard,,,,"Serialization / guard if branch in runFullSpine; shapes JSON output or guards an edge case (empty regions, missing measure, absent chord).",if (!ne->plays || !ne->visible || !ne->staffEligible) { continue; }
branch,if,3146,runFullSpine,SURVIVES,serialization-guard,,,,"Serialization / guard if branch in runFullSpine; shapes JSON output or guards an edge case (empty regions, missing measure, absent chord).",if (excludeStaves.count(static_cast<size_t>(ne->staff))) { continue; }
branch,if,3149,runFullSpine,SURVIVES,serialization-guard,,,,"Serialization / guard if branch in runFullSpine; shapes JSON output or guards an edge case (empty regions, missing measure, absent chord).",if (ne->tpc >= 0) { c.noteTpcs.push_back(ne->tpc); }
literal,12,3150,runFullSpine,ESTABLISHED,music-theory,n/a,,,"Pitch-class / fifths arithmetic (12 pcs, 7=fifths-per-step); a music-theory fact.",c.pcMask |= static_cast<uint16_t>(1u << (((ne->pitch % 12) + 12) % 12));
literal,12,3150,runFullSpine,ESTABLISHED,music-theory,n/a,,,"Pitch-class / fifths arithmetic (12 pcs, 7=fifths-per-step); a music-theory fact.",c.pcMask |= static_cast<uint16_t>(1u << (((ne->pitch % 12) + 12) % 12));
literal,12,3150,runFullSpine,ESTABLISHED,music-theory,n/a,,,"Pitch-class / fifths arithmetic (12 pcs, 7=fifths-per-step); a music-theory fact.",c.pcMask |= static_cast<uint16_t>(1u << (((ne->pitch % 12) + 12) % 12));
branch,if,3170,runFullSpine,SURVIVES,serialization-guard,,,,"Serialization / guard if branch in runFullSpine; shapes JSON output or guards an edge case (empty regions, missing measure, absent chord).",if (!isCommitted(i)) { continue; }
branch,if,3197,runFullSpine,SURVIVES,serialization-guard,,,,"Serialization / guard if branch in runFullSpine; shapes JSON output or guards an edge case (empty regions, missing measure, absent chord).",if (!isCommitted(i)) { continue; }
branch,if,3217,runFullSpine,SURVIVES,serialization-guard,,,,"Serialization / guard if branch in runFullSpine; shapes JSON output or guards an edge case (empty regions, missing measure, absent chord).",if (!md.isModulation) { continue; }
branch,if,3220,runFullSpine,SURVIVES,serialization-guard,,,,"Serialization / guard if branch in runFullSpine; shapes JSON output or guards an edge case (empty regions, missing measure, absent chord).",if (slices[i].start < md.endTick && slices[i].end > md.startTick) {
branch,if,3221,runFullSpine,SURVIVES,serialization-guard,,,,"Serialization / guard if branch in runFullSpine; shapes JSON output or guards an edge case (empty regions, missing measure, absent chord).",if (first < 0) { first = static_cast<int>(i); }
branch,if,3225,runFullSpine,SURVIVES,serialization-guard,,,,"Serialization / guard if branch in runFullSpine; shapes JSON output or guards an edge case (empty regions, missing measure, absent chord).",if (first < 0) { continue; }
branch,if,3227,runFullSpine,SURVIVES,serialization-guard,,,,"Serialization / guard if branch in runFullSpine; shapes JSON output or guards an edge case (empty regions, missing measure, absent chord).",if (sliceId >= 0 && sliceId < static_cast<int>(slices.size())) {
branch,if,3234,runFullSpine,SURVIVES,serialization-guard,,,,"Serialization / guard if branch in runFullSpine; shapes JSON output or guards an edge case (empty regions, missing measure, absent chord).",if (rr.fired) { ++recomputeFired; recomputeSlices += (rr.slicesReread > 0 ? rr.slicesReread : 0); }
branch,ternary,3234,runFullSpine,SURVIVES,serialization-guard,,,,"Serialization / guard ternary branch in runFullSpine; shapes JSON output or guards an edge case (empty regions, missing measure, absent chord).",if (rr.fired) { ++recomputeFired; recomputeSlices += (rr.slicesReread > 0 ? rr.slicesReread : 0); }
branch,ternary,3241,runFullSpine,SURVIVES,serialization-guard,,,,"Serialization / guard ternary branch in runFullSpine; shapes JSON output or guards an edge case (empty regions, missing measure, absent chord).",fs.chord.rootPc = decoded[i].hasChord ? decoded[i].chosen.rootPc : -1;
branch,ternary,3242,runFullSpine,SURVIVES,serialization-guard,,,,"Serialization / guard ternary branch in runFullSpine; shapes JSON output or guards an edge case (empty regions, missing measure, absent chord).",fs.chord.quality = decoded[i].hasChord ? decoded[i].chosen.quality : ChordQuality::Unknown;
branch,if,3266,runFullSpine,SURVIVES,serialization-guard,,,,"Serialization / guard if branch in runFullSpine; shapes JSON output or guards an edge case (empty regions, missing measure, absent chord).",if (noFineGrainOverride) {
literal,1.0e9,3267,runFullSpine,ESTABLISHED,diagnostic-threshold,n/a,,,impassable override bar (1e9) disabling the fine-grain override on the --fullspine-no-override probe arm (default off).,resolverParams.override.baseBar = 1.0e9;       // impassable ⇒ override never fires
branch,if,3276,runFullSpine,SURVIVES,serialization-guard,,,,"Serialization / guard if branch in runFullSpine; shapes JSON output or guards an edge case (empty regions, missing measure, absent chord).",if (i < res.readings.size()) {
branch,if,3278,runFullSpine,SURVIVES,serialization-guard,,,,"Serialization / guard if branch in runFullSpine; shapes JSON output or guards an edge case (empty regions, missing measure, absent chord).",if (rr.reading.rootPc >= 0) { return rr.reading; }
branch,if,3284,runFullSpine,SURVIVES,serialization-guard,,,,"Serialization / guard if branch in runFullSpine; shapes JSON output or guards an edge case (empty regions, missing measure, absent chord).",if (isCommitted(i)) { return true; }
branch,if,3285,runFullSpine,SURVIVES,serialization-guard,,,,"Serialization / guard if branch in runFullSpine; shapes JSON output or guards an edge case (empty regions, missing measure, absent chord).",if (i < res.readings.size() && res.readings[i].resolved && !res.readings[i].openMark) {
branch,ternary,3297,runFullSpine,SURVIVES,serialization-guard,,,,"Serialization / guard ternary branch in runFullSpine; shapes JSON output or guards an edge case (empty regions, missing measure, absent chord).","? homeFifths : fsFifthsForTonic(localTonic[i], localMinor[i]);"
branch,ternary,3301,runFullSpine,SURVIVES,serialization-guard,,,,"Serialization / guard ternary branch in runFullSpine; shapes JSON output or guards an edge case (empty regions, missing measure, absent chord).",? homeMode
branch,ternary,3302,runFullSpine,SURVIVES,serialization-guard,,,,"Serialization / guard ternary branch in runFullSpine; shapes JSON output or guards an edge case (empty regions, missing measure, absent chord).",: (localMinor[i] ? analysis::KeySigMode::Aeolian : analysis::KeySigMode::Ionian);
branch,if,3308,runFullSpine,SURVIVES,serialization-guard,,,,"Serialization / guard if branch in runFullSpine; shapes JSON output or guards an edge case (empty regions, missing measure, absent chord).",if (unitHasChord(j)) { return finalReadingOf(j).rootPc; }
branch,ternary,3322,runFullSpine,SURVIVES,serialization-guard,,,,"Serialization / guard ternary branch in runFullSpine; shapes JSON output or guards an edge case (empty regions, missing measure, absent chord).",u.resolverConfidence = (i < res.readings.size()) ? res.readings[i].functionConfidence : 0.0;
literal,0.0,3322,runFullSpine,ESTABLISHED,init-or-neutral,n/a,,,Neutral initializer / beat base (1.0) / zero default; output-structural.,u.resolverConfidence = (i < res.readings.size()) ? res.readings[i].functionConfidence : 0.0;
branch,if,3324,runFullSpine,SURVIVES,serialization-guard,,,,"Serialization / guard if branch in runFullSpine; shapes JSON output or guards an edge case (empty regions, missing measure, absent chord).",if (unitHasChord(i)) {
branch,if,3368,runFullSpine,SURVIVES,serialization-guard,,,,"Serialization / guard if branch in runFullSpine; shapes JSON output or guards an edge case (empty regions, missing measure, absent chord).",if (isCommitted(i)) { ++committedCount; }
branch,if,3370,runFullSpine,SURVIVES,serialization-guard,,,,"Serialization / guard if branch in runFullSpine; shapes JSON output or guards an edge case (empty regions, missing measure, absent chord).",if (unitOpenMark(i)) { ++openMarkCount; }
branch,if,3371,runFullSpine,SURVIVES,serialization-guard,,,,"Serialization / guard if branch in runFullSpine; shapes JSON output or guards an edge case (empty regions, missing measure, absent chord).",if (i < res.readings.size() && res.readings[i].overrodeCommit) { ++overrodeCount; }
branch,if,3372,runFullSpine,SURVIVES,serialization-guard,,,,"Serialization / guard if branch in runFullSpine; shapes JSON output or guards an edge case (empty regions, missing measure, absent chord).",if (unitHasChord(i)) {
branch,if,3373,runFullSpine,SURVIVES,serialization-guard,,,,"Serialization / guard if branch in runFullSpine; shapes JSON output or guards an edge case (empty regions, missing measure, absent chord).",if (finalReadingOf(i).extensionsKnown) { ++committedExtKnown; } else { ++committedExtUnknown; }
branch,if,3376,runFullSpine,SURVIVES,serialization-guard,,,,"Serialization / guard if branch in runFullSpine; shapes JSON output or guards an edge case (empty regions, missing measure, absent chord).",if (alt.extensionsKnown) { ++altExtKnown; } else { ++altExtUnknown; }
branch,ternary,3396,runFullSpine,SURVIVES,serialization-guard,,,,"Serialization / guard ternary branch in runFullSpine; shapes JSON output or guards an edge case (empty regions, missing measure, absent chord).","os << ""  \""homeMinor\"": "" << (homeMinor ? ""true"" : ""false"") << "",\n"";"
literal,3,3408,runFullSpine,ESTABLISHED,formatting,n/a,,,fmtDouble output precision (significant digits); serialization formatting.,"os << ""  \""wallTimeLegacyMs\"": "" << fmtDouble(legacyMs, 3) << "",\n"";"
literal,3,3409,runFullSpine,ESTABLISHED,formatting,n/a,,,fmtDouble output precision (significant digits); serialization formatting.,"os << ""  \""wallTimeDecodeMs\"": "" << fmtDouble(decodeMs, 3) << "",\n"";"
branch,ternary,3417,runFullSpine,SURVIVES,serialization-guard,,,,"Serialization / guard ternary branch in runFullSpine; shapes JSON output or guards an edge case (empty regions, missing measure, absent chord).","{ bool f = true; for (int t : phraseTicks) { os << (f ? """" : "", "") << t; f = false; } }"
branch,ternary,3426,runFullSpine,SURVIVES,serialization-guard,,,,"Serialization / guard ternary branch in runFullSpine; shapes JSON output or guards an edge case (empty regions, missing measure, absent chord).","os << (i ? "", "" : """") << phraseProfile.textureTicks[i];"
branch,ternary,3431,runFullSpine,SURVIVES,serialization-guard,,,,"Serialization / guard ternary branch in runFullSpine; shapes JSON output or guards an edge case (empty regions, missing measure, absent chord).","os << (i ? "", "" : """") << fmtDouble(phraseProfile.textureStrength[i], 6);"
literal,6,3431,runFullSpine,ESTABLISHED,formatting,n/a,,,fmtDouble output precision (significant digits); serialization formatting.,"os << (i ? "", "" : """") << fmtDouble(phraseProfile.textureStrength[i], 6);"
branch,ternary,3446,runFullSpine,SURVIVES,serialization-guard,,,,"Serialization / guard ternary branch in runFullSpine; shapes JSON output or guards an edge case (empty regions, missing measure, absent chord).","os << (i ? "", "" : """")"
branch,ternary,3451,runFullSpine,SURVIVES,serialization-guard,,,,"Serialization / guard ternary branch in runFullSpine; shapes JSON output or guards an edge case (empty regions, missing measure, absent chord).","<< "", \""minorMode\"": "" << (c.minorMode ? ""true"" : ""false"")"
literal,4,3452,runFullSpine,ESTABLISHED,formatting,n/a,,,fmtDouble output precision (significant digits); serialization formatting.,"<< "", \""tonicVote\"": "" << fmtDouble(c.tonicVote, 4) << "" }"";"
branch,ternary,3459,runFullSpine,SURVIVES,serialization-guard,,,,"Serialization / guard ternary branch in runFullSpine; shapes JSON output or guards an edge case (empty regions, missing measure, absent chord).","os << (i ? "", "" : """")"
branch,ternary,3461,runFullSpine,SURVIVES,serialization-guard,,,,"Serialization / guard ternary branch in runFullSpine; shapes JSON output or guards an edge case (empty regions, missing measure, absent chord).","<< "", \""tonicPc\"": "" << m.tonicPc << "", \""minorMode\"": "" << (m.minorMode ? ""true"" : ""false"")"
branch,ternary,3462,runFullSpine,SURVIVES,serialization-guard,,,,"Serialization / guard ternary branch in runFullSpine; shapes JSON output or guards an edge case (empty regions, missing measure, absent chord).","<< "", \""isHomeKey\"": "" << (m.isHomeKey ? ""true"" : ""false"")"
branch,ternary,3463,runFullSpine,SURVIVES,serialization-guard,,,,"Serialization / guard ternary branch in runFullSpine; shapes JSON output or guards an edge case (empty regions, missing measure, absent chord).","<< "", \""cadenceConfirmed\"": "" << (m.cadenceConfirmed ? ""true"" : ""false"")"
literal,4,3464,runFullSpine,ESTABLISHED,formatting,n/a,,,fmtDouble output precision (significant digits); serialization formatting.,"<< "", \""cadentialWeight\"": "" << fmtDouble(m.cadentialWeight, 4)   // D-FS §5.4 contradiction quantity"
branch,ternary,3465,runFullSpine,SURVIVES,serialization-guard,,,,"Serialization / guard ternary branch in runFullSpine; shapes JSON output or guards an edge case (empty regions, missing measure, absent chord).","<< "", \""isModulation\"": "" << (m.isModulation ? ""true"" : ""false"") << "" }"";"
branch,ternary,3475,runFullSpine,SURVIVES,serialization-guard,,,,"Serialization / guard ternary branch in runFullSpine; shapes JSON output or guards an edge case (empty regions, missing measure, absent chord).",const int rootPc = hasChord ? fr.rootPc : -1;
branch,ternary,3476,runFullSpine,SURVIVES,serialization-guard,,,,"Serialization / guard ternary branch in runFullSpine; shapes JSON output or guards an edge case (empty regions, missing measure, absent chord).",const int bassPc = hasChord ? fr.bassPc : -1;
branch,ternary,3478,runFullSpine,SURVIVES,serialization-guard,,,,"Serialization / guard ternary branch in runFullSpine; shapes JSON output or guards an edge case (empty regions, missing measure, absent chord).",const std::string rn = (i < out5.units.size()) ? out5.units[i].romanNumeral : std::string();
branch,ternary,3479,runFullSpine,SURVIVES,serialization-guard,,,,"Serialization / guard ternary branch in runFullSpine; shapes JSON output or guards an edge case (empty regions, missing measure, absent chord).",const std::string chordSym = hasChord ? symbolFor(fr) : std::string();
branch,ternary,3482,runFullSpine,SURVIVES,serialization-guard,,,,"Serialization / guard ternary branch in runFullSpine; shapes JSON output or guards an edge case (empty regions, missing measure, absent chord).",const int measureNumber = mi.measure ? mi.number : 0;
branch,ternary,3484,runFullSpine,SURVIVES,serialization-guard,,,,"Serialization / guard ternary branch in runFullSpine; shapes JSON output or guards an edge case (empty regions, missing measure, absent chord).",? 1.0 + static_cast<double>(s - mi.measure->tick().ticks()) / Constants::DIVISION : 1.0;
literal,1.0,3484,runFullSpine,ESTABLISHED,init-or-neutral,n/a,,,Neutral initializer / beat base (1.0) / zero default; output-structural.,? 1.0 + static_cast<double>(s - mi.measure->tick().ticks()) / Constants::DIVISION : 1.0;
literal,1.0,3484,runFullSpine,ESTABLISHED,init-or-neutral,n/a,,,Neutral initializer / beat base (1.0) / zero default; output-structural.,? 1.0 + static_cast<double>(s - mi.measure->tick().ticks()) / Constants::DIVISION : 1.0;
branch,ternary,3488,runFullSpine,SURVIVES,serialization-guard,,,,"Serialization / guard ternary branch in runFullSpine; shapes JSON output or guards an edge case (empty regions, missing measure, absent chord).",(i < res.readings.size()) ? res.readings[i] : analysis::ResolvedReading{};
branch,ternary,3490,runFullSpine,SURVIVES,serialization-guard,,,,"Serialization / guard ternary branch in runFullSpine; shapes JSON output or guards an edge case (empty regions, missing measure, absent chord).",(i < out5.units.size()) ? out5.units[i].confidence : analysis::FunctionConfidence{};
branch,ternary,3492,runFullSpine,SURVIVES,serialization-guard,,,,"Serialization / guard ternary branch in runFullSpine; shapes JSON output or guards an edge case (empty regions, missing measure, absent chord).","os << (firstReg ? ""\n    "" : "",\n    "");"
literal,4,3495,runFullSpine,ESTABLISHED,formatting,n/a,,,fmtDouble output precision (significant digits); serialization formatting.,"<< "", \""beat\"": "" << fmtDouble(beat, 4)"
literal,4,3497,runFullSpine,ESTABLISHED,formatting,n/a,,,fmtDouble output precision (significant digits); serialization formatting.,"<< "", \""duration\"": "" << fmtDouble(duration, 4)"
branch,ternary,3506,runFullSpine,SURVIVES,serialization-guard,,,,"Serialization / guard ternary branch in runFullSpine; shapes JSON output or guards an edge case (empty regions, missing measure, absent chord).","<< "", \""bassIsRoot\"": "" << (bassIsRoot ? ""true"" : ""false"")"
branch,ternary,3507,runFullSpine,SURVIVES,serialization-guard,,,,"Serialization / guard ternary branch in runFullSpine; shapes JSON output or guards an edge case (empty regions, missing measure, absent chord).","<< "", \""quality\"": \"""" << (hasChord ? qualityToString(fr.quality) : ""Unknown"") << ""\"""""
branch,ternary,3513,runFullSpine,SURVIVES,serialization-guard,,,,"Serialization / guard ternary branch in runFullSpine; shapes JSON output or guards an edge case (empty regions, missing measure, absent chord).","<< "", \""localMinor\"": "" << (localMinor[i] ? ""true"" : ""false"")"
branch,ternary,3516,runFullSpine,SURVIVES,serialization-guard,,,,"Serialization / guard ternary branch in runFullSpine; shapes JSON output or guards an edge case (empty regions, missing measure, absent chord).","<< "", \""l4RootPc\"": "" << (decoded[i].hasChord ? decoded[i].chosen.rootPc : -1)"
branch,ternary,3517,runFullSpine,SURVIVES,serialization-guard,,,,"Serialization / guard ternary branch in runFullSpine; shapes JSON output or guards an edge case (empty regions, missing measure, absent chord).","<< "", \""l4Uncertain\"": "" << (decoded[i].uncertain ? ""true"" : ""false"")"
literal,4,3518,runFullSpine,ESTABLISHED,formatting,n/a,,,fmtDouble output precision (significant digits); serialization formatting.,"<< "", \""l4Composite\"": "" << fmtDouble(decoded[i].confidenceModel.composite, 4)"
literal,4,3519,runFullSpine,ESTABLISHED,formatting,n/a,,,fmtDouble output precision (significant digits); serialization formatting.,"<< "", \""l4Margin\"": "" << fmtDouble(decoded[i].confidenceModel.margin, 4)"
literal,4,3520,runFullSpine,ESTABLISHED,formatting,n/a,,,fmtDouble output precision (significant digits); serialization formatting.,"<< "", \""l4Sufficiency\"": "" << fmtDouble(decoded[i].confidenceModel.sufficiency, 4)"
literal,4,3521,runFullSpine,ESTABLISHED,formatting,n/a,,,fmtDouble output precision (significant digits); serialization formatting.,"<< "", \""l4Cleanliness\"": "" << fmtDouble(decoded[i].confidenceModel.membershipCleanliness, 4)"
branch,ternary,3524,runFullSpine,SURVIVES,serialization-guard,,,,"Serialization / guard ternary branch in runFullSpine; shapes JSON output or guards an edge case (empty regions, missing measure, absent chord).","<< "", \""l5Resolved\"": "" << (rr.resolved ? ""true"" : ""false"")"
branch,ternary,3525,runFullSpine,SURVIVES,serialization-guard,,,,"Serialization / guard ternary branch in runFullSpine; shapes JSON output or guards an edge case (empty regions, missing measure, absent chord).","<< "", \""l5OverrodeCommit\"": "" << (rr.overrodeCommit ? ""true"" : ""false"")"
branch,ternary,3526,runFullSpine,SURVIVES,serialization-guard,,,,"Serialization / guard ternary branch in runFullSpine; shapes JSON output or guards an edge case (empty regions, missing measure, absent chord).","<< "", \""l5OpenMark\"": "" << (rr.openMark ? ""true"" : ""false"")"
branch,ternary,3532,runFullSpine,SURVIVES,serialization-guard,,,,"Serialization / guard ternary branch in runFullSpine; shapes JSON output or guards an edge case (empty regions, missing measure, absent chord).","<< "", \""l5BothLicensed\"": "" << (rr.bothLicensed ? ""true"" : ""false"")"
branch,ternary,3534,runFullSpine,SURVIVES,serialization-guard,,,,"Serialization / guard ternary branch in runFullSpine; shapes JSON output or guards an edge case (empty regions, missing measure, absent chord).","<< "", \""l5Role\"": \"""" << ((i < out5.units.size()) ? relationalRoleName(out5.units[i].relationalRole) : ""None"") << ""\"""""
literal,4,3535,runFullSpine,ESTABLISHED,formatting,n/a,,,fmtDouble output precision (significant digits); serialization formatting.,"<< "", \""l5CadenceVoteWeight\"": "" << fmtDouble(fc.cadenceVoteWeight, 4)"
literal,4,3536,runFullSpine,ESTABLISHED,formatting,n/a,,,fmtDouble output precision (significant digits); serialization formatting.,"<< "", \""l5LicensedFit\"": "" << fmtDouble(fc.licensedProgressionFit, 4)"
literal,4,3537,runFullSpine,ESTABLISHED,formatting,n/a,,,fmtDouble output precision (significant digits); serialization formatting.,"<< "", \""l5NextBestMargin\"": "" << fmtDouble(fc.nextBestMargin, 4)"
literal,4,3538,runFullSpine,ESTABLISHED,formatting,n/a,,,fmtDouble output precision (significant digits); serialization formatting.,"<< "", \""l5Combined\"": "" << fmtDouble(fc.combined, 4)"
literal,6,3539,runFullSpine,ESTABLISHED,formatting,n/a,,,fmtDouble output precision (significant digits); serialization formatting.,"<< "", \""l5CombinedBoundary\"": "" << fmtDouble(fc.combinedBoundary, 6)   // D-L5a boundary form ∈ [0,1)"
branch,ternary,3542,runFullSpine,SURVIVES,serialization-guard,,,,"Serialization / guard ternary branch in runFullSpine; shapes JSON output or guards an edge case (empty regions, missing measure, absent chord).","<< "", \""l5OverrideContradiction\"": "" << fmtDouble((rr.overrodeCommit ? rr.functionConfidence : 0.0), 4)"
literal,0.0,3542,runFullSpine,ESTABLISHED,init-or-neutral,n/a,,,Neutral initializer / beat base (1.0) / zero default; output-structural.,"<< "", \""l5OverrideContradiction\"": "" << fmtDouble((rr.overrodeCommit ? rr.functionConfidence : 0.0), 4)"
literal,4,3542,runFullSpine,ESTABLISHED,formatting,n/a,,,fmtDouble output precision (significant digits); serialization formatting.,"<< "", \""l5OverrideContradiction\"": "" << fmtDouble((rr.overrodeCommit ? rr.functionConfidence : 0.0), 4)"
branch,ternary,3543,runFullSpine,SURVIVES,serialization-guard,,,,"Serialization / guard ternary branch in runFullSpine; shapes JSON output or guards an edge case (empty regions, missing measure, absent chord).","<< "", \""l4ChosenExtensions\"": "" << (hasChord ? static_cast<long long>(fr.extensions) : 0)"
branch,ternary,3544,runFullSpine,SURVIVES,serialization-guard,,,,"Serialization / guard ternary branch in runFullSpine; shapes JSON output or guards an edge case (empty regions, missing measure, absent chord).","<< "", \""l4ChosenExtKnown\"": "" << (hasChord && fr.extensionsKnown ? ""true"" : ""false"")"
branch,ternary,3545,runFullSpine,SURVIVES,serialization-guard,,,,"Serialization / guard ternary branch in runFullSpine; shapes JSON output or guards an edge case (empty regions, missing measure, absent chord).","<< "", \""openMark\"": "" << (unitOpenMark(i) ? ""true"" : ""false"");"
branch,ternary,3550,runFullSpine,SURVIVES,serialization-guard,,,,"Serialization / guard ternary branch in runFullSpine; shapes JSON output or guards an edge case (empty regions, missing measure, absent chord).","os << (a ? "", "" : """")"
branch,ternary,3554,runFullSpine,SURVIVES,serialization-guard,,,,"Serialization / guard ternary branch in runFullSpine; shapes JSON output or guards an edge case (empty regions, missing measure, absent chord).","<< "", \""bassIsRoot\"": "" << (alt.bassIsRoot() ? ""true"" : ""false"")"
branch,ternary,3556,runFullSpine,SURVIVES,serialization-guard,,,,"Serialization / guard ternary branch in runFullSpine; shapes JSON output or guards an edge case (empty regions, missing measure, absent chord).","<< "", \""extKnown\"": "" << (alt.extensionsKnown ? ""true"" : ""false"")"
literal,5,3557,runFullSpine,ESTABLISHED,formatting,n/a,,,fmtDouble output precision (significant digits); serialization formatting.,"<< "", \""score\"": "" << fmtDouble(alt.score, 5) << "" }"";"
branch,ternary,3561,runFullSpine,SURVIVES,serialization-guard,,,,"Serialization / guard ternary branch in runFullSpine; shapes JSON output or guards an edge case (empty regions, missing measure, absent chord).","os << (decoded.empty() ? ""]"" : ""\n  ]"");"
branch,if,3567,runFullSpine,SURVIVES,serialization-guard,,,,"Serialization / guard if branch in runFullSpine; shapes JSON output or guards an edge case (empty regions, missing measure, absent chord).",if (emitL6) {
branch,ternary,3585,runFullSpine,SURVIVES,serialization-guard,,,,"Serialization / guard ternary branch in runFullSpine; shapes JSON output or guards an edge case (empty regions, missing measure, absent chord).",gspan.startTick = slices.empty() ? 0 : slices.front().start;
branch,if,3601,runFullSpine,SURVIVES,serialization-guard,,,,"Serialization / guard if branch in runFullSpine; shapes JSON output or guards an edge case (empty regions, missing measure, absent chord).",if (emitProgressions) {
branch,if,3606,runFullSpine,SURVIVES,serialization-guard,,,,"Serialization / guard if branch in runFullSpine; shapes JSON output or guards an edge case (empty regions, missing measure, absent chord).",if (!unitHasChord(i)) {
branch,ternary,3634,runFullSpine,SURVIVES,serialization-guard,,,,"Serialization / guard ternary branch in runFullSpine; shapes JSON output or guards an edge case (empty regions, missing measure, absent chord).","os << (k ? "", "" : """") << fmtDouble(rec.weights[k], 4);"
literal,4,3634,runFullSpine,ESTABLISHED,formatting,n/a,,,fmtDouble output precision (significant digits); serialization formatting.,"os << (k ? "", "" : """") << fmtDouble(rec.weights[k], 4);"
branch,ternary,3640,runFullSpine,SURVIVES,serialization-guard,,,,"Serialization / guard ternary branch in runFullSpine; shapes JSON output or guards an edge case (empty regions, missing measure, absent chord).","os << (s ? "", "" : """")"
literal,3,3645,runFullSpine,ESTABLISHED,formatting,n/a,,,fmtDouble output precision (significant digits); serialization formatting.,"<< "", \""matchScore\"": "" << fmtDouble(sp.matchScore, 3)"
literal,4,3646,runFullSpine,ESTABLISHED,formatting,n/a,,,fmtDouble output precision (significant digits); serialization formatting.,"<< "", \""priorStrength\"": "" << fmtDouble(sp.priorStrength, 4)"
branch,ternary,3647,runFullSpine,SURVIVES,serialization-guard,,,,"Serialization / guard ternary branch in runFullSpine; shapes JSON output or guards an edge case (empty regions, missing measure, absent chord).","<< "", \""chordsOnly\"": "" << (sp.chordsOnly ? ""true"" : ""false"")"
branch,ternary,3654,runFullSpine,SURVIVES,serialization-guard,,,,"Serialization / guard ternary branch in runFullSpine; shapes JSON output or guards an edge case (empty regions, missing measure, absent chord).","os << (q ? "", "" : """")"
function,runJointProbe,3693,runJointProbe,SURVIVES,output-surface,,,,"Instrument output surface. Establishment: it CLAIMS to serialize the named analysis view; the diagnostic dumps return before / append after the standard writeJson and are default-off, so the committed corpus is byte-identical (reproduce-check confirmed this session).",[3693-3855]
branch,ternary,3714,runJointProbe,SURVIVES,serialization-guard,,,,"Serialization / guard ternary branch in runJointProbe; shapes JSON output or guards an edge case (empty regions, missing measure, absent chord).","const Fraction startTick = firstSegment ? firstSegment->tick() : Fraction(0, 1);"
literal,0.25,3718,runJointProbe,ESTABLISHED,formatting-or-structural,no,yes,onset-boundary-threshold-hardcoded,"onsetBoundaryThreshold is hard-coded to 0.25, duplicating the IComposingAnalysisConfiguration default the user-facing bridge reads; a documented latent divergence (roadmap 0.6) — the two coincide today but nothing mechanically keeps them equal, so a config-default change would make batch stop measuring the user pipeline.",opts.onsetBoundaryThreshold       = 0.25;
literal,64,3727,runJointProbe,ESTABLISHED,formatting-or-structural,n/a,,,"Serialization precision, index, buffer size, or structural cardinality constant; output-structural, not an inference lever.","auto keyKey = [](int f, analysis::KeySigMode m) { return (static_cast<int>(m) * 64) + (f + 16); };"
literal,16,3727,runJointProbe,ESTABLISHED,formatting-or-structural,n/a,,,"Serialization precision, index, buffer size, or structural cardinality constant; output-structural, not an inference lever.","auto keyKey = [](int f, analysis::KeySigMode m) { return (static_cast<int>(m) * 64) + (f + 16); };"
branch,if,3747,runJointProbe,SURVIVES,serialization-guard,,,,"Serialization / guard if branch in runJointProbe; shapes JSON output or guards an edge case (empty regions, missing measure, absent chord).",if (repSlice) { *repSlice = -1; }
branch,if,3748,runJointProbe,SURVIVES,serialization-guard,,,,"Serialization / guard if branch in runJointProbe; shapes JSON output or guards an edge case (empty regions, missing measure, absent chord).",if (it == decodedByKey.end()) { return -1; }
branch,if,3753,runJointProbe,SURVIVES,serialization-guard,,,,"Serialization / guard if branch in runJointProbe; shapes JSON output or guards an edge case (empty regions, missing measure, absent chord).",if (ov <= 0) { continue; }
branch,if,3754,runJointProbe,SURVIVES,serialization-guard,,,,"Serialization / guard if branch in runJointProbe; shapes JSON output or guards an edge case (empty regions, missing measure, absent chord).",if (!dec[i].hasChord || dec[i].decision == cs::SliceDecision::Abstain) { continue; }
branch,if,3755,runJointProbe,SURVIVES,serialization-guard,,,,"Serialization / guard if branch in runJointProbe; shapes JSON output or guards an edge case (empty regions, missing measure, absent chord).",if (dec[i].chosen.rootPc < 0) { continue; }
branch,if,3760,runJointProbe,SURVIVES,serialization-guard,,,,"Serialization / guard if branch in runJointProbe; shapes JSON output or guards an edge case (empty regions, missing measure, absent chord).",if (rd.second > bestDur) { bestDur = rd.second; bestRoot = rd.first; }
branch,if,3762,runJointProbe,SURVIVES,serialization-guard,,,,"Serialization / guard if branch in runJointProbe; shapes JSON output or guards an edge case (empty regions, missing measure, absent chord).",if (repSlice && bestRoot >= 0) {
branch,if,3766,runJointProbe,SURVIVES,serialization-guard,,,,"Serialization / guard if branch in runJointProbe; shapes JSON output or guards an edge case (empty regions, missing measure, absent chord).",if (ov <= 0) { continue; }
branch,if,3767,runJointProbe,SURVIVES,serialization-guard,,,,"Serialization / guard if branch in runJointProbe; shapes JSON output or guards an edge case (empty regions, missing measure, absent chord).",if (!dec[i].hasChord || dec[i].decision == cs::SliceDecision::Abstain) { continue; }
branch,if,3768,runJointProbe,SURVIVES,serialization-guard,,,,"Serialization / guard if branch in runJointProbe; shapes JSON output or guards an edge case (empty regions, missing measure, absent chord).",if (dec[i].chosen.rootPc != bestRoot) { continue; }
branch,if,3769,runJointProbe,SURVIVES,serialization-guard,,,,"Serialization / guard if branch in runJointProbe; shapes JSON output or guards an edge case (empty regions, missing measure, absent chord).",if (ov > repOv) { repOv = ov; *repSlice = static_cast<int>(i); }
branch,ternary,3788,runJointProbe,SURVIVES,serialization-guard,,,,"Serialization / guard ternary branch in runJointProbe; shapes JSON output or guards an edge case (empty regions, missing measure, absent chord).",? 1.0 + static_cast<double>(hr.startTick - regionMeasure.measure->tick().ticks()) / Constants::DIVISION
literal,1.0,3788,runJointProbe,ESTABLISHED,init-or-neutral,n/a,,,Neutral initializer / beat base (1.0) / zero default; output-structural.,? 1.0 + static_cast<double>(hr.startTick - regionMeasure.measure->tick().ticks()) / Constants::DIVISION
literal,1.0,3789,runJointProbe,ESTABLISHED,init-or-neutral,n/a,,,Neutral initializer / beat base (1.0) / zero default; output-structural.,: 1.0;
branch,ternary,3792,runJointProbe,SURVIVES,serialization-guard,,,,"Serialization / guard ternary branch in runJointProbe; shapes JSON output or guards an edge case (empty regions, missing measure, absent chord).",const int prodRoot = hr.hasAnalyzedChord ? hr.chordResult.identity.rootPc : -1;
branch,if,3794,runJointProbe,SURVIVES,serialization-guard,,,,"Serialization / guard if branch in runJointProbe; shapes JSON output or guards an edge case (empty regions, missing measure, absent chord).",if (bassPc < 0) {
branch,if,3795,runJointProbe,SURVIVES,serialization-guard,,,,"Serialization / guard if branch in runJointProbe; shapes JSON output or guards an edge case (empty regions, missing measure, absent chord).",if (const auto* bt = analysis::bassToneFromTones(hr.tones)) { bassPc = bt->pitch % 12; }
literal,12,3795,runJointProbe,ESTABLISHED,music-theory,n/a,,,"Pitch-class / fifths arithmetic (12 pcs, 7=fifths-per-step); a music-theory fact.",if (const auto* bt = analysis::bassToneFromTones(hr.tones)) { bassPc = bt->pitch % 12; }
branch,ternary,3803,runJointProbe,SURVIVES,serialization-guard,,,,"Serialization / guard ternary branch in runJointProbe; shapes JSON output or guards an edge case (empty regions, missing measure, absent chord).","os << (ri ? "",\n    "" : ""\n    "") << ""{\n"";"
literal,4,3805,runJointProbe,ESTABLISHED,formatting,n/a,,,fmtDouble output precision (significant digits); serialization formatting.,"os << ""      \""beat\"": ""          << fmtDouble(beat, 4) << "",\n"";"
literal,6,3808,runJointProbe,ESTABLISHED,formatting,n/a,,,fmtDouble output precision (significant digits); serialization formatting.,"os << ""      \""duration\"": ""      << fmtDouble(durationQn, 6) << "",\n"";"
branch,ternary,3815,runJointProbe,SURVIVES,serialization-guard,,,,"Serialization / guard ternary branch in runJointProbe; shapes JSON output or guards an edge case (empty regions, missing measure, absent chord).","os << ""      \""bassIsRoot\"": ""    << (bir ? ""true"" : ""false"") << "",\n"";"
literal,6,3818,runJointProbe,ESTABLISHED,formatting,n/a,,,fmtDouble output precision (significant digits); serialization formatting.,"os << ""        \""keySeqMargin\"": "" << fmtDouble(hr.keyConfidence, 6) << "",\n"";"
branch,ternary,3824,runJointProbe,SURVIVES,serialization-guard,,,,"Serialization / guard ternary branch in runJointProbe; shapes JSON output or guards an edge case (empty regions, missing measure, absent chord).","os << ""        \""isPedalPoint\"": "" << (hr.chordResult.identity.isPedalPoint ? ""true"" : ""false"") << "",\n"";"
branch,if,3830,runJointProbe,SURVIVES,serialization-guard,,,,"Serialization / guard if branch in runJointProbe; shapes JSON output or guards an edge case (empty regions, missing measure, absent chord).",if (repSlice >= 0) {
branch,ternary,3842,runJointProbe,SURVIVES,serialization-guard,,,,"Serialization / guard ternary branch in runJointProbe; shapes JSON output or guards an edge case (empty regions, missing measure, absent chord).","os << (ai ? "", "" : """")"
literal,6,3846,runJointProbe,ESTABLISHED,formatting,n/a,,,fmtDouble output precision (significant digits); serialization formatting.,"<< "", \""keyConf\"": "" << fmtDouble(alt.normalizedConfidence, 6)"
branch,ternary,3853,runJointProbe,SURVIVES,serialization-guard,,,,"Serialization / guard ternary branch in runJointProbe; shapes JSON output or guards an edge case (empty regions, missing measure, absent chord).","os << (regions.empty() ? ""]"" : ""\n  ]"") << ""\n}\n"";"
function,main,3859,main,SURVIVES,pipeline-driver,,yes,exit-path-asymmetry,"main() ends the standard analysis path by force-exiting (TerminateProcess/std::_Exit, bypassing static destructors to dodge a Qt-TLS shutdown hang), while the ~10 diagnostic early-return paths return normally and DO run that destructor sequence; the two exit disciplines are inconsistent (whether the diagnostic returns are ever exposed to the same 'some runs' hang is unestablished — not observed on --validate-slices/--decode-chords this session).",[3859-4622]
branch,if,3869,main,SURVIVES,arg-parse-dispatch,,,,Argument-parse / dispatch / disk-write branch in main(); routes to the standard path or a default-off diagnostic path.,if (args.size() < 2) {
literal,2,3869,main,ESTABLISHED,structural,n/a,,,Cardinality guard / exit-code constant; structural.,if (args.size() < 2) {
branch,if,3875,main,SURVIVES,arg-parse-dispatch,,,,Argument-parse / dispatch / disk-write branch in main(); routes to the standard path or a default-off diagnostic path.,"if (arg1 == ""--help"" || arg1 == ""-h"") {"
branch,if,3942,main,SURVIVES,arg-parse-dispatch,,,,Argument-parse / dispatch / disk-write branch in main(); routes to the standard path or a default-off diagnostic path.,"if (a == ""--preset"" || a == ""-p"") {"
branch,if,3943,main,SURVIVES,arg-parse-dispatch,,,,Argument-parse / dispatch / disk-write branch in main(); routes to the standard path or a default-off diagnostic path.,if (i + 1 < args.size()) {
branch,else-if,3949,main,SURVIVES,arg-parse-dispatch,,,,Argument-parse / dispatch / disk-write branch in main(); routes to the standard path or a default-off diagnostic path.,"} else if (a == ""--param-override"") {"
branch,if,3950,main,SURVIVES,arg-parse-dispatch,,,,Argument-parse / dispatch / disk-write branch in main(); routes to the standard path or a default-off diagnostic path.,if (i + 1 < args.size()) {
branch,else-if,3956,main,SURVIVES,arg-parse-dispatch,,,,Argument-parse / dispatch / disk-write branch in main(); routes to the standard path or a default-off diagnostic path.,"} else if (a == ""--dump-regions"") {"
branch,if,3957,main,SURVIVES,arg-parse-dispatch,,,,Argument-parse / dispatch / disk-write branch in main(); routes to the standard path or a default-off diagnostic path.,if (i + 1 >= args.size()) {
branch,if,3963,main,SURVIVES,arg-parse-dispatch,,,,Argument-parse / dispatch / disk-write branch in main(); routes to the standard path or a default-off diagnostic path.,"if (mode == ""batch"") {"
branch,else-if,3965,main,SURVIVES,arg-parse-dispatch,,,,Argument-parse / dispatch / disk-write branch in main(); routes to the standard path or a default-off diagnostic path.,"} else if (mode == ""notation"") {"
branch,else-if,3967,main,SURVIVES,arg-parse-dispatch,,,,Argument-parse / dispatch / disk-write branch in main(); routes to the standard path or a default-off diagnostic path.,"} else if (mode == ""notation-premerge"") {"
branch,else-if,3974,main,SURVIVES,arg-parse-dispatch,,,,Argument-parse / dispatch / disk-write branch in main(); routes to the standard path or a default-off diagnostic path.,"} else if (a == ""--section-level"") {"
branch,else-if,3976,main,SURVIVES,arg-parse-dispatch,,,,Argument-parse / dispatch / disk-write branch in main(); routes to the standard path or a default-off diagnostic path.,"} else if (a == ""--validate-slices"") {"
branch,else-if,3978,main,SURVIVES,arg-parse-dispatch,,,,Argument-parse / dispatch / disk-write branch in main(); routes to the standard path or a default-off diagnostic path.,"} else if (a == ""--decode-keymode"") {"
branch,else-if,3980,main,SURVIVES,arg-parse-dispatch,,,,Argument-parse / dispatch / disk-write branch in main(); routes to the standard path or a default-off diagnostic path.,"} else if (a == ""--decode-chords"") {"
branch,else-if,3982,main,SURVIVES,arg-parse-dispatch,,yes,flags-absent-from-help,'--reachback-ab' is parsed here but is absent from printHelp() and BUILD_AND_TEST.md (documented only in an in-code comment) — an undocumented measurement mode on the shared harness (contract code->doc).,"} else if (a == ""--reachback-ab"") {"
branch,else-if,3984,main,SURVIVES,arg-parse-dispatch,,,,Argument-parse / dispatch / disk-write branch in main(); routes to the standard path or a default-off diagnostic path.,"} else if (a == ""--dump-fullspine"") {"
branch,else-if,3986,main,SURVIVES,arg-parse-dispatch,,,,Argument-parse / dispatch / disk-write branch in main(); routes to the standard path or a default-off diagnostic path.,"} else if (a == ""--fullspine-no-override"") {"
branch,else-if,3990,main,SURVIVES,arg-parse-dispatch,,,,Argument-parse / dispatch / disk-write branch in main(); routes to the standard path or a default-off diagnostic path.,"} else if (a == ""--dump-region-keymargin"") {"
branch,else-if,3995,main,SURVIVES,arg-parse-dispatch,,,,Argument-parse / dispatch / disk-write branch in main(); routes to the standard path or a default-off diagnostic path.,"} else if (a == ""--dump-fanout"") {"
branch,else-if,4000,main,SURVIVES,arg-parse-dispatch,,,,Argument-parse / dispatch / disk-write branch in main(); routes to the standard path or a default-off diagnostic path.,"} else if (a == ""--dump-joint-probe"") {"
branch,else-if,4005,main,SURVIVES,arg-parse-dispatch,,,,Argument-parse / dispatch / disk-write branch in main(); routes to the standard path or a default-off diagnostic path.,"} else if (a == ""--dump-l6"") {"
branch,else-if,4009,main,SURVIVES,arg-parse-dispatch,,,,Argument-parse / dispatch / disk-write branch in main(); routes to the standard path or a default-off diagnostic path.,"} else if (a == ""--dump-progressions"") {"
branch,else-if,4014,main,SURVIVES,arg-parse-dispatch,,,,Argument-parse / dispatch / disk-write branch in main(); routes to the standard path or a default-off diagnostic path.,"} else if (a == ""--dump-vl"") {"
branch,else-if,4017,main,SURVIVES,arg-parse-dispatch,,,,Argument-parse / dispatch / disk-write branch in main(); routes to the standard path or a default-off diagnostic path.,"} else if (a == ""--chord-no-membership"") {"
branch,else-if,4021,main,SURVIVES,arg-parse-dispatch,,,,Argument-parse / dispatch / disk-write branch in main(); routes to the standard path or a default-off diagnostic path.,"} else if (a == ""--chord-no-two-pass"") {"
branch,else-if,4024,main,SURVIVES,arg-parse-dispatch,,,,Argument-parse / dispatch / disk-write branch in main(); routes to the standard path or a default-off diagnostic path.,"} else if (a == ""--chord-context-slices"" || a == ""--chord-topk"""
branch,if,4030,main,SURVIVES,arg-parse-dispatch,,,,Argument-parse / dispatch / disk-write branch in main(); routes to the standard path or a default-off diagnostic path.,if (i + 1 >= args.size()) {
branch,if,4036,main,SURVIVES,arg-parse-dispatch,,,,Argument-parse / dispatch / disk-write branch in main(); routes to the standard path or a default-off diagnostic path.,"if (a == ""--chord-context-slices"") {"
branch,else-if,4038,main,SURVIVES,arg-parse-dispatch,,,,Argument-parse / dispatch / disk-write branch in main(); routes to the standard path or a default-off diagnostic path.,"} else if (a == ""--chord-topk"") {"
branch,else-if,4040,main,SURVIVES,arg-parse-dispatch,,,,Argument-parse / dispatch / disk-write branch in main(); routes to the standard path or a default-off diagnostic path.,"} else if (a == ""--chord-uncertain-margin"") {"
branch,else-if,4042,main,SURVIVES,arg-parse-dispatch,,,,Argument-parse / dispatch / disk-write branch in main(); routes to the standard path or a default-off diagnostic path.,"} else if (a == ""--chord-min-pcs"") {"
branch,else-if,4044,main,SURVIVES,arg-parse-dispatch,,,,Argument-parse / dispatch / disk-write branch in main(); routes to the standard path or a default-off diagnostic path.,"} else if (a == ""--chord-max-context-slices"") {"
branch,else-if,4046,main,SURVIVES,arg-parse-dispatch,,,,Argument-parse / dispatch / disk-write branch in main(); routes to the standard path or a default-off diagnostic path.,"} else if (a == ""--chord-min-harmony-pcs"") {"
branch,else-if,4048,main,SURVIVES,arg-parse-dispatch,,,,Argument-parse / dispatch / disk-write branch in main(); routes to the standard path or a default-off diagnostic path.,"} else if (a == ""--chord-memb-salience"") {"
branch,else-if,4050,main,SURVIVES,arg-parse-dispatch,,,,Argument-parse / dispatch / disk-write branch in main(); routes to the standard path or a default-off diagnostic path.,"} else if (a == ""--chord-memb-penalty"") {"
branch,else-if,4052,main,SURVIVES,arg-parse-dispatch,,,,Argument-parse / dispatch / disk-write branch in main(); routes to the standard path or a default-off diagnostic path.,"} else if (a == ""--chord-memb-ref-dur"") {"
branch,else-if,4054,main,SURVIVES,arg-parse-dispatch,,,,Argument-parse / dispatch / disk-write branch in main(); routes to the standard path or a default-off diagnostic path.,"} else if (a == ""--chord-stepwise-tol"") {"
branch,if,4057,main,SURVIVES,arg-parse-dispatch,,,,Argument-parse / dispatch / disk-write branch in main(); routes to the standard path or a default-off diagnostic path.,if (!ok) {
branch,else-if,4062,main,SURVIVES,arg-parse-dispatch,,,,Argument-parse / dispatch / disk-write branch in main(); routes to the standard path or a default-off diagnostic path.,"} else if (a == ""--seq-change-base"" || a == ""--seq-relative-extra"""
branch,if,4067,main,SURVIVES,arg-parse-dispatch,,,,Argument-parse / dispatch / disk-write branch in main(); routes to the standard path or a default-off diagnostic path.,if (i + 1 >= args.size()) {
branch,if,4073,main,SURVIVES,arg-parse-dispatch,,,,Argument-parse / dispatch / disk-write branch in main(); routes to the standard path or a default-off diagnostic path.,"if (a == ""--seq-change-base"") {"
branch,else-if,4075,main,SURVIVES,arg-parse-dispatch,,,,Argument-parse / dispatch / disk-write branch in main(); routes to the standard path or a default-off diagnostic path.,"} else if (a == ""--seq-relative-extra"") {"
branch,else-if,4077,main,SURVIVES,arg-parse-dispatch,,,,Argument-parse / dispatch / disk-write branch in main(); routes to the standard path or a default-off diagnostic path.,"} else if (a == ""--seq-per-fifth"") {"
branch,else-if,4079,main,SURVIVES,arg-parse-dispatch,,,,Argument-parse / dispatch / disk-write branch in main(); routes to the standard path or a default-off diagnostic path.,"} else if (a == ""--seq-window-beats"") {"
branch,else-if,4081,main,SURVIVES,arg-parse-dispatch,,,,Argument-parse / dispatch / disk-write branch in main(); routes to the standard path or a default-off diagnostic path.,"} else if (a == ""--seq-uncertain"") {"
branch,else-if,4083,main,SURVIVES,arg-parse-dispatch,,,,Argument-parse / dispatch / disk-write branch in main(); routes to the standard path or a default-off diagnostic path.,"} else if (a == ""--seq-topk"") {"
branch,else-if,4085,main,SURVIVES,arg-parse-dispatch,,,,Argument-parse / dispatch / disk-write branch in main(); routes to the standard path or a default-off diagnostic path.,"} else if (a == ""--seq-max-alts"") {"
branch,if,4088,main,SURVIVES,arg-parse-dispatch,,,,Argument-parse / dispatch / disk-write branch in main(); routes to the standard path or a default-off diagnostic path.,if (!ok) {
branch,else-if,4093,main,SURVIVES,arg-parse-dispatch,,yes,flags-absent-from-help,The five '--key-in-*' emission-weight override flags are parsed here but are absent from printHelp() and BUILD_AND_TEST.md (documented only in an in-code comment) — undocumented measurement modes on the shared harness (contract code->doc).,"} else if (a == ""--key-in-neither"" || a == ""--key-in-keysig-only"""
branch,if,4097,main,SURVIVES,arg-parse-dispatch,,,,Argument-parse / dispatch / disk-write branch in main(); routes to the standard path or a default-off diagnostic path.,if (i + 1 >= args.size()) {
branch,if,4104,main,SURVIVES,arg-parse-dispatch,,,,Argument-parse / dispatch / disk-write branch in main(); routes to the standard path or a default-off diagnostic path.,if (!ok) {
branch,if,4109,main,SURVIVES,arg-parse-dispatch,,,,Argument-parse / dispatch / disk-write branch in main(); routes to the standard path or a default-off diagnostic path.,"if (a == ""--key-in-neither"") { ovInNeither = dv; }"
branch,else-if,4110,main,SURVIVES,arg-parse-dispatch,,,,Argument-parse / dispatch / disk-write branch in main(); routes to the standard path or a default-off diagnostic path.,"else if (a == ""--key-in-keysig-only"") { ovInKeySigOnly = dv; }"
branch,else-if,4111,main,SURVIVES,arg-parse-dispatch,,,,Argument-parse / dispatch / disk-write branch in main(); routes to the standard path or a default-off diagnostic path.,"else if (a == ""--key-in-candidate-only"") { ovInCandidateOnly = dv; }"
branch,else-if,4112,main,SURVIVES,arg-parse-dispatch,,,,Argument-parse / dispatch / disk-write branch in main(); routes to the standard path or a default-off diagnostic path.,"else if (a == ""--key-in-both"") { ovInBoth = dv; }"
branch,else-if,4113,main,SURVIVES,arg-parse-dispatch,,,,Argument-parse / dispatch / disk-write branch in main(); routes to the standard path or a default-off diagnostic path.,"else if (a == ""--key-leading-tone"") { ovLeadingTone = dv; }"
branch,else-if,4114,main,SURVIVES,arg-parse-dispatch,,,,Argument-parse / dispatch / disk-write branch in main(); routes to the standard path or a default-off diagnostic path.,"} else if (a == ""--ignore-declared-mode"") {"
branch,else-if,4116,main,SURVIVES,arg-parse-dispatch,,,,Argument-parse / dispatch / disk-write branch in main(); routes to the standard path or a default-off diagnostic path.,"} else if (a == ""--dump-cadence-anchor"") {"
branch,else-if,4118,main,SURVIVES,arg-parse-dispatch,,,,Argument-parse / dispatch / disk-write branch in main(); routes to the standard path or a default-off diagnostic path.,"} else if (a == ""--dump-modulation"") {"
branch,else-if,4120,main,SURVIVES,arg-parse-dispatch,,,,Argument-parse / dispatch / disk-write branch in main(); routes to the standard path or a default-off diagnostic path.,"} else if (a == ""--dump-joint-key"") {"
branch,else-if,4122,main,SURVIVES,arg-parse-dispatch,,,,Argument-parse / dispatch / disk-write branch in main(); routes to the standard path or a default-off diagnostic path.,"} else if (a == ""--joint-key-wiring"") {"
branch,else-if,4124,main,SURVIVES,arg-parse-dispatch,,,,Argument-parse / dispatch / disk-write branch in main(); routes to the standard path or a default-off diagnostic path.,"} else if (a == ""--dump-tonicization"") {"
branch,else-if,4126,main,SURVIVES,arg-parse-dispatch,,,,Argument-parse / dispatch / disk-write branch in main(); routes to the standard path or a default-off diagnostic path.,"} else if (a == ""--dump-l5"") {"
branch,else-if,4128,main,SURVIVES,arg-parse-dispatch,,,,Argument-parse / dispatch / disk-write branch in main(); routes to the standard path or a default-off diagnostic path.,"} else if (a == ""--diagnose-measures"") {"
branch,if,4129,main,SURVIVES,arg-parse-dispatch,,,,Argument-parse / dispatch / disk-write branch in main(); routes to the standard path or a default-off diagnostic path.,if (i + 1 >= args.size()) {
branch,else-if,4145,main,SURVIVES,arg-parse-dispatch,,,,Argument-parse / dispatch / disk-write branch in main(); routes to the standard path or a default-off diagnostic path.,"} else if (a == ""--dump-key-candidates"") {"
branch,if,4146,main,SURVIVES,arg-parse-dispatch,,,,Argument-parse / dispatch / disk-write branch in main(); routes to the standard path or a default-off diagnostic path.,if (i + 1 >= args.size()) {
branch,else-if,4162,main,SURVIVES,arg-parse-dispatch,,,,Argument-parse / dispatch / disk-write branch in main(); routes to the standard path or a default-off diagnostic path.,} else if (inputPath.empty()) {
branch,else-if,4164,main,SURVIVES,arg-parse-dispatch,,,,Argument-parse / dispatch / disk-write branch in main(); routes to the standard path or a default-off diagnostic path.,} else if (outputPath.empty()) {
branch,if,4169,main,SURVIVES,arg-parse-dispatch,,,,Argument-parse / dispatch / disk-write branch in main(); routes to the standard path or a default-off diagnostic path.,if (inputPath.empty()) {
branch,if,4176,main,SURVIVES,arg-parse-dispatch,,,,Argument-parse / dispatch / disk-write branch in main(); routes to the standard path or a default-off diagnostic path.,"if (!applyPreset(presetName, keyPrefs)) {"
literal,0.125,4220,main,ESTABLISHED,inference-affecting-manifested,yes,,,Per-carrier preset scoring constant delivered by the preset builder; recorded in tools/param_manifest.json (G2/G3/G5/G6). NOTE: the manifest's batch_analyze.cpp line references (~3843-3898) are stale vs HEAD (~4220-4256).,double presetKWStepIn = 0.125;   // Default carrier (== the production/global initializer)
branch,if,4222,main,SURVIVES,arg-parse-dispatch,,,,Argument-parse / dispatch / disk-write branch in main(); routes to the standard path or a default-off diagnostic path.,"if (presetName == ""Jazz"") {"
literal,0.12,4223,main,ESTABLISHED,inference-affecting-manifested,yes,,,Per-carrier preset scoring constant delivered by the preset builder; recorded in tools/param_manifest.json (G2/G3/G5/G6). NOTE: the manifest's batch_analyze.cpp line references (~3843-3898) are stale vs HEAD (~4220-4256).,chordPrefs.extensionThreshold                    = 0.12;
literal,0.20,4226,main,ESTABLISHED,inference-affecting-manifested,yes,,,Per-carrier preset scoring constant delivered by the preset builder; recorded in tools/param_manifest.json (G2/G3/G5/G6). NOTE: the manifest's batch_analyze.cpp line references (~3843-3898) are stale vs HEAD (~4220-4256).,chordPrefs.stepwiseBassInversionBonus            = 0.20;
literal,0.20,4227,main,ESTABLISHED,inference-affecting-manifested,yes,,,Per-carrier preset scoring constant delivered by the preset builder; recorded in tools/param_manifest.json (G2/G3/G5/G6). NOTE: the manifest's batch_analyze.cpp line references (~3843-3898) are stale vs HEAD (~4220-4256).,chordPrefs.stepwiseBassLookaheadBonus            = 0.20;
literal,0.15,4228,main,ESTABLISHED,inference-affecting-manifested,yes,,,Per-carrier preset scoring constant delivered by the preset builder; recorded in tools/param_manifest.json (G2/G3/G5/G6). NOTE: the manifest's batch_analyze.cpp line references (~3843-3898) are stale vs HEAD (~4220-4256).,chordPrefs.sameRootInversionBonus                = 0.15;
literal,0.20,4229,main,ESTABLISHED,inference-affecting-manifested,yes,,,Per-carrier preset scoring constant delivered by the preset builder; recorded in tools/param_manifest.json (G2/G3/G5/G6). NOTE: the manifest's batch_analyze.cpp line references (~3843-3898) are stale vs HEAD (~4220-4256).,chordPrefs.completeTriadInversionBonus           = 0.20;
literal,0.70,4230,main,ESTABLISHED,inference-affecting-manifested,yes,,,Per-carrier preset scoring constant delivered by the preset builder; recorded in tools/param_manifest.json (G2/G3/G5/G6). NOTE: the manifest's batch_analyze.cpp line references (~3843-3898) are stale vs HEAD (~4220-4256).,chordPrefs.bassNoteRootBonus                     = 0.70;   // O-9 Jazz carrier (pinned)
literal,0.10,4231,main,ESTABLISHED,inference-affecting-manifested,yes,,,Per-carrier preset scoring constant delivered by the preset builder; recorded in tools/param_manifest.json (G2/G3/G5/G6). NOTE: the manifest's batch_analyze.cpp line references (~3843-3898) are stale vs HEAD (~4220-4256).,presetKWStepIn                                   = 0.10;   // O-9 Jazz carrier (PINNED 0.10; NOT adopted — 2.2e mandate 4c)
branch,else-if,4233,main,SURVIVES,arg-parse-dispatch,,,,Argument-parse / dispatch / disk-write branch in main(); routes to the standard path or a default-off diagnostic path.,"} else if (presetName == ""Baroque"") {"
literal,0.70,4235,main,ESTABLISHED,inference-affecting-manifested,yes,,,Per-carrier preset scoring constant delivered by the preset builder; recorded in tools/param_manifest.json (G2/G3/G5/G6). NOTE: the manifest's batch_analyze.cpp line references (~3843-3898) are stale vs HEAD (~4220-4256).,chordPrefs.bassNoteRootBonus                     = 0.70;   // O-9 Baroque carrier (idiom-#2 fit target)
literal,0.125,4236,main,ESTABLISHED,inference-affecting-manifested,yes,,,Per-carrier preset scoring constant delivered by the preset builder; recorded in tools/param_manifest.json (G2/G3/G5/G6). NOTE: the manifest's batch_analyze.cpp line references (~3843-3898) are stale vs HEAD (~4220-4256).,presetKWStepIn                                   = 0.125;  // O-9 Baroque carrier (2.2e-ADOPTED idiom-#2 fit)
branch,else-if,4238,main,SURVIVES,arg-parse-dispatch,,,,Argument-parse / dispatch / disk-write branch in main(); routes to the standard path or a default-off diagnostic path.,"} else if (presetName == ""Default"") {"
literal,0.70,4248,main,ESTABLISHED,inference-affecting-manifested,yes,,,Per-carrier preset scoring constant delivered by the preset builder; recorded in tools/param_manifest.json (G2/G3/G5/G6). NOTE: the manifest's batch_analyze.cpp line references (~3843-3898) are stale vs HEAD (~4220-4256).,chordPrefs.bassNoteRootBonus                     = 0.70;   // O-9 Default carrier (== struct default)
literal,0.125,4249,main,ESTABLISHED,inference-affecting-manifested,yes,,,Per-carrier preset scoring constant delivered by the preset builder; recorded in tools/param_manifest.json (G2/G3/G5/G6). NOTE: the manifest's batch_analyze.cpp line references (~3843-3898) are stale vs HEAD (~4220-4256).,presetKWStepIn                                   = 0.125;  // O-9 Default carrier (2.2e-ADOPTED == global initializer)
literal,0.70,4255,main,ESTABLISHED,inference-affecting-manifested,yes,,,Per-carrier preset scoring constant delivered by the preset builder; recorded in tools/param_manifest.json (G2/G3/G5/G6). NOTE: the manifest's batch_analyze.cpp line references (~3843-3898) are stale vs HEAD (~4220-4256).,chordPrefs.bassNoteRootBonus                     = 0.70;   // O-9 Standard/Modal/Contemporary carrier
literal,0.10,4256,main,ESTABLISHED,inference-affecting-manifested,yes,,,Per-carrier preset scoring constant delivered by the preset builder; recorded in tools/param_manifest.json (G2/G3/G5/G6). NOTE: the manifest's batch_analyze.cpp line references (~3843-3898) are stale vs HEAD (~4220-4256).,presetKWStepIn                                   = 0.10;   // O-9 Standard/Modal/Contemporary carrier (PINNED 0.10; NOT adopted — 2.2e mandate 4c)
literal,0.01,4277,main,ESTABLISHED,inference-affecting-manifested,yes,,,Per-carrier preset scoring constant delivered by the preset builder; recorded in tools/param_manifest.json (G2/G3/G5/G6). NOTE: the manifest's batch_analyze.cpp line references (~3843-3898) are stale vs HEAD (~4220-4256).,"+ mu::composing::params::getRegisteredGlobal(""kWStepOut"") + 0.01);"
branch,if,4283,main,SURVIVES,arg-parse-dispatch,,,,Argument-parse / dispatch / disk-write branch in main(); routes to the standard path or a default-off diagnostic path.,if (paramOverridePath) {
branch,if,4301,main,SURVIVES,arg-parse-dispatch,,,,Argument-parse / dispatch / disk-write branch in main(); routes to the standard path or a default-off diagnostic path.,if (!score) {
branch,if,4312,main,SURVIVES,arg-parse-dispatch,,,,Argument-parse / dispatch / disk-write branch in main(); routes to the standard path or a default-off diagnostic path.,if (validateSlices) {
branch,if,4317,main,SURVIVES,arg-parse-dispatch,,,,Argument-parse / dispatch / disk-write branch in main(); routes to the standard path or a default-off diagnostic path.,if (!outputPath.empty()) {
branch,ternary,4324,main,SURVIVES,arg-parse-dispatch,,,,Argument-parse / dispatch / disk-write branch in main(); routes to the standard path or a default-off diagnostic path.,return ok ? 0 : 2;
literal,2,4324,main,ESTABLISHED,structural,n/a,,,Cardinality guard / exit-code constant; structural.,return ok ? 0 : 2;
branch,if,4330,main,SURVIVES,arg-parse-dispatch,,,,Argument-parse / dispatch / disk-write branch in main(); routes to the standard path or a default-off diagnostic path.,"if (!staffIsEligible(score, si)) {"
branch,if,4339,main,SURVIVES,arg-parse-dispatch,,,,Argument-parse / dispatch / disk-write branch in main(); routes to the standard path or a default-off diagnostic path.,if (decodeKeyMode) {
branch,if,4345,main,SURVIVES,arg-parse-dispatch,,,,Argument-parse / dispatch / disk-write branch in main(); routes to the standard path or a default-off diagnostic path.,if (refStaff < score->nstaves() && score->staff(refStaff)) {
branch,if,4349,main,SURVIVES,arg-parse-dispatch,,,,Argument-parse / dispatch / disk-write branch in main(); routes to the standard path or a default-off diagnostic path.,if (km == mu::engraving::KeyMode::MAJOR || km == mu::engraving::KeyMode::IONIAN) {
branch,else-if,4351,main,SURVIVES,arg-parse-dispatch,,,,Argument-parse / dispatch / disk-write branch in main(); routes to the standard path or a default-off diagnostic path.,} else if (km == mu::engraving::KeyMode::MINOR || km == mu::engraving::KeyMode::AEOLIAN) {
branch,if,4358,main,SURVIVES,arg-parse-dispatch,,,,Argument-parse / dispatch / disk-write branch in main(); routes to the standard path or a default-off diagnostic path.,if (ovInNeither) { decodeKeyPrefs.scaleScoreInNeither = *ovInNeither; }
branch,if,4359,main,SURVIVES,arg-parse-dispatch,,,,Argument-parse / dispatch / disk-write branch in main(); routes to the standard path or a default-off diagnostic path.,if (ovInKeySigOnly) { decodeKeyPrefs.scaleScoreInKeySigOnly = *ovInKeySigOnly; }
branch,if,4360,main,SURVIVES,arg-parse-dispatch,,,,Argument-parse / dispatch / disk-write branch in main(); routes to the standard path or a default-off diagnostic path.,if (ovInCandidateOnly) { decodeKeyPrefs.scaleScoreInCandidateOnly = *ovInCandidateOnly; }
branch,if,4361,main,SURVIVES,arg-parse-dispatch,,,,Argument-parse / dispatch / disk-write branch in main(); routes to the standard path or a default-off diagnostic path.,if (ovInBoth) { decodeKeyPrefs.scaleScoreInBoth = *ovInBoth; }
branch,if,4362,main,SURVIVES,arg-parse-dispatch,,,,Argument-parse / dispatch / disk-write branch in main(); routes to the standard path or a default-off diagnostic path.,if (ovLeadingTone) { decodeKeyPrefs.leadingToneWeight = *ovLeadingTone; }
branch,if,4364,main,SURVIVES,arg-parse-dispatch,,,,Argument-parse / dispatch / disk-write branch in main(); routes to the standard path or a default-off diagnostic path.,if (!outputPath.empty()) {
branch,if,4379,main,SURVIVES,arg-parse-dispatch,,,,Argument-parse / dispatch / disk-write branch in main(); routes to the standard path or a default-off diagnostic path.,if (decodeChords) {
branch,if,4385,main,SURVIVES,arg-parse-dispatch,,,,Argument-parse / dispatch / disk-write branch in main(); routes to the standard path or a default-off diagnostic path.,if (refStaff < score->nstaves() && score->staff(refStaff)) {
branch,if,4389,main,SURVIVES,arg-parse-dispatch,,,,Argument-parse / dispatch / disk-write branch in main(); routes to the standard path or a default-off diagnostic path.,if (km == mu::engraving::KeyMode::MINOR || km == mu::engraving::KeyMode::AEOLIAN) {
branch,if,4395,main,SURVIVES,arg-parse-dispatch,,,,Argument-parse / dispatch / disk-write branch in main(); routes to the standard path or a default-off diagnostic path.,if (!outputPath.empty()) {
branch,if,4409,main,SURVIVES,arg-parse-dispatch,,,,Argument-parse / dispatch / disk-write branch in main(); routes to the standard path or a default-off diagnostic path.,if (reachBackAB) {
branch,if,4413,main,SURVIVES,arg-parse-dispatch,,,,Argument-parse / dispatch / disk-write branch in main(); routes to the standard path or a default-off diagnostic path.,if (!outputPath.empty()) {
branch,if,4427,main,SURVIVES,arg-parse-dispatch,,,,Argument-parse / dispatch / disk-write branch in main(); routes to the standard path or a default-off diagnostic path.,if (dumpVl) {
branch,if,4431,main,SURVIVES,arg-parse-dispatch,,,,Argument-parse / dispatch / disk-write branch in main(); routes to the standard path or a default-off diagnostic path.,if (!outputPath.empty()) {
branch,if,4447,main,SURVIVES,arg-parse-dispatch,,,,Argument-parse / dispatch / disk-write branch in main(); routes to the standard path or a default-off diagnostic path.,if (dumpFullSpine) {
branch,if,4453,main,SURVIVES,arg-parse-dispatch,,,,Argument-parse / dispatch / disk-write branch in main(); routes to the standard path or a default-off diagnostic path.,if (!outputPath.empty()) {
branch,if,4468,main,SURVIVES,arg-parse-dispatch,,,,Argument-parse / dispatch / disk-write branch in main(); routes to the standard path or a default-off diagnostic path.,if (dumpRegionKeyMargin) {
branch,if,4475,main,SURVIVES,arg-parse-dispatch,,,,Argument-parse / dispatch / disk-write branch in main(); routes to the standard path or a default-off diagnostic path.,if (!outputPath.empty()) {
branch,if,4490,main,SURVIVES,arg-parse-dispatch,,,,Argument-parse / dispatch / disk-write branch in main(); routes to the standard path or a default-off diagnostic path.,if (dumpFanout) {
branch,if,4497,main,SURVIVES,arg-parse-dispatch,,,,Argument-parse / dispatch / disk-write branch in main(); routes to the standard path or a default-off diagnostic path.,if (!outputPath.empty()) {
branch,if,4512,main,SURVIVES,arg-parse-dispatch,,,,Argument-parse / dispatch / disk-write branch in main(); routes to the standard path or a default-off diagnostic path.,if (dumpJointProbe) {
branch,if,4517,main,SURVIVES,arg-parse-dispatch,,,,Argument-parse / dispatch / disk-write branch in main(); routes to the standard path or a default-off diagnostic path.,if (!outputPath.empty()) {
branch,if,4533,main,SURVIVES,arg-parse-dispatch,,,,Argument-parse / dispatch / disk-write branch in main(); routes to the standard path or a default-off diagnostic path.,if (dumpMode == RegionDumpMode::Batch) {
branch,if,4537,main,SURVIVES,arg-parse-dispatch,,,,Argument-parse / dispatch / disk-write branch in main(); routes to the standard path or a default-off diagnostic path.,if (dumpMode == RegionDumpMode::NotationPreMerge) {
branch,else-if,4539,main,SURVIVES,arg-parse-dispatch,,,,Argument-parse / dispatch / disk-write branch in main(); routes to the standard path or a default-off diagnostic path.,} else if (!notationDump.postMergeRegions.empty()) {
branch,if,4562,main,SURVIVES,arg-parse-dispatch,,,,Argument-parse / dispatch / disk-write branch in main(); routes to the standard path or a default-off diagnostic path.,if (dumpCadenceAnchor || dumpModulation || dumpJointKey) {
branch,if,4564,main,SURVIVES,arg-parse-dispatch,,,,Argument-parse / dispatch / disk-write branch in main(); routes to the standard path or a default-off diagnostic path.,if (refStaff < score->nstaves() && score->staff(refStaff)) {
branch,if,4568,main,SURVIVES,arg-parse-dispatch,,,,Argument-parse / dispatch / disk-write branch in main(); routes to the standard path or a default-off diagnostic path.,if (km == mu::engraving::KeyMode::MAJOR || km == mu::engraving::KeyMode::IONIAN) {
branch,else-if,4570,main,SURVIVES,arg-parse-dispatch,,,,Argument-parse / dispatch / disk-write branch in main(); routes to the standard path or a default-off diagnostic path.,} else if (km == mu::engraving::KeyMode::MINOR || km == mu::engraving::KeyMode::AEOLIAN) {
branch,if,4580,main,SURVIVES,arg-parse-dispatch,,,,Argument-parse / dispatch / disk-write branch in main(); routes to the standard path or a default-off diagnostic path.,if (outputPath.empty()) {
branch,if,4581,main,SURVIVES,arg-parse-dispatch,,,,Argument-parse / dispatch / disk-write branch in main(); routes to the standard path or a default-off diagnostic path.,if (!dumpKeyTicks.empty()) {
branch,else-if,4584,main,SURVIVES,arg-parse-dispatch,,,,Argument-parse / dispatch / disk-write branch in main(); routes to the standard path or a default-off diagnostic path.,} else if (!diagnoseMeasures.empty()) {
branch,if,4593,main,SURVIVES,arg-parse-dispatch,,yes,standard-output-crlf-vs-diagnostic-lf,"The standard analysis output file is opened with QIODevice::Text, so on Windows the committed .ours.json corpus is written with CRLF line endings; every diagnostic path instead writes with std::ofstream(std::ios::binary) (LF only). The two output paths use different line-ending disciplines; corpus byte-identity holds only while regeneration stays on Windows with Text mode (confirmed CRLF vs LF and reproduce-identical this session).",if (!outFile.open(QIODevice::WriteOnly | QIODevice::Truncate | QIODevice::Text)) {
branch,if,4600,main,SURVIVES,arg-parse-dispatch,,,,Argument-parse / dispatch / disk-write branch in main(); routes to the standard path or a default-off diagnostic path.,if (!dumpKeyTicks.empty()) {
branch,else-if,4603,main,SURVIVES,arg-parse-dispatch,,,,Argument-parse / dispatch / disk-write branch in main(); routes to the standard path or a default-off diagnostic path.,} else if (!diagnoseMeasures.empty()) {
