file,line,table,name_or_value,func,verdict,finding_slug,ref,note
tools/a8_rebaseline_measure.py,46,crosslayer,compare_analyses,,SURVIVES,,,"internal import of compare_analyses - measurement-chain unification DAG (reuse, not duplication)."
tools/a8_rebaseline_measure.py,47,crosslayer,compare_rn,,SURVIVES,,,"internal import of compare_rn - measurement-chain unification DAG (reuse, not duplication)."
tools/a8_rebaseline_measure.py,48,crosslayer,characterise_bir_false,,SURVIVES,,,"internal import of characterise_bir_false - measurement-chain unification DAG (reuse, not duplication)."
tools/a8_rebaseline_measure.py,49,crosslayer,dcml_parser,,SURVIVES,,,"internal import of dcml_parser - measurement-chain unification DAG (reuse, not duplication)."
tools/a8_rebaseline_measure.py,74,functions,_pcs,,SURVIVES,,,_pcs(): live instrument function on the measurement/library path.
tools/a8_rebaseline_measure.py,75,branches,,_pcs,SURVIVES,,,control-flow guard in _pcs() - live measurement/library path.
tools/a8_rebaseline_measure.py,77,literals,12,_pcs,FACT,,,octave = 12 semitones - pitch-class modular arithmetic (music theory).
tools/a8_rebaseline_measure.py,80,functions,_t_invariant,,SURVIVES,,,_t_invariant(): live instrument function on the measurement/library path.
tools/a8_rebaseline_measure.py,82,branches,,_t_invariant,SURVIVES,,,control-flow guard in _t_invariant() - live measurement/library path.
tools/a8_rebaseline_measure.py,84,literals,12,_t_invariant,FACT,,,"pitch-class / diatonic-degree / modular-interval constant (music theory) - e.g. note->pc, scale-degree semitone table, or octave-12 arithmetic."
tools/a8_rebaseline_measure.py,87,functions,_is_halfdim_or_min6_set,,SURVIVES,,,_is_halfdim_or_min6_set(): live instrument function on the measurement/library path.
tools/a8_rebaseline_measure.py,89,branches,,_is_halfdim_or_min6_set,SURVIVES,,,control-flow guard in _is_halfdim_or_min6_set() - live measurement/library path.
tools/a8_rebaseline_measure.py,89,literals,4,_is_halfdim_or_min6_set,SURVIVES,,,structural index / slice / small numeric literal in library logic - not an inference-affecting constant.
tools/a8_rebaseline_measure.py,91,branches,,_is_halfdim_or_min6_set,SURVIVES,,,control-flow guard in _is_halfdim_or_min6_set() - live measurement/library path.
tools/a8_rebaseline_measure.py,92,branches,,_is_halfdim_or_min6_set,SURVIVES,,,control-flow guard in _is_halfdim_or_min6_set() - live measurement/library path.
tools/a8_rebaseline_measure.py,92,literals,12,_is_halfdim_or_min6_set,FACT,,,"pitch-class / diatonic-degree / modular-interval constant (music theory) - e.g. note->pc, scale-degree semitone table, or octave-12 arithmetic."
tools/a8_rebaseline_measure.py,92,literals,3,_is_halfdim_or_min6_set,FACT,,,"pitch-class / diatonic-degree / modular-interval constant (music theory) - e.g. note->pc, scale-degree semitone table, or octave-12 arithmetic."
tools/a8_rebaseline_measure.py,92,literals,6,_is_halfdim_or_min6_set,FACT,,,"pitch-class / diatonic-degree / modular-interval constant (music theory) - e.g. note->pc, scale-degree semitone table, or octave-12 arithmetic."
tools/a8_rebaseline_measure.py,92,literals,10,_is_halfdim_or_min6_set,FACT,,,"pitch-class / diatonic-degree / modular-interval constant (music theory) - e.g. note->pc, scale-degree semitone table, or octave-12 arithmetic."
tools/a8_rebaseline_measure.py,97,functions,cell_class,,SURVIVES,cell-class-split-no-independent-cross-check,F13,cell_class: the class-(a)/(b) split (the hard-stop-governing quantity) is a pure pc-set test on our_region.pitch_class_set. Inherits the RN-bucket self-validation transitively (validated cell membership) but has NO independent second implementation cross-checking the class split. Missing pitchClassSet -> class 'b' (conservative/safe).
tools/a8_rebaseline_measure.py,100,branches,,cell_class,SURVIVES,,,control-flow guard in cell_class() - live measurement/library path.
tools/a8_rebaseline_measure.py,100,literals,3,cell_class,FACT,,,"pitch-class / diatonic-degree / modular-interval constant (music theory) - e.g. note->pc, scale-degree semitone table, or octave-12 arithmetic."
tools/a8_rebaseline_measure.py,100,literals,3,cell_class,FACT,,,"pitch-class / diatonic-degree / modular-interval constant (music theory) - e.g. note->pc, scale-degree semitone table, or octave-12 arithmetic."
tools/a8_rebaseline_measure.py,102,branches,,cell_class,SURVIVES,,,control-flow guard in cell_class() - live measurement/library path.
tools/a8_rebaseline_measure.py,102,literals,3,cell_class,FACT,,,"pitch-class / diatonic-degree / modular-interval constant (music theory) - e.g. note->pc, scale-degree semitone table, or octave-12 arithmetic."
tools/a8_rebaseline_measure.py,102,literals,4,cell_class,FACT,,,"pitch-class / diatonic-degree / modular-interval constant (music theory) - e.g. note->pc, scale-degree semitone table, or octave-12 arithmetic."
tools/a8_rebaseline_measure.py,104,branches,,cell_class,SURVIVES,,,control-flow guard in cell_class() - live measurement/library path.
tools/a8_rebaseline_measure.py,104,literals,4,cell_class,FACT,,,"pitch-class / diatonic-degree / modular-interval constant (music theory) - e.g. note->pc, scale-degree semitone table, or octave-12 arithmetic."
tools/a8_rebaseline_measure.py,104,literals,2,cell_class,FACT,,,"pitch-class / diatonic-degree / modular-interval constant (music theory) - e.g. note->pc, scale-degree semitone table, or octave-12 arithmetic."
tools/a8_rebaseline_measure.py,106,branches,,cell_class,SURVIVES,,,control-flow guard in cell_class() - live measurement/library path.
tools/a8_rebaseline_measure.py,116,functions,__init__,,SURVIVES,,,__init__(): live instrument function on the measurement/library path.
tools/a8_rebaseline_measure.py,123,functions,add_cell,,SURVIVES,,,add_cell(): live instrument function on the measurement/library path.
tools/a8_rebaseline_measure.py,126,branches,,add_cell,SURVIVES,,,control-flow guard in add_cell() - live measurement/library path.
tools/a8_rebaseline_measure.py,140,branches,,add_cell,SURVIVES,,,control-flow guard in add_cell() - live measurement/library path.
tools/a8_rebaseline_measure.py,142,branches,,add_cell,SURVIVES,,,control-flow guard in add_cell() - live measurement/library path.
tools/a8_rebaseline_measure.py,144,branches,,add_cell,SURVIVES,,,control-flow guard in add_cell() - live measurement/library path.
tools/a8_rebaseline_measure.py,170,functions,build_piece_grid,,SURVIVES,,,build_piece_grid(): live instrument function on the measurement/library path.
tools/a8_rebaseline_measure.py,175,branches,,build_piece_grid,SURVIVES,,,control-flow guard in build_piece_grid() - live measurement/library path.
tools/a8_rebaseline_measure.py,179,branches,,build_piece_grid,SURVIVES,,,control-flow guard in build_piece_grid() - live measurement/library path.
tools/a8_rebaseline_measure.py,182,branches,,build_piece_grid,SURVIVES,,,control-flow guard in build_piece_grid() - live measurement/library path.
tools/a8_rebaseline_measure.py,183,branches,,build_piece_grid,SURVIVES,,,control-flow guard in build_piece_grid() - live measurement/library path.
tools/a8_rebaseline_measure.py,185,branches,,build_piece_grid,SURVIVES,,,control-flow guard in build_piece_grid() - live measurement/library path.
tools/a8_rebaseline_measure.py,186,branches,,build_piece_grid,SURVIVES,,,control-flow guard in build_piece_grid() - live measurement/library path.
tools/a8_rebaseline_measure.py,188,branches,,build_piece_grid,SURVIVES,,,control-flow guard in build_piece_grid() - live measurement/library path.
tools/a8_rebaseline_measure.py,188,literals,2,build_piece_grid,SURVIVES,,,structural index / slice / small numeric literal in library logic - not an inference-affecting constant.
tools/a8_rebaseline_measure.py,191,branches,,build_piece_grid,SURVIVES,,,control-flow guard in build_piece_grid() - live measurement/library path.
tools/a8_rebaseline_measure.py,193,branches,,build_piece_grid,SURVIVES,,,control-flow guard in build_piece_grid() - live measurement/library path.
tools/a8_rebaseline_measure.py,197,branches,,build_piece_grid,SURVIVES,,,control-flow guard in build_piece_grid() - live measurement/library path.
tools/a8_rebaseline_measure.py,200,branches,,build_piece_grid,SURVIVES,,,control-flow guard in build_piece_grid() - live measurement/library path.
tools/a8_rebaseline_measure.py,201,branches,,build_piece_grid,SURVIVES,,,control-flow guard in build_piece_grid() - live measurement/library path.
tools/a8_rebaseline_measure.py,206,branches,,build_piece_grid,SURVIVES,,,control-flow guard in build_piece_grid() - live measurement/library path.
tools/a8_rebaseline_measure.py,216,functions,batch_gate_cases,,SURVIVES,,,batch_gate_cases(): live instrument function on the measurement/library path.
tools/a8_rebaseline_measure.py,220,branches,,batch_gate_cases,SURVIVES,,,control-flow guard in batch_gate_cases() - live measurement/library path.
tools/a8_rebaseline_measure.py,223,branches,,batch_gate_cases,SURVIVES,,,control-flow guard in batch_gate_cases() - live measurement/library path.
tools/a8_rebaseline_measure.py,224,branches,,batch_gate_cases,SURVIVES,,,control-flow guard in batch_gate_cases() - live measurement/library path.
tools/a8_rebaseline_measure.py,226,branches,,batch_gate_cases,SURVIVES,,,control-flow guard in batch_gate_cases() - live measurement/library path.
tools/a8_rebaseline_measure.py,228,branches,,batch_gate_cases,SURVIVES,,,control-flow guard in batch_gate_cases() - live measurement/library path.
tools/a8_rebaseline_measure.py,231,branches,,batch_gate_cases,SURVIVES,,,control-flow guard in batch_gate_cases() - live measurement/library path.
tools/a8_rebaseline_measure.py,232,branches,,batch_gate_cases,SURVIVES,,,control-flow guard in batch_gate_cases() - live measurement/library path.
tools/a8_rebaseline_measure.py,233,branches,,batch_gate_cases,SURVIVES,,,control-flow guard in batch_gate_cases() - live measurement/library path.
tools/a8_rebaseline_measure.py,243,functions,measure_preset,,SURVIVES,,,measure_preset(): live instrument function on the measurement/library path.
tools/a8_rebaseline_measure.py,248,branches,,measure_preset,SURVIVES,,,control-flow guard in measure_preset() - live measurement/library path.
tools/a8_rebaseline_measure.py,252,io,glob,measure_preset,SURVIVES,,,glob in measure_preset() - read/write of the measurement I/O surface.
tools/a8_rebaseline_measure.py,256,branches,,measure_preset,SURVIVES,,,control-flow guard in measure_preset() - live measurement/library path.
tools/a8_rebaseline_measure.py,287,branches,,measure_preset,SURVIVES,,,control-flow guard in measure_preset() - live measurement/library path.
tools/a8_rebaseline_measure.py,290,branches,,measure_preset,SURVIVES,corrupt-ours-json-folded-into-no-wir-count,F12,measure_preset `except Exception: continue` on load_analysis: a corrupt .ours.json is silently folded into the no_wir coverage count (conflates parse-failure with no-WiR-annotation); the gate denominator loses the score with no distinct 'corrupt' accounting.
tools/a8_rebaseline_measure.py,294,branches,,measure_preset,SURVIVES,,,control-flow guard in measure_preset() - live measurement/library path.
tools/a8_rebaseline_measure.py,297,branches,,measure_preset,SURVIVES,,,control-flow guard in measure_preset() - live measurement/library path.
tools/a8_rebaseline_measure.py,298,branches,,measure_preset,SURVIVES,,,control-flow guard in measure_preset() - live measurement/library path.
tools/a8_rebaseline_measure.py,304,branches,,measure_preset,SURVIVES,,,control-flow guard in measure_preset() - live measurement/library path.
tools/a8_rebaseline_measure.py,305,branches,,measure_preset,SURVIVES,,,control-flow guard in measure_preset() - live measurement/library path.
tools/a8_rebaseline_measure.py,309,branches,,measure_preset,SURVIVES,,,control-flow guard in measure_preset() - live measurement/library path.
tools/a8_rebaseline_measure.py,312,branches,,measure_preset,SURVIVES,,,control-flow guard in measure_preset() - live measurement/library path.
tools/a8_rebaseline_measure.py,322,branches,,measure_preset,SURVIVES,,,control-flow guard in measure_preset() - live measurement/library path.
tools/a8_rebaseline_measure.py,325,branches,,measure_preset,SURVIVES,,,control-flow guard in measure_preset() - live measurement/library path.
tools/a8_rebaseline_measure.py,331,branches,,measure_preset,SURVIVES,,,control-flow guard in measure_preset() - live measurement/library path.
tools/a8_rebaseline_measure.py,336,branches,,measure_preset,SURVIVES,,,control-flow guard in measure_preset() - live measurement/library path.
tools/a8_rebaseline_measure.py,342,branches,,measure_preset,SURVIVES,,,control-flow guard in measure_preset() - live measurement/library path.
tools/a8_rebaseline_measure.py,344,branches,,measure_preset,SURVIVES,,,control-flow guard in measure_preset() - live measurement/library path.
tools/a8_rebaseline_measure.py,346,branches,,measure_preset,SURVIVES,,,control-flow guard in measure_preset() - live measurement/library path.
tools/a8_rebaseline_measure.py,351,branches,,measure_preset,SURVIVES,,,control-flow guard in measure_preset() - live measurement/library path.
tools/a8_rebaseline_measure.py,355,branches,,measure_preset,SURVIVES,,,control-flow guard in measure_preset() - live measurement/library path.
tools/a8_rebaseline_measure.py,359,branches,,measure_preset,SURVIVES,,,control-flow guard in measure_preset() - live measurement/library path.
tools/a8_rebaseline_measure.py,361,branches,,measure_preset,SURVIVES,,,control-flow guard in measure_preset() - live measurement/library path.
tools/a8_rebaseline_measure.py,365,branches,,measure_preset,SURVIVES,,,control-flow guard in measure_preset() - live measurement/library path.
tools/a8_rebaseline_measure.py,369,functions,merge_runs,,SURVIVES,,,merge_runs(): live instrument function on the measurement/library path.
tools/a8_rebaseline_measure.py,374,branches,,merge_runs,SURVIVES,,,control-flow guard in merge_runs() - live measurement/library path.
tools/a8_rebaseline_measure.py,376,branches,,merge_runs,SURVIVES,,,control-flow guard in merge_runs() - live measurement/library path.
tools/a8_rebaseline_measure.py,379,branches,,merge_runs,SURVIVES,,,control-flow guard in merge_runs() - live measurement/library path.
tools/a8_rebaseline_measure.py,384,branches,,merge_runs,SURVIVES,,,control-flow guard in merge_runs() - live measurement/library path.
tools/a8_rebaseline_measure.py,399,branches,,measure_preset,SURVIVES,,,control-flow guard in measure_preset() - live measurement/library path.
tools/a8_rebaseline_measure.py,420,io,write_text,measure_preset,SURVIVES,,,write_text in measure_preset() - read/write of the measurement I/O surface.
tools/a8_rebaseline_measure.py,421,io,dumps,measure_preset,SURVIVES,,,dumps in measure_preset() - read/write of the measurement I/O surface.
tools/a8_rebaseline_measure.py,427,functions,_write_cells,,SURVIVES,,,_write_cells(): live instrument function on the measurement/library path.
tools/a8_rebaseline_measure.py,430,branches,,_write_cells,SURVIVES,,,control-flow guard in _write_cells() - live measurement/library path.
tools/a8_rebaseline_measure.py,435,io,write_text,_write_cells,SURVIVES,,,write_text in _write_cells() - read/write of the measurement I/O surface.
tools/a8_rebaseline_measure.py,438,functions,_write_runs,,SURVIVES,,,_write_runs(): live instrument function on the measurement/library path.
tools/a8_rebaseline_measure.py,441,branches,,_write_runs,SURVIVES,,,control-flow guard in _write_runs() - live measurement/library path.
tools/a8_rebaseline_measure.py,445,io,write_text,_write_runs,SURVIVES,,,write_text in _write_runs() - read/write of the measurement I/O surface.
tools/a8_rebaseline_measure.py,448,functions,build_mapping,,SURVIVES,,,build_mapping(): live instrument function on the measurement/library path.
tools/a8_rebaseline_measure.py,454,branches,,build_mapping,SURVIVES,,,control-flow guard in build_mapping() - live measurement/library path.
tools/a8_rebaseline_measure.py,457,branches,,build_mapping,SURVIVES,,,control-flow guard in build_mapping() - live measurement/library path.
tools/a8_rebaseline_measure.py,461,branches,,build_mapping,SURVIVES,,,control-flow guard in build_mapping() - live measurement/library path.
tools/a8_rebaseline_measure.py,465,branches,,build_mapping,SURVIVES,,,control-flow guard in build_mapping() - live measurement/library path.
tools/a8_rebaseline_measure.py,487,functions,main,,SURVIVES,,,main(): live instrument function on the measurement/library path.
tools/a8_rebaseline_measure.py,504,io,mkdir,main,SURVIVES,,,mkdir in main() - read/write of the measurement I/O surface.
tools/a8_rebaseline_measure.py,507,branches,,main,SURVIVES,,,control-flow guard in main() - live measurement/library path.
tools/a8_rebaseline_measure.py,508,io,read_text,main,SURVIVES,,,read_text in main() - read/write of the measurement I/O surface.
tools/a8_rebaseline_measure.py,510,branches,,main,SURVIVES,,,control-flow guard in main() - live measurement/library path.
tools/a8_rebaseline_measure.py,512,branches,,main,SURVIVES,,,control-flow guard in main() - live measurement/library path.
tools/a8_rebaseline_measure.py,523,io,write_text,main,SURVIVES,,,write_text in main() - read/write of the measurement I/O surface.
tools/a8_rebaseline_measure.py,523,io,dumps,main,SURVIVES,,,dumps in main() - read/write of the measurement I/O surface.
tools/a8_rebaseline_measure.py,527,branches,,<module-scope>,SURVIVES,,,control-flow guard in <module-scope>() - live measurement/library path.
tools/characterise_bir_false.py,39,crosslayer,compare_analyses,,SURVIVES,,,"internal import of compare_analyses - measurement-chain unification DAG (reuse, not duplication)."
tools/characterise_bir_false.py,40,crosslayer,dcml_parser,,SURVIVES,,,"internal import of dcml_parser - measurement-chain unification DAG (reuse, not duplication)."
tools/characterise_bir_false.py,50,functions,validate_corpus_dir,,SURVIVES,validate-corpus-dir-skips-music21-json-fingerprint,F14,"validate_corpus_dir fingerprints (sha256) only .ours.json, NOT the paired .music21.json ground truth. A stale/foreign music21 export passes the contamination gate undetected - yet a8's variant-(a) genuine filter + this tool's BIR gate READ .music21.json. Establishment gap in the corpus-integrity guard."
tools/characterise_bir_false.py,59,branches,,validate_corpus_dir,SURVIVES,,,control-flow guard in validate_corpus_dir() - live measurement/library path.
tools/characterise_bir_false.py,63,branches,,validate_corpus_dir,SURVIVES,,,control-flow guard in validate_corpus_dir() - live measurement/library path.
tools/characterise_bir_false.py,64,io,loads,validate_corpus_dir,SURVIVES,,,loads in validate_corpus_dir() - read/write of the measurement I/O surface.
tools/characterise_bir_false.py,64,io,read_text,validate_corpus_dir,SURVIVES,,,read_text in validate_corpus_dir() - read/write of the measurement I/O surface.
tools/characterise_bir_false.py,71,branches,,validate_corpus_dir,SURVIVES,,,control-flow guard in validate_corpus_dir() - live measurement/library path.
tools/characterise_bir_false.py,78,io,glob,validate_corpus_dir,SURVIVES,,,glob in validate_corpus_dir() - read/write of the measurement I/O surface.
tools/characterise_bir_false.py,81,branches,,validate_corpus_dir,SURVIVES,,,control-flow guard in validate_corpus_dir() - live measurement/library path.
tools/characterise_bir_false.py,86,branches,,validate_corpus_dir,SURVIVES,,,control-flow guard in validate_corpus_dir() - live measurement/library path.
tools/characterise_bir_false.py,91,branches,,validate_corpus_dir,SURVIVES,,,"control-flow guard in validate_corpus_dir() - live measurement/library path.  STRENGTH: per-stem sha256 match vs manifest - the anti-contamination (M3) mechanism, shared with a8 via import (#6)."
tools/characterise_bir_false.py,93,io,read_bytes,validate_corpus_dir,SURVIVES,,,read_bytes in validate_corpus_dir() - read/write of the measurement I/O surface.
tools/characterise_bir_false.py,94,branches,,validate_corpus_dir,SURVIVES,,,control-flow guard in validate_corpus_dir() - live measurement/library path.
tools/characterise_bir_false.py,105,literals,2,<module-scope>,SURVIVES,,,structural index / slice / small numeric literal in library logic - not an inference-affecting constant.
tools/characterise_bir_false.py,106,literals,3,<module-scope>,SURVIVES,,,structural index / slice / small numeric literal in library logic - not an inference-affecting constant.
tools/characterise_bir_false.py,107,literals,4,<module-scope>,SURVIVES,,,structural index / slice / small numeric literal in library logic - not an inference-affecting constant.
tools/characterise_bir_false.py,108,literals,5,<module-scope>,SURVIVES,,,structural index / slice / small numeric literal in library logic - not an inference-affecting constant.
tools/characterise_bir_false.py,109,literals,6,<module-scope>,SURVIVES,,,structural index / slice / small numeric literal in library logic - not an inference-affecting constant.
tools/characterise_bir_false.py,110,literals,7,<module-scope>,SURVIVES,,,structural index / slice / small numeric literal in library logic - not an inference-affecting constant.
tools/characterise_bir_false.py,111,literals,8,<module-scope>,SURVIVES,,,structural index / slice / small numeric literal in library logic - not an inference-affecting constant.
tools/characterise_bir_false.py,112,literals,9,<module-scope>,SURVIVES,,,structural index / slice / small numeric literal in library logic - not an inference-affecting constant.
tools/characterise_bir_false.py,113,literals,10,<module-scope>,SURVIVES,,,structural index / slice / small numeric literal in library logic - not an inference-affecting constant.
tools/characterise_bir_false.py,114,literals,11,<module-scope>,SURVIVES,,,structural index / slice / small numeric literal in library logic - not an inference-affecting constant.
tools/characterise_bir_false.py,117,functions,pc_name,,SURVIVES,,,pc_name(): live instrument function on the measurement/library path.
tools/characterise_bir_false.py,118,branches,,pc_name,SURVIVES,,,control-flow guard in pc_name() - live measurement/library path.
tools/characterise_bir_false.py,118,literals,12,pc_name,FACT,,,"pitch-class / diatonic-degree / modular-interval constant (music theory) - e.g. note->pc, scale-degree semitone table, or octave-12 arithmetic."
tools/characterise_bir_false.py,120,functions,parse_pc_set,,SURVIVES,,,parse_pc_set(): live instrument function on the measurement/library path.
tools/characterise_bir_false.py,121,branches,,parse_pc_set,SURVIVES,,,control-flow guard in parse_pc_set() - live measurement/library path.
tools/characterise_bir_false.py,123,literals,12,parse_pc_set,FACT,,,octave = 12 semitones - pitch-class modular arithmetic (music theory).
tools/characterise_bir_false.py,125,functions,run,,SURVIVES,,,run(): live instrument function on the measurement/library path.
tools/characterise_bir_false.py,126,io,glob,run,SURVIVES,,,glob in run() - read/write of the measurement I/O surface.
tools/characterise_bir_false.py,133,branches,,run,SURVIVES,,,control-flow guard in run() - live measurement/library path.
tools/characterise_bir_false.py,136,branches,,run,SURVIVES,,,control-flow guard in run() - live measurement/library path.
tools/characterise_bir_false.py,138,branches,,run,SURVIVES,,,control-flow guard in run() - live measurement/library path.
tools/characterise_bir_false.py,143,branches,,run,SURVIVES,,,control-flow guard in run() - live measurement/library path.
tools/characterise_bir_false.py,148,branches,,run,SURVIVES,,,control-flow guard in run() - live measurement/library path.
tools/characterise_bir_false.py,149,branches,,run,SURVIVES,,,control-flow guard in run() - live measurement/library path.
tools/characterise_bir_false.py,156,branches,,run,SURVIVES,,,control-flow guard in run() - live measurement/library path.
tools/characterise_bir_false.py,159,branches,,run,SURVIVES,,,control-flow guard in run() - live measurement/library path.
tools/characterise_bir_false.py,160,branches,,run,SURVIVES,,,control-flow guard in run() - live measurement/library path.
tools/characterise_bir_false.py,162,branches,,run,SURVIVES,,,control-flow guard in run() - live measurement/library path.
tools/characterise_bir_false.py,164,branches,,run,SURVIVES,,,control-flow guard in run() - live measurement/library path.
tools/characterise_bir_false.py,167,branches,,run,SURVIVES,,,control-flow guard in run() - live measurement/library path.
tools/characterise_bir_false.py,168,branches,,run,SURVIVES,,,control-flow guard in run() - live measurement/library path.
tools/characterise_bir_false.py,169,branches,,run,SURVIVES,,,control-flow guard in run() - live measurement/library path.
tools/characterise_bir_false.py,174,branches,,run,SURVIVES,,,control-flow guard in run() - live measurement/library path.
tools/characterise_bir_false.py,177,literals,12,run,FACT,,,"pitch-class / diatonic-degree / modular-interval constant (music theory) - e.g. note->pc, scale-degree semitone table, or octave-12 arithmetic."
tools/characterise_bir_false.py,177,literals,12,run,FACT,,,"pitch-class / diatonic-degree / modular-interval constant (music theory) - e.g. note->pc, scale-degree semitone table, or octave-12 arithmetic."
tools/characterise_bir_false.py,182,literals,99,run,SURVIVES,,,-99 sentinel for a missing alternative rootPitchClass (never a valid pc 0-11).
tools/characterise_bir_false.py,196,branches,,run,SURVIVES,,,control-flow guard in run() - live measurement/library path.
tools/characterise_bir_false.py,209,literals,4,run,SURVIVES,,,structural index / slice / small numeric literal in library logic - not an inference-affecting constant.
tools/characterise_bir_false.py,222,branches,,run,SURVIVES,,,control-flow guard in run() - live measurement/library path.
tools/characterise_bir_false.py,222,literals,12,run,FACT,,,octave = 12 semitones - pitch-class modular arithmetic (music theory).
tools/characterise_bir_false.py,224,branches,,run,SURVIVES,,,control-flow guard in run() - live measurement/library path.
tools/characterise_bir_false.py,232,functions,dump_group,,SURVIVES,,,dump_group(): live instrument function on the measurement/library path.
tools/characterise_bir_false.py,237,branches,,dump_group,SURVIVES,,,control-flow guard in dump_group() - live measurement/library path.
tools/characterise_bir_false.py,250,branches,,run,SURVIVES,,,control-flow guard in run() - live measurement/library path.
tools/characterise_bir_false.py,250,literals,2,run,SURVIVES,,,structural index / slice / small numeric literal in library logic - not an inference-affecting constant.
tools/characterise_bir_false.py,254,branches,,run,SURVIVES,,,control-flow guard in run() - live measurement/library path.
tools/characterise_bir_false.py,254,literals,5,run,SURVIVES,,,structural index / slice / small numeric literal in library logic - not an inference-affecting constant.
tools/characterise_bir_false.py,254,literals,2,run,SURVIVES,,,structural index / slice / small numeric literal in library logic - not an inference-affecting constant.
tools/characterise_bir_false.py,255,branches,,run,SURVIVES,,,control-flow guard in run() - live measurement/library path.
tools/characterise_bir_false.py,255,literals,2,run,SURVIVES,,,structural index / slice / small numeric literal in library logic - not an inference-affecting constant.
tools/characterise_bir_false.py,263,branches,,run,SURVIVES,,,control-flow guard in run() - live measurement/library path.
tools/characterise_bir_false.py,265,branches,,run,SURVIVES,,,control-flow guard in run() - live measurement/library path.
tools/characterise_bir_false.py,273,branches,,run,SURVIVES,,,control-flow guard in run() - live measurement/library path.
tools/characterise_bir_false.py,279,functions,main,,SURVIVES,,,main(): live instrument function on the measurement/library path.
tools/characterise_bir_false.py,290,branches,,main,SURVIVES,,,control-flow guard in main() - live measurement/library path.
tools/characterise_bir_false.py,294,literals,2,main,SURVIVES,,,structural index / slice / small numeric literal in library logic - not an inference-affecting constant.
tools/characterise_bir_false.py,302,branches,,<module-scope>,SURVIVES,,,control-flow guard in <module-scope>() - live measurement/library path.
tools/compare_analyses.py,37,branches,,<module-scope>,SURVIVES,,,control-flow guard in <module-scope>() - live measurement/library path.
tools/compare_analyses.py,38,crosslayer,dcml_parser,,SURVIVES,,,"internal import of dcml_parser - measurement-chain unification DAG (reuse, not duplication)."
tools/compare_analyses.py,47,fields,measure_number,,SURVIVES,,,Region.measure_number: dataclass field on the compare surface - carried/consumed on the measurement path.
tools/compare_analyses.py,48,fields,beat,,SURVIVES,,,Region.beat: dataclass field on the compare surface - carried/consumed on the measurement path.
tools/compare_analyses.py,49,fields,start_tick,,SURVIVES,,,Region.start_tick: dataclass field on the compare surface - carried/consumed on the measurement path.
tools/compare_analyses.py,50,fields,end_tick,,SURVIVES,,,Region.end_tick: dataclass field on the compare surface - carried/consumed on the measurement path.
tools/compare_analyses.py,51,fields,duration,,SURVIVES,,,Region.duration: dataclass field on the compare surface - carried/consumed on the measurement path.
tools/compare_analyses.py,52,fields,root_pc,,SURVIVES,,,Region.root_pc: dataclass field on the compare surface - carried/consumed on the measurement path.
tools/compare_analyses.py,53,fields,quality,,SURVIVES,,,Region.quality: dataclass field on the compare surface - carried/consumed on the measurement path.
tools/compare_analyses.py,54,fields,chord_symbol,,SURVIVES,,,Region.chord_symbol: dataclass field on the compare surface - carried/consumed on the measurement path.
tools/compare_analyses.py,55,fields,roman_numeral,,SURVIVES,,,Region.roman_numeral: dataclass field on the compare surface - carried/consumed on the measurement path.
tools/compare_analyses.py,56,fields,key,,SURVIVES,,,Region.key: dataclass field on the compare surface - carried/consumed on the measurement path.
tools/compare_analyses.py,57,fields,key_confidence,,SURVIVES,,,Region.key_confidence: dataclass field on the compare surface - carried/consumed on the measurement path.
tools/compare_analyses.py,58,fields,diatonic_to_key,,SURVIVES,,,Region.diatonic_to_key: dataclass field on the compare surface - carried/consumed on the measurement path.
tools/compare_analyses.py,59,fields,alternatives,,SURVIVES,,,Region.alternatives: dataclass field on the compare surface - carried/consumed on the measurement path.
tools/compare_analyses.py,61,fields,chord_score,,SURVIVES,,,Region.chord_score: dataclass field on the compare surface - carried/consumed on the measurement path.
tools/compare_analyses.py,62,fields,chord_score_margin,,SURVIVES,,,Region.chord_score_margin: dataclass field on the compare surface - carried/consumed on the measurement path.
tools/compare_analyses.py,63,fields,bass_pc,,SURVIVES,,,Region.bass_pc: dataclass field on the compare surface - carried/consumed on the measurement path.
tools/compare_analyses.py,64,fields,bass_is_root,,SURVIVES,,,Region.bass_is_root: dataclass field on the compare surface - carried/consumed on the measurement path.
tools/compare_analyses.py,65,fields,note_count,,SURVIVES,,,Region.note_count: dataclass field on the compare surface - carried/consumed on the measurement path.
tools/compare_analyses.py,66,fields,pitch_class_set,,SURVIVES,,,Region.pitch_class_set: dataclass field on the compare surface - carried/consumed on the measurement path.
tools/compare_analyses.py,67,fields,key_runner_up,,SURVIVES,,,Region.key_runner_up: dataclass field on the compare surface - carried/consumed on the measurement path.
tools/compare_analyses.py,72,fields,ours,,SURVIVES,,,ComparedRegion.ours: dataclass field on the compare surface - carried/consumed on the measurement path.
tools/compare_analyses.py,73,fields,theirs,,SURVIVES,,,ComparedRegion.theirs: dataclass field on the compare surface - carried/consumed on the measurement path.
tools/compare_analyses.py,74,fields,category,,SURVIVES,,,ComparedRegion.category: dataclass field on the compare surface - carried/consumed on the measurement path.
tools/compare_analyses.py,75,fields,notes,,SURVIVES,,,ComparedRegion.notes: dataclass field on the compare surface - carried/consumed on the measurement path.
tools/compare_analyses.py,77,fields,dcml_region,,SURVIVES,,,ComparedRegion.dcml_region: dataclass field on the compare surface - carried/consumed on the measurement path.
tools/compare_analyses.py,78,fields,three_way_cat,,SURVIVES,,,ComparedRegion.three_way_cat: dataclass field on the compare surface - carried/consumed on the measurement path.
tools/compare_analyses.py,85,functions,_load_region,,SURVIVES,,,_load_region(): live instrument function on the measurement/library path.
tools/compare_analyses.py,99,finding(auditor),root-pc-minus-one-sentinel-false-agreement,,SURVIVES,root-pc-minus-one-sentinel-false-agreement,F8,"root_pc default -1 sentinel on missing rootPitchClass: two regions BOTH missing root compare equal (-1==-1) in _roots_match -> false chord agreement. three_way_classify guards on None not -1, so only the two-way region compare is exposed. [Inventory: unary-minus 1 excluded as trivial.]"
tools/compare_analyses.py,107,branches,,_load_region,SURVIVES,,,control-flow guard in _load_region() - live measurement/library path.
tools/compare_analyses.py,108,branches,,_load_region,SURVIVES,,,control-flow guard in _load_region() - live measurement/library path.
tools/compare_analyses.py,109,branches,,_load_region,SURVIVES,,,control-flow guard in _load_region() - live measurement/library path.
tools/compare_analyses.py,110,branches,,_load_region,SURVIVES,,,control-flow guard in _load_region() - live measurement/library path.
tools/compare_analyses.py,111,branches,,_load_region,SURVIVES,,,control-flow guard in _load_region() - live measurement/library path.
tools/compare_analyses.py,112,branches,,_load_region,SURVIVES,,,control-flow guard in _load_region() - live measurement/library path.
tools/compare_analyses.py,113,branches,,_load_region,SURVIVES,,,control-flow guard in _load_region() - live measurement/library path.
tools/compare_analyses.py,117,functions,load_analysis,,SURVIVES,,,load_analysis(): live instrument function on the measurement/library path.
tools/compare_analyses.py,118,io,open,load_analysis,SURVIVES,,,open in load_analysis() - read/write of the measurement I/O surface.
tools/compare_analyses.py,119,io,load,load_analysis,SURVIVES,,,load in load_analysis() - read/write of the measurement I/O surface.
tools/compare_analyses.py,128,finding(auditor),quality-normalise-map-completeness-unproven,,SURVIVES,quality-normalise-map-completeness-unproven,F7,"_QUALITY_NORMALISE table: a quality string NOT in the map passes through unnormalised (_norm_quality returns as-is), so an unmapped variant could yield a false quality (dis)agreement. Completeness not proven against both producers' full quality vocabularies. [Inventory: string dict, not a numeric literal.]"
tools/compare_analyses.py,146,functions,_norm_quality,,SURVIVES,,,_norm_quality(): live instrument function on the measurement/library path.
tools/compare_analyses.py,156,functions,_rn_base,,SURVIVES,,,_rn_base(): live instrument function on the measurement/library path.
tools/compare_analyses.py,159,branches,,_rn_base,SURVIVES,,,control-flow guard in _rn_base() - live measurement/library path.
tools/compare_analyses.py,162,functions,_rn_base_cased,,SURVIVES,,,_rn_base_cased(): live instrument function on the measurement/library path.
tools/compare_analyses.py,177,branches,,_rn_base_cased,SURVIVES,,,control-flow guard in _rn_base_cased() - live measurement/library path.
tools/compare_analyses.py,180,branches,,_rn_base_cased,SURVIVES,,,control-flow guard in _rn_base_cased() - live measurement/library path.
tools/compare_analyses.py,187,functions,_overlap,,SURVIVES,,,_overlap(): live instrument function on the measurement/library path.
tools/compare_analyses.py,191,functions,align_regions,,SURVIVES,,,align_regions(): live instrument function on the measurement/library path.
tools/compare_analyses.py,201,branches,,align_regions,SURVIVES,,,control-flow guard in align_regions() - live measurement/library path.
tools/compare_analyses.py,207,branches,,align_regions,SURVIVES,,,control-flow guard in align_regions() - live measurement/library path.
tools/compare_analyses.py,210,branches,,align_regions,SURVIVES,,,control-flow guard in align_regions() - live measurement/library path.
tools/compare_analyses.py,215,branches,,align_regions,SURVIVES,,,control-flow guard in align_regions() - live measurement/library path.
tools/compare_analyses.py,216,literals,0.5,align_regions,UNFIT,region-alignment-overlap-tolerance-hand-set,F5,"0.5 alignment overlap tolerance (lenient-OR >=50% of EITHER duration). THE core region-alignment measurement decision; rationale documented, value hand-set (not derived/oracle-established). Governs batch-stop + secondary-metric + oracle-metric alignment (NOT the robust grid, which unions boundaries)."
tools/compare_analyses.py,217,literals,0.5,align_regions,SURVIVES,,,structural index / slice / small numeric literal in library logic - not an inference-affecting constant.
tools/compare_analyses.py,229,functions,_roots_match,,SURVIVES,,,_roots_match(): live instrument function on the measurement/library path.
tools/compare_analyses.py,233,functions,_quality_matches,,SURVIVES,,,_quality_matches(): live instrument function on the measurement/library path.
tools/compare_analyses.py,237,functions,_chord_matches,,SURVIVES,,,_chord_matches(): live instrument function on the measurement/library path.
tools/compare_analyses.py,241,functions,_rn_matches,,SURVIVES,,,_rn_matches(): live instrument function on the measurement/library path.
tools/compare_analyses.py,245,functions,_key_matches,,SURVIVES,,,_key_matches(): live instrument function on the measurement/library path.
tools/compare_analyses.py,247,functions,_tonic,,SURVIVES,,,_tonic(): live instrument function on the measurement/library path.
tools/compare_analyses.py,248,branches,,_tonic,SURVIVES,,,control-flow guard in _tonic() - live measurement/library path.
tools/compare_analyses.py,252,functions,_matches_alternative,,SURVIVES,,,_matches_alternative(): live instrument function on the measurement/library path.
tools/compare_analyses.py,254,branches,,_matches_alternative,SURVIVES,,,control-flow guard in _matches_alternative() - live measurement/library path.
tools/compare_analyses.py,255,branches,,_matches_alternative,SURVIVES,,,control-flow guard in _matches_alternative() - live measurement/library path.
tools/compare_analyses.py,255,literals,99,_matches_alternative,SURVIVES,,,-99 sentinel for a missing alternative rootPitchClass (never a valid pc 0-11).
tools/compare_analyses.py,261,functions,classify,,SURVIVES,,,classify(): live instrument function on the measurement/library path.
tools/compare_analyses.py,262,branches,,classify,SURVIVES,,,control-flow guard in classify() - live measurement/library path.
tools/compare_analyses.py,265,branches,,classify,SURVIVES,,,control-flow guard in classify() - live measurement/library path.
tools/compare_analyses.py,266,branches,,classify,SURVIVES,,,control-flow guard in classify() - live measurement/library path.
tools/compare_analyses.py,268,branches,,classify,SURVIVES,,,control-flow guard in classify() - live measurement/library path.
tools/compare_analyses.py,275,branches,,classify,SURVIVES,,,control-flow guard in classify() - live measurement/library path.
tools/compare_analyses.py,299,functions,summarize,,SURVIVES,,,summarize(): live instrument function on the measurement/library path.
tools/compare_analyses.py,301,branches,,summarize,SURVIVES,,,control-flow guard in summarize() - live measurement/library path.
tools/compare_analyses.py,306,functions,agreement_rate,,SURVIVES,,,agreement_rate(): live instrument function on the measurement/library path.
tools/compare_analyses.py,309,branches,,agreement_rate,SURVIVES,,,control-flow guard in agreement_rate() - live measurement/library path.
tools/compare_analyses.py,315,functions,chord_identity_agreement,,SURVIVES,,,chord_identity_agreement(): live instrument function on the measurement/library path.
tools/compare_analyses.py,324,branches,,chord_identity_agreement,SURVIVES,,,control-flow guard in chord_identity_agreement() - live measurement/library path.
tools/compare_analyses.py,344,functions,three_way_classify,,SURVIVES,,,three_way_classify(): live instrument function on the measurement/library path.
tools/compare_analyses.py,356,branches,,three_way_classify,SURVIVES,,,control-flow guard in three_way_classify() - live measurement/library path.
tools/compare_analyses.py,358,branches,,three_way_classify,SURVIVES,,,control-flow guard in three_way_classify() - live measurement/library path.
tools/compare_analyses.py,362,branches,,three_way_classify,SURVIVES,,,control-flow guard in three_way_classify() - live measurement/library path.
tools/compare_analyses.py,364,branches,,three_way_classify,SURVIVES,,,control-flow guard in three_way_classify() - live measurement/library path.
tools/compare_analyses.py,366,branches,,three_way_classify,SURVIVES,,,control-flow guard in three_way_classify() - live measurement/library path.
tools/compare_analyses.py,371,functions,_extract_mode,,SURVIVES,,,_extract_mode(): live instrument function on the measurement/library path.
tools/compare_analyses.py,374,branches,,_extract_mode,SURVIVES,,,control-flow guard in _extract_mode() - live measurement/library path.
tools/compare_analyses.py,396,functions,_median,,SURVIVES,,,_median(): live instrument function on the measurement/library path.
tools/compare_analyses.py,397,branches,,_median,SURVIVES,,,control-flow guard in _median() - live measurement/library path.
tools/compare_analyses.py,401,branches,,_median,SURVIVES,,,control-flow guard in _median() - live measurement/library path.
tools/compare_analyses.py,401,literals,2,_median,SURVIVES,,,structural index / slice / small numeric literal in library logic - not an inference-affecting constant.
tools/compare_analyses.py,401,literals,0.5,_median,SURVIVES,,,structural index / slice / small numeric literal in library logic - not an inference-affecting constant.
tools/compare_analyses.py,401,literals,2,_median,SURVIVES,,,structural index / slice / small numeric literal in library logic - not an inference-affecting constant.
tools/compare_analyses.py,401,literals,2,_median,SURVIVES,,,structural index / slice / small numeric literal in library logic - not an inference-affecting constant.
tools/compare_analyses.py,401,literals,2,_median,SURVIVES,,,structural index / slice / small numeric literal in library logic - not an inference-affecting constant.
tools/compare_analyses.py,404,functions,_infer_ticks_per_beat,,SURVIVES,,,_infer_ticks_per_beat(): live instrument function on the measurement/library path.
tools/compare_analyses.py,411,branches,,_infer_ticks_per_beat,SURVIVES,,,control-flow guard in _infer_ticks_per_beat() - live measurement/library path.
tools/compare_analyses.py,411,literals,480.0,_infer_ticks_per_beat,ESTABLISHED,,,TICKS_PER_QUARTER (batch_analyze ticks/480 convention); documented + verified tick-for-tick on 18 pieces/3 corpora (audit L4.1). Established measurement constant.
tools/compare_analyses.py,414,functions,_build_measure_anchors,,SURVIVES,,,_build_measure_anchors(): live instrument function on the measurement/library path.
tools/compare_analyses.py,423,branches,,_build_measure_anchors,SURVIVES,,,control-flow guard in _build_measure_anchors() - live measurement/library path.
tools/compare_analyses.py,425,branches,,_build_measure_anchors,SURVIVES,,,control-flow guard in _build_measure_anchors() - live measurement/library path.
tools/compare_analyses.py,430,functions,_dcml_tick_for,,SURVIVES,,,_dcml_tick_for(): live instrument function on the measurement/library path.
tools/compare_analyses.py,435,branches,,_dcml_tick_for,SURVIVES,,,control-flow guard in _dcml_tick_for() - live measurement/library path.
tools/compare_analyses.py,437,branches,,_dcml_tick_for,SURVIVES,,,control-flow guard in _dcml_tick_for() - live measurement/library path.
tools/compare_analyses.py,441,branches,,_dcml_tick_for,SURVIVES,,,control-flow guard in _dcml_tick_for() - live measurement/library path.
tools/compare_analyses.py,447,branches,,_dcml_tick_for,SURVIVES,,,control-flow guard in _dcml_tick_for() - live measurement/library path.
tools/compare_analyses.py,449,literals,4,_dcml_tick_for,UNFIT,measure-length-four-four-assumption-in-extrapolation,F6,`4 * tpb` = hardcoded 4-beats-per-measure assumption in _dcml_tick_for's extrapolation-beyond-anchors fallback. Silent approximation for non-4/4 meters; affects WiR/rntxt alignment (the path lacking abs_tick).
tools/compare_analyses.py,451,branches,,_dcml_tick_for,SURVIVES,,,control-flow guard in _dcml_tick_for() - live measurement/library path.
tools/compare_analyses.py,453,literals,4,_dcml_tick_for,UNFIT,measure-length-four-four-assumption-in-extrapolation,F6,`4 * tpb` (second extrapolation branch) - same hardcoded 4/4 assumption as :449.
tools/compare_analyses.py,458,functions,_dcml_time_spans,,SURVIVES,,,_dcml_time_spans(): live instrument function on the measurement/library path.
tools/compare_analyses.py,465,branches,,_dcml_time_spans,SURVIVES,,,control-flow guard in _dcml_time_spans() - live measurement/library path.
tools/compare_analyses.py,469,branches,,_dcml_time_spans,SURVIVES,,,control-flow guard in _dcml_time_spans() - live measurement/library path.
tools/compare_analyses.py,476,branches,,_dcml_time_spans,SURVIVES,,,control-flow guard in _dcml_time_spans() - live measurement/library path.
tools/compare_analyses.py,481,branches,,_dcml_time_spans,SURVIVES,,,control-flow guard in _dcml_time_spans() - live measurement/library path.
tools/compare_analyses.py,482,branches,,_dcml_time_spans,SURVIVES,,,control-flow guard in _dcml_time_spans() - live measurement/library path.
tools/compare_analyses.py,486,branches,,_dcml_time_spans,SURVIVES,,,control-flow guard in _dcml_time_spans() - live measurement/library path.
tools/compare_analyses.py,487,branches,,_dcml_time_spans,SURVIVES,,,control-flow guard in _dcml_time_spans() - live measurement/library path.
tools/compare_analyses.py,494,functions,_best_dcml_match_by_overlap,,SURVIVES,,,_best_dcml_match_by_overlap(): live instrument function on the measurement/library path.
tools/compare_analyses.py,501,branches,,_best_dcml_match_by_overlap,SURVIVES,,,control-flow guard in _best_dcml_match_by_overlap() - live measurement/library path.
tools/compare_analyses.py,506,branches,,_best_dcml_match_by_overlap,SURVIVES,,,control-flow guard in _best_dcml_match_by_overlap() - live measurement/library path.
tools/compare_analyses.py,507,branches,,_best_dcml_match_by_overlap,SURVIVES,,,control-flow guard in _best_dcml_match_by_overlap() - live measurement/library path.
tools/compare_analyses.py,510,branches,,_best_dcml_match_by_overlap,SURVIVES,,,control-flow guard in _best_dcml_match_by_overlap() - live measurement/library path.
tools/compare_analyses.py,514,branches,,_best_dcml_match_by_overlap,SURVIVES,,,control-flow guard in _best_dcml_match_by_overlap() - live measurement/library path.
tools/compare_analyses.py,516,branches,,_best_dcml_match_by_overlap,SURVIVES,,,control-flow guard in _best_dcml_match_by_overlap() - live measurement/library path.
tools/compare_analyses.py,516,literals,0.5,_best_dcml_match_by_overlap,UNFIT,region-alignment-overlap-tolerance-hand-set,F5,0.5 DCML overlap tolerance (_best_dcml_match_by_overlap) - same hand-set alignment tolerance as :216.
tools/compare_analyses.py,517,literals,0.5,_best_dcml_match_by_overlap,SURVIVES,,,structural index / slice / small numeric literal in library logic - not an inference-affecting constant.
tools/compare_analyses.py,522,functions,align_dcml_regions,,SURVIVES,,,align_dcml_regions(): live instrument function on the measurement/library path.
tools/compare_analyses.py,533,branches,,align_dcml_regions,SURVIVES,,,control-flow guard in align_dcml_regions() - live measurement/library path.
tools/compare_analyses.py,535,branches,,align_dcml_regions,SURVIVES,,,control-flow guard in align_dcml_regions() - live measurement/library path.
tools/compare_analyses.py,542,branches,,align_dcml_regions,SURVIVES,,,control-flow guard in align_dcml_regions() - live measurement/library path.
tools/compare_analyses.py,545,branches,,align_dcml_regions,SURVIVES,,,control-flow guard in align_dcml_regions() - live measurement/library path.
tools/compare_analyses.py,546,branches,,align_dcml_regions,SURVIVES,,,control-flow guard in align_dcml_regions() - live measurement/library path.
tools/compare_analyses.py,549,branches,,align_dcml_regions,SURVIVES,,,control-flow guard in align_dcml_regions() - live measurement/library path.
tools/compare_analyses.py,549,literals,0.5,align_dcml_regions,UNFIT,region-alignment-overlap-tolerance-hand-set,F5,0.5 beat-snap tolerance (legacy align mode) - hand-set; legacy backward-compat path.
tools/compare_analyses.py,564,fields,ours,,SURVIVES,,,DcmlDirectResult.ours: dataclass field on the compare surface - carried/consumed on the measurement path.
tools/compare_analyses.py,565,fields,dcml,,SURVIVES,,,DcmlDirectResult.dcml: dataclass field on the compare surface - carried/consumed on the measurement path.
tools/compare_analyses.py,566,fields,category,,SURVIVES,,,DcmlDirectResult.category: dataclass field on the compare surface - carried/consumed on the measurement path.
tools/compare_analyses.py,574,fields,rn_agree,,SURVIVES,,,DcmlDirectResult.rn_agree: dataclass field on the compare surface - carried/consumed on the measurement path.
tools/compare_analyses.py,577,functions,compare_ours_vs_dcml_direct,,SURVIVES,,,compare_ours_vs_dcml_direct(): live instrument function on the measurement/library path.
tools/compare_analyses.py,597,branches,,compare_ours_vs_dcml_direct,SURVIVES,,,control-flow guard in compare_ours_vs_dcml_direct() - live measurement/library path.
tools/compare_analyses.py,599,branches,,compare_ours_vs_dcml_direct,SURVIVES,,,control-flow guard in compare_ours_vs_dcml_direct() - live measurement/library path.
tools/compare_analyses.py,602,branches,,compare_ours_vs_dcml_direct,SURVIVES,,,control-flow guard in compare_ours_vs_dcml_direct() - live measurement/library path.
tools/compare_analyses.py,604,branches,,compare_ours_vs_dcml_direct,SURVIVES,,,control-flow guard in compare_ours_vs_dcml_direct() - live measurement/library path.
tools/compare_analyses.py,607,branches,,compare_ours_vs_dcml_direct,SURVIVES,,,control-flow guard in compare_ours_vs_dcml_direct() - live measurement/library path.
tools/compare_analyses.py,627,fields,dcml,,SURVIVES,,,DcmlAnchoredResult.dcml: dataclass field on the compare surface - carried/consumed on the measurement path.
tools/compare_analyses.py,628,fields,ours,,SURVIVES,,,DcmlAnchoredResult.ours: dataclass field on the compare surface - carried/consumed on the measurement path.
tools/compare_analyses.py,629,fields,category,,SURVIVES,,,DcmlAnchoredResult.category: dataclass field on the compare surface - carried/consumed on the measurement path.
tools/compare_analyses.py,634,fields,rn_agree,,SURVIVES,,,DcmlAnchoredResult.rn_agree: dataclass field on the compare surface - carried/consumed on the measurement path.
tools/compare_analyses.py,637,functions,compare_dcml_anchored,,SURVIVES,,,compare_dcml_anchored(): live instrument function on the measurement/library path.
tools/compare_analyses.py,652,branches,,compare_dcml_anchored,SURVIVES,,,control-flow guard in compare_dcml_anchored() - live measurement/library path.
tools/compare_analyses.py,659,branches,,compare_dcml_anchored,SURVIVES,,,control-flow guard in compare_dcml_anchored() - live measurement/library path.
tools/compare_analyses.py,660,branches,,compare_dcml_anchored,SURVIVES,,,control-flow guard in compare_dcml_anchored() - live measurement/library path.
tools/compare_analyses.py,666,branches,,compare_dcml_anchored,SURVIVES,,,control-flow guard in compare_dcml_anchored() - live measurement/library path.
tools/compare_analyses.py,668,branches,,compare_dcml_anchored,SURVIVES,,,control-flow guard in compare_dcml_anchored() - live measurement/library path.
tools/compare_analyses.py,671,branches,,compare_dcml_anchored,SURVIVES,,,control-flow guard in compare_dcml_anchored() - live measurement/library path.
tools/compare_analyses.py,678,branches,,compare_dcml_anchored,SURVIVES,,,control-flow guard in compare_dcml_anchored() - live measurement/library path.
tools/compare_analyses.py,680,branches,,compare_dcml_anchored,SURVIVES,,,control-flow guard in compare_dcml_anchored() - live measurement/library path.
tools/compare_analyses.py,691,functions,dcml_anchored_summarize,,SURVIVES,,,dcml_anchored_summarize(): live instrument function on the measurement/library path.
tools/compare_analyses.py,739,branches,,dcml_anchored_summarize,SURVIVES,,,control-flow guard in dcml_anchored_summarize() - live measurement/library path.
tools/compare_analyses.py,739,literals,100,dcml_anchored_summarize,SURVIVES,,,x100 percentage scaling in a report/summary - presentation.
tools/compare_analyses.py,740,branches,,dcml_anchored_summarize,SURVIVES,,,control-flow guard in dcml_anchored_summarize() - live measurement/library path.
tools/compare_analyses.py,740,literals,100,dcml_anchored_summarize,SURVIVES,,,x100 percentage scaling in a report/summary - presentation.
tools/compare_analyses.py,742,branches,,dcml_anchored_summarize,SURVIVES,,,control-flow guard in dcml_anchored_summarize() - live measurement/library path.
tools/compare_analyses.py,742,literals,100,dcml_anchored_summarize,SURVIVES,,,x100 percentage scaling in a report/summary - presentation.
tools/compare_analyses.py,746,branches,,dcml_anchored_summarize,SURVIVES,,,control-flow guard in dcml_anchored_summarize() - live measurement/library path.
tools/compare_analyses.py,746,literals,100,dcml_anchored_summarize,SURVIVES,,,x100 percentage scaling in a report/summary - presentation.
tools/compare_analyses.py,752,functions,dcml_direct_summarize,,SURVIVES,,,dcml_direct_summarize(): live instrument function on the measurement/library path.
tools/compare_analyses.py,792,branches,,dcml_direct_summarize,SURVIVES,,,control-flow guard in dcml_direct_summarize() - live measurement/library path.
tools/compare_analyses.py,792,literals,100,dcml_direct_summarize,SURVIVES,,,x100 percentage scaling in a report/summary - presentation.
tools/compare_analyses.py,793,branches,,dcml_direct_summarize,SURVIVES,,,control-flow guard in dcml_direct_summarize() - live measurement/library path.
tools/compare_analyses.py,793,literals,100,dcml_direct_summarize,SURVIVES,,,x100 percentage scaling in a report/summary - presentation.
tools/compare_analyses.py,794,branches,,dcml_direct_summarize,SURVIVES,,,control-flow guard in dcml_direct_summarize() - live measurement/library path.
tools/compare_analyses.py,794,literals,100,dcml_direct_summarize,SURVIVES,,,x100 percentage scaling in a report/summary - presentation.
tools/compare_analyses.py,796,branches,,dcml_direct_summarize,SURVIVES,,,control-flow guard in dcml_direct_summarize() - live measurement/library path.
tools/compare_analyses.py,796,literals,100,dcml_direct_summarize,SURVIVES,,,x100 percentage scaling in a report/summary - presentation.
tools/compare_analyses.py,800,branches,,dcml_direct_summarize,SURVIVES,,,control-flow guard in dcml_direct_summarize() - live measurement/library path.
tools/compare_analyses.py,800,literals,100,dcml_direct_summarize,SURVIVES,,,x100 percentage scaling in a report/summary - presentation.
tools/compare_analyses.py,806,functions,three_way_summarize,,SURVIVES,,,three_way_summarize(): live instrument function on the measurement/library path.
tools/compare_analyses.py,809,branches,,three_way_summarize,SURVIVES,,,control-flow guard in three_way_summarize() - live measurement/library path.
tools/compare_analyses.py,814,functions,mode_breakdown_of_errors,,SURVIVES,,,mode_breakdown_of_errors(): live instrument function on the measurement/library path.
tools/compare_analyses.py,820,branches,,mode_breakdown_of_errors,SURVIVES,,,control-flow guard in mode_breakdown_of_errors() - live measurement/library path.
tools/compare_analyses.py,821,branches,,mode_breakdown_of_errors,SURVIVES,,,control-flow guard in mode_breakdown_of_errors() - live measurement/library path.
tools/compare_analyses.py,827,functions,bass_is_root_breakdown,,SURVIVES,,,bass_is_root_breakdown(): live instrument function on the measurement/library path.
tools/compare_analyses.py,837,branches,,bass_is_root_breakdown,SURVIVES,,,control-flow guard in bass_is_root_breakdown() - live measurement/library path.
tools/compare_analyses.py,838,branches,,bass_is_root_breakdown,SURVIVES,,,control-flow guard in bass_is_root_breakdown() - live measurement/library path.
tools/compare_analyses.py,842,branches,,bass_is_root_breakdown,SURVIVES,,,control-flow guard in bass_is_root_breakdown() - live measurement/library path.
tools/compare_analyses.py,844,branches,,bass_is_root_breakdown,SURVIVES,,,control-flow guard in bass_is_root_breakdown() - live measurement/library path.
tools/compare_analyses.py,846,branches,,bass_is_root_breakdown,SURVIVES,,,control-flow guard in bass_is_root_breakdown() - live measurement/library path.
tools/compare_analyses.py,849,functions,note_count_breakdown,,SURVIVES,,,note_count_breakdown(): live instrument function on the measurement/library path.
tools/compare_analyses.py,857,branches,,note_count_breakdown,SURVIVES,,,control-flow guard in note_count_breakdown() - live measurement/library path.
tools/compare_analyses.py,858,branches,,note_count_breakdown,SURVIVES,,,control-flow guard in note_count_breakdown() - live measurement/library path.
tools/compare_analyses.py,862,branches,,note_count_breakdown,SURVIVES,,,control-flow guard in note_count_breakdown() - live measurement/library path.
tools/compare_analyses.py,865,branches,,note_count_breakdown,SURVIVES,,,control-flow guard in note_count_breakdown() - live measurement/library path.
tools/compare_analyses.py,867,branches,,note_count_breakdown,SURVIVES,,,control-flow guard in note_count_breakdown() - live measurement/library path.
tools/compare_analyses.py,870,functions,score_margin_by_category,,SURVIVES,,,score_margin_by_category(): live instrument function on the measurement/library path.
tools/compare_analyses.py,883,branches,,score_margin_by_category,SURVIVES,,,control-flow guard in score_margin_by_category() - live measurement/library path.
tools/compare_analyses.py,884,branches,,score_margin_by_category,SURVIVES,,,control-flow guard in score_margin_by_category() - live measurement/library path.
tools/compare_analyses.py,887,branches,,score_margin_by_category,SURVIVES,,,control-flow guard in score_margin_by_category() - live measurement/library path.
tools/compare_analyses.py,889,branches,,score_margin_by_category,SURVIVES,,,control-flow guard in score_margin_by_category() - live measurement/library path.
tools/compare_analyses.py,892,branches,,score_margin_by_category,SURVIVES,,,control-flow guard in score_margin_by_category() - live measurement/library path.
tools/compare_analyses.py,893,branches,,score_margin_by_category,SURVIVES,,,control-flow guard in score_margin_by_category() - live measurement/library path.
tools/compare_analyses.py,897,literals,0.5,score_margin_by_category,SURVIVES,,,structural index / slice / small numeric literal in library logic - not an inference-affecting constant.
tools/compare_analyses.py,910,functions,print_report,,SURVIVES,,,print_report(): live instrument function on the measurement/library path.
tools/compare_analyses.py,916,literals,70,print_report,SURVIVES,,,report formatting literal (bar width / separator / truncation) - presentation.
tools/compare_analyses.py,923,literals,70,print_report,SURVIVES,,,report formatting literal (bar width / separator / truncation) - presentation.
tools/compare_analyses.py,925,branches,,print_report,SURVIVES,,,control-flow guard in print_report() - live measurement/library path.
tools/compare_analyses.py,927,literals,40,print_report,SURVIVES,,,report formatting literal (bar width / separator / truncation) - presentation.
tools/compare_analyses.py,927,literals,40,print_report,SURVIVES,,,report formatting literal (bar width / separator / truncation) - presentation.
tools/compare_analyses.py,937,branches,,print_report,SURVIVES,,,control-flow guard in print_report() - live measurement/library path.
tools/compare_analyses.py,939,branches,,print_report,SURVIVES,,,control-flow guard in print_report() - live measurement/library path.
tools/compare_analyses.py,939,literals,20,print_report,SURVIVES,,,structural index / slice / small numeric literal in library logic - not an inference-affecting constant.
tools/compare_analyses.py,941,branches,,print_report,SURVIVES,,,control-flow guard in print_report() - live measurement/library path.
tools/compare_analyses.py,943,branches,,print_report,SURVIVES,,,control-flow guard in print_report() - live measurement/library path.
tools/compare_analyses.py,945,branches,,print_report,SURVIVES,,,control-flow guard in print_report() - live measurement/library path.
tools/compare_analyses.py,945,literals,20,print_report,SURVIVES,,,structural index / slice / small numeric literal in library logic - not an inference-affecting constant.
tools/compare_analyses.py,946,literals,20,print_report,SURVIVES,,,structural index / slice / small numeric literal in library logic - not an inference-affecting constant.
tools/compare_analyses.py,952,branches,,print_report,SURVIVES,,,control-flow guard in print_report() - live measurement/library path.
tools/compare_analyses.py,962,branches,,print_report,SURVIVES,,,control-flow guard in print_report() - live measurement/library path.
tools/compare_analyses.py,964,branches,,print_report,SURVIVES,,,control-flow guard in print_report() - live measurement/library path.
tools/compare_analyses.py,970,branches,,print_report,SURVIVES,,,control-flow guard in print_report() - live measurement/library path.
tools/compare_analyses.py,972,branches,,print_report,SURVIVES,,,control-flow guard in print_report() - live measurement/library path.
tools/compare_analyses.py,974,branches,,print_report,SURVIVES,,,control-flow guard in print_report() - live measurement/library path.
tools/compare_analyses.py,979,branches,,print_report,SURVIVES,,,control-flow guard in print_report() - live measurement/library path.
tools/compare_analyses.py,981,branches,,print_report,SURVIVES,,,control-flow guard in print_report() - live measurement/library path.
tools/compare_analyses.py,989,branches,,print_report,SURVIVES,,,control-flow guard in print_report() - live measurement/library path.
tools/compare_analyses.py,992,branches,,print_report,SURVIVES,,,control-flow guard in print_report() - live measurement/library path.
tools/compare_analyses.py,999,branches,,print_report,SURVIVES,,,control-flow guard in print_report() - live measurement/library path.
tools/compare_analyses.py,1001,branches,,print_report,SURVIVES,,,control-flow guard in print_report() - live measurement/library path.
tools/compare_analyses.py,1003,branches,,print_report,SURVIVES,,,control-flow guard in print_report() - live measurement/library path.
tools/compare_analyses.py,1033,functions,render_html_fragment,,SURVIVES,,,render_html_fragment(): live instrument function on the measurement/library path.
tools/compare_analyses.py,1045,branches,,render_html_fragment,SURVIVES,,,control-flow guard in render_html_fragment() - live measurement/library path.
tools/compare_analyses.py,1047,branches,,render_html_fragment,SURVIVES,,,control-flow guard in render_html_fragment() - live measurement/library path.
tools/compare_analyses.py,1048,branches,,render_html_fragment,SURVIVES,,,control-flow guard in render_html_fragment() - live measurement/library path.
tools/compare_analyses.py,1049,branches,,render_html_fragment,SURVIVES,,,control-flow guard in render_html_fragment() - live measurement/library path.
tools/compare_analyses.py,1050,branches,,render_html_fragment,SURVIVES,,,control-flow guard in render_html_fragment() - live measurement/library path.
tools/compare_analyses.py,1052,branches,,render_html_fragment,SURVIVES,,,control-flow guard in render_html_fragment() - live measurement/library path.
tools/compare_analyses.py,1077,branches,,render_html_fragment,SURVIVES,,,control-flow guard in render_html_fragment() - live measurement/library path.
tools/compare_analyses.py,1085,branches,,render_html_fragment,SURVIVES,,,control-flow guard in render_html_fragment() - live measurement/library path.
tools/compare_analyses.py,1116,functions,compare_files,,SURVIVES,,,compare_files(): live instrument function on the measurement/library path.
tools/compare_analyses.py,1132,branches,,compare_files,SURVIVES,,,control-flow guard in compare_files() - live measurement/library path.
tools/compare_analyses.py,1135,branches,,compare_files,SURVIVES,,,control-flow guard in compare_files() - live measurement/library path.
tools/compare_analyses.py,1137,branches,,compare_files,SURVIVES,,,control-flow guard in compare_files() - live measurement/library path.
tools/compare_analyses.py,1138,branches,,compare_files,SURVIVES,,,control-flow guard in compare_files() - live measurement/library path.
tools/compare_analyses.py,1148,functions,main,,SURVIVES,,,main(): live instrument function on the measurement/library path.
tools/compare_analyses.py,1161,branches,,main,SURVIVES,,,control-flow guard in main() - live measurement/library path.
tools/compare_analyses.py,1163,io,write_text,main,SURVIVES,,,write_text in main() - read/write of the measurement I/O surface.
tools/compare_analyses.py,1167,branches,,<module-scope>,SURVIVES,,,control-flow guard in <module-scope>() - live measurement/library path.
tools/compare_rn.py,70,branches,,<module-scope>,SURVIVES,,,control-flow guard in <module-scope>() - live measurement/library path.
tools/compare_rn.py,77,crosslayer,compare_analyses,,SURVIVES,,,"internal import of compare_analyses - measurement-chain unification DAG (reuse, not duplication)."
tools/compare_rn.py,78,crosslayer,dcml_parser,,SURVIVES,,,"internal import of dcml_parser - measurement-chain unification DAG (reuse, not duplication)."
tools/compare_rn.py,120,functions,normalise_rn,,SURVIVES,normalise-rn-strips-all-parenthetical-figures,F11,normalise_rn strips ALL parenthetical figures on BOTH sides (_PAREN_FIG_RE): DCML 'V(b9)' vs ours 'V' scores 'exact'. Documented leniency but it can mask a real extension difference in the exact/partial split.
tools/compare_rn.py,123,branches,,normalise_rn,SURVIVES,,,control-flow guard in normalise_rn() - live measurement/library path.
tools/compare_rn.py,133,functions,split_rn,,SURVIVES,,,split_rn(): live instrument function on the measurement/library path.
tools/compare_rn.py,139,branches,,split_rn,SURVIVES,,,control-flow guard in split_rn() - live measurement/library path.
tools/compare_rn.py,147,branches,,split_rn,SURVIVES,,,control-flow guard in split_rn() - live measurement/library path.
tools/compare_rn.py,150,branches,,split_rn,SURVIVES,,,control-flow guard in split_rn() - live measurement/library path.
tools/compare_rn.py,155,functions,_same_quality,,SURVIVES,,,_same_quality(): live instrument function on the measurement/library path.
tools/compare_rn.py,164,functions,extract_quality,,SURVIVES,,,extract_quality(): live instrument function on the measurement/library path.
tools/compare_rn.py,172,branches,,extract_quality,SURVIVES,,,control-flow guard in extract_quality() - live measurement/library path.
tools/compare_rn.py,175,branches,,extract_quality,SURVIVES,,,control-flow guard in extract_quality() - live measurement/library path.
tools/compare_rn.py,194,branches,,extract_quality,SURVIVES,,,control-flow guard in extract_quality() - live measurement/library path.
tools/compare_rn.py,195,branches,,extract_quality,SURVIVES,,,control-flow guard in extract_quality() - live measurement/library path.
tools/compare_rn.py,196,branches,,extract_quality,SURVIVES,,,control-flow guard in extract_quality() - live measurement/library path.
tools/compare_rn.py,197,branches,,extract_quality,SURVIVES,,,control-flow guard in extract_quality() - live measurement/library path.
tools/compare_rn.py,198,branches,,extract_quality,SURVIVES,,,control-flow guard in extract_quality() - live measurement/library path.
tools/compare_rn.py,199,branches,,extract_quality,SURVIVES,,,control-flow guard in extract_quality() - live measurement/library path.
tools/compare_rn.py,200,branches,,extract_quality,SURVIVES,,,control-flow guard in extract_quality() - live measurement/library path.
tools/compare_rn.py,201,branches,,extract_quality,SURVIVES,,,control-flow guard in extract_quality() - live measurement/library path.
tools/compare_rn.py,203,branches,,extract_quality,SURVIVES,,,control-flow guard in extract_quality() - live measurement/library path.
tools/compare_rn.py,207,branches,,extract_quality,SURVIVES,,,control-flow guard in extract_quality() - live measurement/library path.
tools/compare_rn.py,209,branches,,extract_quality,SURVIVES,,,control-flow guard in extract_quality() - live measurement/library path.
tools/compare_rn.py,222,finding(auditor),note-name-to-pc-mapping-duplicated-three-sites,,SURVIVES,note-name-to-pc-mapping-duplicated-three-sites,F9,"note-name->pitch-class mapping is DUPLICATED across three sites: dcml_parser._NOTE_TO_PC (:124) and compare_rn._KB_NOTE_DCML (:222) / _KB_NOTE_OURS (:223). One concern (#6) in 3 copies; the _KB_ pair is a declared verbatim port of key_confound.py, still un-unified. (The individual pc values are FACT theory constants; this row records the structural duplication.)"
tools/compare_rn.py,222,literals,2,<module-scope>,FACT,,,"pitch-class / diatonic-degree / modular-interval constant (music theory) - e.g. note->pc, scale-degree semitone table, or octave-12 arithmetic."
tools/compare_rn.py,222,literals,4,<module-scope>,FACT,,,"pitch-class / diatonic-degree / modular-interval constant (music theory) - e.g. note->pc, scale-degree semitone table, or octave-12 arithmetic."
tools/compare_rn.py,222,literals,5,<module-scope>,FACT,,,"pitch-class / diatonic-degree / modular-interval constant (music theory) - e.g. note->pc, scale-degree semitone table, or octave-12 arithmetic."
tools/compare_rn.py,222,literals,7,<module-scope>,FACT,,,"pitch-class / diatonic-degree / modular-interval constant (music theory) - e.g. note->pc, scale-degree semitone table, or octave-12 arithmetic."
tools/compare_rn.py,222,literals,9,<module-scope>,FACT,,,"pitch-class / diatonic-degree / modular-interval constant (music theory) - e.g. note->pc, scale-degree semitone table, or octave-12 arithmetic."
tools/compare_rn.py,222,literals,11,<module-scope>,FACT,,,"pitch-class / diatonic-degree / modular-interval constant (music theory) - e.g. note->pc, scale-degree semitone table, or octave-12 arithmetic."
tools/compare_rn.py,223,literals,2,<module-scope>,FACT,,,"pitch-class / diatonic-degree / modular-interval constant (music theory) - e.g. note->pc, scale-degree semitone table, or octave-12 arithmetic."
tools/compare_rn.py,223,literals,4,<module-scope>,FACT,,,"pitch-class / diatonic-degree / modular-interval constant (music theory) - e.g. note->pc, scale-degree semitone table, or octave-12 arithmetic."
tools/compare_rn.py,223,literals,5,<module-scope>,FACT,,,"pitch-class / diatonic-degree / modular-interval constant (music theory) - e.g. note->pc, scale-degree semitone table, or octave-12 arithmetic."
tools/compare_rn.py,223,literals,7,<module-scope>,FACT,,,"pitch-class / diatonic-degree / modular-interval constant (music theory) - e.g. note->pc, scale-degree semitone table, or octave-12 arithmetic."
tools/compare_rn.py,223,literals,9,<module-scope>,FACT,,,"pitch-class / diatonic-degree / modular-interval constant (music theory) - e.g. note->pc, scale-degree semitone table, or octave-12 arithmetic."
tools/compare_rn.py,223,literals,11,<module-scope>,FACT,,,"pitch-class / diatonic-degree / modular-interval constant (music theory) - e.g. note->pc, scale-degree semitone table, or octave-12 arithmetic."
tools/compare_rn.py,254,functions,_mode_is_major,,SURVIVES,,,_mode_is_major(): live instrument function on the measurement/library path.
tools/compare_rn.py,257,literals,3,_mode_is_major,SURVIVES,,,structural index / slice / small numeric literal in library logic - not an inference-affecting constant.
tools/compare_rn.py,260,functions,_dcml_key_tonic,,SURVIVES,,,_dcml_key_tonic(): live instrument function on the measurement/library path.
tools/compare_rn.py,263,branches,,_dcml_key_tonic,SURVIVES,,,control-flow guard in _dcml_key_tonic() - live measurement/library path.
tools/compare_rn.py,266,branches,,_dcml_key_tonic,SURVIVES,,,control-flow guard in _dcml_key_tonic() - live measurement/library path.
tools/compare_rn.py,268,literals,2,_dcml_key_tonic,SURVIVES,,,structural index / slice / small numeric literal in library logic - not an inference-affecting constant.
tools/compare_rn.py,270,literals,12,_dcml_key_tonic,FACT,,,"pitch-class / diatonic-degree / modular-interval constant (music theory) - e.g. note->pc, scale-degree semitone table, or octave-12 arithmetic."
tools/compare_rn.py,273,functions,_our_key_tonic,,SURVIVES,,,_our_key_tonic(): live instrument function on the measurement/library path.
tools/compare_rn.py,279,branches,,_our_key_tonic,SURVIVES,,,control-flow guard in _our_key_tonic() - live measurement/library path.
tools/compare_rn.py,282,branches,,_our_key_tonic,SURVIVES,,,control-flow guard in _our_key_tonic() - live measurement/library path.
tools/compare_rn.py,284,literals,2,_our_key_tonic,SURVIVES,,,structural index / slice / small numeric literal in library logic - not an inference-affecting constant.
tools/compare_rn.py,284,literals,3,_our_key_tonic,SURVIVES,,,structural index / slice / small numeric literal in library logic - not an inference-affecting constant.
tools/compare_rn.py,285,branches,,_our_key_tonic,SURVIVES,,,control-flow guard in _our_key_tonic() - live measurement/library path.
tools/compare_rn.py,285,branches,,_our_key_tonic,SURVIVES,,,control-flow guard in _our_key_tonic() - live measurement/library path.
tools/compare_rn.py,286,literals,12,_our_key_tonic,FACT,,,"pitch-class / diatonic-degree / modular-interval constant (music theory) - e.g. note->pc, scale-degree semitone table, or octave-12 arithmetic."
tools/compare_rn.py,289,functions,key_disagree_subtag,,SURVIVES,,,key_disagree_subtag(): live instrument function on the measurement/library path.
tools/compare_rn.py,301,branches,,key_disagree_subtag,SURVIVES,,,control-flow guard in key_disagree_subtag() - live measurement/library path.
tools/compare_rn.py,304,branches,,key_disagree_subtag,SURVIVES,,,control-flow guard in key_disagree_subtag() - live measurement/library path.
tools/compare_rn.py,318,fields,measure,,SURVIVES,,,RnPair.measure: dataclass field on the compare surface - carried/consumed on the measurement path.
tools/compare_rn.py,319,fields,beat,,SURVIVES,,,RnPair.beat: dataclass field on the compare surface - carried/consumed on the measurement path.
tools/compare_rn.py,320,fields,ours_rn_raw,,SURVIVES,,,RnPair.ours_rn_raw: dataclass field on the compare surface - carried/consumed on the measurement path.
tools/compare_rn.py,321,fields,dcml_rn_raw,,SURVIVES,,,RnPair.dcml_rn_raw: dataclass field on the compare surface - carried/consumed on the measurement path.
tools/compare_rn.py,322,fields,ours_rn,,SURVIVES,,,RnPair.ours_rn: dataclass field on the compare surface - carried/consumed on the measurement path.
tools/compare_rn.py,323,fields,dcml_rn,,SURVIVES,,,RnPair.dcml_rn: dataclass field on the compare surface - carried/consumed on the measurement path.
tools/compare_rn.py,324,fields,ours_root_pc,,SURVIVES,,,RnPair.ours_root_pc: dataclass field on the compare surface - carried/consumed on the measurement path.
tools/compare_rn.py,325,fields,dcml_root_pc,,SURVIVES,,,RnPair.dcml_root_pc: dataclass field on the compare surface - carried/consumed on the measurement path.
tools/compare_rn.py,326,fields,category,,SURVIVES,,,RnPair.category: dataclass field on the compare surface - carried/consumed on the measurement path.
tools/compare_rn.py,329,functions,classify_pair,,SURVIVES,,,classify_pair(): live instrument function on the measurement/library path.
tools/compare_rn.py,333,branches,,classify_pair,SURVIVES,,,control-flow guard in classify_pair() - live measurement/library path.
tools/compare_rn.py,335,branches,,classify_pair,SURVIVES,,,control-flow guard in classify_pair() - live measurement/library path.
tools/compare_rn.py,348,branches,,classify_pair,SURVIVES,,,control-flow guard in classify_pair() - live measurement/library path.
tools/compare_rn.py,349,branches,,classify_pair,SURVIVES,,,control-flow guard in classify_pair() - live measurement/library path.
tools/compare_rn.py,370,branches,,classify_pair,SURVIVES,,,control-flow guard in classify_pair() - live measurement/library path.
tools/compare_rn.py,372,branches,,classify_pair,SURVIVES,,,control-flow guard in classify_pair() - live measurement/library path.
tools/compare_rn.py,376,branches,,classify_pair,SURVIVES,,,control-flow guard in classify_pair() - live measurement/library path.
tools/compare_rn.py,379,branches,,classify_pair,SURVIVES,,,control-flow guard in classify_pair() - live measurement/library path.
tools/compare_rn.py,400,fields,movements,,SURVIVES,,,PieceStats.movements: dataclass field on the compare surface - carried/consumed on the measurement path.
tools/compare_rn.py,401,fields,matched,,SURVIVES,,,PieceStats.matched: dataclass field on the compare surface - carried/consumed on the measurement path.
tools/compare_rn.py,402,fields,exact,,SURVIVES,,,PieceStats.exact: dataclass field on the compare surface - carried/consumed on the measurement path.
tools/compare_rn.py,403,fields,partial,,SURVIVES,,,PieceStats.partial: dataclass field on the compare surface - carried/consumed on the measurement path.
tools/compare_rn.py,404,fields,key_disagree,,SURVIVES,,,PieceStats.key_disagree: dataclass field on the compare surface - carried/consumed on the measurement path.
tools/compare_rn.py,405,fields,quality_disagree,,SURVIVES,,,PieceStats.quality_disagree: dataclass field on the compare surface - carried/consumed on the measurement path.
tools/compare_rn.py,406,fields,root_err,,SURVIVES,,,PieceStats.root_err: dataclass field on the compare surface - carried/consumed on the measurement path.
tools/compare_rn.py,407,fields,patterns,,SURVIVES,,,PieceStats.patterns: dataclass field on the compare surface - carried/consumed on the measurement path.
tools/compare_rn.py,410,fields,qe_quality_pairs,,SURVIVES,,,PieceStats.qe_quality_pairs: dataclass field on the compare surface - carried/consumed on the measurement path.
tools/compare_rn.py,411,fields,qe_rn_pairs,,SURVIVES,,,PieceStats.qe_rn_pairs: dataclass field on the compare surface - carried/consumed on the measurement path.
tools/compare_rn.py,415,fields,root_aligned,,SURVIVES,,,PieceStats.root_aligned: dataclass field on the compare surface - carried/consumed on the measurement path.
tools/compare_rn.py,416,fields,root_agree,,SURVIVES,,,PieceStats.root_agree: dataclass field on the compare surface - carried/consumed on the measurement path.
tools/compare_rn.py,421,fields,kd_eq_global,,SURVIVES,,,PieceStats.kd_eq_global: dataclass field on the compare surface - carried/consumed on the measurement path.
tools/compare_rn.py,422,fields,kd_ne_global,,SURVIVES,,,PieceStats.kd_ne_global: dataclass field on the compare surface - carried/consumed on the measurement path.
tools/compare_rn.py,423,fields,kd_keyfail,,SURVIVES,,,PieceStats.kd_keyfail: dataclass field on the compare surface - carried/consumed on the measurement path.
tools/compare_rn.py,426,fields,keyparse_fail,,SURVIVES,,,PieceStats.keyparse_fail: dataclass field on the compare surface - carried/consumed on the measurement path.
tools/compare_rn.py,428,functions,__post_init__,,SURVIVES,,,__post_init__(): live instrument function on the measurement/library path.
tools/compare_rn.py,429,branches,,__post_init__,SURVIVES,,,control-flow guard in __post_init__() - live measurement/library path.
tools/compare_rn.py,431,branches,,__post_init__,SURVIVES,,,control-flow guard in __post_init__() - live measurement/library path.
tools/compare_rn.py,433,branches,,__post_init__,SURVIVES,,,control-flow guard in __post_init__() - live measurement/library path.
tools/compare_rn.py,436,functions,add,,SURVIVES,,,add(): live instrument function on the measurement/library path.
tools/compare_rn.py,455,functions,score_regions,,SURVIVES,,,score_regions(): live instrument function on the measurement/library path.
tools/compare_rn.py,465,branches,,score_regions,SURVIVES,,,control-flow guard in score_regions() - live measurement/library path.
tools/compare_rn.py,466,branches,,score_regions,SURVIVES,,,control-flow guard in score_regions() - live measurement/library path.
tools/compare_rn.py,469,branches,,score_regions,SURVIVES,,,control-flow guard in score_regions() - live measurement/library path.
tools/compare_rn.py,471,branches,,score_regions,SURVIVES,,,control-flow guard in score_regions() - live measurement/library path.
tools/compare_rn.py,474,branches,,score_regions,SURVIVES,,,control-flow guard in score_regions() - live measurement/library path.
tools/compare_rn.py,478,branches,,score_regions,SURVIVES,,,control-flow guard in score_regions() - live measurement/library path.
tools/compare_rn.py,480,branches,,score_regions,SURVIVES,,,control-flow guard in score_regions() - live measurement/library path.
tools/compare_rn.py,482,branches,,score_regions,SURVIVES,,,control-flow guard in score_regions() - live measurement/library path.
tools/compare_rn.py,484,branches,,score_regions,SURVIVES,,,control-flow guard in score_regions() - live measurement/library path.
tools/compare_rn.py,487,branches,,score_regions,SURVIVES,,,control-flow guard in score_regions() - live measurement/library path.
tools/compare_rn.py,489,branches,,score_regions,SURVIVES,,,control-flow guard in score_regions() - live measurement/library path.
tools/compare_rn.py,494,branches,,score_regions,SURVIVES,,,control-flow guard in score_regions() - live measurement/library path.
tools/compare_rn.py,502,branches,,score_regions,SURVIVES,,,control-flow guard in score_regions() - live measurement/library path.
tools/compare_rn.py,504,branches,,score_regions,SURVIVES,,,control-flow guard in score_regions() - live measurement/library path.
tools/compare_rn.py,510,functions,score_piece,,SURVIVES,,,score_piece(): live instrument function on the measurement/library path.
tools/compare_rn.py,512,branches,,score_piece,SURVIVES,,,control-flow guard in score_piece() - live measurement/library path.
tools/compare_rn.py,514,finding(auditor),score-piece-bare-except-silent-whole-piece-drop,,SURVIVES,score-piece-bare-except-silent-whole-piece-drop,F10,score_piece bare `except Exception: return None`: a corrupt ours.json/tsv silently drops the WHOLE piece from the aggregate with no skip counter (unlike dcml_parser's skipped-collector). A systematically failing piece silently shrinks the denominator.
tools/compare_rn.py,516,branches,,score_piece,SURVIVES,,,control-flow guard in score_piece() - live measurement/library path.
tools/compare_rn.py,520,branches,,score_piece,SURVIVES,,,control-flow guard in score_piece() - live measurement/library path.
tools/compare_rn.py,527,functions,_find_tsv,,SURVIVES,,,_find_tsv(): live instrument function on the measurement/library path.
tools/compare_rn.py,528,branches,,_find_tsv,SURVIVES,,,control-flow guard in _find_tsv() - live measurement/library path.
tools/compare_rn.py,530,branches,,_find_tsv,SURVIVES,,,control-flow guard in _find_tsv() - live measurement/library path.
tools/compare_rn.py,535,functions,score_corpus,,SURVIVES,,,score_corpus(): live instrument function on the measurement/library path.
tools/compare_rn.py,536,branches,,score_corpus,SURVIVES,,,control-flow guard in score_corpus() - live measurement/library path.
tools/compare_rn.py,538,io,glob,score_corpus,SURVIVES,,,glob in score_corpus() - read/write of the measurement I/O surface.
tools/compare_rn.py,539,branches,,score_corpus,SURVIVES,,,control-flow guard in score_corpus() - live measurement/library path.
tools/compare_rn.py,542,branches,,score_corpus,SURVIVES,,,control-flow guard in score_corpus() - live measurement/library path.
tools/compare_rn.py,545,branches,,score_corpus,SURVIVES,,,control-flow guard in score_corpus() - live measurement/library path.
tools/compare_rn.py,548,branches,,score_corpus,SURVIVES,,,control-flow guard in score_corpus() - live measurement/library path.
tools/compare_rn.py,550,branches,,score_corpus,SURVIVES,,,control-flow guard in score_corpus() - live measurement/library path.
tools/compare_rn.py,553,functions,discover_corpora,,SURVIVES,,,discover_corpora(): live instrument function on the measurement/library path.
tools/compare_rn.py,556,branches,,discover_corpora,SURVIVES,,,control-flow guard in discover_corpora() - live measurement/library path.
tools/compare_rn.py,558,branches,,discover_corpora,SURVIVES,,,control-flow guard in discover_corpora() - live measurement/library path.
tools/compare_rn.py,558,io,glob,discover_corpora,SURVIVES,,,glob in discover_corpora() - read/write of the measurement I/O surface.
tools/compare_rn.py,559,branches,,discover_corpora,SURVIVES,,,control-flow guard in discover_corpora() - live measurement/library path.
tools/compare_rn.py,562,branches,,discover_corpora,SURVIVES,,,control-flow guard in discover_corpora() - live measurement/library path.
tools/compare_rn.py,579,fields,pieces,,SURVIVES,,,GridStats.pieces: dataclass field on the compare surface - carried/consumed on the measurement path.
tools/compare_rn.py,580,fields,scored_dur,,SURVIVES,,,GridStats.scored_dur: dataclass field on the compare surface - carried/consumed on the measurement path.
tools/compare_rn.py,581,fields,unscored_dur,,SURVIVES,,,GridStats.unscored_dur: dataclass field on the compare surface - carried/consumed on the measurement path.
tools/compare_rn.py,582,fields,bucket_dur,,SURVIVES,,,GridStats.bucket_dur: dataclass field on the compare surface - carried/consumed on the measurement path.
tools/compare_rn.py,584,functions,__post_init__,,SURVIVES,,,__post_init__(): live instrument function on the measurement/library path.
tools/compare_rn.py,585,branches,,__post_init__,SURVIVES,,,control-flow guard in __post_init__() - live measurement/library path.
tools/compare_rn.py,588,functions,add,,SURVIVES,,,add(): live instrument function on the measurement/library path.
tools/compare_rn.py,595,functions,_active_index_at,,SURVIVES,,,_active_index_at(): live instrument function on the measurement/library path.
tools/compare_rn.py,599,branches,,_active_index_at,SURVIVES,,,control-flow guard in _active_index_at() - live measurement/library path.
tools/compare_rn.py,600,branches,,_active_index_at,SURVIVES,,,control-flow guard in _active_index_at() - live measurement/library path.
tools/compare_rn.py,605,functions,grid_score_regions,,SURVIVES,,,grid_score_regions(): live instrument function on the measurement/library path.
tools/compare_rn.py,612,branches,,grid_score_regions,SURVIVES,,,control-flow guard in grid_score_regions() - live measurement/library path.
tools/compare_rn.py,618,branches,,grid_score_regions,SURVIVES,,,control-flow guard in grid_score_regions() - live measurement/library path.
tools/compare_rn.py,619,branches,,grid_score_regions,SURVIVES,,,control-flow guard in grid_score_regions() - live measurement/library path.
tools/compare_rn.py,622,branches,,grid_score_regions,SURVIVES,,,control-flow guard in grid_score_regions() - live measurement/library path.
tools/compare_rn.py,623,branches,,grid_score_regions,SURVIVES,,,control-flow guard in grid_score_regions() - live measurement/library path.
tools/compare_rn.py,626,branches,,grid_score_regions,SURVIVES,,,control-flow guard in grid_score_regions() - live measurement/library path.
tools/compare_rn.py,626,literals,2,grid_score_regions,SURVIVES,,,structural index / slice / small numeric literal in library logic - not an inference-affecting constant.
tools/compare_rn.py,631,branches,,grid_score_regions,SURVIVES,,,control-flow guard in grid_score_regions() - live measurement/library path.
tools/compare_rn.py,634,branches,,grid_score_regions,SURVIVES,,,control-flow guard in grid_score_regions() - live measurement/library path.
tools/compare_rn.py,638,branches,,grid_score_regions,SURVIVES,,,control-flow guard in grid_score_regions() - live measurement/library path.
tools/compare_rn.py,642,branches,,grid_score_regions,SURVIVES,,,control-flow guard in grid_score_regions() - live measurement/library path.
tools/compare_rn.py,650,functions,grid_score_piece_tsv,,SURVIVES,,,grid_score_piece_tsv(): live instrument function on the measurement/library path.
tools/compare_rn.py,652,branches,,grid_score_piece_tsv,SURVIVES,,,control-flow guard in grid_score_piece_tsv() - live measurement/library path.
tools/compare_rn.py,655,finding(auditor),score-piece-bare-except-silent-whole-piece-drop,,SURVIVES,score-piece-bare-except-silent-whole-piece-drop,F10,grid_score_piece_tsv bare `except: return None` - same silent whole-piece drop on the grid path.
tools/compare_rn.py,657,branches,,grid_score_piece_tsv,SURVIVES,,,control-flow guard in grid_score_piece_tsv() - live measurement/library path.
tools/compare_rn.py,662,functions,grid_score_corpus_tsv,,SURVIVES,,,grid_score_corpus_tsv(): live instrument function on the measurement/library path.
tools/compare_rn.py,663,branches,,grid_score_corpus_tsv,SURVIVES,,,control-flow guard in grid_score_corpus_tsv() - live measurement/library path.
tools/compare_rn.py,666,branches,,grid_score_corpus_tsv,SURVIVES,,,control-flow guard in grid_score_corpus_tsv() - live measurement/library path.
tools/compare_rn.py,666,io,glob,grid_score_corpus_tsv,SURVIVES,,,glob in grid_score_corpus_tsv() - read/write of the measurement I/O surface.
tools/compare_rn.py,669,branches,,grid_score_corpus_tsv,SURVIVES,,,control-flow guard in grid_score_corpus_tsv() - live measurement/library path.
tools/compare_rn.py,672,branches,,grid_score_corpus_tsv,SURVIVES,,,control-flow guard in grid_score_corpus_tsv() - live measurement/library path.
tools/compare_rn.py,674,branches,,grid_score_corpus_tsv,SURVIVES,,,control-flow guard in grid_score_corpus_tsv() - live measurement/library path.
tools/compare_rn.py,688,fields,total,,SURVIVES,,,WirCoverage.total: dataclass field on the compare surface - carried/consumed on the measurement path.
tools/compare_rn.py,689,fields,covered,,SURVIVES,,,WirCoverage.covered: dataclass field on the compare surface - carried/consumed on the measurement path.
tools/compare_rn.py,692,functions,score_corpus_wir,,SURVIVES,,,score_corpus_wir(): live instrument function on the measurement/library path.
tools/compare_rn.py,701,branches,,score_corpus_wir,SURVIVES,,,control-flow guard in score_corpus_wir() - live measurement/library path.
tools/compare_rn.py,703,io,glob,score_corpus_wir,SURVIVES,,,glob in score_corpus_wir() - read/write of the measurement I/O surface.
tools/compare_rn.py,704,branches,,score_corpus_wir,SURVIVES,,,control-flow guard in score_corpus_wir() - live measurement/library path.
tools/compare_rn.py,709,branches,,score_corpus_wir,SURVIVES,,,control-flow guard in score_corpus_wir() - live measurement/library path.
tools/compare_rn.py,712,branches,,score_corpus_wir,SURVIVES,,,control-flow guard in score_corpus_wir() - live measurement/library path.
tools/compare_rn.py,714,branches,,score_corpus_wir,SURVIVES,,,control-flow guard in score_corpus_wir() - live measurement/library path.
tools/compare_rn.py,719,branches,,score_corpus_wir,SURVIVES,,,control-flow guard in score_corpus_wir() - live measurement/library path.
tools/compare_rn.py,724,branches,,score_corpus_wir,SURVIVES,,,control-flow guard in score_corpus_wir() - live measurement/library path.
tools/compare_rn.py,731,functions,_pct,,SURVIVES,,,_pct(): live instrument function on the measurement/library path.
tools/compare_rn.py,732,branches,,_pct,SURVIVES,,,control-flow guard in _pct() - live measurement/library path.
tools/compare_rn.py,732,literals,100.0,_pct,SURVIVES,,,x100 percentage scaling in a report/summary - presentation.
tools/compare_rn.py,735,functions,format_report,,SURVIVES,,,format_report(): live instrument function on the measurement/library path.
tools/compare_rn.py,735,literals,10,format_report,SURVIVES,,,structural index / slice / small numeric literal in library logic - not an inference-affecting constant.
tools/compare_rn.py,756,branches,,format_report,SURVIVES,,,control-flow guard in format_report() - live measurement/library path.
tools/compare_rn.py,760,branches,,format_report,SURVIVES,,,control-flow guard in format_report() - live measurement/library path.
tools/compare_rn.py,765,functions,_format_quality_breakdown,,SURVIVES,,,_format_quality_breakdown(): live instrument function on the measurement/library path.
tools/compare_rn.py,768,literals,20,_format_quality_breakdown,SURVIVES,,,structural index / slice / small numeric literal in library logic - not an inference-affecting constant.
tools/compare_rn.py,778,branches,,_format_quality_breakdown,SURVIVES,,,control-flow guard in _format_quality_breakdown() - live measurement/library path.
tools/compare_rn.py,784,branches,,_format_quality_breakdown,SURVIVES,,,control-flow guard in _format_quality_breakdown() - live measurement/library path.
tools/compare_rn.py,790,branches,,_format_quality_breakdown,SURVIVES,,,control-flow guard in _format_quality_breakdown() - live measurement/library path.
tools/compare_rn.py,797,functions,format_grid_report,,SURVIVES,,,format_grid_report(): live instrument function on the measurement/library path.
tools/compare_rn.py,810,branches,,format_grid_report,SURVIVES,,,control-flow guard in format_grid_report() - live measurement/library path.
tools/compare_rn.py,816,functions,format_key_breakdown,,SURVIVES,,,format_key_breakdown(): live instrument function on the measurement/library path.
tools/compare_rn.py,844,functions,main,,SURVIVES,,,main(): live instrument function on the measurement/library path.
tools/compare_rn.py,862,literals,10,main,SURVIVES,,,structural index / slice / small numeric literal in library logic - not an inference-affecting constant.
tools/compare_rn.py,882,branches,,main,SURVIVES,,,control-flow guard in main() - live measurement/library path.
tools/compare_rn.py,885,branches,,main,SURVIVES,,,control-flow guard in main() - live measurement/library path.
tools/compare_rn.py,897,branches,,main,SURVIVES,,,control-flow guard in main() - live measurement/library path.
tools/compare_rn.py,900,branches,,main,SURVIVES,,,control-flow guard in main() - live measurement/library path.
tools/compare_rn.py,904,branches,,main,SURVIVES,,,control-flow guard in main() - live measurement/library path.
tools/compare_rn.py,906,branches,,main,SURVIVES,,,control-flow guard in main() - live measurement/library path.
tools/compare_rn.py,908,literals,2,main,SURVIVES,,,structural index / slice / small numeric literal in library logic - not an inference-affecting constant.
tools/compare_rn.py,915,branches,,main,SURVIVES,,,control-flow guard in main() - live measurement/library path.
tools/compare_rn.py,919,branches,,main,SURVIVES,,,control-flow guard in main() - live measurement/library path.
tools/compare_rn.py,928,branches,,main,SURVIVES,,,control-flow guard in main() - live measurement/library path.
tools/compare_rn.py,931,branches,,main,SURVIVES,,,control-flow guard in main() - live measurement/library path.
tools/compare_rn.py,934,branches,,main,SURVIVES,,,control-flow guard in main() - live measurement/library path.
tools/compare_rn.py,937,branches,,main,SURVIVES,,,control-flow guard in main() - live measurement/library path.
tools/compare_rn.py,939,branches,,main,SURVIVES,,,control-flow guard in main() - live measurement/library path.
tools/compare_rn.py,942,branches,,main,SURVIVES,,,control-flow guard in main() - live measurement/library path.
tools/compare_rn.py,944,branches,,main,SURVIVES,,,control-flow guard in main() - live measurement/library path.
tools/compare_rn.py,948,branches,,main,SURVIVES,,,control-flow guard in main() - live measurement/library path.
tools/compare_rn.py,949,branches,,main,SURVIVES,,,control-flow guard in main() - live measurement/library path.
tools/compare_rn.py,951,literals,2,main,SURVIVES,,,structural index / slice / small numeric literal in library logic - not an inference-affecting constant.
tools/compare_rn.py,953,branches,,main,SURVIVES,,,control-flow guard in main() - live measurement/library path.
tools/compare_rn.py,958,branches,,main,SURVIVES,,,control-flow guard in main() - live measurement/library path.
tools/compare_rn.py,960,branches,,main,SURVIVES,,,control-flow guard in main() - live measurement/library path.
tools/compare_rn.py,963,branches,,main,SURVIVES,,,control-flow guard in main() - live measurement/library path.
tools/compare_rn.py,967,branches,,main,SURVIVES,,,control-flow guard in main() - live measurement/library path.
tools/compare_rn.py,969,branches,,main,SURVIVES,,,control-flow guard in main() - live measurement/library path.
tools/compare_rn.py,974,branches,,main,SURVIVES,,,control-flow guard in main() - live measurement/library path.
tools/compare_rn.py,976,branches,,main,SURVIVES,,,control-flow guard in main() - live measurement/library path.
tools/compare_rn.py,979,branches,,main,SURVIVES,,,control-flow guard in main() - live measurement/library path.
tools/compare_rn.py,985,literals,2,main,SURVIVES,,,structural index / slice / small numeric literal in library logic - not an inference-affecting constant.
tools/compare_rn.py,989,branches,,main,SURVIVES,,,control-flow guard in main() - live measurement/library path.
tools/compare_rn.py,990,io,write_text,main,SURVIVES,,,write_text in main() - read/write of the measurement I/O surface.
tools/compare_rn.py,994,branches,,<module-scope>,SURVIVES,,,control-flow guard in <module-scope>() - live measurement/library path.
tools/dcml_parser.py,30,literals,480,<module-scope>,ESTABLISHED,,,TICKS_PER_QUARTER (batch_analyze ticks/480 convention); documented + verified tick-for-tick on 18 pieces/3 corpora (audit L4.1). Established measurement constant.
tools/dcml_parser.py,35,fields,measure_number,,SURVIVES,,,DcmlRegion.measure_number: dataclass field on the compare surface - carried/consumed on the measurement path.
tools/dcml_parser.py,36,fields,beat,,SURVIVES,,,DcmlRegion.beat: dataclass field on the compare surface - carried/consumed on the measurement path.
tools/dcml_parser.py,37,fields,global_key,,SURVIVES,,,DcmlRegion.global_key: dataclass field on the compare surface - carried/consumed on the measurement path.
tools/dcml_parser.py,38,fields,local_key,,SURVIVES,,,DcmlRegion.local_key: dataclass field on the compare surface - carried/consumed on the measurement path.
tools/dcml_parser.py,39,fields,chord_symbol,,SURVIVES,,,DcmlRegion.chord_symbol: dataclass field on the compare surface - carried/consumed on the measurement path.
tools/dcml_parser.py,40,fields,roman_numeral,,SURVIVES,,,DcmlRegion.roman_numeral: dataclass field on the compare surface - carried/consumed on the measurement path.
tools/dcml_parser.py,41,fields,root_pc,,SURVIVES,,,DcmlRegion.root_pc: dataclass field on the compare surface - carried/consumed on the measurement path.
tools/dcml_parser.py,48,fields,abs_tick,,SURVIVES,,,DcmlRegion.abs_tick: dataclass field on the compare surface - carried/consumed on the measurement path.
tools/dcml_parser.py,59,fields,cadence,,PUBLISHED,,,"DcmlRegion.cadence: additive L6/N10/N20 oracle channel, carried verbatim; declared-dormant (consumer named: parse_cadence_phrase_markers / Wave-3), not waste."
tools/dcml_parser.py,60,fields,phraseend,,PUBLISHED,,,"DcmlRegion.phraseend: additive L6/N10/N20 oracle channel, carried verbatim; declared-dormant (consumer named: parse_cadence_phrase_markers / Wave-3), not waste."
tools/dcml_parser.py,72,fields,figbass,,PUBLISHED,,,"DcmlRegion.figbass: additive L6/N10/N20 oracle channel, carried verbatim; declared-dormant (consumer named: parse_cadence_phrase_markers / Wave-3), not waste."
tools/dcml_parser.py,73,fields,pedal,,PUBLISHED,,,"DcmlRegion.pedal: additive L6/N10/N20 oracle channel, carried verbatim; declared-dormant (consumer named: parse_cadence_phrase_markers / Wave-3), not waste."
tools/dcml_parser.py,76,functions,parse_dcml_file,,RETIRES,dead-parse-dcml-file-superseded,F1,"parse_dcml_file: superseded DCML-TSV parser; NO live consumer (referenced only in its own docstring example). Duplicates parse_abc_harmonies_file's concern (#6); still carries the pre-P0 bare `except (ValueError,KeyError): continue` silent-drop pattern (:108), dormant because unconsumed."
tools/dcml_parser.py,83,io,open,parse_dcml_file,SURVIVES,,,open in parse_dcml_file() - read/write of the measurement I/O surface.
tools/dcml_parser.py,85,branches,,parse_dcml_file,RETIRES,,,branch inside dead function parse_dcml_file() - retires with it.
tools/dcml_parser.py,86,branches,,parse_dcml_file,RETIRES,,,branch inside dead function parse_dcml_file() - retires with it.
tools/dcml_parser.py,95,branches,,parse_dcml_file,RETIRES,,,branch inside dead function parse_dcml_file() - retires with it.
tools/dcml_parser.py,116,literals,2,<module-scope>,FACT,,,"pitch-class / diatonic-degree / modular-interval constant (music theory) - e.g. note->pc, scale-degree semitone table, or octave-12 arithmetic."
tools/dcml_parser.py,116,literals,4,<module-scope>,FACT,,,"pitch-class / diatonic-degree / modular-interval constant (music theory) - e.g. note->pc, scale-degree semitone table, or octave-12 arithmetic."
tools/dcml_parser.py,116,literals,5,<module-scope>,FACT,,,"pitch-class / diatonic-degree / modular-interval constant (music theory) - e.g. note->pc, scale-degree semitone table, or octave-12 arithmetic."
tools/dcml_parser.py,116,literals,7,<module-scope>,FACT,,,"pitch-class / diatonic-degree / modular-interval constant (music theory) - e.g. note->pc, scale-degree semitone table, or octave-12 arithmetic."
tools/dcml_parser.py,116,literals,9,<module-scope>,FACT,,,"pitch-class / diatonic-degree / modular-interval constant (music theory) - e.g. note->pc, scale-degree semitone table, or octave-12 arithmetic."
tools/dcml_parser.py,116,literals,11,<module-scope>,FACT,,,"pitch-class / diatonic-degree / modular-interval constant (music theory) - e.g. note->pc, scale-degree semitone table, or octave-12 arithmetic."
tools/dcml_parser.py,117,literals,2,<module-scope>,FACT,,,"pitch-class / diatonic-degree / modular-interval constant (music theory) - e.g. note->pc, scale-degree semitone table, or octave-12 arithmetic."
tools/dcml_parser.py,117,literals,3,<module-scope>,FACT,,,"pitch-class / diatonic-degree / modular-interval constant (music theory) - e.g. note->pc, scale-degree semitone table, or octave-12 arithmetic."
tools/dcml_parser.py,117,literals,5,<module-scope>,FACT,,,"pitch-class / diatonic-degree / modular-interval constant (music theory) - e.g. note->pc, scale-degree semitone table, or octave-12 arithmetic."
tools/dcml_parser.py,117,literals,7,<module-scope>,FACT,,,"pitch-class / diatonic-degree / modular-interval constant (music theory) - e.g. note->pc, scale-degree semitone table, or octave-12 arithmetic."
tools/dcml_parser.py,117,literals,8,<module-scope>,FACT,,,"pitch-class / diatonic-degree / modular-interval constant (music theory) - e.g. note->pc, scale-degree semitone table, or octave-12 arithmetic."
tools/dcml_parser.py,117,literals,10,<module-scope>,FACT,,,"pitch-class / diatonic-degree / modular-interval constant (music theory) - e.g. note->pc, scale-degree semitone table, or octave-12 arithmetic."
tools/dcml_parser.py,120,literals,2,<module-scope>,FACT,,,"pitch-class / diatonic-degree / modular-interval constant (music theory) - e.g. note->pc, scale-degree semitone table, or octave-12 arithmetic."
tools/dcml_parser.py,120,literals,3,<module-scope>,FACT,,,"pitch-class / diatonic-degree / modular-interval constant (music theory) - e.g. note->pc, scale-degree semitone table, or octave-12 arithmetic."
tools/dcml_parser.py,120,literals,4,<module-scope>,FACT,,,"pitch-class / diatonic-degree / modular-interval constant (music theory) - e.g. note->pc, scale-degree semitone table, or octave-12 arithmetic."
tools/dcml_parser.py,120,literals,5,<module-scope>,FACT,,,"pitch-class / diatonic-degree / modular-interval constant (music theory) - e.g. note->pc, scale-degree semitone table, or octave-12 arithmetic."
tools/dcml_parser.py,120,literals,6,<module-scope>,FACT,,,"pitch-class / diatonic-degree / modular-interval constant (music theory) - e.g. note->pc, scale-degree semitone table, or octave-12 arithmetic."
tools/dcml_parser.py,124,literals,2,<module-scope>,FACT,,,"pitch-class / diatonic-degree / modular-interval constant (music theory) - e.g. note->pc, scale-degree semitone table, or octave-12 arithmetic."
tools/dcml_parser.py,124,literals,4,<module-scope>,FACT,,,"pitch-class / diatonic-degree / modular-interval constant (music theory) - e.g. note->pc, scale-degree semitone table, or octave-12 arithmetic."
tools/dcml_parser.py,124,literals,5,<module-scope>,FACT,,,"pitch-class / diatonic-degree / modular-interval constant (music theory) - e.g. note->pc, scale-degree semitone table, or octave-12 arithmetic."
tools/dcml_parser.py,124,literals,7,<module-scope>,FACT,,,"pitch-class / diatonic-degree / modular-interval constant (music theory) - e.g. note->pc, scale-degree semitone table, or octave-12 arithmetic."
tools/dcml_parser.py,124,literals,9,<module-scope>,FACT,,,"pitch-class / diatonic-degree / modular-interval constant (music theory) - e.g. note->pc, scale-degree semitone table, or octave-12 arithmetic."
tools/dcml_parser.py,124,literals,11,<module-scope>,FACT,,,"pitch-class / diatonic-degree / modular-interval constant (music theory) - e.g. note->pc, scale-degree semitone table, or octave-12 arithmetic."
tools/dcml_parser.py,128,functions,_key_to_tonic_pc,,SURVIVES,,,_key_to_tonic_pc(): live instrument function on the measurement/library path.
tools/dcml_parser.py,130,branches,,_key_to_tonic_pc,SURVIVES,,,control-flow guard in _key_to_tonic_pc() - live measurement/library path.
tools/dcml_parser.py,135,literals,12,_key_to_tonic_pc,FACT,,,"pitch-class / diatonic-degree / modular-interval constant (music theory) - e.g. note->pc, scale-degree semitone table, or octave-12 arithmetic."
tools/dcml_parser.py,139,functions,_compute_root_pc,,SURVIVES,,,_compute_root_pc(): live instrument function on the measurement/library path.
tools/dcml_parser.py,145,branches,,_compute_root_pc,SURVIVES,,,control-flow guard in _compute_root_pc() - live measurement/library path.
tools/dcml_parser.py,147,branches,,_compute_root_pc,SURVIVES,,,control-flow guard in _compute_root_pc() - live measurement/library path.
tools/dcml_parser.py,148,branches,,_compute_root_pc,SURVIVES,,,control-flow guard in _compute_root_pc() - live measurement/library path.
tools/dcml_parser.py,154,branches,,_compute_root_pc,SURVIVES,,,control-flow guard in _compute_root_pc() - live measurement/library path.
tools/dcml_parser.py,156,branches,,_compute_root_pc,SURVIVES,,,control-flow guard in _compute_root_pc() - live measurement/library path.
tools/dcml_parser.py,161,branches,,_compute_root_pc,SURVIVES,,,control-flow guard in _compute_root_pc() - live measurement/library path.
tools/dcml_parser.py,166,literals,12,_compute_root_pc,FACT,,,"pitch-class / diatonic-degree / modular-interval constant (music theory) - e.g. note->pc, scale-degree semitone table, or octave-12 arithmetic."
tools/dcml_parser.py,177,branches,,_compute_root_pc,SURVIVES,,,control-flow guard in _compute_root_pc() - live measurement/library path.
tools/dcml_parser.py,177,literals,5,_compute_root_pc,FACT,,,"pitch-class / diatonic-degree / modular-interval constant (music theory) - e.g. note->pc, scale-degree semitone table, or octave-12 arithmetic."
tools/dcml_parser.py,177,literals,6,_compute_root_pc,FACT,,,"pitch-class / diatonic-degree / modular-interval constant (music theory) - e.g. note->pc, scale-degree semitone table, or octave-12 arithmetic."
tools/dcml_parser.py,180,branches,,_compute_root_pc,SURVIVES,,,control-flow guard in _compute_root_pc() - live measurement/library path.
tools/dcml_parser.py,181,literals,12,_compute_root_pc,FACT,,,"pitch-class / diatonic-degree / modular-interval constant (music theory) - e.g. note->pc, scale-degree semitone table, or octave-12 arithmetic."
tools/dcml_parser.py,183,branches,,_compute_root_pc,SURVIVES,,,control-flow guard in _compute_root_pc() - live measurement/library path.
tools/dcml_parser.py,184,literals,12,_compute_root_pc,FACT,,,"pitch-class / diatonic-degree / modular-interval constant (music theory) - e.g. note->pc, scale-degree semitone table, or octave-12 arithmetic."
tools/dcml_parser.py,185,branches,,_compute_root_pc,SURVIVES,,,control-flow guard in _compute_root_pc() - live measurement/library path.
tools/dcml_parser.py,186,literals,12,_compute_root_pc,FACT,,,"pitch-class / diatonic-degree / modular-interval constant (music theory) - e.g. note->pc, scale-degree semitone table, or octave-12 arithmetic."
tools/dcml_parser.py,189,finding(auditor),compute-root-pc-broad-except-silent-none,,SURVIVES,compute-root-pc-broad-except-silent-none,F3,"_compute_root_pc broad `except Exception: return None`: a mis-parse returns root_pc=None (carried, not dropped) - but a SYSTEMATIC numeral mis-parse silently reduces GT root coverage (region reads as 'no GT root'). Silent-mask risk; narrower except would surface it. [Inventory: ast branch extractor emits no row for except-handlers.]"
tools/dcml_parser.py,193,functions,_parse_fraction,,SURVIVES,,,_parse_fraction(): live instrument function on the measurement/library path.
tools/dcml_parser.py,204,branches,,_parse_fraction,SURVIVES,,,control-flow guard in _parse_fraction() - live measurement/library path.
tools/dcml_parser.py,209,functions,parse_abc_harmonies_file,,SURVIVES,,,parse_abc_harmonies_file(): live instrument function on the measurement/library path.
tools/dcml_parser.py,256,branches,,parse_abc_harmonies_file,SURVIVES,,,control-flow guard in parse_abc_harmonies_file() - live measurement/library path.
tools/dcml_parser.py,258,io,open,parse_abc_harmonies_file,SURVIVES,,,open in parse_abc_harmonies_file() - read/write of the measurement I/O surface.
tools/dcml_parser.py,260,branches,,parse_abc_harmonies_file,SURVIVES,,,control-flow guard in parse_abc_harmonies_file() - live measurement/library path.
tools/dcml_parser.py,262,branches,,parse_abc_harmonies_file,SURVIVES,,,control-flow guard in parse_abc_harmonies_file() - live measurement/library path.
tools/dcml_parser.py,264,branches,,parse_abc_harmonies_file,SURVIVES,,,control-flow guard in parse_abc_harmonies_file() - live measurement/library path.
tools/dcml_parser.py,275,branches,,parse_abc_harmonies_file,SURVIVES,,,control-flow guard in parse_abc_harmonies_file() - live measurement/library path.
tools/dcml_parser.py,308,branches,,parse_abc_harmonies_file,SURVIVES,,,control-flow guard in parse_abc_harmonies_file() - live measurement/library path.
tools/dcml_parser.py,310,branches,,parse_abc_harmonies_file,SURVIVES,,,control-flow guard in parse_abc_harmonies_file() - live measurement/library path.
tools/dcml_parser.py,314,branches,,parse_abc_harmonies_file,SURVIVES,,,control-flow guard in parse_abc_harmonies_file() - live measurement/library path.
tools/dcml_parser.py,314,literals,3,parse_abc_harmonies_file,SURVIVES,,,structural index / slice / small numeric literal in library logic - not an inference-affecting constant.
tools/dcml_parser.py,314,literals,3,parse_abc_harmonies_file,SURVIVES,,,structural index / slice / small numeric literal in library logic - not an inference-affecting constant.
tools/dcml_parser.py,327,fields,abs_tick,,SURVIVES,,,DcmlMarker.abs_tick: dataclass field on the compare surface - carried/consumed on the measurement path.
tools/dcml_parser.py,328,fields,label,,SURVIVES,,,DcmlMarker.label: dataclass field on the compare surface - carried/consumed on the measurement path.
tools/dcml_parser.py,329,fields,measure_number,,SURVIVES,,,DcmlMarker.measure_number: dataclass field on the compare surface - carried/consumed on the measurement path.
tools/dcml_parser.py,330,fields,beat,,SURVIVES,,,DcmlMarker.beat: dataclass field on the compare surface - carried/consumed on the measurement path.
tools/dcml_parser.py,331,fields,kind,,SURVIVES,,,DcmlMarker.kind: dataclass field on the compare surface - carried/consumed on the measurement path.
tools/dcml_parser.py,334,functions,parse_cadence_phrase_markers,,SURVIVES,,,parse_cadence_phrase_markers(): live instrument function on the measurement/library path.
tools/dcml_parser.py,358,branches,,parse_cadence_phrase_markers,SURVIVES,,,control-flow guard in parse_cadence_phrase_markers() - live measurement/library path.
tools/dcml_parser.py,360,io,open,parse_cadence_phrase_markers,SURVIVES,,,open in parse_cadence_phrase_markers() - read/write of the measurement I/O surface.
tools/dcml_parser.py,362,branches,,parse_cadence_phrase_markers,SURVIVES,,,control-flow guard in parse_cadence_phrase_markers() - live measurement/library path.
tools/dcml_parser.py,365,branches,,parse_cadence_phrase_markers,SURVIVES,,,control-flow guard in parse_cadence_phrase_markers() - live measurement/library path.
tools/dcml_parser.py,367,branches,,parse_cadence_phrase_markers,SURVIVES,,,control-flow guard in parse_cadence_phrase_markers() - live measurement/library path.
tools/dcml_parser.py,375,branches,,parse_cadence_phrase_markers,SURVIVES,,,control-flow guard in parse_cadence_phrase_markers() - live measurement/library path.
tools/dcml_parser.py,377,branches,,parse_cadence_phrase_markers,SURVIVES,,,control-flow guard in parse_cadence_phrase_markers() - live measurement/library path.
tools/dcml_parser.py,380,branches,,parse_cadence_phrase_markers,SURVIVES,,,control-flow guard in parse_cadence_phrase_markers() - live measurement/library path.
tools/dcml_parser.py,384,branches,,parse_cadence_phrase_markers,SURVIVES,,,control-flow guard in parse_cadence_phrase_markers() - live measurement/library path.
tools/dcml_parser.py,391,functions,_resolve_dcml_key,,SURVIVES,,,_resolve_dcml_key(): live instrument function on the measurement/library path.
tools/dcml_parser.py,404,branches,,_resolve_dcml_key,SURVIVES,,,control-flow guard in _resolve_dcml_key() - live measurement/library path.
tools/dcml_parser.py,409,branches,,_resolve_dcml_key,SURVIVES,,,control-flow guard in _resolve_dcml_key() - live measurement/library path.
tools/dcml_parser.py,413,branches,,_resolve_dcml_key,SURVIVES,,,control-flow guard in _resolve_dcml_key() - live measurement/library path.
tools/dcml_parser.py,415,branches,,_resolve_dcml_key,SURVIVES,,,control-flow guard in _resolve_dcml_key() - live measurement/library path.
tools/dcml_parser.py,416,branches,,_resolve_dcml_key,SURVIVES,,,control-flow guard in _resolve_dcml_key() - live measurement/library path.
tools/dcml_parser.py,420,branches,,_resolve_dcml_key,SURVIVES,,,control-flow guard in _resolve_dcml_key() - live measurement/library path.
tools/dcml_parser.py,422,branches,,_resolve_dcml_key,SURVIVES,,,control-flow guard in _resolve_dcml_key() - live measurement/library path.
tools/dcml_parser.py,427,branches,,_resolve_dcml_key,SURVIVES,,,control-flow guard in _resolve_dcml_key() - live measurement/library path.
tools/dcml_parser.py,432,literals,12,_resolve_dcml_key,FACT,,,"pitch-class / diatonic-degree / modular-interval constant (music theory) - e.g. note->pc, scale-degree semitone table, or octave-12 arithmetic."
tools/dcml_parser.py,438,branches,,_resolve_dcml_key,SURVIVES,,,control-flow guard in _resolve_dcml_key() - live measurement/library path.
tools/dcml_parser.py,438,literals,5,_resolve_dcml_key,FACT,,,"pitch-class / diatonic-degree / modular-interval constant (music theory) - e.g. note->pc, scale-degree semitone table, or octave-12 arithmetic."
tools/dcml_parser.py,438,literals,6,_resolve_dcml_key,FACT,,,"pitch-class / diatonic-degree / modular-interval constant (music theory) - e.g. note->pc, scale-degree semitone table, or octave-12 arithmetic."
tools/dcml_parser.py,439,branches,,_resolve_dcml_key,SURVIVES,,,control-flow guard in _resolve_dcml_key() - live measurement/library path.
tools/dcml_parser.py,440,literals,12,_resolve_dcml_key,FACT,,,"pitch-class / diatonic-degree / modular-interval constant (music theory) - e.g. note->pc, scale-degree semitone table, or octave-12 arithmetic."
tools/dcml_parser.py,441,branches,,_resolve_dcml_key,SURVIVES,,,control-flow guard in _resolve_dcml_key() - live measurement/library path.
tools/dcml_parser.py,442,literals,12,_resolve_dcml_key,FACT,,,"pitch-class / diatonic-degree / modular-interval constant (music theory) - e.g. note->pc, scale-degree semitone table, or octave-12 arithmetic."
tools/dcml_parser.py,443,branches,,_resolve_dcml_key,SURVIVES,,,control-flow guard in _resolve_dcml_key() - live measurement/library path.
tools/dcml_parser.py,444,literals,12,_resolve_dcml_key,FACT,,,"pitch-class / diatonic-degree / modular-interval constant (music theory) - e.g. note->pc, scale-degree semitone table, or octave-12 arithmetic."
tools/dcml_parser.py,447,literals,2,_resolve_dcml_key,FACT,,,"pitch-class / diatonic-degree / modular-interval constant (music theory) - e.g. note->pc, scale-degree semitone table, or octave-12 arithmetic."
tools/dcml_parser.py,447,literals,3,_resolve_dcml_key,FACT,,,"pitch-class / diatonic-degree / modular-interval constant (music theory) - e.g. note->pc, scale-degree semitone table, or octave-12 arithmetic."
tools/dcml_parser.py,447,literals,4,_resolve_dcml_key,FACT,,,"pitch-class / diatonic-degree / modular-interval constant (music theory) - e.g. note->pc, scale-degree semitone table, or octave-12 arithmetic."
tools/dcml_parser.py,447,literals,5,_resolve_dcml_key,FACT,,,"pitch-class / diatonic-degree / modular-interval constant (music theory) - e.g. note->pc, scale-degree semitone table, or octave-12 arithmetic."
tools/dcml_parser.py,448,literals,6,_resolve_dcml_key,SURVIVES,,,structural index / slice / small numeric literal in library logic - not an inference-affecting constant.
tools/dcml_parser.py,448,literals,7,_resolve_dcml_key,SURVIVES,,,structural index / slice / small numeric literal in library logic - not an inference-affecting constant.
tools/dcml_parser.py,448,literals,8,_resolve_dcml_key,SURVIVES,,,structural index / slice / small numeric literal in library logic - not an inference-affecting constant.
tools/dcml_parser.py,448,literals,9,_resolve_dcml_key,SURVIVES,,,structural index / slice / small numeric literal in library logic - not an inference-affecting constant.
tools/dcml_parser.py,448,literals,10,_resolve_dcml_key,SURVIVES,,,structural index / slice / small numeric literal in library logic - not an inference-affecting constant.
tools/dcml_parser.py,448,literals,11,_resolve_dcml_key,SURVIVES,,,structural index / slice / small numeric literal in library logic - not an inference-affecting constant.
tools/dcml_parser.py,450,branches,,_resolve_dcml_key,SURVIVES,,,control-flow guard in _resolve_dcml_key() - live measurement/library path.
tools/dcml_parser.py,451,finding(auditor),resolve-dcml-key-broad-except-silent-globalkey-fallback,,SURVIVES,resolve-dcml-key-broad-except-silent-globalkey-fallback,F4,"_resolve_dcml_key broad `except Exception: return globalkey`: any key-resolution error silently falls back to globalkey (wrong local tonic -> wrong root_pc), unlogged. Silent-fallback establishment concern."
tools/dcml_parser.py,455,functions,_resolve_effective_dcml_key,,SURVIVES,,,_resolve_effective_dcml_key(): live instrument function on the measurement/library path.
tools/dcml_parser.py,469,branches,,_resolve_effective_dcml_key,SURVIVES,,,control-flow guard in _resolve_effective_dcml_key() - live measurement/library path.
tools/dcml_parser.py,475,functions,find_dcml_file,,RETIRES,dead-find-dcml-file-unreferenced,F2,find_dcml_file: DEAD - zero references anywhere in the repo. TSV lookup is done by compare_rn._find_tsv; WiR by find_wir_file. Waste (#6/#12).
tools/dcml_parser.py,482,branches,,find_dcml_file,RETIRES,,,branch inside dead function find_dcml_file() - retires with it.
tools/dcml_parser.py,486,literals,2,find_dcml_file,SURVIVES,,,structural index / slice / small numeric literal in library logic - not an inference-affecting constant.
tools/dcml_parser.py,490,literals,3,find_dcml_file,SURVIVES,,,structural index / slice / small numeric literal in library logic - not an inference-affecting constant.
tools/dcml_parser.py,491,literals,4,find_dcml_file,SURVIVES,,,structural index / slice / small numeric literal in library logic - not an inference-affecting constant.
tools/dcml_parser.py,493,branches,,find_dcml_file,RETIRES,,,branch inside dead function find_dcml_file() - retires with it.
tools/dcml_parser.py,494,io,listdir,find_dcml_file,SURVIVES,,,listdir in find_dcml_file() - read/write of the measurement I/O surface.
tools/dcml_parser.py,498,branches,,find_dcml_file,RETIRES,,,branch inside dead function find_dcml_file() - retires with it.
tools/dcml_parser.py,499,branches,,find_dcml_file,RETIRES,,,branch inside dead function find_dcml_file() - retires with it.
tools/dcml_parser.py,502,branches,,find_dcml_file,RETIRES,,,branch inside dead function find_dcml_file() - retires with it.
tools/dcml_parser.py,504,branches,,find_dcml_file,RETIRES,,,branch inside dead function find_dcml_file() - retires with it.
tools/dcml_parser.py,539,functions,_split_rntxt_applied,,SURVIVES,,,_split_rntxt_applied(): live instrument function on the measurement/library path.
tools/dcml_parser.py,550,branches,,_split_rntxt_applied,SURVIVES,,,control-flow guard in _split_rntxt_applied() - live measurement/library path.
tools/dcml_parser.py,553,branches,,_split_rntxt_applied,SURVIVES,,,control-flow guard in _split_rntxt_applied() - live measurement/library path.
tools/dcml_parser.py,558,functions,parse_rntxt_file,,SURVIVES,,,parse_rntxt_file(): live instrument function on the measurement/library path.
tools/dcml_parser.py,573,io,open,parse_rntxt_file,SURVIVES,,,open in parse_rntxt_file() - read/write of the measurement I/O surface.
tools/dcml_parser.py,576,branches,,parse_rntxt_file,SURVIVES,,,control-flow guard in parse_rntxt_file() - live measurement/library path.
tools/dcml_parser.py,579,branches,,parse_rntxt_file,SURVIVES,,,control-flow guard in parse_rntxt_file() - live measurement/library path.
tools/dcml_parser.py,580,branches,,parse_rntxt_file,SURVIVES,,,control-flow guard in parse_rntxt_file() - live measurement/library path.
tools/dcml_parser.py,585,branches,,parse_rntxt_file,SURVIVES,,,control-flow guard in parse_rntxt_file() - live measurement/library path.
tools/dcml_parser.py,590,branches,,parse_rntxt_file,SURVIVES,,,control-flow guard in parse_rntxt_file() - live measurement/library path.
tools/dcml_parser.py,592,branches,,parse_rntxt_file,SURVIVES,,,control-flow guard in parse_rntxt_file() - live measurement/library path.
tools/dcml_parser.py,592,literals,2,parse_rntxt_file,SURVIVES,,,structural index / slice / small numeric literal in library logic - not an inference-affecting constant.
tools/dcml_parser.py,603,branches,,parse_rntxt_file,SURVIVES,,,control-flow guard in parse_rntxt_file() - live measurement/library path.
tools/dcml_parser.py,607,branches,,parse_rntxt_file,SURVIVES,,,control-flow guard in parse_rntxt_file() - live measurement/library path.
tools/dcml_parser.py,611,branches,,parse_rntxt_file,SURVIVES,,,control-flow guard in parse_rntxt_file() - live measurement/library path.
tools/dcml_parser.py,615,branches,,parse_rntxt_file,SURVIVES,,,control-flow guard in parse_rntxt_file() - live measurement/library path.
tools/dcml_parser.py,618,branches,,parse_rntxt_file,SURVIVES,,,control-flow guard in parse_rntxt_file() - live measurement/library path.
tools/dcml_parser.py,622,branches,,parse_rntxt_file,SURVIVES,,,control-flow guard in parse_rntxt_file() - live measurement/library path.
tools/dcml_parser.py,626,branches,,parse_rntxt_file,SURVIVES,,,control-flow guard in parse_rntxt_file() - live measurement/library path.
tools/dcml_parser.py,634,branches,,parse_rntxt_file,SURVIVES,,,control-flow guard in parse_rntxt_file() - live measurement/library path.
tools/dcml_parser.py,658,functions,_build_wir_index,,SURVIVES,,,_build_wir_index(): live instrument function on the measurement/library path.
tools/dcml_parser.py,669,branches,,_build_wir_index,SURVIVES,,,control-flow guard in _build_wir_index() - live measurement/library path.
tools/dcml_parser.py,670,io,listdir,_build_wir_index,SURVIVES,,,listdir in _build_wir_index() - read/write of the measurement I/O surface.
tools/dcml_parser.py,674,branches,,_build_wir_index,SURVIVES,,,control-flow guard in _build_wir_index() - live measurement/library path.
tools/dcml_parser.py,677,branches,,_build_wir_index,SURVIVES,,,control-flow guard in _build_wir_index() - live measurement/library path.
tools/dcml_parser.py,679,branches,,_build_wir_index,SURVIVES,,,control-flow guard in _build_wir_index() - live measurement/library path.
tools/dcml_parser.py,680,io,open,_build_wir_index,SURVIVES,,,open in _build_wir_index() - read/write of the measurement I/O surface.
tools/dcml_parser.py,681,io,load,_build_wir_index,SURVIVES,,,load in _build_wir_index() - read/write of the measurement I/O surface.
tools/dcml_parser.py,682,branches,,_build_wir_index,SURVIVES,,,control-flow guard in _build_wir_index() - live measurement/library path.
tools/dcml_parser.py,691,functions,find_wir_file,,SURVIVES,,,find_wir_file(): live instrument function on the measurement/library path.
tools/dcml_parser.py,697,branches,,find_wir_file,SURVIVES,,,control-flow guard in find_wir_file() - live measurement/library path.
tools/robust_stop_diff.py,47,literals,9600,<module-scope>,ESTABLISHED,,,"CLASS_A_INVESTIGATE_TICKS advisory threshold (~20 quarter-notes); documented rationale, ADVISORY-only (never the hard stop)."
tools/robust_stop_diff.py,56,functions,parse_runs,,SURVIVES,,,parse_runs(): live instrument function on the measurement/library path.
tools/robust_stop_diff.py,63,branches,,parse_runs,SURVIVES,,,control-flow guard in parse_runs() - live measurement/library path.
tools/robust_stop_diff.py,66,branches,,parse_runs,SURVIVES,,,control-flow guard in parse_runs() - live measurement/library path.
tools/robust_stop_diff.py,66,io,read_text,parse_runs,SURVIVES,,,read_text in parse_runs() - read/write of the measurement I/O surface.
tools/robust_stop_diff.py,67,branches,,parse_runs,SURVIVES,,,control-flow guard in parse_runs() - live measurement/library path.
tools/robust_stop_diff.py,67,literals,2,parse_runs,SURVIVES,,,structural index / slice / small numeric literal in library logic - not an inference-affecting constant.
tools/robust_stop_diff.py,70,branches,,parse_runs,SURVIVES,,,control-flow guard in parse_runs() - live measurement/library path.
tools/robust_stop_diff.py,73,literals,2,parse_runs,SURVIVES,,,structural index / slice / small numeric literal in library logic - not an inference-affecting constant.
tools/robust_stop_diff.py,74,literals,8,parse_runs,SURVIVES,,,structural index / slice / small numeric literal in library logic - not an inference-affecting constant.
tools/robust_stop_diff.py,74,literals,5,parse_runs,SURVIVES,,,structural index / slice / small numeric literal in library logic - not an inference-affecting constant.
tools/robust_stop_diff.py,74,literals,6,parse_runs,SURVIVES,,,structural index / slice / small numeric literal in library logic - not an inference-affecting constant.
tools/robust_stop_diff.py,74,literals,7,parse_runs,SURVIVES,,,structural index / slice / small numeric literal in library logic - not an inference-affecting constant.
tools/robust_stop_diff.py,76,branches,,parse_runs,SURVIVES,,,control-flow guard in parse_runs() - live measurement/library path.  STRENGTH: parse_runs fails LOUDLY on any run-line format drift (raises) - enforces the CLAUDE.md 'must not silently shrink the diff base' guarantee.
tools/robust_stop_diff.py,83,functions,class_durs_from_summary,,SURVIVES,,,class_durs_from_summary(): live instrument function on the measurement/library path.
tools/robust_stop_diff.py,85,io,load,class_durs_from_summary,SURVIVES,,,load in class_durs_from_summary() - read/write of the measurement I/O surface.
tools/robust_stop_diff.py,85,io,open,class_durs_from_summary,SURVIVES,,,open in class_durs_from_summary() - read/write of the measurement I/O surface.
tools/robust_stop_diff.py,90,functions,ref_class_durs,,SURVIVES,robust-stop-diff-reads-rekeyed-manifest-no-cross-check,F16,"ref_class_durs reads the reference class-(b) baseline from the RE-KEYED manifest.json (separate R10-a assembly) rather than from tools/robust_stop/summary.json (a8's direct output, identical schema to the candidate). No cross-check of the manifest figure vs the run-enumeration it ships beside; a partial re-baseline of one artifact but not the other compares against a stale baseline silently. (Byte-consistent TODAY.)"
tools/robust_stop_diff.py,91,io,load,ref_class_durs,SURVIVES,,,load in ref_class_durs() - read/write of the measurement I/O surface.
tools/robust_stop_diff.py,91,io,open,ref_class_durs,SURVIVES,,,open in ref_class_durs() - read/write of the measurement I/O surface.
tools/robust_stop_diff.py,96,functions,main,,SURVIVES,,,main(): live instrument function on the measurement/library path.
tools/robust_stop_diff.py,102,literals,12,main,FACT,,,octave = 12 semitones - pitch-class modular arithmetic (music theory).
tools/robust_stop_diff.py,112,branches,,main,SURVIVES,,,control-flow guard in main() - live measurement/library path.
tools/robust_stop_diff.py,132,branches,,main,SURVIVES,,,control-flow guard in main() - live measurement/library path.
tools/robust_stop_diff.py,133,branches,,main,SURVIVES,,,control-flow guard in main() - live measurement/library path.
tools/robust_stop_diff.py,137,functions,_fmt,,SURVIVES,,,_fmt(): live instrument function on the measurement/library path.
tools/robust_stop_diff.py,139,literals,2,_fmt,SURVIVES,,,structural index / slice / small numeric literal in library logic - not an inference-affecting constant.
tools/robust_stop_diff.py,139,literals,3,_fmt,SURVIVES,,,structural index / slice / small numeric literal in library logic - not an inference-affecting constant.
tools/robust_stop_diff.py,141,functions,_dump,,SURVIVES,,,_dump(): live instrument function on the measurement/library path.
tools/robust_stop_diff.py,143,branches,,_dump,SURVIVES,,,control-flow guard in _dump() - live measurement/library path.
tools/robust_stop_diff.py,147,branches,,_dump,SURVIVES,,,control-flow guard in _dump() - live measurement/library path.
tools/robust_stop_diff.py,149,branches,,_dump,SURVIVES,,,control-flow guard in _dump() - live measurement/library path.
tools/robust_stop_diff.py,156,branches,,main,SURVIVES,,,control-flow guard in main() - live measurement/library path.
tools/robust_stop_diff.py,158,branches,,main,SURVIVES,,,control-flow guard in main() - live measurement/library path.
tools/robust_stop_diff.py,161,branches,,<module-scope>,SURVIVES,,,control-flow guard in <module-scope>() - live measurement/library path.
tools/run_bach_preset.py,32,crosslayer,compare_analyses,,SURVIVES,,,"internal import of compare_analyses - measurement-chain unification DAG (reuse, not duplication)."
tools/run_bach_preset.py,52,functions,_file_fingerprint,,SURVIVES,,,_file_fingerprint(): live instrument function on the measurement/library path.
tools/run_bach_preset.py,55,io,read_bytes,_file_fingerprint,SURVIVES,,,read_bytes in _file_fingerprint() - read/write of the measurement I/O surface.
tools/run_bach_preset.py,59,functions,_detect_music21_version,,SURVIVES,,,_detect_music21_version(): live instrument function on the measurement/library path.
tools/run_bach_preset.py,66,branches,,_detect_music21_version,SURVIVES,,,control-flow guard in _detect_music21_version() - live measurement/library path.
tools/run_bach_preset.py,66,io,glob,_detect_music21_version,SURVIVES,,,glob in _detect_music21_version() - read/write of the measurement I/O surface.
tools/run_bach_preset.py,67,branches,,_detect_music21_version,SURVIVES,,,control-flow guard in _detect_music21_version() - live measurement/library path.
tools/run_bach_preset.py,68,io,read_text,_detect_music21_version,SURVIVES,,,read_text in _detect_music21_version() - read/write of the measurement I/O surface.
tools/run_bach_preset.py,68,literals,4000,_detect_music21_version,SURVIVES,music21-version-detection-truncated-read-window,F18,"_detect_music21_version reads only the first 4000 chars of each .xml; if <software> is beyond that, returns None silently. Informational only (version not enforced) - minor."
tools/run_bach_preset.py,72,branches,,_detect_music21_version,SURVIVES,,,control-flow guard in _detect_music21_version() - live measurement/library path.
tools/run_bach_preset.py,77,functions,_write_manifest,,SURVIVES,manifest-omits-music21-json-fingerprint,F15,"_write_manifest records size+sha256 for .ours.json ONLY; music21_version is copy-through informational, explicitly 'NOT enforced'. Root cause of F14: the manifest carries no .music21.json fingerprint, so the GT half is unverifiable at measure time."
tools/run_bach_preset.py,89,branches,,_write_manifest,SURVIVES,,,control-flow guard in _write_manifest() - live measurement/library path.
tools/run_bach_preset.py,91,branches,,_write_manifest,SURVIVES,,,control-flow guard in _write_manifest() - live measurement/library path.
tools/run_bach_preset.py,93,branches,,_write_manifest,SURVIVES,,,control-flow guard in _write_manifest() - live measurement/library path.
tools/run_bach_preset.py,104,branches,,_write_manifest,SURVIVES,,,control-flow guard in _write_manifest() - live measurement/library path.
tools/run_bach_preset.py,123,io,write_text,_write_manifest,SURVIVES,,,write_text in _write_manifest() - read/write of the measurement I/O surface.
tools/run_bach_preset.py,124,io,dumps,_write_manifest,SURVIVES,,,dumps in _write_manifest() - read/write of the measurement I/O surface.
tools/run_bach_preset.py,124,literals,2,_write_manifest,SURVIVES,,,structural index / slice / small numeric literal in library logic - not an inference-affecting constant.
tools/run_bach_preset.py,128,functions,_find_batch_analyze,,SURVIVES,,,_find_batch_analyze(): live instrument function on the measurement/library path.
tools/run_bach_preset.py,129,branches,,_find_batch_analyze,SURVIVES,,,control-flow guard in _find_batch_analyze() - live measurement/library path.
tools/run_bach_preset.py,138,functions,_to_unix_path,,SURVIVES,,,_to_unix_path(): live instrument function on the measurement/library path.
tools/run_bach_preset.py,140,branches,,_to_unix_path,SURVIVES,,,control-flow guard in _to_unix_path() - live measurement/library path.
tools/run_bach_preset.py,140,literals,2,_to_unix_path,SURVIVES,,,structural index / slice / small numeric literal in library logic - not an inference-affecting constant.
tools/run_bach_preset.py,141,literals,2,_to_unix_path,SURVIVES,,,structural index / slice / small numeric literal in library logic - not an inference-affecting constant.
tools/run_bach_preset.py,145,functions,_to_win_path,,SURVIVES,,,_to_win_path(): live instrument function on the measurement/library path.
tools/run_bach_preset.py,163,functions,_find_git_bash,,SURVIVES,,,_find_git_bash(): live instrument function on the measurement/library path.
tools/run_bach_preset.py,170,functions,_qt_subprocess_env,,SURVIVES,,,_qt_subprocess_env(): live instrument function on the measurement/library path.
tools/run_bach_preset.py,191,functions,_run_batch_analyze,,SURVIVES,,,_run_batch_analyze(): live instrument function on the measurement/library path.
tools/run_bach_preset.py,195,branches,,_run_batch_analyze,SURVIVES,,,control-flow guard in _run_batch_analyze() - live measurement/library path.
tools/run_bach_preset.py,197,branches,,_run_batch_analyze,SURVIVES,,,control-flow guard in _run_batch_analyze() - live measurement/library path.
tools/run_bach_preset.py,198,crosslayer,platform,,SURVIVES,,,"internal import of platform - measurement-chain unification DAG (reuse, not duplication)."
tools/run_bach_preset.py,199,branches,,_run_batch_analyze,SURVIVES,,,control-flow guard in _run_batch_analyze() - live measurement/library path.
tools/run_bach_preset.py,201,branches,,_run_batch_analyze,SURVIVES,,,control-flow guard in _run_batch_analyze() - live measurement/library path.
tools/run_bach_preset.py,206,literals,120,_run_batch_analyze,SURVIVES,per-score-subprocess-timeout-hardcoded,F17,"subprocess timeout=120s per score: exceed -> FAILED -> complete=False -> fail-loud (not silent). Hardcoded per-score wall; noted, not a defect."
tools/run_bach_preset.py,207,branches,,_run_batch_analyze,SURVIVES,,,control-flow guard in _run_batch_analyze() - live measurement/library path.
tools/run_bach_preset.py,210,branches,,_run_batch_analyze,SURVIVES,,,control-flow guard in _run_batch_analyze() - live measurement/library path.
tools/run_bach_preset.py,211,literals,200,_run_batch_analyze,SURVIVES,,,report formatting literal (bar width / separator / truncation) - presentation.
tools/run_bach_preset.py,216,branches,,_run_batch_analyze,SURVIVES,,,control-flow guard in _run_batch_analyze() - live measurement/library path.
tools/run_bach_preset.py,220,literals,120,_run_batch_analyze,SURVIVES,,,subprocess per-score timeout (seconds); exceed -> FAILED -> fail-loud. Infra wall.
tools/run_bach_preset.py,221,branches,,_run_batch_analyze,SURVIVES,,,control-flow guard in _run_batch_analyze() - live measurement/library path.
tools/run_bach_preset.py,231,functions,_get_git_hash,,SURVIVES,,,_get_git_hash(): live instrument function on the measurement/library path.
tools/run_bach_preset.py,232,branches,,_get_git_hash,SURVIVES,,,control-flow guard in _get_git_hash() - live measurement/library path.
tools/run_bach_preset.py,235,branches,,_get_git_hash,SURVIVES,,,control-flow guard in _get_git_hash() - live measurement/library path.
tools/run_bach_preset.py,240,functions,_process_one,,SURVIVES,,,_process_one(): live instrument function on the measurement/library path.
tools/run_bach_preset.py,250,branches,,_process_one,SURVIVES,,,control-flow guard in _process_one() - live measurement/library path.
tools/run_bach_preset.py,255,branches,,_process_one,SURVIVES,,,control-flow guard in _process_one() - live measurement/library path.
tools/run_bach_preset.py,256,branches,,_process_one,SURVIVES,,,control-flow guard in _process_one() - live measurement/library path.
tools/run_bach_preset.py,260,branches,,_process_one,SURVIVES,,,control-flow guard in _process_one() - live measurement/library path.
tools/run_bach_preset.py,263,branches,,_process_one,SURVIVES,,,control-flow guard in _process_one() - live measurement/library path.
tools/run_bach_preset.py,266,branches,,_process_one,SURVIVES,,,control-flow guard in _process_one() - live measurement/library path.
tools/run_bach_preset.py,287,functions,main,,SURVIVES,,,main(): live instrument function on the measurement/library path.
tools/run_bach_preset.py,346,branches,,main,SURVIVES,,,control-flow guard in main() - live measurement/library path.
tools/run_bach_preset.py,350,io,mkdir,main,SURVIVES,,,mkdir in main() - read/write of the measurement I/O surface.
tools/run_bach_preset.py,357,branches,,main,SURVIVES,,,control-flow guard in main() - live measurement/library path.
tools/run_bach_preset.py,358,branches,,main,SURVIVES,,,control-flow guard in main() - live measurement/library path.
tools/run_bach_preset.py,358,io,glob,main,SURVIVES,,,glob in main() - read/write of the measurement I/O surface.
tools/run_bach_preset.py,359,branches,,main,SURVIVES,,,control-flow guard in main() - live measurement/library path.
tools/run_bach_preset.py,363,branches,,main,SURVIVES,,,control-flow guard in main() - live measurement/library path.
tools/run_bach_preset.py,365,branches,,main,SURVIVES,,,control-flow guard in main() - live measurement/library path.
tools/run_bach_preset.py,369,branches,,main,SURVIVES,,,control-flow guard in main() - live measurement/library path.
tools/run_bach_preset.py,370,io,open,main,SURVIVES,,,open in main() - read/write of the measurement I/O surface.
tools/run_bach_preset.py,373,io,glob,main,SURVIVES,,,glob in main() - read/write of the measurement I/O surface.
tools/run_bach_preset.py,376,branches,,main,SURVIVES,,,control-flow guard in main() - live measurement/library path.
tools/run_bach_preset.py,384,branches,,main,SURVIVES,,,control-flow guard in main() - live measurement/library path.
tools/run_bach_preset.py,385,branches,,main,SURVIVES,,,control-flow guard in main() - live measurement/library path.
tools/run_bach_preset.py,387,branches,,main,SURVIVES,,,control-flow guard in main() - live measurement/library path.
tools/run_bach_preset.py,398,branches,,main,SURVIVES,,,control-flow guard in main() - live measurement/library path.
tools/run_bach_preset.py,400,branches,,main,SURVIVES,,,control-flow guard in main() - live measurement/library path.
tools/run_bach_preset.py,402,branches,,main,SURVIVES,,,control-flow guard in main() - live measurement/library path.
tools/run_bach_preset.py,404,branches,,main,SURVIVES,,,control-flow guard in main() - live measurement/library path.
tools/run_bach_preset.py,406,branches,,main,SURVIVES,,,control-flow guard in main() - live measurement/library path.
tools/run_bach_preset.py,408,branches,,main,SURVIVES,,,control-flow guard in main() - live measurement/library path.
tools/run_bach_preset.py,410,branches,,main,SURVIVES,,,control-flow guard in main() - live measurement/library path.
tools/run_bach_preset.py,412,branches,,main,SURVIVES,,,control-flow guard in main() - live measurement/library path.
tools/run_bach_preset.py,414,branches,,main,SURVIVES,,,control-flow guard in main() - live measurement/library path.
tools/run_bach_preset.py,416,branches,,main,SURVIVES,,,control-flow guard in main() - live measurement/library path.
tools/run_bach_preset.py,432,branches,,main,SURVIVES,,,control-flow guard in main() - live measurement/library path.
tools/run_bach_preset.py,433,branches,,main,SURVIVES,,,control-flow guard in main() - live measurement/library path.
tools/run_bach_preset.py,439,branches,,main,SURVIVES,,,control-flow guard in main() - live measurement/library path.
tools/run_bach_preset.py,445,branches,,main,SURVIVES,,,control-flow guard in main() - live measurement/library path.
tools/run_bach_preset.py,448,branches,,main,SURVIVES,,,control-flow guard in main() - live measurement/library path.
tools/run_bach_preset.py,451,branches,,main,SURVIVES,,,control-flow guard in main() - live measurement/library path.
tools/run_bach_preset.py,454,branches,,main,SURVIVES,,,control-flow guard in main() - live measurement/library path.
tools/run_bach_preset.py,457,branches,,main,SURVIVES,,,control-flow guard in main() - live measurement/library path.
tools/run_bach_preset.py,471,literals,65,main,SURVIVES,,,report formatting literal (bar width / separator / truncation) - presentation.
tools/run_bach_preset.py,473,literals,65,main,SURVIVES,,,report formatting literal (bar width / separator / truncation) - presentation.
tools/run_bach_preset.py,475,branches,,main,SURVIVES,,,control-flow guard in main() - live measurement/library path.
tools/run_bach_preset.py,477,literals,100,main,SURVIVES,,,x100 percentage scaling in a report/summary - presentation.
tools/run_bach_preset.py,478,branches,,main,SURVIVES,,,control-flow guard in main() - live measurement/library path.
tools/run_bach_preset.py,483,io,mkdir,main,SURVIVES,,,mkdir in main() - read/write of the measurement I/O surface.
tools/run_bach_preset.py,485,io,write_text,main,SURVIVES,,,write_text in main() - read/write of the measurement I/O surface.
tools/run_bach_preset.py,485,io,dumps,main,SURVIVES,,,dumps in main() - read/write of the measurement I/O surface.
tools/run_bach_preset.py,495,branches,,main,SURVIVES,,,control-flow guard in main() - live measurement/library path.
tools/run_bach_preset.py,495,literals,2,main,SURVIVES,,,structural index / slice / small numeric literal in library logic - not an inference-affecting constant.
tools/run_bach_preset.py,495,literals,100,main,SURVIVES,,,x100 percentage scaling in a report/summary - presentation.
tools/run_bach_preset.py,496,branches,,main,SURVIVES,,,control-flow guard in main() - live measurement/library path.
tools/run_bach_preset.py,496,literals,2,main,SURVIVES,,,structural index / slice / small numeric literal in library logic - not an inference-affecting constant.
tools/run_bach_preset.py,496,literals,100,main,SURVIVES,,,x100 percentage scaling in a report/summary - presentation.
tools/run_bach_preset.py,499,literals,2,main,SURVIVES,,,structural index / slice / small numeric literal in library logic - not an inference-affecting constant.
tools/run_bach_preset.py,503,branches,,main,SURVIVES,,,control-flow guard in main() - live measurement/library path.
tools/run_bach_preset.py,516,branches,,main,SURVIVES,,,control-flow guard in main() - live measurement/library path.  STRENGTH: fail-loud completeness - sys.exit(1) unless ours_count==expected_count (expected derived from the .xml glob).
tools/run_bach_preset.py,519,literals,65,main,SURVIVES,,,report formatting literal (bar width / separator / truncation) - presentation.
tools/run_bach_preset.py,522,branches,,main,SURVIVES,,,control-flow guard in main() - live measurement/library path.
tools/run_bach_preset.py,524,branches,,main,SURVIVES,,,control-flow guard in main() - live measurement/library path.
tools/run_bach_preset.py,529,literals,65,main,SURVIVES,,,report formatting literal (bar width / separator / truncation) - presentation.
tools/run_bach_preset.py,533,branches,,<module-scope>,SURVIVES,,,control-flow guard in <module-scope>() - live measurement/library path.
